recordId,period,districtCode,districtNameTh,subdistrictCode,subdistrictNameTh,researchAreaId,sourceResearchId,sourceAmphoeEn,sourceTambonEn,droughtRiskValuesRaw,droughtRiskMin,droughtRiskMax,droughtRiskLevel,droughtRiskResolutionPolicy,droughtSourceRows,notes
NR-MONTHLY-2015-07-300301,2015-07,3003,เสิงสาง,300301,เสิงสาง,NR-RESEARCH-AREA-264,264,Soeng Sang,Soeng Sang,0;1,0,1,1,CONSERVATIVE_MAX_WITH_CONFLICT_FLAG,53294;53295,Drought risk duplicated with conflicting class values; droughtRiskLevel uses conservative maximum and raw values are retained.
NR-MONTHLY-2015-07-301503,2015-07,3015,พิมาย,301503,โบสถ์,NR-RESEARCH-AREA-213,213,Phimai,Bot,0;1,0,1,1,CONSERVATIVE_MAX_WITH_CONFLICT_FLAG,42800;42801,Drought risk duplicated with conflicting class values; droughtRiskLevel uses conservative maximum and raw values are retained.
NR-MONTHLY-2015-07-303202,2015-07,3032,เฉลิมพระเกียรติ,303202,ท่าช้าง,NR-RESEARCH-AREA-073,73,Chaloem Phra Kiet,Tha Chang,0;1,0,1,1,CONSERVATIVE_MAX_WITH_CONFLICT_FLAG,14388;14389,Drought risk duplicated with conflicting class values; droughtRiskLevel uses conservative maximum and raw values are retained.
NR-MONTHLY-2015-09-300111,2015-09,3001,เมืองนครราชสีมา,300111,หัวทะเล,NR-RESEARCH-AREA-010,10,Mueang Nakhon Ratchasima,Hua Thale,0;1,0,1,1,CONSERVATIVE_MAX_WITH_CONFLICT_FLAG,1789;1790,Drought risk duplicated with conflicting class values; droughtRiskLevel uses conservative maximum and raw values are retained.
NR-MONTHLY-2015-09-300202,2015-09,3002,ครบุรี,300202,เฉลียง,NR-RESEARCH-AREA-053,53,Khon Buri,Chaliang,0;1,0,1,1,CONSERVATIVE_MAX_WITH_CONFLICT_FLAG,10438;10439,Drought risk duplicated with conflicting class values; droughtRiskLevel uses conservative maximum and raw values are retained.
NR-MONTHLY-2015-09-300208,2015-09,3002,ครบุรี,300208,บ้านใหม่,NR-RESEARCH-AREA-059,59,Khon Buri,Ban Mai,0;1,0,1,1,CONSERVATIVE_MAX_WITH_CONFLICT_FLAG,11590;11591,Drought risk duplicated with conflicting class values; droughtRiskLevel uses conservative maximum and raw values are retained.
NR-MONTHLY-2015-09-300212,2015-09,3002,ครบุรี,300212,สระว่านพระยา,NR-RESEARCH-AREA-063,63,Khon Buri,Sa Wan Phraya,0;1,0,1,1,CONSERVATIVE_MAX_WITH_CONFLICT_FLAG,12331;12332,Drought risk duplicated with conflicting class values; droughtRiskLevel uses conservative maximum and raw values are retained.
NR-MONTHLY-2015-09-300303,2015-09,3003,เสิงสาง,300303,โนนสมบูรณ์,NR-RESEARCH-AREA-266,266,Soeng Sang,Non Sombun,0;1,0,1,1,CONSERVATIVE_MAX_WITH_CONFLICT_FLAG,53691;53692,Drought risk duplicated with conflicting class values; droughtRiskLevel uses conservative maximum and raw values are retained.
NR-MONTHLY-2015-09-300305,2015-09,3003,เสิงสาง,300305,สุขไพบูลย์,NR-RESEARCH-AREA-268,268,Soeng Sang,Suk Phaibun,0;1,0,1,1,CONSERVATIVE_MAX_WITH_CONFLICT_FLAG,54067;54068,Drought risk duplicated with conflicting class values; droughtRiskLevel uses conservative maximum and raw values are retained.
NR-MONTHLY-2015-09-300306,2015-09,3003,เสิงสาง,300306,บ้านราษฎร์,NR-RESEARCH-AREA-269,269,Soeng Sang,Ban Rat,0;1,0,1,1,CONSERVATIVE_MAX_WITH_CONFLICT_FLAG,54259;54260,Drought risk duplicated with conflicting class values; droughtRiskLevel uses conservative maximum and raw values are retained.
NR-MONTHLY-2015-09-300503,2015-09,3005,บ้านเหลื่อม,300503,โคกกระเบื้อง,NR-RESEARCH-AREA-163,163,Ban Lueam,Khok Krabueang,0;1,0,1,1,CONSERVATIVE_MAX_WITH_CONFLICT_FLAG,33061;33062,Drought risk duplicated with conflicting class values; droughtRiskLevel uses conservative maximum and raw values are retained.
NR-MONTHLY-2015-09-300601,2015-09,3006,จักราช,300601,จักราช,NR-RESEARCH-AREA-064,64,Chakkarat,Chakkarat,0;1,0,1,1,CONSERVATIVE_MAX_WITH_CONFLICT_FLAG,12516;12517,Drought risk duplicated with conflicting class values; droughtRiskLevel uses conservative maximum and raw values are retained.
NR-MONTHLY-2015-09-300605,2015-09,3006,จักราช,300605,หนองขาม,NR-RESEARCH-AREA-067,67,Chakkarat,Nong Kham,0;1,0,1,1,CONSERVATIVE_MAX_WITH_CONFLICT_FLAG,13145;13146,Drought risk duplicated with conflicting class values; droughtRiskLevel uses conservative maximum and raw values are retained.
NR-MONTHLY-2015-09-300610,2015-09,3006,จักราช,300610,ศรีละกอ,NR-RESEARCH-AREA-069,69,Chakkarat,Si Lako,0;1,0,1,1,CONSERVATIVE_MAX_WITH_CONFLICT_FLAG,13564;13565,Drought risk duplicated with conflicting class values; droughtRiskLevel uses conservative maximum and raw values are retained.
NR-MONTHLY-2015-09-300703,2015-09,3007,โชคชัย,300703,ท่าอ่าง,NR-RESEARCH-AREA-088,88,Chok Chai,Tha Ang,0;1,0,1,1,CONSERVATIVE_MAX_WITH_CONFLICT_FLAG,17666;17667,Drought risk duplicated with conflicting class values; droughtRiskLevel uses conservative maximum and raw values are retained.
NR-MONTHLY-2015-09-300710,2015-09,3007,โชคชัย,300710,ด่านเกวียน,NR-RESEARCH-AREA-095,95,Chok Chai,Dan Kwian,0;1,0,1,1,CONSERVATIVE_MAX_WITH_CONFLICT_FLAG,19050;19051,Drought risk duplicated with conflicting class values; droughtRiskLevel uses conservative maximum and raw values are retained.
NR-MONTHLY-2015-09-301001,2015-09,3010,โนนสูง,301001,โนนสูง,NR-RESEARCH-AREA-131,131,Non Sung,Non Sung,0;1,0,1,1,CONSERVATIVE_MAX_WITH_CONFLICT_FLAG,26636;26637,Drought risk duplicated with conflicting class values; droughtRiskLevel uses conservative maximum and raw values are retained.
NR-MONTHLY-2015-09-301412,2015-09,3014,ปักธงชัย,301412,ลำนางแก้ว,NR-RESEARCH-AREA-188,188,Pak Thong Chai,Lam Nang Kaeo,0;1,0,1,1,CONSERVATIVE_MAX_WITH_CONFLICT_FLAG,38180;38181,Drought risk duplicated with conflicting class values; droughtRiskLevel uses conservative maximum and raw values are retained.
NR-MONTHLY-2015-09-301502,2015-09,3015,พิมาย,301502,สัมฤทธิ์,NR-RESEARCH-AREA-212,212,Phimai,Samrit,0;1,0,1,1,CONSERVATIVE_MAX_WITH_CONFLICT_FLAG,42571;42572,Drought risk duplicated with conflicting class values; droughtRiskLevel uses conservative maximum and raw values are retained.
NR-MONTHLY-2015-09-301503,2015-09,3015,พิมาย,301503,โบสถ์,NR-RESEARCH-AREA-213,213,Phimai,Bot,0;1,0,1,1,CONSERVATIVE_MAX_WITH_CONFLICT_FLAG,42804;42805,Drought risk duplicated with conflicting class values; droughtRiskLevel uses conservative maximum and raw values are retained.
NR-MONTHLY-2015-09-301506,2015-09,3015,พิมาย,301506,รังกาใหญ่,NR-RESEARCH-AREA-216,216,Phimai,Rang Ka Yai,0;1,0,1,1,CONSERVATIVE_MAX_WITH_CONFLICT_FLAG,43498;43499,Drought risk duplicated with conflicting class values; droughtRiskLevel uses conservative maximum and raw values are retained.
NR-MONTHLY-2015-09-301605,2015-09,3016,ห้วยแถลง,301605,หินดาด,NR-RESEARCH-AREA-283,283,Huai Thalaeng,Hin Dat,0;1,0,1,1,CONSERVATIVE_MAX_WITH_CONFLICT_FLAG,57175;57176,Drought risk duplicated with conflicting class values; droughtRiskLevel uses conservative maximum and raw values are retained.
NR-MONTHLY-2015-09-301607,2015-09,3016,ห้วยแถลง,301607,กงรถ,NR-RESEARCH-AREA-285,285,Huai Thalaeng,Kong Rot,0;1,0,1,1,CONSERVATIVE_MAX_WITH_CONFLICT_FLAG,57557;57558,Drought risk duplicated with conflicting class values; droughtRiskLevel uses conservative maximum and raw values are retained.
NR-MONTHLY-2015-09-301704,2015-09,3017,ชุมพวง,301704,สาหร่าย,NR-RESEARCH-AREA-080,80,Chum Phuang,Sarai,0;1,0,1,1,CONSERVATIVE_MAX_WITH_CONFLICT_FLAG,15898;15899,Drought risk duplicated with conflicting class values; droughtRiskLevel uses conservative maximum and raw values are retained.
NR-MONTHLY-2015-09-302201,2015-09,3022,หนองบุญมาก,302201,หนองบุนนาก,NR-RESEARCH-AREA-270,270,Nong Bunmak,Nong Bunnak,0;1,0,1,1,CONSERVATIVE_MAX_WITH_CONFLICT_FLAG,54450;54451,Drought risk duplicated with conflicting class values; droughtRiskLevel uses conservative maximum and raw values are retained.
NR-MONTHLY-2015-09-302205,2015-09,3022,หนองบุญมาก,302205,แหลมทอง,NR-RESEARCH-AREA-274,274,Nong Bunmak,Laem Thong,0;1,0,1,1,CONSERVATIVE_MAX_WITH_CONFLICT_FLAG,55326;55327,Drought risk duplicated with conflicting class values; droughtRiskLevel uses conservative maximum and raw values are retained.
NR-MONTHLY-2015-09-303205,2015-09,3032,เฉลิมพระเกียรติ,303205,หนองยาง,NR-RESEARCH-AREA-076,76,Chaloem Phra Kiet,Nong Yang,0;1,0,1,1,CONSERVATIVE_MAX_WITH_CONFLICT_FLAG,15005;15006,Drought risk duplicated with conflicting class values; droughtRiskLevel uses conservative maximum and raw values are retained.
NR-MONTHLY-2015-10-300105,2015-10,3001,เมืองนครราชสีมา,300105,มะเริง,NR-RESEARCH-AREA-004,4,Mueang Nakhon Ratchasima,Maroeng,0;1,0,1,1,CONSERVATIVE_MAX_WITH_CONFLICT_FLAG,708;709,Drought risk duplicated with conflicting class values; droughtRiskLevel uses conservative maximum and raw values are retained.
NR-MONTHLY-2015-10-300109,2015-10,3001,เมืองนครราชสีมา,300109,พลกรัง,NR-RESEARCH-AREA-008,8,Mueang Nakhon Ratchasima,Phon Krang,0;1,0,1,1,CONSERVATIVE_MAX_WITH_CONFLICT_FLAG,1467;1468,Drought risk duplicated with conflicting class values; droughtRiskLevel uses conservative maximum and raw values are retained.
NR-MONTHLY-2015-10-300117,2015-10,3001,เมืองนครราชสีมา,300117,โคกกรวด,NR-RESEARCH-AREA-016,16,Mueang Nakhon Ratchasima,Khok Kruat,0;1,0,1,1,CONSERVATIVE_MAX_WITH_CONFLICT_FLAG,2947;2948,Drought risk duplicated with conflicting class values; droughtRiskLevel uses conservative maximum and raw values are retained.
NR-MONTHLY-2015-10-300118,2015-10,3001,เมืองนครราชสีมา,300118,ไชยมงคล,NR-RESEARCH-AREA-017,17,Mueang Nakhon Ratchasima,Chai Mongkhon,0;1,0,1,1,CONSERVATIVE_MAX_WITH_CONFLICT_FLAG,3136;3137,Drought risk duplicated with conflicting class values; droughtRiskLevel uses conservative maximum and raw values are retained.
NR-MONTHLY-2015-10-300120,2015-10,3001,เมืองนครราชสีมา,300120,สุรนารี,NR-RESEARCH-AREA-019,19,Mueang Nakhon Ratchasima,Suranari,0;1,0,1,1,CONSERVATIVE_MAX_WITH_CONFLICT_FLAG,3506;3507,Drought risk duplicated with conflicting class values; droughtRiskLevel uses conservative maximum and raw values are retained.
NR-MONTHLY-2015-10-300123,2015-10,3001,เมืองนครราชสีมา,300123,พะเนา,NR-RESEARCH-AREA-022,22,Mueang Nakhon Ratchasima,Phanao,0;1,0,1,1,CONSERVATIVE_MAX_WITH_CONFLICT_FLAG,4074;4075,Drought risk duplicated with conflicting class values; droughtRiskLevel uses conservative maximum and raw values are retained.
NR-MONTHLY-2015-10-300503,2015-10,3005,บ้านเหลื่อม,300503,โคกกระเบื้อง,NR-RESEARCH-AREA-163,163,Ban Lueam,Khok Krabueang,0;1,0,1,1,CONSERVATIVE_MAX_WITH_CONFLICT_FLAG,33063;33064,Drought risk duplicated with conflicting class values; droughtRiskLevel uses conservative maximum and raw values are retained.
NR-MONTHLY-2015-10-300605,2015-10,3006,จักราช,300605,หนองขาม,NR-RESEARCH-AREA-067,67,Chakkarat,Nong Kham,0;1,0,1,1,CONSERVATIVE_MAX_WITH_CONFLICT_FLAG,13147;13148,Drought risk duplicated with conflicting class values; droughtRiskLevel uses conservative maximum and raw values are retained.
NR-MONTHLY-2015-10-300610,2015-10,3006,จักราช,300610,ศรีละกอ,NR-RESEARCH-AREA-069,69,Chakkarat,Si Lako,0;1,0,1,1,CONSERVATIVE_MAX_WITH_CONFLICT_FLAG,13566;13567,Drought risk duplicated with conflicting class values; droughtRiskLevel uses conservative maximum and raw values are retained.
NR-MONTHLY-2015-10-300611,2015-10,3006,จักราช,300611,คลองเมือง,NR-RESEARCH-AREA-070,70,Chakkarat,Khlong Mueang,0;1,0,1,1,CONSERVATIVE_MAX_WITH_CONFLICT_FLAG,13776;13777,Drought risk duplicated with conflicting class values; droughtRiskLevel uses conservative maximum and raw values are retained.
NR-MONTHLY-2015-10-300803,2015-10,3008,ด่านขุนทด,300803,ด่านนอก,NR-RESEARCH-AREA-098,98,Dan Khun Thot,Dan Nok,0;1,0,1,1,CONSERVATIVE_MAX_WITH_CONFLICT_FLAG,19677;19678,Drought risk duplicated with conflicting class values; droughtRiskLevel uses conservative maximum and raw values are retained.
NR-MONTHLY-2015-10-300804,2015-10,3008,ด่านขุนทด,300804,ด่านใน,NR-RESEARCH-AREA-099,99,Dan Khun Thot,Dan Nai,0;1,0,1,1,CONSERVATIVE_MAX_WITH_CONFLICT_FLAG,19887;19888,Drought risk duplicated with conflicting class values; droughtRiskLevel uses conservative maximum and raw values are retained.
NR-MONTHLY-2015-10-300811,2015-10,3008,ด่านขุนทด,300811,หนองบัวตะเกียด,NR-RESEARCH-AREA-106,106,Dan Khun Thot,Nong Bua Takiat,0;1,0,1,1,CONSERVATIVE_MAX_WITH_CONFLICT_FLAG,21361;21362,Drought risk duplicated with conflicting class values; droughtRiskLevel uses conservative maximum and raw values are retained.
NR-MONTHLY-2015-10-300907,2015-10,3009,โนนไทย,300907,บัลลังก์,NR-RESEARCH-AREA-127,127,Non Thai,Banlang,0;1,0,1,1,CONSERVATIVE_MAX_WITH_CONFLICT_FLAG,25790;25791,Drought risk duplicated with conflicting class values; droughtRiskLevel uses conservative maximum and raw values are retained.
NR-MONTHLY-2015-10-300908,2015-10,3009,โนนไทย,300908,สายออ,NR-RESEARCH-AREA-128,128,Non Thai,Sai-O,0;1,0,1,1,CONSERVATIVE_MAX_WITH_CONFLICT_FLAG,26002;26003,Drought risk duplicated with conflicting class values; droughtRiskLevel uses conservative maximum and raw values are retained.
NR-MONTHLY-2015-10-301005,2015-10,3010,โนนสูง,301005,ดอนชมพู,NR-RESEARCH-AREA-135,135,Non Sung,Don Chomphu,0;1,0,1,1,CONSERVATIVE_MAX_WITH_CONFLICT_FLAG,27448;27449,Drought risk duplicated with conflicting class values; droughtRiskLevel uses conservative maximum and raw values are retained.
NR-MONTHLY-2015-10-301006,2015-10,3010,โนนสูง,301006,ธารปราสาท,NR-RESEARCH-AREA-136,136,Non Sung,Than Prasat,0;1,0,1,1,CONSERVATIVE_MAX_WITH_CONFLICT_FLAG,27652;27653,Drought risk duplicated with conflicting class values; droughtRiskLevel uses conservative maximum and raw values are retained.
NR-MONTHLY-2015-10-301008,2015-10,3010,โนนสูง,301008,มะค่า,NR-RESEARCH-AREA-138,138,Non Sung,Makha,0;1,0,1,1,CONSERVATIVE_MAX_WITH_CONFLICT_FLAG,28061;28062,Drought risk duplicated with conflicting class values; droughtRiskLevel uses conservative maximum and raw values are retained.
NR-MONTHLY-2015-10-301102,2015-10,3011,ขามสะแกแสง,301102,โนนเมือง,NR-RESEARCH-AREA-036,36,Kham Sakae Saeng,Non Mueang,0;1,0,1,1,CONSERVATIVE_MAX_WITH_CONFLICT_FLAG,6862;6863,Drought risk duplicated with conflicting class values; droughtRiskLevel uses conservative maximum and raw values are retained.
NR-MONTHLY-2015-10-301104,2015-10,3011,ขามสะแกแสง,301104,ชีวึก,NR-RESEARCH-AREA-038,38,Kham Sakae Saeng,Chiwuek,0;1,0,1,1,CONSERVATIVE_MAX_WITH_CONFLICT_FLAG,7334;7335,Drought risk duplicated with conflicting class values; droughtRiskLevel uses conservative maximum and raw values are retained.
NR-MONTHLY-2015-10-301206,2015-10,3012,บัวใหญ่,301206,ดอนตะหนิน,NR-RESEARCH-AREA-154,154,Bua Yai,Don Tanin,0;1,0,1,1,CONSERVATIVE_MAX_WITH_CONFLICT_FLAG,31334;31335,Drought risk duplicated with conflicting class values; droughtRiskLevel uses conservative maximum and raw values are retained.
NR-MONTHLY-2015-10-301207,2015-10,3012,บัวใหญ่,301207,หนองบัวสะอาด,NR-RESEARCH-AREA-155,155,Bua Yai,Nong Bua Sa-At,0;1,0,1,1,CONSERVATIVE_MAX_WITH_CONFLICT_FLAG,31524;31525,Drought risk duplicated with conflicting class values; droughtRiskLevel uses conservative maximum and raw values are retained.
NR-MONTHLY-2015-10-301214,2015-10,3012,บัวใหญ่,301214,กุดจอก,NR-RESEARCH-AREA-157,157,Bua Yai,Kut Chok,0;1,0,1,1,CONSERVATIVE_MAX_WITH_CONFLICT_FLAG,31906;31907,Drought risk duplicated with conflicting class values; droughtRiskLevel uses conservative maximum and raw values are retained.
NR-MONTHLY-2015-10-301301,2015-10,3013,ประทาย,301301,ประทาย,NR-RESEARCH-AREA-165,165,Prathai,Prathai,0;1,0,1,1,CONSERVATIVE_MAX_WITH_CONFLICT_FLAG,33455;33456,Drought risk duplicated with conflicting class values; droughtRiskLevel uses conservative maximum and raw values are retained.
NR-MONTHLY-2015-10-301303,2015-10,3013,ประทาย,301303,กระทุ่มราย,NR-RESEARCH-AREA-170,170,Prathai,Krathum Rai,0;1,0,1,1,CONSERVATIVE_MAX_WITH_CONFLICT_FLAG,34458;34459,Drought risk duplicated with conflicting class values; droughtRiskLevel uses conservative maximum and raw values are retained.
NR-MONTHLY-2015-10-301310,2015-10,3013,ประทาย,301310,ดอนมัน,NR-RESEARCH-AREA-174,174,Prathai,Don Man,0;1,0,1,1,CONSERVATIVE_MAX_WITH_CONFLICT_FLAG,35257;35258,Drought risk duplicated with conflicting class values; droughtRiskLevel uses conservative maximum and raw values are retained.
NR-MONTHLY-2015-10-301505,2015-10,3015,พิมาย,301505,ท่าหลวง,NR-RESEARCH-AREA-215,215,Phimai,Tha Luang,0;1,0,1,1,CONSERVATIVE_MAX_WITH_CONFLICT_FLAG,43269;43270,Drought risk duplicated with conflicting class values; droughtRiskLevel uses conservative maximum and raw values are retained.
NR-MONTHLY-2015-10-301506,2015-10,3015,พิมาย,301506,รังกาใหญ่,NR-RESEARCH-AREA-216,216,Phimai,Rang Ka Yai,0;1,0,1,1,CONSERVATIVE_MAX_WITH_CONFLICT_FLAG,43500;43501,Drought risk duplicated with conflicting class values; droughtRiskLevel uses conservative maximum and raw values are retained.
NR-MONTHLY-2015-10-301507,2015-10,3015,พิมาย,301507,ชีวาน,NR-RESEARCH-AREA-217,217,Phimai,Chiwan,0;1,0,1,1,CONSERVATIVE_MAX_WITH_CONFLICT_FLAG,43731;43732,Drought risk duplicated with conflicting class values; droughtRiskLevel uses conservative maximum and raw values are retained.
NR-MONTHLY-2015-10-301508,2015-10,3015,พิมาย,301508,นิคมสร้างตนเอง,NR-RESEARCH-AREA-218,218,Phimai,Nikhom Sang Ton-Eng,0;1,0,1,1,CONSERVATIVE_MAX_WITH_CONFLICT_FLAG,43964;43965,Drought risk duplicated with conflicting class values; droughtRiskLevel uses conservative maximum and raw values are retained.
NR-MONTHLY-2015-10-301510,2015-10,3015,พิมาย,301510,ดงใหญ่,NR-RESEARCH-AREA-220,220,Phimai,Dong Yai,0;1,0,1,1,CONSERVATIVE_MAX_WITH_CONFLICT_FLAG,44427;44428,Drought risk duplicated with conflicting class values; droughtRiskLevel uses conservative maximum and raw values are retained.
NR-MONTHLY-2015-10-301701,2015-10,3017,ชุมพวง,301701,ชุมพวง,NR-RESEARCH-AREA-077,77,Chum Phuang,Chum Phuang,0;1,0,1,1,CONSERVATIVE_MAX_WITH_CONFLICT_FLAG,15214;15215,Drought risk duplicated with conflicting class values; droughtRiskLevel uses conservative maximum and raw values are retained.
NR-MONTHLY-2015-10-301714,2015-10,3017,ชุมพวง,301714,หนองหลัก,NR-RESEARCH-AREA-083,83,Chum Phuang,Nong Lak,0;1,0,1,1,CONSERVATIVE_MAX_WITH_CONFLICT_FLAG,16584;16585,Drought risk duplicated with conflicting class values; droughtRiskLevel uses conservative maximum and raw values are retained.
NR-MONTHLY-2015-10-302003,2015-10,3020,สีคิ้ว,302003,กฤษณา,NR-RESEARCH-AREA-238,238,Si Khio,Kritsana,0;1,0,1,1,CONSERVATIVE_MAX_WITH_CONFLICT_FLAG,48087;48088,Drought risk duplicated with conflicting class values; droughtRiskLevel uses conservative maximum and raw values are retained.
NR-MONTHLY-2015-10-302206,2015-10,3022,หนองบุญมาก,302206,หนองตะไก้,NR-RESEARCH-AREA-275,275,Nong Bunmak,Nong Takai,0;1,0,1,1,CONSERVATIVE_MAX_WITH_CONFLICT_FLAG,55547;55548,Drought risk duplicated with conflicting class values; droughtRiskLevel uses conservative maximum and raw values are retained.
NR-MONTHLY-2015-10-302301,2015-10,3023,แก้งสนามนาง,302301,แก้งสนามนาง,NR-RESEARCH-AREA-025,25,Kaeng Sanam Nang,Kaeng Sanam Nang,0;1,0,1,1,CONSERVATIVE_MAX_WITH_CONFLICT_FLAG,4644;4645,Drought risk duplicated with conflicting class values; droughtRiskLevel uses conservative maximum and raw values are retained.
NR-MONTHLY-2015-10-302303,2015-10,3023,แก้งสนามนาง,302303,บึงพะไล,NR-RESEARCH-AREA-027,27,Kaeng Sanam Nang,Bueng Phalai,0;1,0,1,1,CONSERVATIVE_MAX_WITH_CONFLICT_FLAG,5042;5043,Drought risk duplicated with conflicting class values; droughtRiskLevel uses conservative maximum and raw values are retained.
NR-MONTHLY-2015-10-302405,2015-10,3024,โนนแดง,302405,ดอนยาวใหญ่,NR-RESEARCH-AREA-120,120,Non Daeng,Don Yao Yai,0;1,0,1,1,CONSERVATIVE_MAX_WITH_CONFLICT_FLAG,24284;24285,Drought risk duplicated with conflicting class values; droughtRiskLevel uses conservative maximum and raw values are retained.
NR-MONTHLY-2015-10-302701,2015-10,3027,เมืองยาง,302701,เมืองยาง,NR-RESEARCH-AREA-223,223,Mueang Yang,Mueang Yang,0;1,0,1,1,CONSERVATIVE_MAX_WITH_CONFLICT_FLAG,45124;45125,Drought risk duplicated with conflicting class values; droughtRiskLevel uses conservative maximum and raw values are retained.
NR-MONTHLY-2015-10-302703,2015-10,3027,เมืองยาง,302703,ละหานปลาค้าว,NR-RESEARCH-AREA-225,225,Mueang Yang,Lahan Pla Khao,0;1,0,1,1,CONSERVATIVE_MAX_WITH_CONFLICT_FLAG,45524;45525,Drought risk duplicated with conflicting class values; droughtRiskLevel uses conservative maximum and raw values are retained.
NR-MONTHLY-2015-10-302704,2015-10,3027,เมืองยาง,302704,โนนอุดม,NR-RESEARCH-AREA-226,226,Mueang Yang,Non Udom,0;1,0,1,1,CONSERVATIVE_MAX_WITH_CONFLICT_FLAG,45724;45725,Drought risk duplicated with conflicting class values; droughtRiskLevel uses conservative maximum and raw values are retained.
NR-MONTHLY-2015-10-302802,2015-10,3028,พระทองคำ,302802,มาบกราด,NR-RESEARCH-AREA-207,207,Phra Thong Kham,Map Krat,0;1,0,1,1,CONSERVATIVE_MAX_WITH_CONFLICT_FLAG,41552;41553,Drought risk duplicated with conflicting class values; droughtRiskLevel uses conservative maximum and raw values are retained.
NR-MONTHLY-2015-10-302901,2015-10,3029,ลำทะเมนชัย,302901,ขุย,NR-RESEARCH-AREA-227,227,Lamtaman Chai,Khui,0;1,0,1,1,CONSERVATIVE_MAX_WITH_CONFLICT_FLAG,45924;45925,Drought risk duplicated with conflicting class values; droughtRiskLevel uses conservative maximum and raw values are retained.
NR-MONTHLY-2015-10-302903,2015-10,3029,ลำทะเมนชัย,302903,ช่องแมว,NR-RESEARCH-AREA-229,229,Lamtaman Chai,Chong Maeo,0;1,0,1,1,CONSERVATIVE_MAX_WITH_CONFLICT_FLAG,46354;46355,Drought risk duplicated with conflicting class values; droughtRiskLevel uses conservative maximum and raw values are retained.
NR-MONTHLY-2015-10-303103,2015-10,3031,สีดา,303103,โนนประดู่,NR-RESEARCH-AREA-250,250,Sida,Non Pradu,0;1,0,1,1,CONSERVATIVE_MAX_WITH_CONFLICT_FLAG,50432;50433,Drought risk duplicated with conflicting class values; droughtRiskLevel uses conservative maximum and raw values are retained.
NR-MONTHLY-2015-10-303201,2015-10,3032,เฉลิมพระเกียรติ,303201,ช้างทอง,NR-RESEARCH-AREA-072,72,Chaloem Phra Kiet,Chang Thong,0;1,0,1,1,CONSERVATIVE_MAX_WITH_CONFLICT_FLAG,14188;14189,Drought risk duplicated with conflicting class values; droughtRiskLevel uses conservative maximum and raw values are retained.
NR-MONTHLY-2015-11-300101,2015-11,3001,เมืองนครราชสีมา,300101,ในเมือง,NR-RESEARCH-AREA-000,0,Mueang Nakhon Ratchasima,Nai Mueang,0;1,0,1,1,CONSERVATIVE_MAX_WITH_CONFLICT_FLAG,11;12,Drought risk duplicated with conflicting class values; droughtRiskLevel uses conservative maximum and raw values are retained.
NR-MONTHLY-2015-11-300102,2015-11,3001,เมืองนครราชสีมา,300102,โพธิ์กลาง,NR-RESEARCH-AREA-001,1,Mueang Nakhon Ratchasima,Pho Klang,0;1,0,1,1,CONSERVATIVE_MAX_WITH_CONFLICT_FLAG,150;151,Drought risk duplicated with conflicting class values; droughtRiskLevel uses conservative maximum and raw values are retained.
NR-MONTHLY-2015-11-300103,2015-11,3001,เมืองนครราชสีมา,300103,หนองจะบก,NR-RESEARCH-AREA-002,2,Mueang Nakhon Ratchasima,Nong Chabok,0;1,0,1,1,CONSERVATIVE_MAX_WITH_CONFLICT_FLAG,334;335,Drought risk duplicated with conflicting class values; droughtRiskLevel uses conservative maximum and raw values are retained.
NR-MONTHLY-2015-11-300105,2015-11,3001,เมืองนครราชสีมา,300105,มะเริง,NR-RESEARCH-AREA-004,4,Mueang Nakhon Ratchasima,Maroeng,0;1,0,1,1,CONSERVATIVE_MAX_WITH_CONFLICT_FLAG,710;711,Drought risk duplicated with conflicting class values; droughtRiskLevel uses conservative maximum and raw values are retained.
NR-MONTHLY-2015-11-300106,2015-11,3001,เมืองนครราชสีมา,300106,หนองระเวียง,NR-RESEARCH-AREA-005,5,Mueang Nakhon Ratchasima,Nong Rawiang,0;1,0,1,1,CONSERVATIVE_MAX_WITH_CONFLICT_FLAG,901;902,Drought risk duplicated with conflicting class values; droughtRiskLevel uses conservative maximum and raw values are retained.
NR-MONTHLY-2015-11-300108,2015-11,3001,เมืองนครราชสีมา,300108,หมื่นไวย,NR-RESEARCH-AREA-007,7,Mueang Nakhon Ratchasima,Muen Wai,0;1,0,1,1,CONSERVATIVE_MAX_WITH_CONFLICT_FLAG,1281;1282,Drought risk duplicated with conflicting class values; droughtRiskLevel uses conservative maximum and raw values are retained.
NR-MONTHLY-2015-11-300109,2015-11,3001,เมืองนครราชสีมา,300109,พลกรัง,NR-RESEARCH-AREA-008,8,Mueang Nakhon Ratchasima,Phon Krang,0;1,0,1,1,CONSERVATIVE_MAX_WITH_CONFLICT_FLAG,1469;1470,Drought risk duplicated with conflicting class values; droughtRiskLevel uses conservative maximum and raw values are retained.
NR-MONTHLY-2015-11-300111,2015-11,3001,เมืองนครราชสีมา,300111,หัวทะเล,NR-RESEARCH-AREA-010,10,Mueang Nakhon Ratchasima,Hua Thale,0;1,0,1,1,CONSERVATIVE_MAX_WITH_CONFLICT_FLAG,1793;1794,Drought risk duplicated with conflicting class values; droughtRiskLevel uses conservative maximum and raw values are retained.
NR-MONTHLY-2015-11-300112,2015-11,3001,เมืองนครราชสีมา,300112,บ้านเกาะ,NR-RESEARCH-AREA-011,11,Mueang Nakhon Ratchasima,Ban Ko,0;1,0,1,1,CONSERVATIVE_MAX_WITH_CONFLICT_FLAG,1990;1991,Drought risk duplicated with conflicting class values; droughtRiskLevel uses conservative maximum and raw values are retained.
NR-MONTHLY-2015-11-300114,2015-11,3001,เมืองนครราชสีมา,300114,พุดซา,NR-RESEARCH-AREA-013,13,Mueang Nakhon Ratchasima,Phut Sa,0;1,0,1,1,CONSERVATIVE_MAX_WITH_CONFLICT_FLAG,2378;2379,Drought risk duplicated with conflicting class values; droughtRiskLevel uses conservative maximum and raw values are retained.
NR-MONTHLY-2015-11-300115,2015-11,3001,เมืองนครราชสีมา,300115,บ้านโพธิ์,NR-RESEARCH-AREA-014,14,Mueang Nakhon Ratchasima,Ban Pho,0;1,0,1,1,CONSERVATIVE_MAX_WITH_CONFLICT_FLAG,2569;2570,Drought risk duplicated with conflicting class values; droughtRiskLevel uses conservative maximum and raw values are retained.
NR-MONTHLY-2015-11-300116,2015-11,3001,เมืองนครราชสีมา,300116,จอหอ,NR-RESEARCH-AREA-015,15,Mueang Nakhon Ratchasima,Cho Ho,0;1,0,1,1,CONSERVATIVE_MAX_WITH_CONFLICT_FLAG,2759;2760,Drought risk duplicated with conflicting class values; droughtRiskLevel uses conservative maximum and raw values are retained.
NR-MONTHLY-2015-11-300117,2015-11,3001,เมืองนครราชสีมา,300117,โคกกรวด,NR-RESEARCH-AREA-016,16,Mueang Nakhon Ratchasima,Khok Kruat,0;1,0,1,1,CONSERVATIVE_MAX_WITH_CONFLICT_FLAG,2949;2950,Drought risk duplicated with conflicting class values; droughtRiskLevel uses conservative maximum and raw values are retained.
NR-MONTHLY-2015-11-300119,2015-11,3001,เมืองนครราชสีมา,300119,หนองบัวศาลา,NR-RESEARCH-AREA-018,18,Mueang Nakhon Ratchasima,Nong Bua Sala,0;1,0,1,1,CONSERVATIVE_MAX_WITH_CONFLICT_FLAG,3326;3327,Drought risk duplicated with conflicting class values; droughtRiskLevel uses conservative maximum and raw values are retained.
NR-MONTHLY-2015-11-300121,2015-11,3001,เมืองนครราชสีมา,300121,สีมุม,NR-RESEARCH-AREA-020,20,Mueang Nakhon Ratchasima,Si Mum,0;1,0,1,1,CONSERVATIVE_MAX_WITH_CONFLICT_FLAG,3696;3697,Drought risk duplicated with conflicting class values; droughtRiskLevel uses conservative maximum and raw values are retained.
NR-MONTHLY-2015-11-300122,2015-11,3001,เมืองนครราชสีมา,300122,ตลาด,NR-RESEARCH-AREA-021,21,Mueang Nakhon Ratchasima,Talat,0;1,0,1,1,CONSERVATIVE_MAX_WITH_CONFLICT_FLAG,3885;3886,Drought risk duplicated with conflicting class values; droughtRiskLevel uses conservative maximum and raw values are retained.
NR-MONTHLY-2015-11-300123,2015-11,3001,เมืองนครราชสีมา,300123,พะเนา,NR-RESEARCH-AREA-022,22,Mueang Nakhon Ratchasima,Phanao,0;1,0,1,1,CONSERVATIVE_MAX_WITH_CONFLICT_FLAG,4076;4077,Drought risk duplicated with conflicting class values; droughtRiskLevel uses conservative maximum and raw values are retained.
NR-MONTHLY-2015-11-300124,2015-11,3001,เมืองนครราชสีมา,300124,หนองกระทุ่ม,NR-RESEARCH-AREA-023,23,Mueang Nakhon Ratchasima,Nong Krathum,0;1,0,1,1,CONSERVATIVE_MAX_WITH_CONFLICT_FLAG,4268;4269,Drought risk duplicated with conflicting class values; droughtRiskLevel uses conservative maximum and raw values are retained.
NR-MONTHLY-2015-11-300125,2015-11,3001,เมืองนครราชสีมา,300125,หนองไข่น้ำ,NR-RESEARCH-AREA-024,24,Mueang Nakhon Ratchasima,Nong Khai Nam,0;1,0,1,1,CONSERVATIVE_MAX_WITH_CONFLICT_FLAG,4457;4458,Drought risk duplicated with conflicting class values; droughtRiskLevel uses conservative maximum and raw values are retained.
NR-MONTHLY-2015-11-300202,2015-11,3002,ครบุรี,300202,เฉลียง,NR-RESEARCH-AREA-053,53,Khon Buri,Chaliang,0;1,0,1,1,CONSERVATIVE_MAX_WITH_CONFLICT_FLAG,10442;10443,Drought risk duplicated with conflicting class values; droughtRiskLevel uses conservative maximum and raw values are retained.
NR-MONTHLY-2015-11-300203,2015-11,3002,ครบุรี,300203,ครบุรี,NR-RESEARCH-AREA-054,54,Khon Buri,Khon Buri,0;1,0,1,1,CONSERVATIVE_MAX_WITH_CONFLICT_FLAG,10636;10637,Drought risk duplicated with conflicting class values; droughtRiskLevel uses conservative maximum and raw values are retained.
NR-MONTHLY-2015-11-300204,2015-11,3002,ครบุรี,300204,โคกกระชาย,NR-RESEARCH-AREA-055,55,Khon Buri,Khok Krachai,0;1,0,1,1,CONSERVATIVE_MAX_WITH_CONFLICT_FLAG,10824;10825,Drought risk duplicated with conflicting class values; droughtRiskLevel uses conservative maximum and raw values are retained.
NR-MONTHLY-2015-11-300207,2015-11,3002,ครบุรี,300207,อรพิมพ์,NR-RESEARCH-AREA-058,58,Khon Buri,Oraphim,0;1,0,1,1,CONSERVATIVE_MAX_WITH_CONFLICT_FLAG,11399;11400,Drought risk duplicated with conflicting class values; droughtRiskLevel uses conservative maximum and raw values are retained.
NR-MONTHLY-2015-11-300210,2015-11,3002,ครบุรี,300210,ครบุรีใต้,NR-RESEARCH-AREA-061,61,Khon Buri,Khon Buri Tai,0;1,0,1,1,CONSERVATIVE_MAX_WITH_CONFLICT_FLAG,11954;11955,Drought risk duplicated with conflicting class values; droughtRiskLevel uses conservative maximum and raw values are retained.
NR-MONTHLY-2015-11-300211,2015-11,3002,ครบุรี,300211,ตะแบกบาน,NR-RESEARCH-AREA-062,62,Khon Buri,Tabaek Ban,0;1,0,1,1,CONSERVATIVE_MAX_WITH_CONFLICT_FLAG,12143;12144,Drought risk duplicated with conflicting class values; droughtRiskLevel uses conservative maximum and raw values are retained.
NR-MONTHLY-2015-11-300212,2015-11,3002,ครบุรี,300212,สระว่านพระยา,NR-RESEARCH-AREA-063,63,Khon Buri,Sa Wan Phraya,0;1,0,1,1,CONSERVATIVE_MAX_WITH_CONFLICT_FLAG,12335;12336,Drought risk duplicated with conflicting class values; droughtRiskLevel uses conservative maximum and raw values are retained.
NR-MONTHLY-2015-11-300301,2015-11,3003,เสิงสาง,300301,เสิงสาง,NR-RESEARCH-AREA-264,264,Soeng Sang,Soeng Sang,0;1,0,1,1,CONSERVATIVE_MAX_WITH_CONFLICT_FLAG,53302;53303,Drought risk duplicated with conflicting class values; droughtRiskLevel uses conservative maximum and raw values are retained.
NR-MONTHLY-2015-11-300303,2015-11,3003,เสิงสาง,300303,โนนสมบูรณ์,NR-RESEARCH-AREA-266,266,Soeng Sang,Non Sombun,0;1,0,1,1,CONSERVATIVE_MAX_WITH_CONFLICT_FLAG,53695;53696,Drought risk duplicated with conflicting class values; droughtRiskLevel uses conservative maximum and raw values are retained.
NR-MONTHLY-2015-11-300304,2015-11,3003,เสิงสาง,300304,กุดโบสถ์,NR-RESEARCH-AREA-267,267,Soeng Sang,Kut Bot,0;1,0,1,1,CONSERVATIVE_MAX_WITH_CONFLICT_FLAG,53889;53890,Drought risk duplicated with conflicting class values; droughtRiskLevel uses conservative maximum and raw values are retained.
NR-MONTHLY-2015-11-300305,2015-11,3003,เสิงสาง,300305,สุขไพบูลย์,NR-RESEARCH-AREA-268,268,Soeng Sang,Suk Phaibun,0;1,0,1,1,CONSERVATIVE_MAX_WITH_CONFLICT_FLAG,54071;54072,Drought risk duplicated with conflicting class values; droughtRiskLevel uses conservative maximum and raw values are retained.
NR-MONTHLY-2015-11-300401,2015-11,3004,คง,300401,เมืองคง,NR-RESEARCH-AREA-042,42,Khong,Mueang Khong,0;1,0,1,1,CONSERVATIVE_MAX_WITH_CONFLICT_FLAG,8280;8281,Drought risk duplicated with conflicting class values; droughtRiskLevel uses conservative maximum and raw values are retained.
NR-MONTHLY-2015-11-300402,2015-11,3004,คง,300402,คูขาด,NR-RESEARCH-AREA-043,43,Khong,Khu Khat,0;1,0,1,1,CONSERVATIVE_MAX_WITH_CONFLICT_FLAG,8477;8478,Drought risk duplicated with conflicting class values; droughtRiskLevel uses conservative maximum and raw values are retained.
NR-MONTHLY-2015-11-300403,2015-11,3004,คง,300403,เทพาลัย,NR-RESEARCH-AREA-044,44,Khong,Thephalai,0;1,0,1,1,CONSERVATIVE_MAX_WITH_CONFLICT_FLAG,8673;8674,Drought risk duplicated with conflicting class values; droughtRiskLevel uses conservative maximum and raw values are retained.
NR-MONTHLY-2015-11-300404,2015-11,3004,คง,300404,ตาจั่น,NR-RESEARCH-AREA-045,45,Khong,Ta Chan,0;1,0,1,1,CONSERVATIVE_MAX_WITH_CONFLICT_FLAG,8870;8871,Drought risk duplicated with conflicting class values; droughtRiskLevel uses conservative maximum and raw values are retained.
NR-MONTHLY-2015-11-300405,2015-11,3004,คง,300405,บ้านปรางค์,NR-RESEARCH-AREA-046,46,Khong,Ban Prang,0;1,0,1,1,CONSERVATIVE_MAX_WITH_CONFLICT_FLAG,9066;9067,Drought risk duplicated with conflicting class values; droughtRiskLevel uses conservative maximum and raw values are retained.
NR-MONTHLY-2015-11-300407,2015-11,3004,คง,300407,หนองบัว,NR-RESEARCH-AREA-048,48,Khong,Nong Bua,0;1,0,1,1,CONSERVATIVE_MAX_WITH_CONFLICT_FLAG,9460;9461,Drought risk duplicated with conflicting class values; droughtRiskLevel uses conservative maximum and raw values are retained.
NR-MONTHLY-2015-11-300408,2015-11,3004,คง,300408,โนนเต็ง,NR-RESEARCH-AREA-049,49,Khong,Non Teng,0;1,0,1,1,CONSERVATIVE_MAX_WITH_CONFLICT_FLAG,9664;9665,Drought risk duplicated with conflicting class values; droughtRiskLevel uses conservative maximum and raw values are retained.
NR-MONTHLY-2015-11-300409,2015-11,3004,คง,300409,ดอนใหญ่,NR-RESEARCH-AREA-050,50,Khong,Don Yai,0;1,0,1,1,CONSERVATIVE_MAX_WITH_CONFLICT_FLAG,9861;9862,Drought risk duplicated with conflicting class values; droughtRiskLevel uses conservative maximum and raw values are retained.
NR-MONTHLY-2015-11-300410,2015-11,3004,คง,300410,ขามสมบูรณ์,NR-RESEARCH-AREA-051,51,Khong,Kham Sombun,0;1,0,1,1,CONSERVATIVE_MAX_WITH_CONFLICT_FLAG,10059;10060,Drought risk duplicated with conflicting class values; droughtRiskLevel uses conservative maximum and raw values are retained.
NR-MONTHLY-2015-11-300501,2015-11,3005,บ้านเหลื่อม,300501,บ้านเหลื่อม,NR-RESEARCH-AREA-161,161,Ban Lueam,Ban Lueam,0;1,0,1,1,CONSERVATIVE_MAX_WITH_CONFLICT_FLAG,32670;32671,Drought risk duplicated with conflicting class values; droughtRiskLevel uses conservative maximum and raw values are retained.
NR-MONTHLY-2015-11-300502,2015-11,3005,บ้านเหลื่อม,300502,วังโพธิ์,NR-RESEARCH-AREA-162,162,Ban Lueam,Wang Pho,0;1,0,1,1,CONSERVATIVE_MAX_WITH_CONFLICT_FLAG,32867;32868,Drought risk duplicated with conflicting class values; droughtRiskLevel uses conservative maximum and raw values are retained.
NR-MONTHLY-2015-11-300504,2015-11,3005,บ้านเหลื่อม,300504,ช่อระกา,NR-RESEARCH-AREA-164,164,Ban Lueam,Cho Raka,0;1,0,1,1,CONSERVATIVE_MAX_WITH_CONFLICT_FLAG,33261;33262,Drought risk duplicated with conflicting class values; droughtRiskLevel uses conservative maximum and raw values are retained.
NR-MONTHLY-2015-11-300601,2015-11,3006,จักราช,300601,จักราช,NR-RESEARCH-AREA-064,64,Chakkarat,Chakkarat,0;1,0,1,1,CONSERVATIVE_MAX_WITH_CONFLICT_FLAG,12520;12521,Drought risk duplicated with conflicting class values; droughtRiskLevel uses conservative maximum and raw values are retained.
NR-MONTHLY-2015-11-300604,2015-11,3006,จักราช,300604,สีสุก,NR-RESEARCH-AREA-066,66,Chakkarat,Si Suk,0;1,0,1,1,CONSERVATIVE_MAX_WITH_CONFLICT_FLAG,12939;12940,Drought risk duplicated with conflicting class values; droughtRiskLevel uses conservative maximum and raw values are retained.
NR-MONTHLY-2015-11-300611,2015-11,3006,จักราช,300611,คลองเมือง,NR-RESEARCH-AREA-070,70,Chakkarat,Khlong Mueang,0;1,0,1,1,CONSERVATIVE_MAX_WITH_CONFLICT_FLAG,13778;13779,Drought risk duplicated with conflicting class values; droughtRiskLevel uses conservative maximum and raw values are retained.
NR-MONTHLY-2015-11-300613,2015-11,3006,จักราช,300613,หินโคน,NR-RESEARCH-AREA-071,71,Chakkarat,Hin Khon,0;1,0,1,1,CONSERVATIVE_MAX_WITH_CONFLICT_FLAG,13984;13985,Drought risk duplicated with conflicting class values; droughtRiskLevel uses conservative maximum and raw values are retained.
NR-MONTHLY-2015-11-300701,2015-11,3007,โชคชัย,300701,กระโทก,NR-RESEARCH-AREA-086,86,Chok Chai,Krathok,0;1,0,1,1,CONSERVATIVE_MAX_WITH_CONFLICT_FLAG,17271;17272,Drought risk duplicated with conflicting class values; droughtRiskLevel uses conservative maximum and raw values are retained.
NR-MONTHLY-2015-11-300702,2015-11,3007,โชคชัย,300702,พลับพลา,NR-RESEARCH-AREA-087,87,Chok Chai,Phlapphla,0;1,0,1,1,CONSERVATIVE_MAX_WITH_CONFLICT_FLAG,17470;17471,Drought risk duplicated with conflicting class values; droughtRiskLevel uses conservative maximum and raw values are retained.
NR-MONTHLY-2015-11-300703,2015-11,3007,โชคชัย,300703,ท่าอ่าง,NR-RESEARCH-AREA-088,88,Chok Chai,Tha Ang,0;1,0,1,1,CONSERVATIVE_MAX_WITH_CONFLICT_FLAG,17670;17671,Drought risk duplicated with conflicting class values; droughtRiskLevel uses conservative maximum and raw values are retained.
NR-MONTHLY-2015-11-300704,2015-11,3007,โชคชัย,300704,ทุ่งอรุณ,NR-RESEARCH-AREA-089,89,Chok Chai,Thung Arun,0;1,0,1,1,CONSERVATIVE_MAX_WITH_CONFLICT_FLAG,17869;17870,Drought risk duplicated with conflicting class values; droughtRiskLevel uses conservative maximum and raw values are retained.
NR-MONTHLY-2015-11-300705,2015-11,3007,โชคชัย,300705,ท่าลาดขาว,NR-RESEARCH-AREA-090,90,Chok Chai,Tha Lat Khao,0;1,0,1,1,CONSERVATIVE_MAX_WITH_CONFLICT_FLAG,18063;18064,Drought risk duplicated with conflicting class values; droughtRiskLevel uses conservative maximum and raw values are retained.
NR-MONTHLY-2015-11-300706,2015-11,3007,โชคชัย,300706,ท่าจะหลุง,NR-RESEARCH-AREA-091,91,Chok Chai,Tha Chalung,0;1,0,1,1,CONSERVATIVE_MAX_WITH_CONFLICT_FLAG,18262;18263,Drought risk duplicated with conflicting class values; droughtRiskLevel uses conservative maximum and raw values are retained.
NR-MONTHLY-2015-11-300707,2015-11,3007,โชคชัย,300707,ท่าเยี่ยม,NR-RESEARCH-AREA-092,92,Chok Chai,Tha Yiam,0;1,0,1,1,CONSERVATIVE_MAX_WITH_CONFLICT_FLAG,18461;18462,Drought risk duplicated with conflicting class values; droughtRiskLevel uses conservative maximum and raw values are retained.
NR-MONTHLY-2015-11-300708,2015-11,3007,โชคชัย,300708,โชคชัย,NR-RESEARCH-AREA-093,93,Chok Chai,Chok Chai,0;1,0,1,1,CONSERVATIVE_MAX_WITH_CONFLICT_FLAG,18660;18661,Drought risk duplicated with conflicting class values; droughtRiskLevel uses conservative maximum and raw values are retained.
NR-MONTHLY-2015-11-300709,2015-11,3007,โชคชัย,300709,ละลมใหม่พัฒนา,NR-RESEARCH-AREA-094,94,Chok Chai,Lalom Mai Phatthana,0;1,0,1,1,CONSERVATIVE_MAX_WITH_CONFLICT_FLAG,18856;18857,Drought risk duplicated with conflicting class values; droughtRiskLevel uses conservative maximum and raw values are retained.
NR-MONTHLY-2015-11-300710,2015-11,3007,โชคชัย,300710,ด่านเกวียน,NR-RESEARCH-AREA-095,95,Chok Chai,Dan Kwian,0;1,0,1,1,CONSERVATIVE_MAX_WITH_CONFLICT_FLAG,19054;19055,Drought risk duplicated with conflicting class values; droughtRiskLevel uses conservative maximum and raw values are retained.
NR-MONTHLY-2015-11-300801,2015-11,3008,ด่านขุนทด,300801,กุดพิมาน,NR-RESEARCH-AREA-096,96,Dan Khun Thot,Kut Phiman,0;1,0,1,1,CONSERVATIVE_MAX_WITH_CONFLICT_FLAG,19253;19254,Drought risk duplicated with conflicting class values; droughtRiskLevel uses conservative maximum and raw values are retained.
NR-MONTHLY-2015-11-300802,2015-11,3008,ด่านขุนทด,300802,ด่านขุนทด,NR-RESEARCH-AREA-097,97,Dan Khun Thot,Dan Khun Thot,0;1,0,1,1,CONSERVATIVE_MAX_WITH_CONFLICT_FLAG,19466;19467,Drought risk duplicated with conflicting class values; droughtRiskLevel uses conservative maximum and raw values are retained.
NR-MONTHLY-2015-11-300803,2015-11,3008,ด่านขุนทด,300803,ด่านนอก,NR-RESEARCH-AREA-098,98,Dan Khun Thot,Dan Nok,0;1,0,1,1,CONSERVATIVE_MAX_WITH_CONFLICT_FLAG,19679;19680,Drought risk duplicated with conflicting class values; droughtRiskLevel uses conservative maximum and raw values are retained.
NR-MONTHLY-2015-11-300804,2015-11,3008,ด่านขุนทด,300804,ด่านใน,NR-RESEARCH-AREA-099,99,Dan Khun Thot,Dan Nai,0;1,0,1,1,CONSERVATIVE_MAX_WITH_CONFLICT_FLAG,19889;19890,Drought risk duplicated with conflicting class values; droughtRiskLevel uses conservative maximum and raw values are retained.
NR-MONTHLY-2015-11-300805,2015-11,3008,ด่านขุนทด,300805,ตะเคียน,NR-RESEARCH-AREA-100,100,Dan Khun Thot,Takhian,0;1,0,1,1,CONSERVATIVE_MAX_WITH_CONFLICT_FLAG,20100;20101,Drought risk duplicated with conflicting class values; droughtRiskLevel uses conservative maximum and raw values are retained.
NR-MONTHLY-2015-11-300806,2015-11,3008,ด่านขุนทด,300806,บ้านเก่า,NR-RESEARCH-AREA-101,101,Dan Khun Thot,Ban Kao,0;1,0,1,1,CONSERVATIVE_MAX_WITH_CONFLICT_FLAG,20312;20313,Drought risk duplicated with conflicting class values; droughtRiskLevel uses conservative maximum and raw values are retained.
NR-MONTHLY-2015-11-300807,2015-11,3008,ด่านขุนทด,300807,บ้านแปรง,NR-RESEARCH-AREA-102,102,Dan Khun Thot,Ban Praeng,0;1,0,1,1,CONSERVATIVE_MAX_WITH_CONFLICT_FLAG,20523;20524,Drought risk duplicated with conflicting class values; droughtRiskLevel uses conservative maximum and raw values are retained.
NR-MONTHLY-2015-11-300808,2015-11,3008,ด่านขุนทด,300808,พันชนะ,NR-RESEARCH-AREA-103,103,Dan Khun Thot,Phan Chana,0;1,0,1,1,CONSERVATIVE_MAX_WITH_CONFLICT_FLAG,20735;20736,Drought risk duplicated with conflicting class values; droughtRiskLevel uses conservative maximum and raw values are retained.
NR-MONTHLY-2015-11-300809,2015-11,3008,ด่านขุนทด,300809,สระจรเข้,NR-RESEARCH-AREA-104,104,Dan Khun Thot,Sa Chorakhe,0;1,0,1,1,CONSERVATIVE_MAX_WITH_CONFLICT_FLAG,20945;20946,Drought risk duplicated with conflicting class values; droughtRiskLevel uses conservative maximum and raw values are retained.
NR-MONTHLY-2015-11-300810,2015-11,3008,ด่านขุนทด,300810,หนองกราด,NR-RESEARCH-AREA-105,105,Dan Khun Thot,Nong Krat,0;1,0,1,1,CONSERVATIVE_MAX_WITH_CONFLICT_FLAG,21155;21156,Drought risk duplicated with conflicting class values; droughtRiskLevel uses conservative maximum and raw values are retained.
NR-MONTHLY-2015-11-300811,2015-11,3008,ด่านขุนทด,300811,หนองบัวตะเกียด,NR-RESEARCH-AREA-106,106,Dan Khun Thot,Nong Bua Takiat,0;1,0,1,1,CONSERVATIVE_MAX_WITH_CONFLICT_FLAG,21363;21364,Drought risk duplicated with conflicting class values; droughtRiskLevel uses conservative maximum and raw values are retained.
NR-MONTHLY-2015-11-300812,2015-11,3008,ด่านขุนทด,300812,หนองบัวละคร,NR-RESEARCH-AREA-107,107,Dan Khun Thot,Nong Bua Lakhon,0;1,0,1,1,CONSERVATIVE_MAX_WITH_CONFLICT_FLAG,21571;21572,Drought risk duplicated with conflicting class values; droughtRiskLevel uses conservative maximum and raw values are retained.
NR-MONTHLY-2015-11-300813,2015-11,3008,ด่านขุนทด,300813,หินดาด,NR-RESEARCH-AREA-108,108,Dan Khun Thot,Hin Dat,0;1,0,1,1,CONSERVATIVE_MAX_WITH_CONFLICT_FLAG,21782;21783,Drought risk duplicated with conflicting class values; droughtRiskLevel uses conservative maximum and raw values are retained.
NR-MONTHLY-2015-11-300815,2015-11,3008,ด่านขุนทด,300815,ห้วยบง,NR-RESEARCH-AREA-109,109,Dan Khun Thot,Huai Bong,0;1,0,1,1,CONSERVATIVE_MAX_WITH_CONFLICT_FLAG,21994;21995,Drought risk duplicated with conflicting class values; droughtRiskLevel uses conservative maximum and raw values are retained.
NR-MONTHLY-2015-11-300817,2015-11,3008,ด่านขุนทด,300817,โนนเมืองพัฒนา,NR-RESEARCH-AREA-110,110,Dan Khun Thot,Non Mueang Phatthana,0;1,0,1,1,CONSERVATIVE_MAX_WITH_CONFLICT_FLAG,22203;22204,Drought risk duplicated with conflicting class values; droughtRiskLevel uses conservative maximum and raw values are retained.
NR-MONTHLY-2015-11-300818,2015-11,3008,ด่านขุนทด,300818,หนองไทร,NR-RESEARCH-AREA-111,111,Dan Khun Thot,Nong Sai,0;1,0,1,1,CONSERVATIVE_MAX_WITH_CONFLICT_FLAG,22411;22412,Drought risk duplicated with conflicting class values; droughtRiskLevel uses conservative maximum and raw values are retained.
NR-MONTHLY-2015-11-300901,2015-11,3009,โนนไทย,300901,โนนไทย,NR-RESEARCH-AREA-121,121,Non Thai,Non Thai,0;1,0,1,1,CONSERVATIVE_MAX_WITH_CONFLICT_FLAG,24516;24517,Drought risk duplicated with conflicting class values; droughtRiskLevel uses conservative maximum and raw values are retained.
NR-MONTHLY-2015-11-300902,2015-11,3009,โนนไทย,300902,ด่านจาก,NR-RESEARCH-AREA-122,122,Non Thai,Dan Chak,0;1,0,1,1,CONSERVATIVE_MAX_WITH_CONFLICT_FLAG,24727;24728,Drought risk duplicated with conflicting class values; droughtRiskLevel uses conservative maximum and raw values are retained.
NR-MONTHLY-2015-11-300903,2015-11,3009,โนนไทย,300903,กำปัง,NR-RESEARCH-AREA-123,123,Non Thai,Kampang,0;1,0,1,1,CONSERVATIVE_MAX_WITH_CONFLICT_FLAG,24941;24942,Drought risk duplicated with conflicting class values; droughtRiskLevel uses conservative maximum and raw values are retained.
NR-MONTHLY-2015-11-300904,2015-11,3009,โนนไทย,300904,สำโรง,NR-RESEARCH-AREA-124,124,Non Thai,Samrong,0;1,0,1,1,CONSERVATIVE_MAX_WITH_CONFLICT_FLAG,25157;25158,Drought risk duplicated with conflicting class values; droughtRiskLevel uses conservative maximum and raw values are retained.
NR-MONTHLY-2015-11-300905,2015-11,3009,โนนไทย,300905,ค้างพลู,NR-RESEARCH-AREA-125,125,Non Thai,Khang Phlu,0;1,0,1,1,CONSERVATIVE_MAX_WITH_CONFLICT_FLAG,25368;25369,Drought risk duplicated with conflicting class values; droughtRiskLevel uses conservative maximum and raw values are retained.
NR-MONTHLY-2015-11-300906,2015-11,3009,โนนไทย,300906,บ้านวัง,NR-RESEARCH-AREA-126,126,Non Thai,Ban Wang,0;1,0,1,1,CONSERVATIVE_MAX_WITH_CONFLICT_FLAG,25580;25581,Drought risk duplicated with conflicting class values; droughtRiskLevel uses conservative maximum and raw values are retained.
NR-MONTHLY-2015-11-300908,2015-11,3009,โนนไทย,300908,สายออ,NR-RESEARCH-AREA-128,128,Non Thai,Sai-O,0;1,0,1,1,CONSERVATIVE_MAX_WITH_CONFLICT_FLAG,26004;26005,Drought risk duplicated with conflicting class values; droughtRiskLevel uses conservative maximum and raw values are retained.
NR-MONTHLY-2015-11-300909,2015-11,3009,โนนไทย,300909,ถนนโพธิ์,NR-RESEARCH-AREA-129,129,Non Thai,Thanon Pho,0;1,0,1,1,CONSERVATIVE_MAX_WITH_CONFLICT_FLAG,26216;26217,Drought risk duplicated with conflicting class values; droughtRiskLevel uses conservative maximum and raw values are retained.
NR-MONTHLY-2015-11-300914,2015-11,3009,โนนไทย,300914,มะค่า,NR-RESEARCH-AREA-130,130,Non Thai,Makha,0;1,0,1,1,CONSERVATIVE_MAX_WITH_CONFLICT_FLAG,26428;26429,Drought risk duplicated with conflicting class values; droughtRiskLevel uses conservative maximum and raw values are retained.
NR-MONTHLY-2015-11-301001,2015-11,3010,โนนสูง,301001,โนนสูง,NR-RESEARCH-AREA-131,131,Non Sung,Non Sung,0;1,0,1,1,CONSERVATIVE_MAX_WITH_CONFLICT_FLAG,26640;26641,Drought risk duplicated with conflicting class values; droughtRiskLevel uses conservative maximum and raw values are retained.
NR-MONTHLY-2015-11-301002,2015-11,3010,โนนสูง,301002,ใหม่,NR-RESEARCH-AREA-132,132,Non Sung,Mai,0;1,0,1,1,CONSERVATIVE_MAX_WITH_CONFLICT_FLAG,26842;26843,Drought risk duplicated with conflicting class values; droughtRiskLevel uses conservative maximum and raw values are retained.
NR-MONTHLY-2015-11-301004,2015-11,3010,โนนสูง,301004,บิง,NR-RESEARCH-AREA-134,134,Non Sung,Bing,0;1,0,1,1,CONSERVATIVE_MAX_WITH_CONFLICT_FLAG,27248;27249,Drought risk duplicated with conflicting class values; droughtRiskLevel uses conservative maximum and raw values are retained.
NR-MONTHLY-2015-11-301007,2015-11,3010,โนนสูง,301007,หลุมข้าว,NR-RESEARCH-AREA-137,137,Non Sung,Lum Khao,0;1,0,1,1,CONSERVATIVE_MAX_WITH_CONFLICT_FLAG,27856;27857,Drought risk duplicated with conflicting class values; droughtRiskLevel uses conservative maximum and raw values are retained.
NR-MONTHLY-2015-11-301009,2015-11,3010,โนนสูง,301009,พลสงคราม,NR-RESEARCH-AREA-139,139,Non Sung,Phon Songkhram,0;1,0,1,1,CONSERVATIVE_MAX_WITH_CONFLICT_FLAG,28263;28264,Drought risk duplicated with conflicting class values; droughtRiskLevel uses conservative maximum and raw values are retained.
NR-MONTHLY-2015-11-301010,2015-11,3010,โนนสูง,301010,จันอัด,NR-RESEARCH-AREA-140,140,Non Sung,Chan-At,0;1,0,1,1,CONSERVATIVE_MAX_WITH_CONFLICT_FLAG,28463;28464,Drought risk duplicated with conflicting class values; droughtRiskLevel uses conservative maximum and raw values are retained.
NR-MONTHLY-2015-11-301011,2015-11,3010,โนนสูง,301011,ขามเฒ่า,NR-RESEARCH-AREA-141,141,Non Sung,Kham Thao,0;1,0,1,1,CONSERVATIVE_MAX_WITH_CONFLICT_FLAG,28661;28662,Drought risk duplicated with conflicting class values; droughtRiskLevel uses conservative maximum and raw values are retained.
NR-MONTHLY-2015-11-301012,2015-11,3010,โนนสูง,301012,ด่านคล้า,NR-RESEARCH-AREA-142,142,Non Sung,Dan Khla,0;1,0,1,1,CONSERVATIVE_MAX_WITH_CONFLICT_FLAG,28862;28863,Drought risk duplicated with conflicting class values; droughtRiskLevel uses conservative maximum and raw values are retained.
NR-MONTHLY-2015-11-301013,2015-11,3010,โนนสูง,301013,ลำคอหงษ์,NR-RESEARCH-AREA-143,143,Non Sung,Lam Kho Hong,0;1,0,1,1,CONSERVATIVE_MAX_WITH_CONFLICT_FLAG,29063;29064,Drought risk duplicated with conflicting class values; droughtRiskLevel uses conservative maximum and raw values are retained.
NR-MONTHLY-2015-11-301014,2015-11,3010,โนนสูง,301014,เมืองปราสาท,NR-RESEARCH-AREA-144,144,Non Sung,Mueang Prasat,0;1,0,1,1,CONSERVATIVE_MAX_WITH_CONFLICT_FLAG,29268;29269,Drought risk duplicated with conflicting class values; droughtRiskLevel uses conservative maximum and raw values are retained.
NR-MONTHLY-2015-11-301016,2015-11,3010,โนนสูง,301016,ลำมูล,NR-RESEARCH-AREA-146,146,Non Sung,Lammun,0;1,0,1,1,CONSERVATIVE_MAX_WITH_CONFLICT_FLAG,29663;29664,Drought risk duplicated with conflicting class values; droughtRiskLevel uses conservative maximum and raw values are retained.
NR-MONTHLY-2015-11-301101,2015-11,3011,ขามสะแกแสง,301101,ขามสะแกแสง,NR-RESEARCH-AREA-035,35,Kham Sakae Saeng,Kham Sakae Saeng,0;1,0,1,1,CONSERVATIVE_MAX_WITH_CONFLICT_FLAG,6628;6629,Drought risk duplicated with conflicting class values; droughtRiskLevel uses conservative maximum and raw values are retained.
NR-MONTHLY-2015-11-301102,2015-11,3011,ขามสะแกแสง,301102,โนนเมือง,NR-RESEARCH-AREA-036,36,Kham Sakae Saeng,Non Mueang,0;1,0,1,1,CONSERVATIVE_MAX_WITH_CONFLICT_FLAG,6864;6865,Drought risk duplicated with conflicting class values; droughtRiskLevel uses conservative maximum and raw values are retained.
NR-MONTHLY-2015-11-301103,2015-11,3011,ขามสะแกแสง,301103,เมืองนาท,NR-RESEARCH-AREA-037,37,Kham Sakae Saeng,Mueang Nat,0;1,0,1,1,CONSERVATIVE_MAX_WITH_CONFLICT_FLAG,7100;7101,Drought risk duplicated with conflicting class values; droughtRiskLevel uses conservative maximum and raw values are retained.
NR-MONTHLY-2015-11-301104,2015-11,3011,ขามสะแกแสง,301104,ชีวึก,NR-RESEARCH-AREA-038,38,Kham Sakae Saeng,Chiwuek,0;1,0,1,1,CONSERVATIVE_MAX_WITH_CONFLICT_FLAG,7336;7337,Drought risk duplicated with conflicting class values; droughtRiskLevel uses conservative maximum and raw values are retained.
NR-MONTHLY-2015-11-301105,2015-11,3011,ขามสะแกแสง,301105,พะงาด,NR-RESEARCH-AREA-039,39,Kham Sakae Saeng,Phangat,0;1,0,1,1,CONSERVATIVE_MAX_WITH_CONFLICT_FLAG,7572;7573,Drought risk duplicated with conflicting class values; droughtRiskLevel uses conservative maximum and raw values are retained.
NR-MONTHLY-2015-11-301106,2015-11,3011,ขามสะแกแสง,301106,หนองหัวฟาน,NR-RESEARCH-AREA-040,40,Kham Sakae Saeng,Nong Hua Fan,0;1,0,1,1,CONSERVATIVE_MAX_WITH_CONFLICT_FLAG,7808;7809,Drought risk duplicated with conflicting class values; droughtRiskLevel uses conservative maximum and raw values are retained.
NR-MONTHLY-2015-11-301107,2015-11,3011,ขามสะแกแสง,301107,เมืองเกษตร,NR-RESEARCH-AREA-041,41,Kham Sakae Saeng,Mueang Kaset,0;1,0,1,1,CONSERVATIVE_MAX_WITH_CONFLICT_FLAG,8044;8045,Drought risk duplicated with conflicting class values; droughtRiskLevel uses conservative maximum and raw values are retained.
NR-MONTHLY-2015-11-301201,2015-11,3012,บัวใหญ่,301201,บัวใหญ่,NR-RESEARCH-AREA-151,151,Bua Yai,Bua Yai,0;1,0,1,1,CONSERVATIVE_MAX_WITH_CONFLICT_FLAG,30757;30758,Drought risk duplicated with conflicting class values; droughtRiskLevel uses conservative maximum and raw values are retained.
NR-MONTHLY-2015-11-301203,2015-11,3012,บัวใหญ่,301203,ห้วยยาง,NR-RESEARCH-AREA-152,152,Bua Yai,Huai Yang,0;1,0,1,1,CONSERVATIVE_MAX_WITH_CONFLICT_FLAG,30948;30949,Drought risk duplicated with conflicting class values; droughtRiskLevel uses conservative maximum and raw values are retained.
NR-MONTHLY-2015-11-301204,2015-11,3012,บัวใหญ่,301204,เสมาใหญ่,NR-RESEARCH-AREA-153,153,Bua Yai,Sema Yai,0;1,0,1,1,CONSERVATIVE_MAX_WITH_CONFLICT_FLAG,31144;31145,Drought risk duplicated with conflicting class values; droughtRiskLevel uses conservative maximum and raw values are retained.
NR-MONTHLY-2015-11-301206,2015-11,3012,บัวใหญ่,301206,ดอนตะหนิน,NR-RESEARCH-AREA-154,154,Bua Yai,Don Tanin,0;1,0,1,1,CONSERVATIVE_MAX_WITH_CONFLICT_FLAG,31336;31337,Drought risk duplicated with conflicting class values; droughtRiskLevel uses conservative maximum and raw values are retained.
NR-MONTHLY-2015-11-301208,2015-11,3012,บัวใหญ่,301208,โนนทองหลาง,NR-RESEARCH-AREA-156,156,Bua Yai,Non Thong Lang,0;1,0,1,1,CONSERVATIVE_MAX_WITH_CONFLICT_FLAG,31717;31718,Drought risk duplicated with conflicting class values; droughtRiskLevel uses conservative maximum and raw values are retained.
NR-MONTHLY-2015-11-301215,2015-11,3012,บัวใหญ่,301215,ด่านช้าง,NR-RESEARCH-AREA-158,158,Bua Yai,Dan Chang,0;1,0,1,1,CONSERVATIVE_MAX_WITH_CONFLICT_FLAG,32098;32099,Drought risk duplicated with conflicting class values; droughtRiskLevel uses conservative maximum and raw values are retained.
NR-MONTHLY-2015-11-301220,2015-11,3012,บัวใหญ่,301220,ขุนทอง,NR-RESEARCH-AREA-159,159,Bua Yai,Khun Thong,0;1,0,1,1,CONSERVATIVE_MAX_WITH_CONFLICT_FLAG,32290;32291,Drought risk duplicated with conflicting class values; droughtRiskLevel uses conservative maximum and raw values are retained.
NR-MONTHLY-2015-11-301224,2015-11,3012,บัวใหญ่,301224,หนองแจ้งใหญ่,NR-RESEARCH-AREA-160,160,Bua Yai,Nong Chaeng Yai,0;1,0,1,1,CONSERVATIVE_MAX_WITH_CONFLICT_FLAG,32481;32482,Drought risk duplicated with conflicting class values; droughtRiskLevel uses conservative maximum and raw values are retained.
NR-MONTHLY-2015-11-301301,2015-11,3013,ประทาย,301301,ประทาย,NR-RESEARCH-AREA-165,165,Prathai,Prathai,0;1,0,1,1,CONSERVATIVE_MAX_WITH_CONFLICT_FLAG,33457;33458,Drought risk duplicated with conflicting class values; droughtRiskLevel uses conservative maximum and raw values are retained.
NR-MONTHLY-2015-11-301303,2015-11,3013,ประทาย,301303,กระทุ่มราย,NR-RESEARCH-AREA-170,170,Prathai,Krathum Rai,0;1,0,1,1,CONSERVATIVE_MAX_WITH_CONFLICT_FLAG,34460;34461,Drought risk duplicated with conflicting class values; droughtRiskLevel uses conservative maximum and raw values are retained.
NR-MONTHLY-2015-11-301304,2015-11,3013,ประทาย,301304,วังไม้แดง,NR-RESEARCH-AREA-168,168,Prathai,Wang Mai Daeng,0;1,0,1,1,CONSERVATIVE_MAX_WITH_CONFLICT_FLAG,34053;34054,Drought risk duplicated with conflicting class values; droughtRiskLevel uses conservative maximum and raw values are retained.
NR-MONTHLY-2015-11-301306,2015-11,3013,ประทาย,301306,ตลาดไทร,NR-RESEARCH-AREA-173,173,Prathai,Talat Sai,0;1,0,1,1,CONSERVATIVE_MAX_WITH_CONFLICT_FLAG,35061;35062,Drought risk duplicated with conflicting class values; droughtRiskLevel uses conservative maximum and raw values are retained.
NR-MONTHLY-2015-11-301307,2015-11,3013,ประทาย,301307,หนองพลวง,NR-RESEARCH-AREA-166,166,Prathai,Nong Phluang,0;1,0,1,1,CONSERVATIVE_MAX_WITH_CONFLICT_FLAG,33655;33656,Drought risk duplicated with conflicting class values; droughtRiskLevel uses conservative maximum and raw values are retained.
NR-MONTHLY-2015-11-301308,2015-11,3013,ประทาย,301308,หนองค่าย,NR-RESEARCH-AREA-172,172,Prathai,Nong Khai,0;1,0,1,1,CONSERVATIVE_MAX_WITH_CONFLICT_FLAG,34862;34863,Drought risk duplicated with conflicting class values; droughtRiskLevel uses conservative maximum and raw values are retained.
NR-MONTHLY-2015-11-301309,2015-11,3013,ประทาย,301309,หันห้วยทราย,NR-RESEARCH-AREA-167,167,Prathai,Han Huai Sai,0;1,0,1,1,CONSERVATIVE_MAX_WITH_CONFLICT_FLAG,33855;33856,Drought risk duplicated with conflicting class values; droughtRiskLevel uses conservative maximum and raw values are retained.
NR-MONTHLY-2015-11-301310,2015-11,3013,ประทาย,301310,ดอนมัน,NR-RESEARCH-AREA-174,174,Prathai,Don Man,0;1,0,1,1,CONSERVATIVE_MAX_WITH_CONFLICT_FLAG,35259;35260,Drought risk duplicated with conflicting class values; droughtRiskLevel uses conservative maximum and raw values are retained.
NR-MONTHLY-2015-11-301313,2015-11,3013,ประทาย,301313,นางรำ,NR-RESEARCH-AREA-171,171,Prathai,Nang Ram,0;1,0,1,1,CONSERVATIVE_MAX_WITH_CONFLICT_FLAG,34661;34662,Drought risk duplicated with conflicting class values; droughtRiskLevel uses conservative maximum and raw values are retained.
NR-MONTHLY-2015-11-301314,2015-11,3013,ประทาย,301314,โนนเพ็ด,NR-RESEARCH-AREA-169,169,Prathai,Non Phet,0;1,0,1,1,CONSERVATIVE_MAX_WITH_CONFLICT_FLAG,34254;34255,Drought risk duplicated with conflicting class values; droughtRiskLevel uses conservative maximum and raw values are retained.
NR-MONTHLY-2015-11-301315,2015-11,3013,ประทาย,301315,ทุ่งสว่าง,NR-RESEARCH-AREA-175,175,Prathai,Thung Sawang,0;1,0,1,1,CONSERVATIVE_MAX_WITH_CONFLICT_FLAG,35465;35466,Drought risk duplicated with conflicting class values; droughtRiskLevel uses conservative maximum and raw values are retained.
NR-MONTHLY-2015-11-301317,2015-11,3013,ประทาย,301317,โคกกลาง,NR-RESEARCH-AREA-176,176,Prathai,Khok Klang,0;1,0,1,1,CONSERVATIVE_MAX_WITH_CONFLICT_FLAG,35670;35671,Drought risk duplicated with conflicting class values; droughtRiskLevel uses conservative maximum and raw values are retained.
NR-MONTHLY-2015-11-301318,2015-11,3013,ประทาย,301318,เมืองโดน,NR-RESEARCH-AREA-177,177,Prathai,Mueang Don,0;1,0,1,1,CONSERVATIVE_MAX_WITH_CONFLICT_FLAG,35875;35876,Drought risk duplicated with conflicting class values; droughtRiskLevel uses conservative maximum and raw values are retained.
NR-MONTHLY-2015-11-301401,2015-11,3014,ปักธงชัย,301401,เมืองปัก,NR-RESEARCH-AREA-178,178,Pak Thong Chai,Mueang Pak,0;1,0,1,1,CONSERVATIVE_MAX_WITH_CONFLICT_FLAG,36081;36082,Drought risk duplicated with conflicting class values; droughtRiskLevel uses conservative maximum and raw values are retained.
NR-MONTHLY-2015-11-301402,2015-11,3014,ปักธงชัย,301402,ตะคุ,NR-RESEARCH-AREA-179,179,Pak Thong Chai,Takhu,0;1,0,1,1,CONSERVATIVE_MAX_WITH_CONFLICT_FLAG,36292;36293,Drought risk duplicated with conflicting class values; droughtRiskLevel uses conservative maximum and raw values are retained.
NR-MONTHLY-2015-11-301403,2015-11,3014,ปักธงชัย,301403,โคกไทย,NR-RESEARCH-AREA-180,180,Pak Thong Chai,Khok Thai,0;1,0,1,1,CONSERVATIVE_MAX_WITH_CONFLICT_FLAG,36501;36502,Drought risk duplicated with conflicting class values; droughtRiskLevel uses conservative maximum and raw values are retained.
NR-MONTHLY-2015-11-301404,2015-11,3014,ปักธงชัย,301404,สำโรง,NR-RESEARCH-AREA-181,181,Pak Thong Chai,Samrong,0;1,0,1,1,CONSERVATIVE_MAX_WITH_CONFLICT_FLAG,36710;36711,Drought risk duplicated with conflicting class values; droughtRiskLevel uses conservative maximum and raw values are retained.
NR-MONTHLY-2015-11-301406,2015-11,3014,ปักธงชัย,301406,นกออก,NR-RESEARCH-AREA-183,183,Pak Thong Chai,Nok Ok,0;1,0,1,1,CONSERVATIVE_MAX_WITH_CONFLICT_FLAG,37134;37135,Drought risk duplicated with conflicting class values; droughtRiskLevel uses conservative maximum and raw values are retained.
NR-MONTHLY-2015-11-301407,2015-11,3014,ปักธงชัย,301407,ดอน,NR-RESEARCH-AREA-184,184,Pak Thong Chai,Don,0;1,0,1,1,CONSERVATIVE_MAX_WITH_CONFLICT_FLAG,37344;37345,Drought risk duplicated with conflicting class values; droughtRiskLevel uses conservative maximum and raw values are retained.
NR-MONTHLY-2015-11-301409,2015-11,3014,ปักธงชัย,301409,ตูม,NR-RESEARCH-AREA-185,185,Pak Thong Chai,Tum,0;1,0,1,1,CONSERVATIVE_MAX_WITH_CONFLICT_FLAG,37554;37555,Drought risk duplicated with conflicting class values; droughtRiskLevel uses conservative maximum and raw values are retained.
NR-MONTHLY-2015-11-301410,2015-11,3014,ปักธงชัย,301410,งิ้ว,NR-RESEARCH-AREA-186,186,Pak Thong Chai,Ngio,0;1,0,1,1,CONSERVATIVE_MAX_WITH_CONFLICT_FLAG,37765;37766,Drought risk duplicated with conflicting class values; droughtRiskLevel uses conservative maximum and raw values are retained.
NR-MONTHLY-2015-11-301411,2015-11,3014,ปักธงชัย,301411,สะแกราช,NR-RESEARCH-AREA-187,187,Pak Thong Chai,Sakae Rat,0;1,0,1,1,CONSERVATIVE_MAX_WITH_CONFLICT_FLAG,37975;37976,Drought risk duplicated with conflicting class values; droughtRiskLevel uses conservative maximum and raw values are retained.
NR-MONTHLY-2015-11-301416,2015-11,3014,ปักธงชัย,301416,ภูหลวง,NR-RESEARCH-AREA-189,189,Pak Thong Chai,Phu Luang,0;1,0,1,1,CONSERVATIVE_MAX_WITH_CONFLICT_FLAG,38393;38394,Drought risk duplicated with conflicting class values; droughtRiskLevel uses conservative maximum and raw values are retained.
NR-MONTHLY-2015-11-301417,2015-11,3014,ปักธงชัย,301417,ธงชัยเหนือ,NR-RESEARCH-AREA-190,190,Pak Thong Chai,Thong Chai Nuea,0;1,0,1,1,CONSERVATIVE_MAX_WITH_CONFLICT_FLAG,38601;38602,Drought risk duplicated with conflicting class values; droughtRiskLevel uses conservative maximum and raw values are retained.
NR-MONTHLY-2015-11-301418,2015-11,3014,ปักธงชัย,301418,สุขเกษม,NR-RESEARCH-AREA-191,191,Pak Thong Chai,Suk Kasem,0;1,0,1,1,CONSERVATIVE_MAX_WITH_CONFLICT_FLAG,38810;38811,Drought risk duplicated with conflicting class values; droughtRiskLevel uses conservative maximum and raw values are retained.
NR-MONTHLY-2015-11-301419,2015-11,3014,ปักธงชัย,301419,เกษมทรัพย์,NR-RESEARCH-AREA-192,192,Pak Thong Chai,Kasem Sap,0;1,0,1,1,CONSERVATIVE_MAX_WITH_CONFLICT_FLAG,39019;39020,Drought risk duplicated with conflicting class values; droughtRiskLevel uses conservative maximum and raw values are retained.
NR-MONTHLY-2015-11-301420,2015-11,3014,ปักธงชัย,301420,บ่อปลาทอง,NR-RESEARCH-AREA-193,193,Pak Thong Chai,Bo Pla Thong,0;1,0,1,1,CONSERVATIVE_MAX_WITH_CONFLICT_FLAG,39228;39229,Drought risk duplicated with conflicting class values; droughtRiskLevel uses conservative maximum and raw values are retained.
NR-MONTHLY-2015-11-301503,2015-11,3015,พิมาย,301503,โบสถ์,NR-RESEARCH-AREA-213,213,Phimai,Bot,0;1,0,1,1,CONSERVATIVE_MAX_WITH_CONFLICT_FLAG,42808;42809,Drought risk duplicated with conflicting class values; droughtRiskLevel uses conservative maximum and raw values are retained.
NR-MONTHLY-2015-11-301504,2015-11,3015,พิมาย,301504,กระเบื้องใหญ่,NR-RESEARCH-AREA-214,214,Phimai,Krabueang Yai,0;1,0,1,1,CONSERVATIVE_MAX_WITH_CONFLICT_FLAG,43038;43039,Drought risk duplicated with conflicting class values; droughtRiskLevel uses conservative maximum and raw values are retained.
NR-MONTHLY-2015-11-301506,2015-11,3015,พิมาย,301506,รังกาใหญ่,NR-RESEARCH-AREA-216,216,Phimai,Rang Ka Yai,0;1,0,1,1,CONSERVATIVE_MAX_WITH_CONFLICT_FLAG,43502;43503,Drought risk duplicated with conflicting class values; droughtRiskLevel uses conservative maximum and raw values are retained.
NR-MONTHLY-2015-11-301507,2015-11,3015,พิมาย,301507,ชีวาน,NR-RESEARCH-AREA-217,217,Phimai,Chiwan,0;1,0,1,1,CONSERVATIVE_MAX_WITH_CONFLICT_FLAG,43733;43734,Drought risk duplicated with conflicting class values; droughtRiskLevel uses conservative maximum and raw values are retained.
NR-MONTHLY-2015-11-301508,2015-11,3015,พิมาย,301508,นิคมสร้างตนเอง,NR-RESEARCH-AREA-218,218,Phimai,Nikhom Sang Ton-Eng,0;1,0,1,1,CONSERVATIVE_MAX_WITH_CONFLICT_FLAG,43966;43967,Drought risk duplicated with conflicting class values; droughtRiskLevel uses conservative maximum and raw values are retained.
NR-MONTHLY-2015-11-301509,2015-11,3015,พิมาย,301509,กระชอน,NR-RESEARCH-AREA-219,219,Phimai,Krachon,0;1,0,1,1,CONSERVATIVE_MAX_WITH_CONFLICT_FLAG,44196;44197,Drought risk duplicated with conflicting class values; droughtRiskLevel uses conservative maximum and raw values are retained.
NR-MONTHLY-2015-11-301510,2015-11,3015,พิมาย,301510,ดงใหญ่,NR-RESEARCH-AREA-220,220,Phimai,Dong Yai,0;1,0,1,1,CONSERVATIVE_MAX_WITH_CONFLICT_FLAG,44429;44430,Drought risk duplicated with conflicting class values; droughtRiskLevel uses conservative maximum and raw values are retained.
NR-MONTHLY-2015-11-301511,2015-11,3015,พิมาย,301511,ธารละหลอด,NR-RESEARCH-AREA-221,221,Phimai,Than Lalot,0;1,0,1,1,CONSERVATIVE_MAX_WITH_CONFLICT_FLAG,44660;44661,Drought risk duplicated with conflicting class values; droughtRiskLevel uses conservative maximum and raw values are retained.
NR-MONTHLY-2015-11-301512,2015-11,3015,พิมาย,301512,หนองระเวียง,NR-RESEARCH-AREA-222,222,Mueang Nakhon Ratchasima,Nong Rawiang,0;1,0,1,1,CONSERVATIVE_MAX_WITH_CONFLICT_FLAG,44893;44894,Drought risk duplicated with conflicting class values; droughtRiskLevel uses conservative maximum and raw values are retained.
NR-MONTHLY-2015-11-301601,2015-11,3016,ห้วยแถลง,301601,ห้วยแถลง,NR-RESEARCH-AREA-279,279,Huai Thalaeng,Huai Thalaeng,0;1,0,1,1,CONSERVATIVE_MAX_WITH_CONFLICT_FLAG,56415;56416,Drought risk duplicated with conflicting class values; droughtRiskLevel uses conservative maximum and raw values are retained.
NR-MONTHLY-2015-11-301602,2015-11,3016,ห้วยแถลง,301602,ทับสวาย,NR-RESEARCH-AREA-280,280,Huai Thalaeng,Thap Sawai,0;1,0,1,1,CONSERVATIVE_MAX_WITH_CONFLICT_FLAG,56606;56607,Drought risk duplicated with conflicting class values; droughtRiskLevel uses conservative maximum and raw values are retained.
NR-MONTHLY-2015-11-301603,2015-11,3016,ห้วยแถลง,301603,เมืองพลับพลา,NR-RESEARCH-AREA-281,281,Huai Thalaeng,Mueang Phlapphla,0;1,0,1,1,CONSERVATIVE_MAX_WITH_CONFLICT_FLAG,56797;56798,Drought risk duplicated with conflicting class values; droughtRiskLevel uses conservative maximum and raw values are retained.
NR-MONTHLY-2015-11-301604,2015-11,3016,ห้วยแถลง,301604,หลุ่งตะเคียน,NR-RESEARCH-AREA-282,282,Huai Thalaeng,Lung Takhian,0;1,0,1,1,CONSERVATIVE_MAX_WITH_CONFLICT_FLAG,56988;56989,Drought risk duplicated with conflicting class values; droughtRiskLevel uses conservative maximum and raw values are retained.
NR-MONTHLY-2015-11-301605,2015-11,3016,ห้วยแถลง,301605,หินดาด,NR-RESEARCH-AREA-283,283,Huai Thalaeng,Hin Dat,0;1,0,1,1,CONSERVATIVE_MAX_WITH_CONFLICT_FLAG,57179;57180,Drought risk duplicated with conflicting class values; droughtRiskLevel uses conservative maximum and raw values are retained.
NR-MONTHLY-2015-11-301606,2015-11,3016,ห้วยแถลง,301606,งิ้ว,NR-RESEARCH-AREA-284,284,Huai Thalaeng,Ngio,0;1,0,1,1,CONSERVATIVE_MAX_WITH_CONFLICT_FLAG,57370;57371,Drought risk duplicated with conflicting class values; droughtRiskLevel uses conservative maximum and raw values are retained.
NR-MONTHLY-2015-11-301607,2015-11,3016,ห้วยแถลง,301607,กงรถ,NR-RESEARCH-AREA-285,285,Huai Thalaeng,Kong Rot,0;1,0,1,1,CONSERVATIVE_MAX_WITH_CONFLICT_FLAG,57561;57562,Drought risk duplicated with conflicting class values; droughtRiskLevel uses conservative maximum and raw values are retained.
NR-MONTHLY-2015-11-301608,2015-11,3016,ห้วยแถลง,301608,หลุ่งประดู่,NR-RESEARCH-AREA-286,286,Huai Thalaeng,Lung Pradu,0;1,0,1,1,CONSERVATIVE_MAX_WITH_CONFLICT_FLAG,57752;57753,Drought risk duplicated with conflicting class values; droughtRiskLevel uses conservative maximum and raw values are retained.
NR-MONTHLY-2015-11-301609,2015-11,3016,ห้วยแถลง,301609,ตะโก,NR-RESEARCH-AREA-287,287,Huai Thalaeng,Tako,0;1,0,1,1,CONSERVATIVE_MAX_WITH_CONFLICT_FLAG,57943;57944,Drought risk duplicated with conflicting class values; droughtRiskLevel uses conservative maximum and raw values are retained.
NR-MONTHLY-2015-11-301610,2015-11,3016,ห้วยแถลง,301610,ห้วยแคน,NR-RESEARCH-AREA-288,288,Huai Thalaeng,Huai Khaen,0;1,0,1,1,CONSERVATIVE_MAX_WITH_CONFLICT_FLAG,58133;58134,Drought risk duplicated with conflicting class values; droughtRiskLevel uses conservative maximum and raw values are retained.
NR-MONTHLY-2015-11-301701,2015-11,3017,ชุมพวง,301701,ชุมพวง,NR-RESEARCH-AREA-077,77,Chum Phuang,Chum Phuang,0;1,0,1,1,CONSERVATIVE_MAX_WITH_CONFLICT_FLAG,15216;15217,Drought risk duplicated with conflicting class values; droughtRiskLevel uses conservative maximum and raw values are retained.
NR-MONTHLY-2015-11-301702,2015-11,3017,ชุมพวง,301702,ประสุข,NR-RESEARCH-AREA-078,78,Chum Phuang,Prasuk,0;1,0,1,1,CONSERVATIVE_MAX_WITH_CONFLICT_FLAG,15439;15440,Drought risk duplicated with conflicting class values; droughtRiskLevel uses conservative maximum and raw values are retained.
NR-MONTHLY-2015-11-301703,2015-11,3017,ชุมพวง,301703,ท่าลาด,NR-RESEARCH-AREA-079,79,Chum Phuang,Tha Lat,0;1,0,1,1,CONSERVATIVE_MAX_WITH_CONFLICT_FLAG,15672;15673,Drought risk duplicated with conflicting class values; droughtRiskLevel uses conservative maximum and raw values are retained.
NR-MONTHLY-2015-11-301704,2015-11,3017,ชุมพวง,301704,สาหร่าย,NR-RESEARCH-AREA-080,80,Chum Phuang,Sarai,0;1,0,1,1,CONSERVATIVE_MAX_WITH_CONFLICT_FLAG,15902;15903,Drought risk duplicated with conflicting class values; droughtRiskLevel uses conservative maximum and raw values are retained.
NR-MONTHLY-2015-11-301705,2015-11,3017,ชุมพวง,301705,ตลาดไทร,NR-RESEARCH-AREA-081,81,Chum Phuang,Talat Sai,0;1,0,1,1,CONSERVATIVE_MAX_WITH_CONFLICT_FLAG,16128;16129,Drought risk duplicated with conflicting class values; droughtRiskLevel uses conservative maximum and raw values are retained.
NR-MONTHLY-2015-11-301710,2015-11,3017,ชุมพวง,301710,โนนรัง,NR-RESEARCH-AREA-082,82,Chum Phuang,Non Rang,0;1,0,1,1,CONSERVATIVE_MAX_WITH_CONFLICT_FLAG,16358;16359,Drought risk duplicated with conflicting class values; droughtRiskLevel uses conservative maximum and raw values are retained.
NR-MONTHLY-2015-11-301714,2015-11,3017,ชุมพวง,301714,หนองหลัก,NR-RESEARCH-AREA-083,83,Chum Phuang,Nong Lak,0;1,0,1,1,CONSERVATIVE_MAX_WITH_CONFLICT_FLAG,16586;16587,Drought risk duplicated with conflicting class values; droughtRiskLevel uses conservative maximum and raw values are retained.
NR-MONTHLY-2015-11-301716,2015-11,3017,ชุมพวง,301716,โนนตูม,NR-RESEARCH-AREA-084,84,Chum Phuang,Non Tum,0;1,0,1,1,CONSERVATIVE_MAX_WITH_CONFLICT_FLAG,16812;16813,Drought risk duplicated with conflicting class values; droughtRiskLevel uses conservative maximum and raw values are retained.
NR-MONTHLY-2015-11-301717,2015-11,3017,ชุมพวง,301717,โนนยอ,NR-RESEARCH-AREA-085,85,Chum Phuang,Non Yo,0;1,0,1,1,CONSERVATIVE_MAX_WITH_CONFLICT_FLAG,17042;17043,Drought risk duplicated with conflicting class values; droughtRiskLevel uses conservative maximum and raw values are retained.
NR-MONTHLY-2015-11-301901,2015-11,3019,ขามทะเลสอ,301901,ขามทะเลสอ,NR-RESEARCH-AREA-030,30,Kham Thale So,Kham Thale So,0;1,0,1,1,CONSERVATIVE_MAX_WITH_CONFLICT_FLAG,5644;5645,Drought risk duplicated with conflicting class values; droughtRiskLevel uses conservative maximum and raw values are retained.
NR-MONTHLY-2015-11-301902,2015-11,3019,ขามทะเลสอ,301902,โป่งแดง,NR-RESEARCH-AREA-031,31,Kham Thale So,Pong Daeng,0;1,0,1,1,CONSERVATIVE_MAX_WITH_CONFLICT_FLAG,5840;5841,Drought risk duplicated with conflicting class values; droughtRiskLevel uses conservative maximum and raw values are retained.
NR-MONTHLY-2015-11-301903,2015-11,3019,ขามทะเลสอ,301903,พันดุง,NR-RESEARCH-AREA-032,32,Kham Thale So,Phan Dung,0;1,0,1,1,CONSERVATIVE_MAX_WITH_CONFLICT_FLAG,6043;6044,Drought risk duplicated with conflicting class values; droughtRiskLevel uses conservative maximum and raw values are retained.
NR-MONTHLY-2015-11-301905,2015-11,3019,ขามทะเลสอ,301905,บึงอ้อ,NR-RESEARCH-AREA-034,34,Kham Thale So,Bueng O,0;1,0,1,1,CONSERVATIVE_MAX_WITH_CONFLICT_FLAG,6434;6435,Drought risk duplicated with conflicting class values; droughtRiskLevel uses conservative maximum and raw values are retained.
NR-MONTHLY-2015-11-302001,2015-11,3020,สีคิ้ว,302001,สีคิ้ว,NR-RESEARCH-AREA-236,236,Si Khio,Sikhio,0;1,0,1,1,CONSERVATIVE_MAX_WITH_CONFLICT_FLAG,47695;47696,Drought risk duplicated with conflicting class values; droughtRiskLevel uses conservative maximum and raw values are retained.
NR-MONTHLY-2015-11-302002,2015-11,3020,สีคิ้ว,302002,บ้านหัน,NR-RESEARCH-AREA-237,237,Si Khio,Ban Han,0;1,0,1,1,CONSERVATIVE_MAX_WITH_CONFLICT_FLAG,47891;47892,Drought risk duplicated with conflicting class values; droughtRiskLevel uses conservative maximum and raw values are retained.
NR-MONTHLY-2015-11-302004,2015-11,3020,สีคิ้ว,302004,ลาดบัวขาว,NR-RESEARCH-AREA-239,239,Si Khio,Lat Bua Khao,0;1,0,1,1,CONSERVATIVE_MAX_WITH_CONFLICT_FLAG,48282;48283,Drought risk duplicated with conflicting class values; droughtRiskLevel uses conservative maximum and raw values are retained.
NR-MONTHLY-2015-11-302005,2015-11,3020,สีคิ้ว,302005,หนองหญ้าขาว,NR-RESEARCH-AREA-240,240,Si Khio,Nong Ya Khao,0;1,0,1,1,CONSERVATIVE_MAX_WITH_CONFLICT_FLAG,48476;48477,Drought risk duplicated with conflicting class values; droughtRiskLevel uses conservative maximum and raw values are retained.
NR-MONTHLY-2015-11-302006,2015-11,3020,สีคิ้ว,302006,กุดน้อย,NR-RESEARCH-AREA-241,241,Si Khio,Kut Noi,0;1,0,1,1,CONSERVATIVE_MAX_WITH_CONFLICT_FLAG,48670;48671,Drought risk duplicated with conflicting class values; droughtRiskLevel uses conservative maximum and raw values are retained.
NR-MONTHLY-2015-11-302007,2015-11,3020,สีคิ้ว,302007,หนองน้ำใส,NR-RESEARCH-AREA-242,242,Si Khio,Nong Nam Sai,0;1,0,1,1,CONSERVATIVE_MAX_WITH_CONFLICT_FLAG,48864;48865,Drought risk duplicated with conflicting class values; droughtRiskLevel uses conservative maximum and raw values are retained.
NR-MONTHLY-2015-11-302008,2015-11,3020,สีคิ้ว,302008,วังโรงใหญ่,NR-RESEARCH-AREA-243,243,Si Khio,Wang Rong Yai,0;1,0,1,1,CONSERVATIVE_MAX_WITH_CONFLICT_FLAG,49059;49060,Drought risk duplicated with conflicting class values; droughtRiskLevel uses conservative maximum and raw values are retained.
NR-MONTHLY-2015-11-302010,2015-11,3020,สีคิ้ว,302010,คลองไผ่,NR-RESEARCH-AREA-245,245,Si Khio,Khlong Phai,0;1,0,1,1,CONSERVATIVE_MAX_WITH_CONFLICT_FLAG,49448;49449,Drought risk duplicated with conflicting class values; droughtRiskLevel uses conservative maximum and raw values are retained.
NR-MONTHLY-2015-11-302012,2015-11,3020,สีคิ้ว,302012,หนองบัวน้อย,NR-RESEARCH-AREA-247,247,Si Khio,Nong Bua Noi,0;1,0,1,1,CONSERVATIVE_MAX_WITH_CONFLICT_FLAG,49831;49832,Drought risk duplicated with conflicting class values; droughtRiskLevel uses conservative maximum and raw values are retained.
NR-MONTHLY-2015-11-302110,2015-11,3021,ปากช่อง,302110,หนองน้ำแดง,NR-RESEARCH-AREA-203,203,Pak Chong,Nong Nam Daeng,0;1,0,1,1,CONSERVATIVE_MAX_WITH_CONFLICT_FLAG,40867;40868,Drought risk duplicated with conflicting class values; droughtRiskLevel uses conservative maximum and raw values are retained.
NR-MONTHLY-2015-11-302201,2015-11,3022,หนองบุญมาก,302201,หนองบุนนาก,NR-RESEARCH-AREA-270,270,Nong Bunmak,Nong Bunnak,0;1,0,1,1,CONSERVATIVE_MAX_WITH_CONFLICT_FLAG,54454;54455,Drought risk duplicated with conflicting class values; droughtRiskLevel uses conservative maximum and raw values are retained.
NR-MONTHLY-2015-11-302202,2015-11,3022,หนองบุญมาก,302202,สารภี,NR-RESEARCH-AREA-271,271,Nong Bunmak,Saraphi,0;1,0,1,1,CONSERVATIVE_MAX_WITH_CONFLICT_FLAG,54673;54674,Drought risk duplicated with conflicting class values; droughtRiskLevel uses conservative maximum and raw values are retained.
NR-MONTHLY-2015-11-302203,2015-11,3022,หนองบุญมาก,302203,ไทยเจริญ,NR-RESEARCH-AREA-272,272,Nong Bunmak,Thai Charoen,0;1,0,1,1,CONSERVATIVE_MAX_WITH_CONFLICT_FLAG,54892;54893,Drought risk duplicated with conflicting class values; droughtRiskLevel uses conservative maximum and raw values are retained.
NR-MONTHLY-2015-11-302204,2015-11,3022,หนองบุญมาก,302204,หนองหัวแรต,NR-RESEARCH-AREA-273,273,Nong Bunmak,Nong Hua Raet,0;1,0,1,1,CONSERVATIVE_MAX_WITH_CONFLICT_FLAG,55110;55111,Drought risk duplicated with conflicting class values; droughtRiskLevel uses conservative maximum and raw values are retained.
NR-MONTHLY-2015-11-302205,2015-11,3022,หนองบุญมาก,302205,แหลมทอง,NR-RESEARCH-AREA-274,274,Nong Bunmak,Laem Thong,0;1,0,1,1,CONSERVATIVE_MAX_WITH_CONFLICT_FLAG,55330;55331,Drought risk duplicated with conflicting class values; droughtRiskLevel uses conservative maximum and raw values are retained.
NR-MONTHLY-2015-11-302206,2015-11,3022,หนองบุญมาก,302206,หนองตะไก้,NR-RESEARCH-AREA-275,275,Nong Bunmak,Nong Takai,0;1,0,1,1,CONSERVATIVE_MAX_WITH_CONFLICT_FLAG,55549;55550,Drought risk duplicated with conflicting class values; droughtRiskLevel uses conservative maximum and raw values are retained.
NR-MONTHLY-2015-11-302207,2015-11,3022,หนองบุญมาก,302207,ลุงเขว้า,NR-RESEARCH-AREA-276,276,Nong Bunmak,Lung Khwao,0;1,0,1,1,CONSERVATIVE_MAX_WITH_CONFLICT_FLAG,55768;55769,Drought risk duplicated with conflicting class values; droughtRiskLevel uses conservative maximum and raw values are retained.
NR-MONTHLY-2015-11-302209,2015-11,3022,หนองบุญมาก,302209,บ้านใหม่,NR-RESEARCH-AREA-278,278,Nong Bunmak,Ban Mai,0;1,0,1,1,CONSERVATIVE_MAX_WITH_CONFLICT_FLAG,56196;56197,Drought risk duplicated with conflicting class values; droughtRiskLevel uses conservative maximum and raw values are retained.
NR-MONTHLY-2015-11-302301,2015-11,3023,แก้งสนามนาง,302301,แก้งสนามนาง,NR-RESEARCH-AREA-025,25,Kaeng Sanam Nang,Kaeng Sanam Nang,0;1,0,1,1,CONSERVATIVE_MAX_WITH_CONFLICT_FLAG,4646;4647,Drought risk duplicated with conflicting class values; droughtRiskLevel uses conservative maximum and raw values are retained.
NR-MONTHLY-2015-11-302302,2015-11,3023,แก้งสนามนาง,302302,โนนสำราญ,NR-RESEARCH-AREA-026,26,Kaeng Sanam Nang,Non Samran,0;1,0,1,1,CONSERVATIVE_MAX_WITH_CONFLICT_FLAG,4846;4847,Drought risk duplicated with conflicting class values; droughtRiskLevel uses conservative maximum and raw values are retained.
NR-MONTHLY-2015-11-302304,2015-11,3023,แก้งสนามนาง,302304,สีสุก,NR-RESEARCH-AREA-028,28,Kaeng Sanam Nang,Si Suk,0;1,0,1,1,CONSERVATIVE_MAX_WITH_CONFLICT_FLAG,5244;5245,Drought risk duplicated with conflicting class values; droughtRiskLevel uses conservative maximum and raw values are retained.
NR-MONTHLY-2015-11-302305,2015-11,3023,แก้งสนามนาง,302305,บึงสำโรง,NR-RESEARCH-AREA-029,29,Kaeng Sanam Nang,Bueng Samrong,0;1,0,1,1,CONSERVATIVE_MAX_WITH_CONFLICT_FLAG,5446;5447,Drought risk duplicated with conflicting class values; droughtRiskLevel uses conservative maximum and raw values are retained.
NR-MONTHLY-2015-11-302401,2015-11,3024,โนนแดง,302401,โนนแดง,NR-RESEARCH-AREA-116,116,Non Daeng,Non Daeng,0;1,0,1,1,CONSERVATIVE_MAX_WITH_CONFLICT_FLAG,23363;23364,Drought risk duplicated with conflicting class values; droughtRiskLevel uses conservative maximum and raw values are retained.
NR-MONTHLY-2015-11-302402,2015-11,3024,โนนแดง,302402,โนนตาเถร,NR-RESEARCH-AREA-117,117,Non Daeng,Non Ta Then,0;1,0,1,1,CONSERVATIVE_MAX_WITH_CONFLICT_FLAG,23595;23596,Drought risk duplicated with conflicting class values; droughtRiskLevel uses conservative maximum and raw values are retained.
NR-MONTHLY-2015-11-302403,2015-11,3024,โนนแดง,302403,สำพะเนียง,NR-RESEARCH-AREA-118,118,Non Daeng,Sam Phaniang,0;1,0,1,1,CONSERVATIVE_MAX_WITH_CONFLICT_FLAG,23825;23826,Drought risk duplicated with conflicting class values; droughtRiskLevel uses conservative maximum and raw values are retained.
NR-MONTHLY-2015-11-302404,2015-11,3024,โนนแดง,302404,วังหิน,NR-RESEARCH-AREA-119,119,Non Daeng,Wang Hin,0;1,0,1,1,CONSERVATIVE_MAX_WITH_CONFLICT_FLAG,24057;24058,Drought risk duplicated with conflicting class values; droughtRiskLevel uses conservative maximum and raw values are retained.
NR-MONTHLY-2015-11-302405,2015-11,3024,โนนแดง,302405,ดอนยาวใหญ่,NR-RESEARCH-AREA-120,120,Non Daeng,Don Yao Yai,0;1,0,1,1,CONSERVATIVE_MAX_WITH_CONFLICT_FLAG,24286;24287,Drought risk duplicated with conflicting class values; droughtRiskLevel uses conservative maximum and raw values are retained.
NR-MONTHLY-2015-11-302501,2015-11,3025,วังน้ำเขียว,302501,วังน้ำเขียว,NR-RESEARCH-AREA-231,231,Wang Nam Khiao,Wang Nam Khiao,0;1,0,1,1,CONSERVATIVE_MAX_WITH_CONFLICT_FLAG,46781;46782,Drought risk duplicated with conflicting class values; droughtRiskLevel uses conservative maximum and raw values are retained.
NR-MONTHLY-2015-11-302502,2015-11,3025,วังน้ำเขียว,302502,วังหมี,NR-RESEARCH-AREA-232,232,Wang Nam Khiao,Wang Mi,0;1,0,1,1,CONSERVATIVE_MAX_WITH_CONFLICT_FLAG,46962;46963,Drought risk duplicated with conflicting class values; droughtRiskLevel uses conservative maximum and raw values are retained.
NR-MONTHLY-2015-11-302601,2015-11,3026,เทพารักษ์,302601,สำนักตะคร้อ,NR-RESEARCH-AREA-112,112,Thepharak,Samnak Takhro,0;1,0,1,1,CONSERVATIVE_MAX_WITH_CONFLICT_FLAG,22620;22621,Drought risk duplicated with conflicting class values; droughtRiskLevel uses conservative maximum and raw values are retained.
NR-MONTHLY-2015-11-302602,2015-11,3026,เทพารักษ์,302602,หนองแวง,NR-RESEARCH-AREA-113,113,Thepharak,Nong Waeng,0;1,0,1,1,CONSERVATIVE_MAX_WITH_CONFLICT_FLAG,22805;22806,Drought risk duplicated with conflicting class values; droughtRiskLevel uses conservative maximum and raw values are retained.
NR-MONTHLY-2015-11-302603,2015-11,3026,เทพารักษ์,302603,บึงปรือ,NR-RESEARCH-AREA-114,114,Thepharak,Bueng Prue,0;1,0,1,1,CONSERVATIVE_MAX_WITH_CONFLICT_FLAG,22992;22993,Drought risk duplicated with conflicting class values; droughtRiskLevel uses conservative maximum and raw values are retained.
NR-MONTHLY-2015-11-302604,2015-11,3026,เทพารักษ์,302604,วังยายทอง,NR-RESEARCH-AREA-115,115,Thepharak,Wang Yai Thong,0;1,0,1,1,CONSERVATIVE_MAX_WITH_CONFLICT_FLAG,23176;23177,Drought risk duplicated with conflicting class values; droughtRiskLevel uses conservative maximum and raw values are retained.
NR-MONTHLY-2015-11-302701,2015-11,3027,เมืองยาง,302701,เมืองยาง,NR-RESEARCH-AREA-223,223,Mueang Yang,Mueang Yang,0;1,0,1,1,CONSERVATIVE_MAX_WITH_CONFLICT_FLAG,45126;45127,Drought risk duplicated with conflicting class values; droughtRiskLevel uses conservative maximum and raw values are retained.
NR-MONTHLY-2015-11-302702,2015-11,3027,เมืองยาง,302702,กระเบื้องนอก,NR-RESEARCH-AREA-224,224,Mueang Yang,Krabueang Nok,0;1,0,1,1,CONSERVATIVE_MAX_WITH_CONFLICT_FLAG,45325;45326,Drought risk duplicated with conflicting class values; droughtRiskLevel uses conservative maximum and raw values are retained.
NR-MONTHLY-2015-11-302703,2015-11,3027,เมืองยาง,302703,ละหานปลาค้าว,NR-RESEARCH-AREA-225,225,Mueang Yang,Lahan Pla Khao,0;1,0,1,1,CONSERVATIVE_MAX_WITH_CONFLICT_FLAG,45526;45527,Drought risk duplicated with conflicting class values; droughtRiskLevel uses conservative maximum and raw values are retained.
NR-MONTHLY-2015-11-302704,2015-11,3027,เมืองยาง,302704,โนนอุดม,NR-RESEARCH-AREA-226,226,Mueang Yang,Non Udom,0;1,0,1,1,CONSERVATIVE_MAX_WITH_CONFLICT_FLAG,45726;45727,Drought risk duplicated with conflicting class values; droughtRiskLevel uses conservative maximum and raw values are retained.
NR-MONTHLY-2015-11-302801,2015-11,3028,พระทองคำ,302801,สระพระ,NR-RESEARCH-AREA-206,206,Phra Thong Kham,Sa Phra,0;1,0,1,1,CONSERVATIVE_MAX_WITH_CONFLICT_FLAG,41357;41358,Drought risk duplicated with conflicting class values; droughtRiskLevel uses conservative maximum and raw values are retained.
NR-MONTHLY-2015-11-302803,2015-11,3028,พระทองคำ,302803,พังเทียม,NR-RESEARCH-AREA-208,208,Phra Thong Kham,Phang Thiam,0;1,0,1,1,CONSERVATIVE_MAX_WITH_CONFLICT_FLAG,41751;41752,Drought risk duplicated with conflicting class values; droughtRiskLevel uses conservative maximum and raw values are retained.
NR-MONTHLY-2015-11-302804,2015-11,3028,พระทองคำ,302804,ทัพรั้ง,NR-RESEARCH-AREA-209,209,Phra Thong Kham,Thap Rang,0;1,0,1,1,CONSERVATIVE_MAX_WITH_CONFLICT_FLAG,41948;41949,Drought risk duplicated with conflicting class values; droughtRiskLevel uses conservative maximum and raw values are retained.
NR-MONTHLY-2015-11-302805,2015-11,3028,พระทองคำ,302805,หนองหอย,NR-RESEARCH-AREA-210,210,Phra Thong Kham,Nong Hoi,0;1,0,1,1,CONSERVATIVE_MAX_WITH_CONFLICT_FLAG,42145;42146,Drought risk duplicated with conflicting class values; droughtRiskLevel uses conservative maximum and raw values are retained.
NR-MONTHLY-2015-11-302902,2015-11,3029,ลำทะเมนชัย,302902,บ้านยาง,NR-RESEARCH-AREA-228,228,Lamtaman Chai,Ban Yang,0;1,0,1,1,CONSERVATIVE_MAX_WITH_CONFLICT_FLAG,46141;46142,Drought risk duplicated with conflicting class values; droughtRiskLevel uses conservative maximum and raw values are retained.
NR-MONTHLY-2015-11-302903,2015-11,3029,ลำทะเมนชัย,302903,ช่องแมว,NR-RESEARCH-AREA-229,229,Lamtaman Chai,Chong Maeo,0;1,0,1,1,CONSERVATIVE_MAX_WITH_CONFLICT_FLAG,46356;46357,Drought risk duplicated with conflicting class values; droughtRiskLevel uses conservative maximum and raw values are retained.
NR-MONTHLY-2015-11-302904,2015-11,3029,ลำทะเมนชัย,302904,ไพล,NR-RESEARCH-AREA-230,230,Lamtaman Chai,Phrai,0;1,0,1,1,CONSERVATIVE_MAX_WITH_CONFLICT_FLAG,46568;46569,Drought risk duplicated with conflicting class values; droughtRiskLevel uses conservative maximum and raw values are retained.
NR-MONTHLY-2015-11-303001,2015-11,3030,บัวลาย,303001,เมืองพะไล,NR-RESEARCH-AREA-147,147,Bua Lai,Mueang Phalai,0;1,0,1,1,CONSERVATIVE_MAX_WITH_CONFLICT_FLAG,29867;29868,Drought risk duplicated with conflicting class values; droughtRiskLevel uses conservative maximum and raw values are retained.
NR-MONTHLY-2015-11-303002,2015-11,3030,บัวลาย,303002,โนนจาน,NR-RESEARCH-AREA-148,148,Bua Lai,Non Chan,0;1,0,1,1,CONSERVATIVE_MAX_WITH_CONFLICT_FLAG,30089;30090,Drought risk duplicated with conflicting class values; droughtRiskLevel uses conservative maximum and raw values are retained.
NR-MONTHLY-2015-11-303003,2015-11,3030,บัวลาย,303003,บัวลาย,NR-RESEARCH-AREA-149,149,Bua Lai,Bua Lai,0;1,0,1,1,CONSERVATIVE_MAX_WITH_CONFLICT_FLAG,30311;30312,Drought risk duplicated with conflicting class values; droughtRiskLevel uses conservative maximum and raw values are retained.
NR-MONTHLY-2015-11-303101,2015-11,3031,สีดา,303101,สีดา,NR-RESEARCH-AREA-248,248,Sida,Sida,0;1,0,1,1,CONSERVATIVE_MAX_WITH_CONFLICT_FLAG,50026;50027,Drought risk duplicated with conflicting class values; droughtRiskLevel uses conservative maximum and raw values are retained.
NR-MONTHLY-2015-11-303102,2015-11,3031,สีดา,303102,โพนทอง,NR-RESEARCH-AREA-249,249,Sida,Phon Thong,0;1,0,1,1,CONSERVATIVE_MAX_WITH_CONFLICT_FLAG,50231;50232,Drought risk duplicated with conflicting class values; droughtRiskLevel uses conservative maximum and raw values are retained.
NR-MONTHLY-2015-11-303103,2015-11,3031,สีดา,303103,โนนประดู่,NR-RESEARCH-AREA-250,250,Sida,Non Pradu,0;1,0,1,1,CONSERVATIVE_MAX_WITH_CONFLICT_FLAG,50434;50435,Drought risk duplicated with conflicting class values; droughtRiskLevel uses conservative maximum and raw values are retained.
NR-MONTHLY-2015-11-303104,2015-11,3031,สีดา,303104,สามเมือง,NR-RESEARCH-AREA-251,251,Sida,Sam Mueang,0;1,0,1,1,CONSERVATIVE_MAX_WITH_CONFLICT_FLAG,50640;50641,Drought risk duplicated with conflicting class values; droughtRiskLevel uses conservative maximum and raw values are retained.
NR-MONTHLY-2015-11-303105,2015-11,3031,สีดา,303105,หนองตาดใหญ่,NR-RESEARCH-AREA-252,252,Sida,Nong Tat Yai,0;1,0,1,1,CONSERVATIVE_MAX_WITH_CONFLICT_FLAG,50847;50848,Drought risk duplicated with conflicting class values; droughtRiskLevel uses conservative maximum and raw values are retained.
NR-MONTHLY-2015-11-303201,2015-11,3032,เฉลิมพระเกียรติ,303201,ช้างทอง,NR-RESEARCH-AREA-072,72,Chaloem Phra Kiet,Chang Thong,0;1,0,1,1,CONSERVATIVE_MAX_WITH_CONFLICT_FLAG,14190;14191,Drought risk duplicated with conflicting class values; droughtRiskLevel uses conservative maximum and raw values are retained.
NR-MONTHLY-2015-11-303204,2015-11,3032,เฉลิมพระเกียรติ,303204,หนองงูเหลือม,NR-RESEARCH-AREA-075,75,Chaloem Phra Kiet,Nong Ngu Lueam,0;1,0,1,1,CONSERVATIVE_MAX_WITH_CONFLICT_FLAG,14803;14804,Drought risk duplicated with conflicting class values; droughtRiskLevel uses conservative maximum and raw values are retained.
NR-MONTHLY-2015-11-303205,2015-11,3032,เฉลิมพระเกียรติ,303205,หนองยาง,NR-RESEARCH-AREA-076,76,Chaloem Phra Kiet,Nong Yang,0;1,0,1,1,CONSERVATIVE_MAX_WITH_CONFLICT_FLAG,15009;15010,Drought risk duplicated with conflicting class values; droughtRiskLevel uses conservative maximum and raw values are retained.
NR-MONTHLY-2015-12-300122,2015-12,3001,เมืองนครราชสีมา,300122,ตลาด,NR-RESEARCH-AREA-021,21,Mueang Nakhon Ratchasima,Talat,1;2,1,2,2,CONSERVATIVE_MAX_WITH_CONFLICT_FLAG,3887;3888,Drought risk duplicated with conflicting class values; droughtRiskLevel uses conservative maximum and raw values are retained.
NR-MONTHLY-2015-12-300406,2015-12,3004,คง,300406,หนองมะนาว,NR-RESEARCH-AREA-047,47,Khong,Nong Manao,1;2,1,2,2,CONSERVATIVE_MAX_WITH_CONFLICT_FLAG,9266;9267,Drought risk duplicated with conflicting class values; droughtRiskLevel uses conservative maximum and raw values are retained.
NR-MONTHLY-2015-12-300603,2015-12,3006,จักราช,300603,ทองหลาง,NR-RESEARCH-AREA-065,65,Chakkarat,Thong Lang,1;2,1,2,2,CONSERVATIVE_MAX_WITH_CONFLICT_FLAG,12732;12733,Drought risk duplicated with conflicting class values; droughtRiskLevel uses conservative maximum and raw values are retained.
NR-MONTHLY-2015-12-300815,2015-12,3008,ด่านขุนทด,300815,ห้วยบง,NR-RESEARCH-AREA-109,109,Dan Khun Thot,Huai Bong,0;1,0,1,1,CONSERVATIVE_MAX_WITH_CONFLICT_FLAG,21996;21997,Drought risk duplicated with conflicting class values; droughtRiskLevel uses conservative maximum and raw values are retained.
NR-MONTHLY-2015-12-301003,2015-12,3010,โนนสูง,301003,โตนด,NR-RESEARCH-AREA-133,133,Non Sung,Tanot,1;2,1,2,2,CONSERVATIVE_MAX_WITH_CONFLICT_FLAG,27046;27047,Drought risk duplicated with conflicting class values; droughtRiskLevel uses conservative maximum and raw values are retained.
NR-MONTHLY-2015-12-301004,2015-12,3010,โนนสูง,301004,บิง,NR-RESEARCH-AREA-134,134,Non Sung,Bing,1;2,1,2,2,CONSERVATIVE_MAX_WITH_CONFLICT_FLAG,27250;27251,Drought risk duplicated with conflicting class values; droughtRiskLevel uses conservative maximum and raw values are retained.
NR-MONTHLY-2015-12-301006,2015-12,3010,โนนสูง,301006,ธารปราสาท,NR-RESEARCH-AREA-136,136,Non Sung,Than Prasat,1;2,1,2,2,CONSERVATIVE_MAX_WITH_CONFLICT_FLAG,27656;27657,Drought risk duplicated with conflicting class values; droughtRiskLevel uses conservative maximum and raw values are retained.
NR-MONTHLY-2015-12-301007,2015-12,3010,โนนสูง,301007,หลุมข้าว,NR-RESEARCH-AREA-137,137,Non Sung,Lum Khao,1;2,1,2,2,CONSERVATIVE_MAX_WITH_CONFLICT_FLAG,27858;27859,Drought risk duplicated with conflicting class values; droughtRiskLevel uses conservative maximum and raw values are retained.
NR-MONTHLY-2015-12-301401,2015-12,3014,ปักธงชัย,301401,เมืองปัก,NR-RESEARCH-AREA-178,178,Pak Thong Chai,Mueang Pak,1;2,1,2,2,CONSERVATIVE_MAX_WITH_CONFLICT_FLAG,36083;36084,Drought risk duplicated with conflicting class values; droughtRiskLevel uses conservative maximum and raw values are retained.
NR-MONTHLY-2015-12-301402,2015-12,3014,ปักธงชัย,301402,ตะคุ,NR-RESEARCH-AREA-179,179,Pak Thong Chai,Takhu,0;1,0,1,1,CONSERVATIVE_MAX_WITH_CONFLICT_FLAG,36294;36295,Drought risk duplicated with conflicting class values; droughtRiskLevel uses conservative maximum and raw values are retained.
NR-MONTHLY-2015-12-301405,2015-12,3014,ปักธงชัย,301405,ตะขบ,NR-RESEARCH-AREA-182,182,Pak Thong Chai,Takhop,0;1,0,1,1,CONSERVATIVE_MAX_WITH_CONFLICT_FLAG,36925;36926,Drought risk duplicated with conflicting class values; droughtRiskLevel uses conservative maximum and raw values are retained.
NR-MONTHLY-2015-12-301409,2015-12,3014,ปักธงชัย,301409,ตูม,NR-RESEARCH-AREA-185,185,Pak Thong Chai,Tum,1;2,1,2,2,CONSERVATIVE_MAX_WITH_CONFLICT_FLAG,37556;37557,Drought risk duplicated with conflicting class values; droughtRiskLevel uses conservative maximum and raw values are retained.
NR-MONTHLY-2015-12-301412,2015-12,3014,ปักธงชัย,301412,ลำนางแก้ว,NR-RESEARCH-AREA-188,188,Pak Thong Chai,Lam Nang Kaeo,0;1,0,1,1,CONSERVATIVE_MAX_WITH_CONFLICT_FLAG,38186;38187,Drought risk duplicated with conflicting class values; droughtRiskLevel uses conservative maximum and raw values are retained.
NR-MONTHLY-2015-12-301416,2015-12,3014,ปักธงชัย,301416,ภูหลวง,NR-RESEARCH-AREA-189,189,Pak Thong Chai,Phu Luang,0;1,0,1,1,CONSERVATIVE_MAX_WITH_CONFLICT_FLAG,38395;38396,Drought risk duplicated with conflicting class values; droughtRiskLevel uses conservative maximum and raw values are retained.
NR-MONTHLY-2015-12-301418,2015-12,3014,ปักธงชัย,301418,สุขเกษม,NR-RESEARCH-AREA-191,191,Pak Thong Chai,Suk Kasem,0;1,0,1,1,CONSERVATIVE_MAX_WITH_CONFLICT_FLAG,38812;38813,Drought risk duplicated with conflicting class values; droughtRiskLevel uses conservative maximum and raw values are retained.
NR-MONTHLY-2015-12-301502,2015-12,3015,พิมาย,301502,สัมฤทธิ์,NR-RESEARCH-AREA-212,212,Phimai,Samrit,0;1,0,1,1,CONSERVATIVE_MAX_WITH_CONFLICT_FLAG,42577;42578,Drought risk duplicated with conflicting class values; droughtRiskLevel uses conservative maximum and raw values are retained.
NR-MONTHLY-2015-12-301503,2015-12,3015,พิมาย,301503,โบสถ์,NR-RESEARCH-AREA-213,213,Phimai,Bot,0;1,0,1,1,CONSERVATIVE_MAX_WITH_CONFLICT_FLAG,42810;42811,Drought risk duplicated with conflicting class values; droughtRiskLevel uses conservative maximum and raw values are retained.
NR-MONTHLY-2015-12-301504,2015-12,3015,พิมาย,301504,กระเบื้องใหญ่,NR-RESEARCH-AREA-214,214,Phimai,Krabueang Yai,1;2,1,2,2,CONSERVATIVE_MAX_WITH_CONFLICT_FLAG,43040;43041,Drought risk duplicated with conflicting class values; droughtRiskLevel uses conservative maximum and raw values are retained.
NR-MONTHLY-2015-12-301505,2015-12,3015,พิมาย,301505,ท่าหลวง,NR-RESEARCH-AREA-215,215,Phimai,Tha Luang,1;2,1,2,2,CONSERVATIVE_MAX_WITH_CONFLICT_FLAG,43273;43274,Drought risk duplicated with conflicting class values; droughtRiskLevel uses conservative maximum and raw values are retained.
NR-MONTHLY-2015-12-301701,2015-12,3017,ชุมพวง,301701,ชุมพวง,NR-RESEARCH-AREA-077,77,Chum Phuang,Chum Phuang,0;1,0,1,1,CONSERVATIVE_MAX_WITH_CONFLICT_FLAG,15218;15219,Drought risk duplicated with conflicting class values; droughtRiskLevel uses conservative maximum and raw values are retained.
NR-MONTHLY-2015-12-303003,2015-12,3030,บัวลาย,303003,บัวลาย,NR-RESEARCH-AREA-149,149,Bua Lai,Bua Lai,0;1,0,1,1,CONSERVATIVE_MAX_WITH_CONFLICT_FLAG,30313;30314,Drought risk duplicated with conflicting class values; droughtRiskLevel uses conservative maximum and raw values are retained.
NR-MONTHLY-2015-12-303202,2015-12,3032,เฉลิมพระเกียรติ,303202,ท่าช้าง,NR-RESEARCH-AREA-073,73,Chaloem Phra Kiet,Tha Chang,0;1,0,1,1,CONSERVATIVE_MAX_WITH_CONFLICT_FLAG,14398;14399,Drought risk duplicated with conflicting class values; droughtRiskLevel uses conservative maximum and raw values are retained.
NR-MONTHLY-2016-01-300203,2016-01,3002,ครบุรี,300203,ครบุรี,NR-RESEARCH-AREA-054,54,Khon Buri,Khon Buri,1;2,1,2,2,CONSERVATIVE_MAX_WITH_CONFLICT_FLAG,10640;10641,Drought risk duplicated with conflicting class values; droughtRiskLevel uses conservative maximum and raw values are retained.
NR-MONTHLY-2016-01-300207,2016-01,3002,ครบุรี,300207,อรพิมพ์,NR-RESEARCH-AREA-058,58,Khon Buri,Oraphim,1;2,1,2,2,CONSERVATIVE_MAX_WITH_CONFLICT_FLAG,11403;11404,Drought risk duplicated with conflicting class values; droughtRiskLevel uses conservative maximum and raw values are retained.
NR-MONTHLY-2016-01-300211,2016-01,3002,ครบุรี,300211,ตะแบกบาน,NR-RESEARCH-AREA-062,62,Khon Buri,Tabaek Ban,1;2,1,2,2,CONSERVATIVE_MAX_WITH_CONFLICT_FLAG,12147;12148,Drought risk duplicated with conflicting class values; droughtRiskLevel uses conservative maximum and raw values are retained.
NR-MONTHLY-2016-01-300807,2016-01,3008,ด่านขุนทด,300807,บ้านแปรง,NR-RESEARCH-AREA-102,102,Dan Khun Thot,Ban Praeng,1;2,1,2,2,CONSERVATIVE_MAX_WITH_CONFLICT_FLAG,20527;20528,Drought risk duplicated with conflicting class values; droughtRiskLevel uses conservative maximum and raw values are retained.
NR-MONTHLY-2016-08-300301,2016-08,3003,เสิงสาง,300301,เสิงสาง,NR-RESEARCH-AREA-264,264,Soeng Sang,Soeng Sang,0;1,0,1,1,CONSERVATIVE_MAX_WITH_CONFLICT_FLAG,53314;53315,Drought risk duplicated with conflicting class values; droughtRiskLevel uses conservative maximum and raw values are retained.
NR-MONTHLY-2016-08-300302,2016-08,3003,เสิงสาง,300302,สระตะเคียน,NR-RESEARCH-AREA-265,265,Soeng Sang,Sa Takhian,0;1,0,1,1,CONSERVATIVE_MAX_WITH_CONFLICT_FLAG,53512;53513,Drought risk duplicated with conflicting class values; droughtRiskLevel uses conservative maximum and raw values are retained.
NR-MONTHLY-2016-08-300305,2016-08,3003,เสิงสาง,300305,สุขไพบูลย์,NR-RESEARCH-AREA-268,268,Soeng Sang,Suk Phaibun,0;1,0,1,1,CONSERVATIVE_MAX_WITH_CONFLICT_FLAG,54083;54084,Drought risk duplicated with conflicting class values; droughtRiskLevel uses conservative maximum and raw values are retained.
NR-MONTHLY-2016-08-300406,2016-08,3004,คง,300406,หนองมะนาว,NR-RESEARCH-AREA-047,47,Khong,Nong Manao,0;1,0,1,1,CONSERVATIVE_MAX_WITH_CONFLICT_FLAG,9277;9278,Drought risk duplicated with conflicting class values; droughtRiskLevel uses conservative maximum and raw values are retained.
NR-MONTHLY-2016-08-300409,2016-08,3004,คง,300409,ดอนใหญ่,NR-RESEARCH-AREA-050,50,Khong,Don Yai,0;1,0,1,1,CONSERVATIVE_MAX_WITH_CONFLICT_FLAG,9874;9875,Drought risk duplicated with conflicting class values; droughtRiskLevel uses conservative maximum and raw values are retained.
NR-MONTHLY-2016-08-300503,2016-08,3005,บ้านเหลื่อม,300503,โคกกระเบื้อง,NR-RESEARCH-AREA-163,163,Ban Lueam,Khok Krabueang,0;1,0,1,1,CONSERVATIVE_MAX_WITH_CONFLICT_FLAG,33077;33078,Drought risk duplicated with conflicting class values; droughtRiskLevel uses conservative maximum and raw values are retained.
NR-MONTHLY-2016-08-300610,2016-08,3006,จักราช,300610,ศรีละกอ,NR-RESEARCH-AREA-069,69,Chakkarat,Si Lako,0;1,0,1,1,CONSERVATIVE_MAX_WITH_CONFLICT_FLAG,13581;13582,Drought risk duplicated with conflicting class values; droughtRiskLevel uses conservative maximum and raw values are retained.
NR-MONTHLY-2016-08-300802,2016-08,3008,ด่านขุนทด,300802,ด่านขุนทด,NR-RESEARCH-AREA-097,97,Dan Khun Thot,Dan Khun Thot,0;1,0,1,1,CONSERVATIVE_MAX_WITH_CONFLICT_FLAG,19480;19481,Drought risk duplicated with conflicting class values; droughtRiskLevel uses conservative maximum and raw values are retained.
NR-MONTHLY-2016-08-300902,2016-08,3009,โนนไทย,300902,ด่านจาก,NR-RESEARCH-AREA-122,122,Non Thai,Dan Chak,0;1,0,1,1,CONSERVATIVE_MAX_WITH_CONFLICT_FLAG,24739;24740,Drought risk duplicated with conflicting class values; droughtRiskLevel uses conservative maximum and raw values are retained.
NR-MONTHLY-2016-08-301005,2016-08,3010,โนนสูง,301005,ดอนชมพู,NR-RESEARCH-AREA-135,135,Non Sung,Don Chomphu,0;1,0,1,1,CONSERVATIVE_MAX_WITH_CONFLICT_FLAG,27463;27464,Drought risk duplicated with conflicting class values; droughtRiskLevel uses conservative maximum and raw values are retained.
NR-MONTHLY-2016-08-301007,2016-08,3010,โนนสูง,301007,หลุมข้าว,NR-RESEARCH-AREA-137,137,Non Sung,Lum Khao,0;1,0,1,1,CONSERVATIVE_MAX_WITH_CONFLICT_FLAG,27869;27870,Drought risk duplicated with conflicting class values; droughtRiskLevel uses conservative maximum and raw values are retained.
NR-MONTHLY-2016-08-301008,2016-08,3010,โนนสูง,301008,มะค่า,NR-RESEARCH-AREA-138,138,Non Sung,Makha,0;1,0,1,1,CONSERVATIVE_MAX_WITH_CONFLICT_FLAG,28076;28077,Drought risk duplicated with conflicting class values; droughtRiskLevel uses conservative maximum and raw values are retained.
NR-MONTHLY-2016-08-301009,2016-08,3010,โนนสูง,301009,พลสงคราม,NR-RESEARCH-AREA-139,139,Non Sung,Phon Songkhram,0;1,0,1,1,CONSERVATIVE_MAX_WITH_CONFLICT_FLAG,28276;28277,Drought risk duplicated with conflicting class values; droughtRiskLevel uses conservative maximum and raw values are retained.
NR-MONTHLY-2016-08-301010,2016-08,3010,โนนสูง,301010,จันอัด,NR-RESEARCH-AREA-140,140,Non Sung,Chan-At,0;1,0,1,1,CONSERVATIVE_MAX_WITH_CONFLICT_FLAG,28476;28477,Drought risk duplicated with conflicting class values; droughtRiskLevel uses conservative maximum and raw values are retained.
NR-MONTHLY-2016-08-301207,2016-08,3012,บัวใหญ่,301207,หนองบัวสะอาด,NR-RESEARCH-AREA-155,155,Bua Yai,Nong Bua Sa-At,0;1,0,1,1,CONSERVATIVE_MAX_WITH_CONFLICT_FLAG,31538;31539,Drought risk duplicated with conflicting class values; droughtRiskLevel uses conservative maximum and raw values are retained.
NR-MONTHLY-2016-08-301315,2016-08,3013,ประทาย,301315,ทุ่งสว่าง,NR-RESEARCH-AREA-175,175,Prathai,Thung Sawang,0;1,0,1,1,CONSERVATIVE_MAX_WITH_CONFLICT_FLAG,35477;35478,Drought risk duplicated with conflicting class values; droughtRiskLevel uses conservative maximum and raw values are retained.
NR-MONTHLY-2016-08-301416,2016-08,3014,ปักธงชัย,301416,ภูหลวง,NR-RESEARCH-AREA-189,189,Pak Thong Chai,Phu Luang,0;1,0,1,1,CONSERVATIVE_MAX_WITH_CONFLICT_FLAG,38405;38406,Drought risk duplicated with conflicting class values; droughtRiskLevel uses conservative maximum and raw values are retained.
NR-MONTHLY-2016-08-301418,2016-08,3014,ปักธงชัย,301418,สุขเกษม,NR-RESEARCH-AREA-191,191,Pak Thong Chai,Suk Kasem,0;1,0,1,1,CONSERVATIVE_MAX_WITH_CONFLICT_FLAG,38822;38823,Drought risk duplicated with conflicting class values; droughtRiskLevel uses conservative maximum and raw values are retained.
NR-MONTHLY-2016-08-301503,2016-08,3015,พิมาย,301503,โบสถ์,NR-RESEARCH-AREA-213,213,Phimai,Bot,0;1,0,1,1,CONSERVATIVE_MAX_WITH_CONFLICT_FLAG,42822;42823,Drought risk duplicated with conflicting class values; droughtRiskLevel uses conservative maximum and raw values are retained.
NR-MONTHLY-2016-08-301504,2016-08,3015,พิมาย,301504,กระเบื้องใหญ่,NR-RESEARCH-AREA-214,214,Phimai,Krabueang Yai,0;1,0,1,1,CONSERVATIVE_MAX_WITH_CONFLICT_FLAG,43052;43053,Drought risk duplicated with conflicting class values; droughtRiskLevel uses conservative maximum and raw values are retained.
NR-MONTHLY-2016-08-301508,2016-08,3015,พิมาย,301508,นิคมสร้างตนเอง,NR-RESEARCH-AREA-218,218,Phimai,Nikhom Sang Ton-Eng,0;1,0,1,1,CONSERVATIVE_MAX_WITH_CONFLICT_FLAG,43980;43981,Drought risk duplicated with conflicting class values; droughtRiskLevel uses conservative maximum and raw values are retained.
NR-MONTHLY-2016-08-301512,2016-08,3015,พิมาย,301512,หนองระเวียง,NR-RESEARCH-AREA-222,222,Mueang Nakhon Ratchasima,Nong Rawiang,0;1,0,1,1,CONSERVATIVE_MAX_WITH_CONFLICT_FLAG,44907;44908,Drought risk duplicated with conflicting class values; droughtRiskLevel uses conservative maximum and raw values are retained.
NR-MONTHLY-2016-08-301701,2016-08,3017,ชุมพวง,301701,ชุมพวง,NR-RESEARCH-AREA-077,77,Chum Phuang,Chum Phuang,0;1,0,1,1,CONSERVATIVE_MAX_WITH_CONFLICT_FLAG,15229;15230,Drought risk duplicated with conflicting class values; droughtRiskLevel uses conservative maximum and raw values are retained.
NR-MONTHLY-2016-08-301710,2016-08,3017,ชุมพวง,301710,โนนรัง,NR-RESEARCH-AREA-082,82,Chum Phuang,Non Rang,0;1,0,1,1,CONSERVATIVE_MAX_WITH_CONFLICT_FLAG,16371;16372,Drought risk duplicated with conflicting class values; droughtRiskLevel uses conservative maximum and raw values are retained.
NR-MONTHLY-2016-08-301901,2016-08,3019,ขามทะเลสอ,301901,ขามทะเลสอ,NR-RESEARCH-AREA-030,30,Kham Thale So,Kham Thale So,0;1,0,1,1,CONSERVATIVE_MAX_WITH_CONFLICT_FLAG,5655;5656,Drought risk duplicated with conflicting class values; droughtRiskLevel uses conservative maximum and raw values are retained.
NR-MONTHLY-2016-08-301905,2016-08,3019,ขามทะเลสอ,301905,บึงอ้อ,NR-RESEARCH-AREA-034,34,Kham Thale So,Bueng O,0;1,0,1,1,CONSERVATIVE_MAX_WITH_CONFLICT_FLAG,6446;6447,Drought risk duplicated with conflicting class values; droughtRiskLevel uses conservative maximum and raw values are retained.
NR-MONTHLY-2016-08-302004,2016-08,3020,สีคิ้ว,302004,ลาดบัวขาว,NR-RESEARCH-AREA-239,239,Si Khio,Lat Bua Khao,0;1,0,1,1,CONSERVATIVE_MAX_WITH_CONFLICT_FLAG,48294;48295,Drought risk duplicated with conflicting class values; droughtRiskLevel uses conservative maximum and raw values are retained.
NR-MONTHLY-2016-08-302010,2016-08,3020,สีคิ้ว,302010,คลองไผ่,NR-RESEARCH-AREA-245,245,Si Khio,Khlong Phai,0;1,0,1,1,CONSERVATIVE_MAX_WITH_CONFLICT_FLAG,49460;49461,Drought risk duplicated with conflicting class values; droughtRiskLevel uses conservative maximum and raw values are retained.
NR-MONTHLY-2016-08-302108,2016-08,3021,ปากช่อง,302108,โป่งตาลอง,NR-RESEARCH-AREA-201,201,Pak Chong,Pong Ta Long,0;1,0,1,1,CONSERVATIVE_MAX_WITH_CONFLICT_FLAG,40528;40529,Drought risk duplicated with conflicting class values; droughtRiskLevel uses conservative maximum and raw values are retained.
NR-MONTHLY-2016-08-302110,2016-08,3021,ปากช่อง,302110,หนองน้ำแดง,NR-RESEARCH-AREA-203,203,Pak Chong,Nong Nam Daeng,0;1,0,1,1,CONSERVATIVE_MAX_WITH_CONFLICT_FLAG,40879;40880,Drought risk duplicated with conflicting class values; droughtRiskLevel uses conservative maximum and raw values are retained.
NR-MONTHLY-2016-08-302111,2016-08,3021,ปากช่อง,302111,วังไทร,NR-RESEARCH-AREA-204,204,Pak Chong,Wang Sai,0;1,0,1,1,CONSERVATIVE_MAX_WITH_CONFLICT_FLAG,41052;41053,Drought risk duplicated with conflicting class values; droughtRiskLevel uses conservative maximum and raw values are retained.
NR-MONTHLY-2016-08-302301,2016-08,3023,แก้งสนามนาง,302301,แก้งสนามนาง,NR-RESEARCH-AREA-025,25,Kaeng Sanam Nang,Kaeng Sanam Nang,0;1,0,1,1,CONSERVATIVE_MAX_WITH_CONFLICT_FLAG,4658;4659,Drought risk duplicated with conflicting class values; droughtRiskLevel uses conservative maximum and raw values are retained.
NR-MONTHLY-2016-08-302303,2016-08,3023,แก้งสนามนาง,302303,บึงพะไล,NR-RESEARCH-AREA-027,27,Kaeng Sanam Nang,Bueng Phalai,0;1,0,1,1,CONSERVATIVE_MAX_WITH_CONFLICT_FLAG,5057;5058,Drought risk duplicated with conflicting class values; droughtRiskLevel uses conservative maximum and raw values are retained.
NR-MONTHLY-2016-08-302304,2016-08,3023,แก้งสนามนาง,302304,สีสุก,NR-RESEARCH-AREA-028,28,Kaeng Sanam Nang,Si Suk,0;1,0,1,1,CONSERVATIVE_MAX_WITH_CONFLICT_FLAG,5257;5258,Drought risk duplicated with conflicting class values; droughtRiskLevel uses conservative maximum and raw values are retained.
NR-MONTHLY-2016-08-302401,2016-08,3024,โนนแดง,302401,โนนแดง,NR-RESEARCH-AREA-116,116,Non Daeng,Non Daeng,0;1,0,1,1,CONSERVATIVE_MAX_WITH_CONFLICT_FLAG,23377;23378,Drought risk duplicated with conflicting class values; droughtRiskLevel uses conservative maximum and raw values are retained.
NR-MONTHLY-2016-08-302405,2016-08,3024,โนนแดง,302405,ดอนยาวใหญ่,NR-RESEARCH-AREA-120,120,Non Daeng,Don Yao Yai,0;1,0,1,1,CONSERVATIVE_MAX_WITH_CONFLICT_FLAG,24300;24301,Drought risk duplicated with conflicting class values; droughtRiskLevel uses conservative maximum and raw values are retained.
NR-MONTHLY-2016-08-302604,2016-08,3026,เทพารักษ์,302604,วังยายทอง,NR-RESEARCH-AREA-115,115,Thepharak,Wang Yai Thong,0;1,0,1,1,CONSERVATIVE_MAX_WITH_CONFLICT_FLAG,23187;23188,Drought risk duplicated with conflicting class values; droughtRiskLevel uses conservative maximum and raw values are retained.
NR-MONTHLY-2016-08-302805,2016-08,3028,พระทองคำ,302805,หนองหอย,NR-RESEARCH-AREA-210,210,Phra Thong Kham,Nong Hoi,0;1,0,1,1,CONSERVATIVE_MAX_WITH_CONFLICT_FLAG,42156;42157,Drought risk duplicated with conflicting class values; droughtRiskLevel uses conservative maximum and raw values are retained.
NR-MONTHLY-2016-08-302902,2016-08,3029,ลำทะเมนชัย,302902,บ้านยาง,NR-RESEARCH-AREA-228,228,Lamtaman Chai,Ban Yang,0;1,0,1,1,CONSERVATIVE_MAX_WITH_CONFLICT_FLAG,46156;46157,Drought risk duplicated with conflicting class values; droughtRiskLevel uses conservative maximum and raw values are retained.
NR-MONTHLY-2016-08-303201,2016-08,3032,เฉลิมพระเกียรติ,303201,ช้างทอง,NR-RESEARCH-AREA-072,72,Chaloem Phra Kiet,Chang Thong,0;1,0,1,1,CONSERVATIVE_MAX_WITH_CONFLICT_FLAG,14203;14204,Drought risk duplicated with conflicting class values; droughtRiskLevel uses conservative maximum and raw values are retained.
NR-MONTHLY-2016-08-303202,2016-08,3032,เฉลิมพระเกียรติ,303202,ท่าช้าง,NR-RESEARCH-AREA-073,73,Chaloem Phra Kiet,Tha Chang,0;1,0,1,1,CONSERVATIVE_MAX_WITH_CONFLICT_FLAG,14409;14410,Drought risk duplicated with conflicting class values; droughtRiskLevel uses conservative maximum and raw values are retained.
NR-MONTHLY-2016-08-303204,2016-08,3032,เฉลิมพระเกียรติ,303204,หนองงูเหลือม,NR-RESEARCH-AREA-075,75,Chaloem Phra Kiet,Nong Ngu Lueam,0;1,0,1,1,CONSERVATIVE_MAX_WITH_CONFLICT_FLAG,14816;14817,Drought risk duplicated with conflicting class values; droughtRiskLevel uses conservative maximum and raw values are retained.
NR-MONTHLY-2016-09-300301,2016-09,3003,เสิงสาง,300301,เสิงสาง,NR-RESEARCH-AREA-264,264,Soeng Sang,Soeng Sang,0;1,0,1,1,CONSERVATIVE_MAX_WITH_CONFLICT_FLAG,53316;53317,Drought risk duplicated with conflicting class values; droughtRiskLevel uses conservative maximum and raw values are retained.
NR-MONTHLY-2016-09-300305,2016-09,3003,เสิงสาง,300305,สุขไพบูลย์,NR-RESEARCH-AREA-268,268,Soeng Sang,Suk Phaibun,0;1,0,1,1,CONSERVATIVE_MAX_WITH_CONFLICT_FLAG,54085;54086,Drought risk duplicated with conflicting class values; droughtRiskLevel uses conservative maximum and raw values are retained.
NR-MONTHLY-2016-09-300604,2016-09,3006,จักราช,300604,สีสุก,NR-RESEARCH-AREA-066,66,Chakkarat,Si Suk,0;1,0,1,1,CONSERVATIVE_MAX_WITH_CONFLICT_FLAG,12954;12955,Drought risk duplicated with conflicting class values; droughtRiskLevel uses conservative maximum and raw values are retained.
NR-MONTHLY-2016-09-300605,2016-09,3006,จักราช,300605,หนองขาม,NR-RESEARCH-AREA-067,67,Chakkarat,Nong Kham,0;1,0,1,1,CONSERVATIVE_MAX_WITH_CONFLICT_FLAG,13165;13166,Drought risk duplicated with conflicting class values; droughtRiskLevel uses conservative maximum and raw values are retained.
NR-MONTHLY-2016-09-300610,2016-09,3006,จักราช,300610,ศรีละกอ,NR-RESEARCH-AREA-069,69,Chakkarat,Si Lako,0;1,0,1,1,CONSERVATIVE_MAX_WITH_CONFLICT_FLAG,13583;13584,Drought risk duplicated with conflicting class values; droughtRiskLevel uses conservative maximum and raw values are retained.
NR-MONTHLY-2016-09-301417,2016-09,3014,ปักธงชัย,301417,ธงชัยเหนือ,NR-RESEARCH-AREA-190,190,Pak Thong Chai,Thong Chai Nuea,0;1,0,1,1,CONSERVATIVE_MAX_WITH_CONFLICT_FLAG,38615;38616,Drought risk duplicated with conflicting class values; droughtRiskLevel uses conservative maximum and raw values are retained.
NR-MONTHLY-2016-09-303205,2016-09,3032,เฉลิมพระเกียรติ,303205,หนองยาง,NR-RESEARCH-AREA-076,76,Chaloem Phra Kiet,Nong Yang,0;1,0,1,1,CONSERVATIVE_MAX_WITH_CONFLICT_FLAG,15024;15025,Drought risk duplicated with conflicting class values; droughtRiskLevel uses conservative maximum and raw values are retained.
NR-MONTHLY-2016-10-300502,2016-10,3005,บ้านเหลื่อม,300502,วังโพธิ์,NR-RESEARCH-AREA-162,162,Ban Lueam,Wang Pho,0;1,0,1,1,CONSERVATIVE_MAX_WITH_CONFLICT_FLAG,32883;32884,Drought risk duplicated with conflicting class values; droughtRiskLevel uses conservative maximum and raw values are retained.
NR-MONTHLY-2016-10-300603,2016-10,3006,จักราช,300603,ทองหลาง,NR-RESEARCH-AREA-065,65,Chakkarat,Thong Lang,0;1,0,1,1,CONSERVATIVE_MAX_WITH_CONFLICT_FLAG,12748;12749,Drought risk duplicated with conflicting class values; droughtRiskLevel uses conservative maximum and raw values are retained.
NR-MONTHLY-2016-10-300605,2016-10,3006,จักราช,300605,หนองขาม,NR-RESEARCH-AREA-067,67,Chakkarat,Nong Kham,0;1,0,1,1,CONSERVATIVE_MAX_WITH_CONFLICT_FLAG,13167;13168,Drought risk duplicated with conflicting class values; droughtRiskLevel uses conservative maximum and raw values are retained.
NR-MONTHLY-2016-10-300802,2016-10,3008,ด่านขุนทด,300802,ด่านขุนทด,NR-RESEARCH-AREA-097,97,Dan Khun Thot,Dan Khun Thot,0;1,0,1,1,CONSERVATIVE_MAX_WITH_CONFLICT_FLAG,19484;19485,Drought risk duplicated with conflicting class values; droughtRiskLevel uses conservative maximum and raw values are retained.
NR-MONTHLY-2016-10-300804,2016-10,3008,ด่านขุนทด,300804,ด่านใน,NR-RESEARCH-AREA-099,99,Dan Khun Thot,Dan Nai,0;1,0,1,1,CONSERVATIVE_MAX_WITH_CONFLICT_FLAG,19907;19908,Drought risk duplicated with conflicting class values; droughtRiskLevel uses conservative maximum and raw values are retained.
NR-MONTHLY-2016-10-300809,2016-10,3008,ด่านขุนทด,300809,สระจรเข้,NR-RESEARCH-AREA-104,104,Dan Khun Thot,Sa Chorakhe,0;1,0,1,1,CONSERVATIVE_MAX_WITH_CONFLICT_FLAG,20963;20964,Drought risk duplicated with conflicting class values; droughtRiskLevel uses conservative maximum and raw values are retained.
NR-MONTHLY-2016-10-300812,2016-10,3008,ด่านขุนทด,300812,หนองบัวละคร,NR-RESEARCH-AREA-107,107,Dan Khun Thot,Nong Bua Lakhon,0;1,0,1,1,CONSERVATIVE_MAX_WITH_CONFLICT_FLAG,21589;21590,Drought risk duplicated with conflicting class values; droughtRiskLevel uses conservative maximum and raw values are retained.
NR-MONTHLY-2016-10-300815,2016-10,3008,ด่านขุนทด,300815,ห้วยบง,NR-RESEARCH-AREA-109,109,Dan Khun Thot,Huai Bong,0;1,0,1,1,CONSERVATIVE_MAX_WITH_CONFLICT_FLAG,22012;22013,Drought risk duplicated with conflicting class values; droughtRiskLevel uses conservative maximum and raw values are retained.
NR-MONTHLY-2016-10-300905,2016-10,3009,โนนไทย,300905,ค้างพลู,NR-RESEARCH-AREA-125,125,Non Thai,Khang Phlu,0;1,0,1,1,CONSERVATIVE_MAX_WITH_CONFLICT_FLAG,25385;25386,Drought risk duplicated with conflicting class values; droughtRiskLevel uses conservative maximum and raw values are retained.
NR-MONTHLY-2016-10-300907,2016-10,3009,โนนไทย,300907,บัลลังก์,NR-RESEARCH-AREA-127,127,Non Thai,Banlang,0;1,0,1,1,CONSERVATIVE_MAX_WITH_CONFLICT_FLAG,25808;25809,Drought risk duplicated with conflicting class values; droughtRiskLevel uses conservative maximum and raw values are retained.
NR-MONTHLY-2016-10-300908,2016-10,3009,โนนไทย,300908,สายออ,NR-RESEARCH-AREA-128,128,Non Thai,Sai-O,0;1,0,1,1,CONSERVATIVE_MAX_WITH_CONFLICT_FLAG,26021;26022,Drought risk duplicated with conflicting class values; droughtRiskLevel uses conservative maximum and raw values are retained.
NR-MONTHLY-2016-10-301003,2016-10,3010,โนนสูง,301003,โตนด,NR-RESEARCH-AREA-133,133,Non Sung,Tanot,0;1,0,1,1,CONSERVATIVE_MAX_WITH_CONFLICT_FLAG,27061;27062,Drought risk duplicated with conflicting class values; droughtRiskLevel uses conservative maximum and raw values are retained.
NR-MONTHLY-2016-10-301004,2016-10,3010,โนนสูง,301004,บิง,NR-RESEARCH-AREA-134,134,Non Sung,Bing,0;1,0,1,1,CONSERVATIVE_MAX_WITH_CONFLICT_FLAG,27265;27266,Drought risk duplicated with conflicting class values; droughtRiskLevel uses conservative maximum and raw values are retained.
NR-MONTHLY-2016-10-301005,2016-10,3010,โนนสูง,301005,ดอนชมพู,NR-RESEARCH-AREA-135,135,Non Sung,Don Chomphu,0;1,0,1,1,CONSERVATIVE_MAX_WITH_CONFLICT_FLAG,27467;27468,Drought risk duplicated with conflicting class values; droughtRiskLevel uses conservative maximum and raw values are retained.
NR-MONTHLY-2016-10-301006,2016-10,3010,โนนสูง,301006,ธารปราสาท,NR-RESEARCH-AREA-136,136,Non Sung,Than Prasat,0;1,0,1,1,CONSERVATIVE_MAX_WITH_CONFLICT_FLAG,27671;27672,Drought risk duplicated with conflicting class values; droughtRiskLevel uses conservative maximum and raw values are retained.
NR-MONTHLY-2016-10-301007,2016-10,3010,โนนสูง,301007,หลุมข้าว,NR-RESEARCH-AREA-137,137,Non Sung,Lum Khao,0;1,0,1,1,CONSERVATIVE_MAX_WITH_CONFLICT_FLAG,27873;27874,Drought risk duplicated with conflicting class values; droughtRiskLevel uses conservative maximum and raw values are retained.
NR-MONTHLY-2016-10-301008,2016-10,3010,โนนสูง,301008,มะค่า,NR-RESEARCH-AREA-138,138,Non Sung,Makha,0;1,0,1,1,CONSERVATIVE_MAX_WITH_CONFLICT_FLAG,28080;28081,Drought risk duplicated with conflicting class values; droughtRiskLevel uses conservative maximum and raw values are retained.
NR-MONTHLY-2016-10-301014,2016-10,3010,โนนสูง,301014,เมืองปราสาท,NR-RESEARCH-AREA-144,144,Non Sung,Mueang Prasat,0;1,0,1,1,CONSERVATIVE_MAX_WITH_CONFLICT_FLAG,29284;29285,Drought risk duplicated with conflicting class values; droughtRiskLevel uses conservative maximum and raw values are retained.
NR-MONTHLY-2016-10-301016,2016-10,3010,โนนสูง,301016,ลำมูล,NR-RESEARCH-AREA-146,146,Non Sung,Lammun,0;1,0,1,1,CONSERVATIVE_MAX_WITH_CONFLICT_FLAG,29680;29681,Drought risk duplicated with conflicting class values; droughtRiskLevel uses conservative maximum and raw values are retained.
NR-MONTHLY-2016-10-301201,2016-10,3012,บัวใหญ่,301201,บัวใหญ่,NR-RESEARCH-AREA-151,151,Bua Yai,Bua Yai,0;1,0,1,1,CONSERVATIVE_MAX_WITH_CONFLICT_FLAG,30773;30774,Drought risk duplicated with conflicting class values; droughtRiskLevel uses conservative maximum and raw values are retained.
NR-MONTHLY-2016-10-301203,2016-10,3012,บัวใหญ่,301203,ห้วยยาง,NR-RESEARCH-AREA-152,152,Bua Yai,Huai Yang,0;1,0,1,1,CONSERVATIVE_MAX_WITH_CONFLICT_FLAG,30964;30965,Drought risk duplicated with conflicting class values; droughtRiskLevel uses conservative maximum and raw values are retained.
NR-MONTHLY-2016-10-301214,2016-10,3012,บัวใหญ่,301214,กุดจอก,NR-RESEARCH-AREA-157,157,Bua Yai,Kut Chok,0;1,0,1,1,CONSERVATIVE_MAX_WITH_CONFLICT_FLAG,31924;31925,Drought risk duplicated with conflicting class values; droughtRiskLevel uses conservative maximum and raw values are retained.
NR-MONTHLY-2016-10-301215,2016-10,3012,บัวใหญ่,301215,ด่านช้าง,NR-RESEARCH-AREA-158,158,Bua Yai,Dan Chang,0;1,0,1,1,CONSERVATIVE_MAX_WITH_CONFLICT_FLAG,32114;32115,Drought risk duplicated with conflicting class values; droughtRiskLevel uses conservative maximum and raw values are retained.
NR-MONTHLY-2016-10-301307,2016-10,3013,ประทาย,301307,หนองพลวง,NR-RESEARCH-AREA-166,166,Prathai,Nong Phluang,0;1,0,1,1,CONSERVATIVE_MAX_WITH_CONFLICT_FLAG,33671;33672,Drought risk duplicated with conflicting class values; droughtRiskLevel uses conservative maximum and raw values are retained.
NR-MONTHLY-2016-10-301309,2016-10,3013,ประทาย,301309,หันห้วยทราย,NR-RESEARCH-AREA-167,167,Prathai,Han Huai Sai,0;1,0,1,1,CONSERVATIVE_MAX_WITH_CONFLICT_FLAG,33871;33872,Drought risk duplicated with conflicting class values; droughtRiskLevel uses conservative maximum and raw values are retained.
NR-MONTHLY-2016-10-301310,2016-10,3013,ประทาย,301310,ดอนมัน,NR-RESEARCH-AREA-174,174,Prathai,Don Man,0;1,0,1,1,CONSERVATIVE_MAX_WITH_CONFLICT_FLAG,35275;35276,Drought risk duplicated with conflicting class values; droughtRiskLevel uses conservative maximum and raw values are retained.
NR-MONTHLY-2016-10-301313,2016-10,3013,ประทาย,301313,นางรำ,NR-RESEARCH-AREA-171,171,Prathai,Nang Ram,0;1,0,1,1,CONSERVATIVE_MAX_WITH_CONFLICT_FLAG,34677;34678,Drought risk duplicated with conflicting class values; droughtRiskLevel uses conservative maximum and raw values are retained.
NR-MONTHLY-2016-10-301315,2016-10,3013,ประทาย,301315,ทุ่งสว่าง,NR-RESEARCH-AREA-175,175,Prathai,Thung Sawang,0;1,0,1,1,CONSERVATIVE_MAX_WITH_CONFLICT_FLAG,35481;35482,Drought risk duplicated with conflicting class values; droughtRiskLevel uses conservative maximum and raw values are retained.
NR-MONTHLY-2016-10-301317,2016-10,3013,ประทาย,301317,โคกกลาง,NR-RESEARCH-AREA-176,176,Prathai,Khok Klang,0;1,0,1,1,CONSERVATIVE_MAX_WITH_CONFLICT_FLAG,35686;35687,Drought risk duplicated with conflicting class values; droughtRiskLevel uses conservative maximum and raw values are retained.
NR-MONTHLY-2016-10-301318,2016-10,3013,ประทาย,301318,เมืองโดน,NR-RESEARCH-AREA-177,177,Prathai,Mueang Don,0;1,0,1,1,CONSERVATIVE_MAX_WITH_CONFLICT_FLAG,35891;35892,Drought risk duplicated with conflicting class values; droughtRiskLevel uses conservative maximum and raw values are retained.
NR-MONTHLY-2016-10-301504,2016-10,3015,พิมาย,301504,กระเบื้องใหญ่,NR-RESEARCH-AREA-214,214,Phimai,Krabueang Yai,0;1,0,1,1,CONSERVATIVE_MAX_WITH_CONFLICT_FLAG,43056;43057,Drought risk duplicated with conflicting class values; droughtRiskLevel uses conservative maximum and raw values are retained.
NR-MONTHLY-2016-10-301505,2016-10,3015,พิมาย,301505,ท่าหลวง,NR-RESEARCH-AREA-215,215,Phimai,Tha Luang,0;1,0,1,1,CONSERVATIVE_MAX_WITH_CONFLICT_FLAG,43289;43290,Drought risk duplicated with conflicting class values; droughtRiskLevel uses conservative maximum and raw values are retained.
NR-MONTHLY-2016-10-301507,2016-10,3015,พิมาย,301507,ชีวาน,NR-RESEARCH-AREA-217,217,Phimai,Chiwan,0;1,0,1,1,CONSERVATIVE_MAX_WITH_CONFLICT_FLAG,43751;43752,Drought risk duplicated with conflicting class values; droughtRiskLevel uses conservative maximum and raw values are retained.
NR-MONTHLY-2016-10-301511,2016-10,3015,พิมาย,301511,ธารละหลอด,NR-RESEARCH-AREA-221,221,Phimai,Than Lalot,0;1,0,1,1,CONSERVATIVE_MAX_WITH_CONFLICT_FLAG,44678;44679,Drought risk duplicated with conflicting class values; droughtRiskLevel uses conservative maximum and raw values are retained.
NR-MONTHLY-2016-10-301603,2016-10,3016,ห้วยแถลง,301603,เมืองพลับพลา,NR-RESEARCH-AREA-281,281,Huai Thalaeng,Mueang Phlapphla,0;1,0,1,1,CONSERVATIVE_MAX_WITH_CONFLICT_FLAG,56813;56814,Drought risk duplicated with conflicting class values; droughtRiskLevel uses conservative maximum and raw values are retained.
NR-MONTHLY-2016-10-301604,2016-10,3016,ห้วยแถลง,301604,หลุ่งตะเคียน,NR-RESEARCH-AREA-282,282,Huai Thalaeng,Lung Takhian,0;1,0,1,1,CONSERVATIVE_MAX_WITH_CONFLICT_FLAG,57004;57005,Drought risk duplicated with conflicting class values; droughtRiskLevel uses conservative maximum and raw values are retained.
NR-MONTHLY-2016-10-301607,2016-10,3016,ห้วยแถลง,301607,กงรถ,NR-RESEARCH-AREA-285,285,Huai Thalaeng,Kong Rot,0;1,0,1,1,CONSERVATIVE_MAX_WITH_CONFLICT_FLAG,57577;57578,Drought risk duplicated with conflicting class values; droughtRiskLevel uses conservative maximum and raw values are retained.
NR-MONTHLY-2016-10-301705,2016-10,3017,ชุมพวง,301705,ตลาดไทร,NR-RESEARCH-AREA-081,81,Chum Phuang,Talat Sai,0;1,0,1,1,CONSERVATIVE_MAX_WITH_CONFLICT_FLAG,16145;16146,Drought risk duplicated with conflicting class values; droughtRiskLevel uses conservative maximum and raw values are retained.
NR-MONTHLY-2016-10-301714,2016-10,3017,ชุมพวง,301714,หนองหลัก,NR-RESEARCH-AREA-083,83,Chum Phuang,Nong Lak,0;1,0,1,1,CONSERVATIVE_MAX_WITH_CONFLICT_FLAG,16603;16604,Drought risk duplicated with conflicting class values; droughtRiskLevel uses conservative maximum and raw values are retained.
NR-MONTHLY-2016-10-301902,2016-10,3019,ขามทะเลสอ,301902,โป่งแดง,NR-RESEARCH-AREA-031,31,Kham Thale So,Pong Daeng,0;1,0,1,1,CONSERVATIVE_MAX_WITH_CONFLICT_FLAG,5857;5858,Drought risk duplicated with conflicting class values; droughtRiskLevel uses conservative maximum and raw values are retained.
NR-MONTHLY-2016-10-302011,2016-10,3020,สีคิ้ว,302011,ดอนเมือง,NR-RESEARCH-AREA-246,246,Si Khio,Don Mueang,0;1,0,1,1,CONSERVATIVE_MAX_WITH_CONFLICT_FLAG,49653;49654,Drought risk duplicated with conflicting class values; droughtRiskLevel uses conservative maximum and raw values are retained.
NR-MONTHLY-2016-10-302012,2016-10,3020,สีคิ้ว,302012,หนองบัวน้อย,NR-RESEARCH-AREA-247,247,Si Khio,Nong Bua Noi,0;1,0,1,1,CONSERVATIVE_MAX_WITH_CONFLICT_FLAG,49848;49849,Drought risk duplicated with conflicting class values; droughtRiskLevel uses conservative maximum and raw values are retained.
NR-MONTHLY-2016-10-302301,2016-10,3023,แก้งสนามนาง,302301,แก้งสนามนาง,NR-RESEARCH-AREA-025,25,Kaeng Sanam Nang,Kaeng Sanam Nang,0;1,0,1,1,CONSERVATIVE_MAX_WITH_CONFLICT_FLAG,4662;4663,Drought risk duplicated with conflicting class values; droughtRiskLevel uses conservative maximum and raw values are retained.
NR-MONTHLY-2016-10-302304,2016-10,3023,แก้งสนามนาง,302304,สีสุก,NR-RESEARCH-AREA-028,28,Kaeng Sanam Nang,Si Suk,0;1,0,1,1,CONSERVATIVE_MAX_WITH_CONFLICT_FLAG,5261;5262,Drought risk duplicated with conflicting class values; droughtRiskLevel uses conservative maximum and raw values are retained.
NR-MONTHLY-2016-10-302403,2016-10,3024,โนนแดง,302403,สำพะเนียง,NR-RESEARCH-AREA-118,118,Non Daeng,Sam Phaniang,0;1,0,1,1,CONSERVATIVE_MAX_WITH_CONFLICT_FLAG,23843;23844,Drought risk duplicated with conflicting class values; droughtRiskLevel uses conservative maximum and raw values are retained.
NR-MONTHLY-2016-10-302404,2016-10,3024,โนนแดง,302404,วังหิน,NR-RESEARCH-AREA-119,119,Non Daeng,Wang Hin,0;1,0,1,1,CONSERVATIVE_MAX_WITH_CONFLICT_FLAG,24074;24075,Drought risk duplicated with conflicting class values; droughtRiskLevel uses conservative maximum and raw values are retained.
NR-MONTHLY-2016-10-302502,2016-10,3025,วังน้ำเขียว,302502,วังหมี,NR-RESEARCH-AREA-232,232,Wang Nam Khiao,Wang Mi,0;1,0,1,1,CONSERVATIVE_MAX_WITH_CONFLICT_FLAG,46979;46980,Drought risk duplicated with conflicting class values; droughtRiskLevel uses conservative maximum and raw values are retained.
NR-MONTHLY-2016-10-302601,2016-10,3026,เทพารักษ์,302601,สำนักตะคร้อ,NR-RESEARCH-AREA-112,112,Thepharak,Samnak Takhro,0;1,0,1,1,CONSERVATIVE_MAX_WITH_CONFLICT_FLAG,22635;22636,Drought risk duplicated with conflicting class values; droughtRiskLevel uses conservative maximum and raw values are retained.
NR-MONTHLY-2016-10-302604,2016-10,3026,เทพารักษ์,302604,วังยายทอง,NR-RESEARCH-AREA-115,115,Thepharak,Wang Yai Thong,0;1,0,1,1,CONSERVATIVE_MAX_WITH_CONFLICT_FLAG,23191;23192,Drought risk duplicated with conflicting class values; droughtRiskLevel uses conservative maximum and raw values are retained.
NR-MONTHLY-2016-10-302701,2016-10,3027,เมืองยาง,302701,เมืองยาง,NR-RESEARCH-AREA-223,223,Mueang Yang,Mueang Yang,0;1,0,1,1,CONSERVATIVE_MAX_WITH_CONFLICT_FLAG,45142;45143,Drought risk duplicated with conflicting class values; droughtRiskLevel uses conservative maximum and raw values are retained.
NR-MONTHLY-2016-10-302702,2016-10,3027,เมืองยาง,302702,กระเบื้องนอก,NR-RESEARCH-AREA-224,224,Mueang Yang,Krabueang Nok,0;1,0,1,1,CONSERVATIVE_MAX_WITH_CONFLICT_FLAG,45342;45343,Drought risk duplicated with conflicting class values; droughtRiskLevel uses conservative maximum and raw values are retained.
NR-MONTHLY-2016-10-302703,2016-10,3027,เมืองยาง,302703,ละหานปลาค้าว,NR-RESEARCH-AREA-225,225,Mueang Yang,Lahan Pla Khao,0;1,0,1,1,CONSERVATIVE_MAX_WITH_CONFLICT_FLAG,45543;45544,Drought risk duplicated with conflicting class values; droughtRiskLevel uses conservative maximum and raw values are retained.
NR-MONTHLY-2016-10-302704,2016-10,3027,เมืองยาง,302704,โนนอุดม,NR-RESEARCH-AREA-226,226,Mueang Yang,Non Udom,0;1,0,1,1,CONSERVATIVE_MAX_WITH_CONFLICT_FLAG,45743;45744,Drought risk duplicated with conflicting class values; droughtRiskLevel uses conservative maximum and raw values are retained.
NR-MONTHLY-2016-10-302803,2016-10,3028,พระทองคำ,302803,พังเทียม,NR-RESEARCH-AREA-208,208,Phra Thong Kham,Phang Thiam,0;1,0,1,1,CONSERVATIVE_MAX_WITH_CONFLICT_FLAG,41766;41767,Drought risk duplicated with conflicting class values; droughtRiskLevel uses conservative maximum and raw values are retained.
NR-MONTHLY-2016-10-302804,2016-10,3028,พระทองคำ,302804,ทัพรั้ง,NR-RESEARCH-AREA-209,209,Phra Thong Kham,Thap Rang,0;1,0,1,1,CONSERVATIVE_MAX_WITH_CONFLICT_FLAG,41963;41964,Drought risk duplicated with conflicting class values; droughtRiskLevel uses conservative maximum and raw values are retained.
NR-MONTHLY-2016-10-302901,2016-10,3029,ลำทะเมนชัย,302901,ขุย,NR-RESEARCH-AREA-227,227,Lamtaman Chai,Khui,0;1,0,1,1,CONSERVATIVE_MAX_WITH_CONFLICT_FLAG,45945;45946,Drought risk duplicated with conflicting class values; droughtRiskLevel uses conservative maximum and raw values are retained.
NR-MONTHLY-2016-10-302902,2016-10,3029,ลำทะเมนชัย,302902,บ้านยาง,NR-RESEARCH-AREA-228,228,Lamtaman Chai,Ban Yang,0;1,0,1,1,CONSERVATIVE_MAX_WITH_CONFLICT_FLAG,46160;46161,Drought risk duplicated with conflicting class values; droughtRiskLevel uses conservative maximum and raw values are retained.
NR-MONTHLY-2016-10-302903,2016-10,3029,ลำทะเมนชัย,302903,ช่องแมว,NR-RESEARCH-AREA-229,229,Lamtaman Chai,Chong Maeo,0;1,0,1,1,CONSERVATIVE_MAX_WITH_CONFLICT_FLAG,46373;46374,Drought risk duplicated with conflicting class values; droughtRiskLevel uses conservative maximum and raw values are retained.
NR-MONTHLY-2016-10-303201,2016-10,3032,เฉลิมพระเกียรติ,303201,ช้างทอง,NR-RESEARCH-AREA-072,72,Chaloem Phra Kiet,Chang Thong,0;1,0,1,1,CONSERVATIVE_MAX_WITH_CONFLICT_FLAG,14207;14208,Drought risk duplicated with conflicting class values; droughtRiskLevel uses conservative maximum and raw values are retained.
NR-MONTHLY-2016-11-300301,2016-11,3003,เสิงสาง,300301,เสิงสาง,NR-RESEARCH-AREA-264,264,Soeng Sang,Soeng Sang,0;1,0,1,1,CONSERVATIVE_MAX_WITH_CONFLICT_FLAG,53320;53321,Drought risk duplicated with conflicting class values; droughtRiskLevel uses conservative maximum and raw values are retained.
NR-MONTHLY-2016-11-300401,2016-11,3004,คง,300401,เมืองคง,NR-RESEARCH-AREA-042,42,Khong,Mueang Khong,0;1,0,1,1,CONSERVATIVE_MAX_WITH_CONFLICT_FLAG,8298;8299,Drought risk duplicated with conflicting class values; droughtRiskLevel uses conservative maximum and raw values are retained.
NR-MONTHLY-2016-11-300402,2016-11,3004,คง,300402,คูขาด,NR-RESEARCH-AREA-043,43,Khong,Khu Khat,0;1,0,1,1,CONSERVATIVE_MAX_WITH_CONFLICT_FLAG,8495;8496,Drought risk duplicated with conflicting class values; droughtRiskLevel uses conservative maximum and raw values are retained.
NR-MONTHLY-2016-11-300403,2016-11,3004,คง,300403,เทพาลัย,NR-RESEARCH-AREA-044,44,Khong,Thephalai,0;1,0,1,1,CONSERVATIVE_MAX_WITH_CONFLICT_FLAG,8691;8692,Drought risk duplicated with conflicting class values; droughtRiskLevel uses conservative maximum and raw values are retained.
NR-MONTHLY-2016-11-300406,2016-11,3004,คง,300406,หนองมะนาว,NR-RESEARCH-AREA-047,47,Khong,Nong Manao,0;1,0,1,1,CONSERVATIVE_MAX_WITH_CONFLICT_FLAG,9283;9284,Drought risk duplicated with conflicting class values; droughtRiskLevel uses conservative maximum and raw values are retained.
NR-MONTHLY-2016-11-300408,2016-11,3004,คง,300408,โนนเต็ง,NR-RESEARCH-AREA-049,49,Khong,Non Teng,0;1,0,1,1,CONSERVATIVE_MAX_WITH_CONFLICT_FLAG,9683;9684,Drought risk duplicated with conflicting class values; droughtRiskLevel uses conservative maximum and raw values are retained.
NR-MONTHLY-2016-11-300409,2016-11,3004,คง,300409,ดอนใหญ่,NR-RESEARCH-AREA-050,50,Khong,Don Yai,0;1,0,1,1,CONSERVATIVE_MAX_WITH_CONFLICT_FLAG,9880;9881,Drought risk duplicated with conflicting class values; droughtRiskLevel uses conservative maximum and raw values are retained.
NR-MONTHLY-2016-11-300410,2016-11,3004,คง,300410,ขามสมบูรณ์,NR-RESEARCH-AREA-051,51,Khong,Kham Sombun,0;1,0,1,1,CONSERVATIVE_MAX_WITH_CONFLICT_FLAG,10078;10079,Drought risk duplicated with conflicting class values; droughtRiskLevel uses conservative maximum and raw values are retained.
NR-MONTHLY-2016-11-300501,2016-11,3005,บ้านเหลื่อม,300501,บ้านเหลื่อม,NR-RESEARCH-AREA-161,161,Ban Lueam,Ban Lueam,0;1,0,1,1,CONSERVATIVE_MAX_WITH_CONFLICT_FLAG,32689;32690,Drought risk duplicated with conflicting class values; droughtRiskLevel uses conservative maximum and raw values are retained.
NR-MONTHLY-2016-11-300502,2016-11,3005,บ้านเหลื่อม,300502,วังโพธิ์,NR-RESEARCH-AREA-162,162,Ban Lueam,Wang Pho,0;1,0,1,1,CONSERVATIVE_MAX_WITH_CONFLICT_FLAG,32885;32886,Drought risk duplicated with conflicting class values; droughtRiskLevel uses conservative maximum and raw values are retained.
NR-MONTHLY-2016-11-300503,2016-11,3005,บ้านเหลื่อม,300503,โคกกระเบื้อง,NR-RESEARCH-AREA-163,163,Ban Lueam,Khok Krabueang,0;1,0,1,1,CONSERVATIVE_MAX_WITH_CONFLICT_FLAG,33083;33084,Drought risk duplicated with conflicting class values; droughtRiskLevel uses conservative maximum and raw values are retained.
NR-MONTHLY-2016-11-300601,2016-11,3006,จักราช,300601,จักราช,NR-RESEARCH-AREA-064,64,Chakkarat,Chakkarat,0;1,0,1,1,CONSERVATIVE_MAX_WITH_CONFLICT_FLAG,12540;12541,Drought risk duplicated with conflicting class values; droughtRiskLevel uses conservative maximum and raw values are retained.
NR-MONTHLY-2016-11-300604,2016-11,3006,จักราช,300604,สีสุก,NR-RESEARCH-AREA-066,66,Chakkarat,Si Suk,0;1,0,1,1,CONSERVATIVE_MAX_WITH_CONFLICT_FLAG,12958;12959,Drought risk duplicated with conflicting class values; droughtRiskLevel uses conservative maximum and raw values are retained.
NR-MONTHLY-2016-11-300607,2016-11,3006,จักราช,300607,หนองพลวง,NR-RESEARCH-AREA-068,68,Chakkarat,Nong Phluang,0;1,0,1,1,CONSERVATIVE_MAX_WITH_CONFLICT_FLAG,13379;13380,Drought risk duplicated with conflicting class values; droughtRiskLevel uses conservative maximum and raw values are retained.
NR-MONTHLY-2016-11-300611,2016-11,3006,จักราช,300611,คลองเมือง,NR-RESEARCH-AREA-070,70,Chakkarat,Khlong Mueang,0;1,0,1,1,CONSERVATIVE_MAX_WITH_CONFLICT_FLAG,13797;13798,Drought risk duplicated with conflicting class values; droughtRiskLevel uses conservative maximum and raw values are retained.
NR-MONTHLY-2016-11-300613,2016-11,3006,จักราช,300613,หินโคน,NR-RESEARCH-AREA-071,71,Chakkarat,Hin Khon,0;1,0,1,1,CONSERVATIVE_MAX_WITH_CONFLICT_FLAG,14003;14004,Drought risk duplicated with conflicting class values; droughtRiskLevel uses conservative maximum and raw values are retained.
NR-MONTHLY-2016-11-300701,2016-11,3007,โชคชัย,300701,กระโทก,NR-RESEARCH-AREA-086,86,Chok Chai,Krathok,0;1,0,1,1,CONSERVATIVE_MAX_WITH_CONFLICT_FLAG,17289;17290,Drought risk duplicated with conflicting class values; droughtRiskLevel uses conservative maximum and raw values are retained.
NR-MONTHLY-2016-11-300702,2016-11,3007,โชคชัย,300702,พลับพลา,NR-RESEARCH-AREA-087,87,Chok Chai,Phlapphla,0;1,0,1,1,CONSERVATIVE_MAX_WITH_CONFLICT_FLAG,17488;17489,Drought risk duplicated with conflicting class values; droughtRiskLevel uses conservative maximum and raw values are retained.
NR-MONTHLY-2016-11-300703,2016-11,3007,โชคชัย,300703,ท่าอ่าง,NR-RESEARCH-AREA-088,88,Chok Chai,Tha Ang,0;1,0,1,1,CONSERVATIVE_MAX_WITH_CONFLICT_FLAG,17688;17689,Drought risk duplicated with conflicting class values; droughtRiskLevel uses conservative maximum and raw values are retained.
NR-MONTHLY-2016-11-300705,2016-11,3007,โชคชัย,300705,ท่าลาดขาว,NR-RESEARCH-AREA-090,90,Chok Chai,Tha Lat Khao,0;1,0,1,1,CONSERVATIVE_MAX_WITH_CONFLICT_FLAG,18081;18082,Drought risk duplicated with conflicting class values; droughtRiskLevel uses conservative maximum and raw values are retained.
NR-MONTHLY-2016-11-300708,2016-11,3007,โชคชัย,300708,โชคชัย,NR-RESEARCH-AREA-093,93,Chok Chai,Chok Chai,0;1,0,1,1,CONSERVATIVE_MAX_WITH_CONFLICT_FLAG,18678;18679,Drought risk duplicated with conflicting class values; droughtRiskLevel uses conservative maximum and raw values are retained.
NR-MONTHLY-2016-11-300710,2016-11,3007,โชคชัย,300710,ด่านเกวียน,NR-RESEARCH-AREA-095,95,Chok Chai,Dan Kwian,0;1,0,1,1,CONSERVATIVE_MAX_WITH_CONFLICT_FLAG,19072;19073,Drought risk duplicated with conflicting class values; droughtRiskLevel uses conservative maximum and raw values are retained.
NR-MONTHLY-2016-11-300801,2016-11,3008,ด่านขุนทด,300801,กุดพิมาน,NR-RESEARCH-AREA-096,96,Dan Khun Thot,Kut Phiman,0;1,0,1,1,CONSERVATIVE_MAX_WITH_CONFLICT_FLAG,19274;19275,Drought risk duplicated with conflicting class values; droughtRiskLevel uses conservative maximum and raw values are retained.
NR-MONTHLY-2016-11-300803,2016-11,3008,ด่านขุนทด,300803,ด่านนอก,NR-RESEARCH-AREA-098,98,Dan Khun Thot,Dan Nok,0;1,0,1,1,CONSERVATIVE_MAX_WITH_CONFLICT_FLAG,19699;19700,Drought risk duplicated with conflicting class values; droughtRiskLevel uses conservative maximum and raw values are retained.
NR-MONTHLY-2016-11-300804,2016-11,3008,ด่านขุนทด,300804,ด่านใน,NR-RESEARCH-AREA-099,99,Dan Khun Thot,Dan Nai,0;1,0,1,1,CONSERVATIVE_MAX_WITH_CONFLICT_FLAG,19909;19910,Drought risk duplicated with conflicting class values; droughtRiskLevel uses conservative maximum and raw values are retained.
NR-MONTHLY-2016-11-300806,2016-11,3008,ด่านขุนทด,300806,บ้านเก่า,NR-RESEARCH-AREA-101,101,Dan Khun Thot,Ban Kao,0;1,0,1,1,CONSERVATIVE_MAX_WITH_CONFLICT_FLAG,20332;20333,Drought risk duplicated with conflicting class values; droughtRiskLevel uses conservative maximum and raw values are retained.
NR-MONTHLY-2016-11-300807,2016-11,3008,ด่านขุนทด,300807,บ้านแปรง,NR-RESEARCH-AREA-102,102,Dan Khun Thot,Ban Praeng,0;1,0,1,1,CONSERVATIVE_MAX_WITH_CONFLICT_FLAG,20543;20544,Drought risk duplicated with conflicting class values; droughtRiskLevel uses conservative maximum and raw values are retained.
NR-MONTHLY-2016-11-300808,2016-11,3008,ด่านขุนทด,300808,พันชนะ,NR-RESEARCH-AREA-103,103,Dan Khun Thot,Phan Chana,0;1,0,1,1,CONSERVATIVE_MAX_WITH_CONFLICT_FLAG,20755;20756,Drought risk duplicated with conflicting class values; droughtRiskLevel uses conservative maximum and raw values are retained.
NR-MONTHLY-2016-11-300809,2016-11,3008,ด่านขุนทด,300809,สระจรเข้,NR-RESEARCH-AREA-104,104,Dan Khun Thot,Sa Chorakhe,0;1,0,1,1,CONSERVATIVE_MAX_WITH_CONFLICT_FLAG,20965;20966,Drought risk duplicated with conflicting class values; droughtRiskLevel uses conservative maximum and raw values are retained.
NR-MONTHLY-2016-11-300810,2016-11,3008,ด่านขุนทด,300810,หนองกราด,NR-RESEARCH-AREA-105,105,Dan Khun Thot,Nong Krat,0;1,0,1,1,CONSERVATIVE_MAX_WITH_CONFLICT_FLAG,21175;21176,Drought risk duplicated with conflicting class values; droughtRiskLevel uses conservative maximum and raw values are retained.
NR-MONTHLY-2016-11-300811,2016-11,3008,ด่านขุนทด,300811,หนองบัวตะเกียด,NR-RESEARCH-AREA-106,106,Dan Khun Thot,Nong Bua Takiat,0;1,0,1,1,CONSERVATIVE_MAX_WITH_CONFLICT_FLAG,21383;21384,Drought risk duplicated with conflicting class values; droughtRiskLevel uses conservative maximum and raw values are retained.
NR-MONTHLY-2016-11-300812,2016-11,3008,ด่านขุนทด,300812,หนองบัวละคร,NR-RESEARCH-AREA-107,107,Dan Khun Thot,Nong Bua Lakhon,0;1,0,1,1,CONSERVATIVE_MAX_WITH_CONFLICT_FLAG,21591;21592,Drought risk duplicated with conflicting class values; droughtRiskLevel uses conservative maximum and raw values are retained.
NR-MONTHLY-2016-11-300818,2016-11,3008,ด่านขุนทด,300818,หนองไทร,NR-RESEARCH-AREA-111,111,Dan Khun Thot,Nong Sai,0;1,0,1,1,CONSERVATIVE_MAX_WITH_CONFLICT_FLAG,22431;22432,Drought risk duplicated with conflicting class values; droughtRiskLevel uses conservative maximum and raw values are retained.
NR-MONTHLY-2016-11-300901,2016-11,3009,โนนไทย,300901,โนนไทย,NR-RESEARCH-AREA-121,121,Non Thai,Non Thai,0;1,0,1,1,CONSERVATIVE_MAX_WITH_CONFLICT_FLAG,24534;24535,Drought risk duplicated with conflicting class values; droughtRiskLevel uses conservative maximum and raw values are retained.
NR-MONTHLY-2016-11-300904,2016-11,3009,โนนไทย,300904,สำโรง,NR-RESEARCH-AREA-124,124,Non Thai,Samrong,0;1,0,1,1,CONSERVATIVE_MAX_WITH_CONFLICT_FLAG,25175;25176,Drought risk duplicated with conflicting class values; droughtRiskLevel uses conservative maximum and raw values are retained.
NR-MONTHLY-2016-11-300906,2016-11,3009,โนนไทย,300906,บ้านวัง,NR-RESEARCH-AREA-126,126,Non Thai,Ban Wang,0;1,0,1,1,CONSERVATIVE_MAX_WITH_CONFLICT_FLAG,25598;25599,Drought risk duplicated with conflicting class values; droughtRiskLevel uses conservative maximum and raw values are retained.
NR-MONTHLY-2016-11-300909,2016-11,3009,โนนไทย,300909,ถนนโพธิ์,NR-RESEARCH-AREA-129,129,Non Thai,Thanon Pho,0;1,0,1,1,CONSERVATIVE_MAX_WITH_CONFLICT_FLAG,26234;26235,Drought risk duplicated with conflicting class values; droughtRiskLevel uses conservative maximum and raw values are retained.
NR-MONTHLY-2016-11-300914,2016-11,3009,โนนไทย,300914,มะค่า,NR-RESEARCH-AREA-130,130,Non Thai,Makha,0;1,0,1,1,CONSERVATIVE_MAX_WITH_CONFLICT_FLAG,26447;26448,Drought risk duplicated with conflicting class values; droughtRiskLevel uses conservative maximum and raw values are retained.
NR-MONTHLY-2016-11-301005,2016-11,3010,โนนสูง,301005,ดอนชมพู,NR-RESEARCH-AREA-135,135,Non Sung,Don Chomphu,0;1,0,1,1,CONSERVATIVE_MAX_WITH_CONFLICT_FLAG,27469;27470,Drought risk duplicated with conflicting class values; droughtRiskLevel uses conservative maximum and raw values are retained.
NR-MONTHLY-2016-11-301007,2016-11,3010,โนนสูง,301007,หลุมข้าว,NR-RESEARCH-AREA-137,137,Non Sung,Lum Khao,0;1,0,1,1,CONSERVATIVE_MAX_WITH_CONFLICT_FLAG,27875;27876,Drought risk duplicated with conflicting class values; droughtRiskLevel uses conservative maximum and raw values are retained.
NR-MONTHLY-2016-11-301009,2016-11,3010,โนนสูง,301009,พลสงคราม,NR-RESEARCH-AREA-139,139,Non Sung,Phon Songkhram,0;1,0,1,1,CONSERVATIVE_MAX_WITH_CONFLICT_FLAG,28282;28283,Drought risk duplicated with conflicting class values; droughtRiskLevel uses conservative maximum and raw values are retained.
NR-MONTHLY-2016-11-301010,2016-11,3010,โนนสูง,301010,จันอัด,NR-RESEARCH-AREA-140,140,Non Sung,Chan-At,0;1,0,1,1,CONSERVATIVE_MAX_WITH_CONFLICT_FLAG,28482;28483,Drought risk duplicated with conflicting class values; droughtRiskLevel uses conservative maximum and raw values are retained.
NR-MONTHLY-2016-11-301011,2016-11,3010,โนนสูง,301011,ขามเฒ่า,NR-RESEARCH-AREA-141,141,Non Sung,Kham Thao,0;1,0,1,1,CONSERVATIVE_MAX_WITH_CONFLICT_FLAG,28680;28681,Drought risk duplicated with conflicting class values; droughtRiskLevel uses conservative maximum and raw values are retained.
NR-MONTHLY-2016-11-301012,2016-11,3010,โนนสูง,301012,ด่านคล้า,NR-RESEARCH-AREA-142,142,Non Sung,Dan Khla,0;1,0,1,1,CONSERVATIVE_MAX_WITH_CONFLICT_FLAG,28881;28882,Drought risk duplicated with conflicting class values; droughtRiskLevel uses conservative maximum and raw values are retained.
NR-MONTHLY-2016-11-301013,2016-11,3010,โนนสูง,301013,ลำคอหงษ์,NR-RESEARCH-AREA-143,143,Non Sung,Lam Kho Hong,0;1,0,1,1,CONSERVATIVE_MAX_WITH_CONFLICT_FLAG,29082;29083,Drought risk duplicated with conflicting class values; droughtRiskLevel uses conservative maximum and raw values are retained.
NR-MONTHLY-2016-11-301014,2016-11,3010,โนนสูง,301014,เมืองปราสาท,NR-RESEARCH-AREA-144,144,Non Sung,Mueang Prasat,0;1,0,1,1,CONSERVATIVE_MAX_WITH_CONFLICT_FLAG,29286;29287,Drought risk duplicated with conflicting class values; droughtRiskLevel uses conservative maximum and raw values are retained.
NR-MONTHLY-2016-11-301015,2016-11,3010,โนนสูง,301015,ดอนหวาย,NR-RESEARCH-AREA-145,145,Non Sung,Don Wai,0;1,0,1,1,CONSERVATIVE_MAX_WITH_CONFLICT_FLAG,29485;29486,Drought risk duplicated with conflicting class values; droughtRiskLevel uses conservative maximum and raw values are retained.
NR-MONTHLY-2016-11-301016,2016-11,3010,โนนสูง,301016,ลำมูล,NR-RESEARCH-AREA-146,146,Non Sung,Lammun,0;1,0,1,1,CONSERVATIVE_MAX_WITH_CONFLICT_FLAG,29682;29683,Drought risk duplicated with conflicting class values; droughtRiskLevel uses conservative maximum and raw values are retained.
NR-MONTHLY-2016-11-301203,2016-11,3012,บัวใหญ่,301203,ห้วยยาง,NR-RESEARCH-AREA-152,152,Bua Yai,Huai Yang,0;1,0,1,1,CONSERVATIVE_MAX_WITH_CONFLICT_FLAG,30966;30967,Drought risk duplicated with conflicting class values; droughtRiskLevel uses conservative maximum and raw values are retained.
NR-MONTHLY-2016-11-301204,2016-11,3012,บัวใหญ่,301204,เสมาใหญ่,NR-RESEARCH-AREA-153,153,Bua Yai,Sema Yai,0;1,0,1,1,CONSERVATIVE_MAX_WITH_CONFLICT_FLAG,31163;31164,Drought risk duplicated with conflicting class values; droughtRiskLevel uses conservative maximum and raw values are retained.
NR-MONTHLY-2016-11-301206,2016-11,3012,บัวใหญ่,301206,ดอนตะหนิน,NR-RESEARCH-AREA-154,154,Bua Yai,Don Tanin,0;1,0,1,1,CONSERVATIVE_MAX_WITH_CONFLICT_FLAG,31354;31355,Drought risk duplicated with conflicting class values; droughtRiskLevel uses conservative maximum and raw values are retained.
NR-MONTHLY-2016-11-301207,2016-11,3012,บัวใหญ่,301207,หนองบัวสะอาด,NR-RESEARCH-AREA-155,155,Bua Yai,Nong Bua Sa-At,0;1,0,1,1,CONSERVATIVE_MAX_WITH_CONFLICT_FLAG,31544;31545,Drought risk duplicated with conflicting class values; droughtRiskLevel uses conservative maximum and raw values are retained.
NR-MONTHLY-2016-11-301208,2016-11,3012,บัวใหญ่,301208,โนนทองหลาง,NR-RESEARCH-AREA-156,156,Bua Yai,Non Thong Lang,0;1,0,1,1,CONSERVATIVE_MAX_WITH_CONFLICT_FLAG,31735;31736,Drought risk duplicated with conflicting class values; droughtRiskLevel uses conservative maximum and raw values are retained.
NR-MONTHLY-2016-11-301214,2016-11,3012,บัวใหญ่,301214,กุดจอก,NR-RESEARCH-AREA-157,157,Bua Yai,Kut Chok,0;1,0,1,1,CONSERVATIVE_MAX_WITH_CONFLICT_FLAG,31926;31927,Drought risk duplicated with conflicting class values; droughtRiskLevel uses conservative maximum and raw values are retained.
NR-MONTHLY-2016-11-301215,2016-11,3012,บัวใหญ่,301215,ด่านช้าง,NR-RESEARCH-AREA-158,158,Bua Yai,Dan Chang,0;1,0,1,1,CONSERVATIVE_MAX_WITH_CONFLICT_FLAG,32116;32117,Drought risk duplicated with conflicting class values; droughtRiskLevel uses conservative maximum and raw values are retained.
NR-MONTHLY-2016-11-301220,2016-11,3012,บัวใหญ่,301220,ขุนทอง,NR-RESEARCH-AREA-159,159,Bua Yai,Khun Thong,0;1,0,1,1,CONSERVATIVE_MAX_WITH_CONFLICT_FLAG,32308;32309,Drought risk duplicated with conflicting class values; droughtRiskLevel uses conservative maximum and raw values are retained.
NR-MONTHLY-2016-11-301224,2016-11,3012,บัวใหญ่,301224,หนองแจ้งใหญ่,NR-RESEARCH-AREA-160,160,Bua Yai,Nong Chaeng Yai,0;1,0,1,1,CONSERVATIVE_MAX_WITH_CONFLICT_FLAG,32499;32500,Drought risk duplicated with conflicting class values; droughtRiskLevel uses conservative maximum and raw values are retained.
NR-MONTHLY-2016-11-301301,2016-11,3013,ประทาย,301301,ประทาย,NR-RESEARCH-AREA-165,165,Prathai,Prathai,0;1,0,1,1,CONSERVATIVE_MAX_WITH_CONFLICT_FLAG,33475;33476,Drought risk duplicated with conflicting class values; droughtRiskLevel uses conservative maximum and raw values are retained.
NR-MONTHLY-2016-11-301303,2016-11,3013,ประทาย,301303,กระทุ่มราย,NR-RESEARCH-AREA-170,170,Prathai,Krathum Rai,0;1,0,1,1,CONSERVATIVE_MAX_WITH_CONFLICT_FLAG,34478;34479,Drought risk duplicated with conflicting class values; droughtRiskLevel uses conservative maximum and raw values are retained.
NR-MONTHLY-2016-11-301304,2016-11,3013,ประทาย,301304,วังไม้แดง,NR-RESEARCH-AREA-168,168,Prathai,Wang Mai Daeng,0;1,0,1,1,CONSERVATIVE_MAX_WITH_CONFLICT_FLAG,34071;34072,Drought risk duplicated with conflicting class values; droughtRiskLevel uses conservative maximum and raw values are retained.
NR-MONTHLY-2016-11-301306,2016-11,3013,ประทาย,301306,ตลาดไทร,NR-RESEARCH-AREA-173,173,Prathai,Talat Sai,0;1,0,1,1,CONSERVATIVE_MAX_WITH_CONFLICT_FLAG,35079;35080,Drought risk duplicated with conflicting class values; droughtRiskLevel uses conservative maximum and raw values are retained.
NR-MONTHLY-2016-11-301307,2016-11,3013,ประทาย,301307,หนองพลวง,NR-RESEARCH-AREA-166,166,Prathai,Nong Phluang,0;1,0,1,1,CONSERVATIVE_MAX_WITH_CONFLICT_FLAG,33673;33674,Drought risk duplicated with conflicting class values; droughtRiskLevel uses conservative maximum and raw values are retained.
NR-MONTHLY-2016-11-301308,2016-11,3013,ประทาย,301308,หนองค่าย,NR-RESEARCH-AREA-172,172,Prathai,Nong Khai,0;1,0,1,1,CONSERVATIVE_MAX_WITH_CONFLICT_FLAG,34880;34881,Drought risk duplicated with conflicting class values; droughtRiskLevel uses conservative maximum and raw values are retained.
NR-MONTHLY-2016-11-301310,2016-11,3013,ประทาย,301310,ดอนมัน,NR-RESEARCH-AREA-174,174,Prathai,Don Man,0;1,0,1,1,CONSERVATIVE_MAX_WITH_CONFLICT_FLAG,35277;35278,Drought risk duplicated with conflicting class values; droughtRiskLevel uses conservative maximum and raw values are retained.
NR-MONTHLY-2016-11-301313,2016-11,3013,ประทาย,301313,นางรำ,NR-RESEARCH-AREA-171,171,Prathai,Nang Ram,0;1,0,1,1,CONSERVATIVE_MAX_WITH_CONFLICT_FLAG,34679;34680,Drought risk duplicated with conflicting class values; droughtRiskLevel uses conservative maximum and raw values are retained.
NR-MONTHLY-2016-11-301314,2016-11,3013,ประทาย,301314,โนนเพ็ด,NR-RESEARCH-AREA-169,169,Prathai,Non Phet,0;1,0,1,1,CONSERVATIVE_MAX_WITH_CONFLICT_FLAG,34272;34273,Drought risk duplicated with conflicting class values; droughtRiskLevel uses conservative maximum and raw values are retained.
NR-MONTHLY-2016-11-301315,2016-11,3013,ประทาย,301315,ทุ่งสว่าง,NR-RESEARCH-AREA-175,175,Prathai,Thung Sawang,0;1,0,1,1,CONSERVATIVE_MAX_WITH_CONFLICT_FLAG,35483;35484,Drought risk duplicated with conflicting class values; droughtRiskLevel uses conservative maximum and raw values are retained.
NR-MONTHLY-2016-11-301317,2016-11,3013,ประทาย,301317,โคกกลาง,NR-RESEARCH-AREA-176,176,Prathai,Khok Klang,0;1,0,1,1,CONSERVATIVE_MAX_WITH_CONFLICT_FLAG,35688;35689,Drought risk duplicated with conflicting class values; droughtRiskLevel uses conservative maximum and raw values are retained.
NR-MONTHLY-2016-11-301318,2016-11,3013,ประทาย,301318,เมืองโดน,NR-RESEARCH-AREA-177,177,Prathai,Mueang Don,0;1,0,1,1,CONSERVATIVE_MAX_WITH_CONFLICT_FLAG,35893;35894,Drought risk duplicated with conflicting class values; droughtRiskLevel uses conservative maximum and raw values are retained.
NR-MONTHLY-2016-11-301410,2016-11,3014,ปักธงชัย,301410,งิ้ว,NR-RESEARCH-AREA-186,186,Pak Thong Chai,Ngio,0;1,0,1,1,CONSERVATIVE_MAX_WITH_CONFLICT_FLAG,37783;37784,Drought risk duplicated with conflicting class values; droughtRiskLevel uses conservative maximum and raw values are retained.
NR-MONTHLY-2016-11-301420,2016-11,3014,ปักธงชัย,301420,บ่อปลาทอง,NR-RESEARCH-AREA-193,193,Pak Thong Chai,Bo Pla Thong,0;1,0,1,1,CONSERVATIVE_MAX_WITH_CONFLICT_FLAG,39246;39247,Drought risk duplicated with conflicting class values; droughtRiskLevel uses conservative maximum and raw values are retained.
NR-MONTHLY-2016-11-301502,2016-11,3015,พิมาย,301502,สัมฤทธิ์,NR-RESEARCH-AREA-212,212,Phimai,Samrit,0;1,0,1,1,CONSERVATIVE_MAX_WITH_CONFLICT_FLAG,42595;42596,Drought risk duplicated with conflicting class values; droughtRiskLevel uses conservative maximum and raw values are retained.
NR-MONTHLY-2016-11-301503,2016-11,3015,พิมาย,301503,โบสถ์,NR-RESEARCH-AREA-213,213,Phimai,Bot,0;1,0,1,1,CONSERVATIVE_MAX_WITH_CONFLICT_FLAG,42828;42829,Drought risk duplicated with conflicting class values; droughtRiskLevel uses conservative maximum and raw values are retained.
NR-MONTHLY-2016-11-301504,2016-11,3015,พิมาย,301504,กระเบื้องใหญ่,NR-RESEARCH-AREA-214,214,Phimai,Krabueang Yai,0;1,0,1,1,CONSERVATIVE_MAX_WITH_CONFLICT_FLAG,43058;43059,Drought risk duplicated with conflicting class values; droughtRiskLevel uses conservative maximum and raw values are retained.
NR-MONTHLY-2016-11-301506,2016-11,3015,พิมาย,301506,รังกาใหญ่,NR-RESEARCH-AREA-216,216,Phimai,Rang Ka Yai,0;1,0,1,1,CONSERVATIVE_MAX_WITH_CONFLICT_FLAG,43522;43523,Drought risk duplicated with conflicting class values; droughtRiskLevel uses conservative maximum and raw values are retained.
NR-MONTHLY-2016-11-301507,2016-11,3015,พิมาย,301507,ชีวาน,NR-RESEARCH-AREA-217,217,Phimai,Chiwan,0;1,0,1,1,CONSERVATIVE_MAX_WITH_CONFLICT_FLAG,43753;43754,Drought risk duplicated with conflicting class values; droughtRiskLevel uses conservative maximum and raw values are retained.
NR-MONTHLY-2016-11-301509,2016-11,3015,พิมาย,301509,กระชอน,NR-RESEARCH-AREA-219,219,Phimai,Krachon,0;1,0,1,1,CONSERVATIVE_MAX_WITH_CONFLICT_FLAG,44216;44217,Drought risk duplicated with conflicting class values; droughtRiskLevel uses conservative maximum and raw values are retained.
NR-MONTHLY-2016-11-301601,2016-11,3016,ห้วยแถลง,301601,ห้วยแถลง,NR-RESEARCH-AREA-279,279,Huai Thalaeng,Huai Thalaeng,0;1,0,1,1,CONSERVATIVE_MAX_WITH_CONFLICT_FLAG,56433;56434,Drought risk duplicated with conflicting class values; droughtRiskLevel uses conservative maximum and raw values are retained.
NR-MONTHLY-2016-11-301602,2016-11,3016,ห้วยแถลง,301602,ทับสวาย,NR-RESEARCH-AREA-280,280,Huai Thalaeng,Thap Sawai,0;1,0,1,1,CONSERVATIVE_MAX_WITH_CONFLICT_FLAG,56624;56625,Drought risk duplicated with conflicting class values; droughtRiskLevel uses conservative maximum and raw values are retained.
NR-MONTHLY-2016-11-301603,2016-11,3016,ห้วยแถลง,301603,เมืองพลับพลา,NR-RESEARCH-AREA-281,281,Huai Thalaeng,Mueang Phlapphla,0;1,0,1,1,CONSERVATIVE_MAX_WITH_CONFLICT_FLAG,56815;56816,Drought risk duplicated with conflicting class values; droughtRiskLevel uses conservative maximum and raw values are retained.
NR-MONTHLY-2016-11-301604,2016-11,3016,ห้วยแถลง,301604,หลุ่งตะเคียน,NR-RESEARCH-AREA-282,282,Huai Thalaeng,Lung Takhian,0;1,0,1,1,CONSERVATIVE_MAX_WITH_CONFLICT_FLAG,57006;57007,Drought risk duplicated with conflicting class values; droughtRiskLevel uses conservative maximum and raw values are retained.
NR-MONTHLY-2016-11-301605,2016-11,3016,ห้วยแถลง,301605,หินดาด,NR-RESEARCH-AREA-283,283,Huai Thalaeng,Hin Dat,0;1,0,1,1,CONSERVATIVE_MAX_WITH_CONFLICT_FLAG,57197;57198,Drought risk duplicated with conflicting class values; droughtRiskLevel uses conservative maximum and raw values are retained.
NR-MONTHLY-2016-11-301606,2016-11,3016,ห้วยแถลง,301606,งิ้ว,NR-RESEARCH-AREA-284,284,Huai Thalaeng,Ngio,0;1,0,1,1,CONSERVATIVE_MAX_WITH_CONFLICT_FLAG,57388;57389,Drought risk duplicated with conflicting class values; droughtRiskLevel uses conservative maximum and raw values are retained.
NR-MONTHLY-2016-11-301607,2016-11,3016,ห้วยแถลง,301607,กงรถ,NR-RESEARCH-AREA-285,285,Huai Thalaeng,Kong Rot,0;1,0,1,1,CONSERVATIVE_MAX_WITH_CONFLICT_FLAG,57579;57580,Drought risk duplicated with conflicting class values; droughtRiskLevel uses conservative maximum and raw values are retained.
NR-MONTHLY-2016-11-301608,2016-11,3016,ห้วยแถลง,301608,หลุ่งประดู่,NR-RESEARCH-AREA-286,286,Huai Thalaeng,Lung Pradu,0;1,0,1,1,CONSERVATIVE_MAX_WITH_CONFLICT_FLAG,57770;57771,Drought risk duplicated with conflicting class values; droughtRiskLevel uses conservative maximum and raw values are retained.
NR-MONTHLY-2016-11-301609,2016-11,3016,ห้วยแถลง,301609,ตะโก,NR-RESEARCH-AREA-287,287,Huai Thalaeng,Tako,0;1,0,1,1,CONSERVATIVE_MAX_WITH_CONFLICT_FLAG,57961;57962,Drought risk duplicated with conflicting class values; droughtRiskLevel uses conservative maximum and raw values are retained.
NR-MONTHLY-2016-11-301610,2016-11,3016,ห้วยแถลง,301610,ห้วยแคน,NR-RESEARCH-AREA-288,288,Huai Thalaeng,Huai Khaen,0;1,0,1,1,CONSERVATIVE_MAX_WITH_CONFLICT_FLAG,58151;58152,Drought risk duplicated with conflicting class values; droughtRiskLevel uses conservative maximum and raw values are retained.
NR-MONTHLY-2016-11-301702,2016-11,3017,ชุมพวง,301702,ประสุข,NR-RESEARCH-AREA-078,78,Chum Phuang,Prasuk,0;1,0,1,1,CONSERVATIVE_MAX_WITH_CONFLICT_FLAG,15458;15459,Drought risk duplicated with conflicting class values; droughtRiskLevel uses conservative maximum and raw values are retained.
NR-MONTHLY-2016-11-301703,2016-11,3017,ชุมพวง,301703,ท่าลาด,NR-RESEARCH-AREA-079,79,Chum Phuang,Tha Lat,0;1,0,1,1,CONSERVATIVE_MAX_WITH_CONFLICT_FLAG,15691;15692,Drought risk duplicated with conflicting class values; droughtRiskLevel uses conservative maximum and raw values are retained.
NR-MONTHLY-2016-11-301704,2016-11,3017,ชุมพวง,301704,สาหร่าย,NR-RESEARCH-AREA-080,80,Chum Phuang,Sarai,0;1,0,1,1,CONSERVATIVE_MAX_WITH_CONFLICT_FLAG,15921;15922,Drought risk duplicated with conflicting class values; droughtRiskLevel uses conservative maximum and raw values are retained.
NR-MONTHLY-2016-11-301705,2016-11,3017,ชุมพวง,301705,ตลาดไทร,NR-RESEARCH-AREA-081,81,Chum Phuang,Talat Sai,0;1,0,1,1,CONSERVATIVE_MAX_WITH_CONFLICT_FLAG,16147;16148,Drought risk duplicated with conflicting class values; droughtRiskLevel uses conservative maximum and raw values are retained.
NR-MONTHLY-2016-11-301710,2016-11,3017,ชุมพวง,301710,โนนรัง,NR-RESEARCH-AREA-082,82,Chum Phuang,Non Rang,0;1,0,1,1,CONSERVATIVE_MAX_WITH_CONFLICT_FLAG,16377;16378,Drought risk duplicated with conflicting class values; droughtRiskLevel uses conservative maximum and raw values are retained.
NR-MONTHLY-2016-11-301716,2016-11,3017,ชุมพวง,301716,โนนตูม,NR-RESEARCH-AREA-084,84,Chum Phuang,Non Tum,0;1,0,1,1,CONSERVATIVE_MAX_WITH_CONFLICT_FLAG,16831;16832,Drought risk duplicated with conflicting class values; droughtRiskLevel uses conservative maximum and raw values are retained.
NR-MONTHLY-2016-11-301903,2016-11,3019,ขามทะเลสอ,301903,พันดุง,NR-RESEARCH-AREA-032,32,Kham Thale So,Phan Dung,0;1,0,1,1,CONSERVATIVE_MAX_WITH_CONFLICT_FLAG,6059;6060,Drought risk duplicated with conflicting class values; droughtRiskLevel uses conservative maximum and raw values are retained.
NR-MONTHLY-2016-11-302012,2016-11,3020,สีคิ้ว,302012,หนองบัวน้อย,NR-RESEARCH-AREA-247,247,Si Khio,Nong Bua Noi,0;1,0,1,1,CONSERVATIVE_MAX_WITH_CONFLICT_FLAG,49850;49851,Drought risk duplicated with conflicting class values; droughtRiskLevel uses conservative maximum and raw values are retained.
NR-MONTHLY-2016-11-302302,2016-11,3023,แก้งสนามนาง,302302,โนนสำราญ,NR-RESEARCH-AREA-026,26,Kaeng Sanam Nang,Non Samran,0;1,0,1,1,CONSERVATIVE_MAX_WITH_CONFLICT_FLAG,4864;4865,Drought risk duplicated with conflicting class values; droughtRiskLevel uses conservative maximum and raw values are retained.
NR-MONTHLY-2016-11-302303,2016-11,3023,แก้งสนามนาง,302303,บึงพะไล,NR-RESEARCH-AREA-027,27,Kaeng Sanam Nang,Bueng Phalai,0;1,0,1,1,CONSERVATIVE_MAX_WITH_CONFLICT_FLAG,5063;5064,Drought risk duplicated with conflicting class values; droughtRiskLevel uses conservative maximum and raw values are retained.
NR-MONTHLY-2016-11-302304,2016-11,3023,แก้งสนามนาง,302304,สีสุก,NR-RESEARCH-AREA-028,28,Kaeng Sanam Nang,Si Suk,0;1,0,1,1,CONSERVATIVE_MAX_WITH_CONFLICT_FLAG,5263;5264,Drought risk duplicated with conflicting class values; droughtRiskLevel uses conservative maximum and raw values are retained.
NR-MONTHLY-2016-11-302305,2016-11,3023,แก้งสนามนาง,302305,บึงสำโรง,NR-RESEARCH-AREA-029,29,Kaeng Sanam Nang,Bueng Samrong,0;1,0,1,1,CONSERVATIVE_MAX_WITH_CONFLICT_FLAG,5464;5465,Drought risk duplicated with conflicting class values; droughtRiskLevel uses conservative maximum and raw values are retained.
NR-MONTHLY-2016-11-302401,2016-11,3024,โนนแดง,302401,โนนแดง,NR-RESEARCH-AREA-116,116,Non Daeng,Non Daeng,0;1,0,1,1,CONSERVATIVE_MAX_WITH_CONFLICT_FLAG,23383;23384,Drought risk duplicated with conflicting class values; droughtRiskLevel uses conservative maximum and raw values are retained.
NR-MONTHLY-2016-11-302402,2016-11,3024,โนนแดง,302402,โนนตาเถร,NR-RESEARCH-AREA-117,117,Non Daeng,Non Ta Then,0;1,0,1,1,CONSERVATIVE_MAX_WITH_CONFLICT_FLAG,23615;23616,Drought risk duplicated with conflicting class values; droughtRiskLevel uses conservative maximum and raw values are retained.
NR-MONTHLY-2016-11-302404,2016-11,3024,โนนแดง,302404,วังหิน,NR-RESEARCH-AREA-119,119,Non Daeng,Wang Hin,0;1,0,1,1,CONSERVATIVE_MAX_WITH_CONFLICT_FLAG,24076;24077,Drought risk duplicated with conflicting class values; droughtRiskLevel uses conservative maximum and raw values are retained.
NR-MONTHLY-2016-11-302405,2016-11,3024,โนนแดง,302405,ดอนยาวใหญ่,NR-RESEARCH-AREA-120,120,Non Daeng,Don Yao Yai,0;1,0,1,1,CONSERVATIVE_MAX_WITH_CONFLICT_FLAG,24306;24307,Drought risk duplicated with conflicting class values; droughtRiskLevel uses conservative maximum and raw values are retained.
NR-MONTHLY-2016-11-302701,2016-11,3027,เมืองยาง,302701,เมืองยาง,NR-RESEARCH-AREA-223,223,Mueang Yang,Mueang Yang,0;1,0,1,1,CONSERVATIVE_MAX_WITH_CONFLICT_FLAG,45144;45145,Drought risk duplicated with conflicting class values; droughtRiskLevel uses conservative maximum and raw values are retained.
NR-MONTHLY-2016-11-302703,2016-11,3027,เมืองยาง,302703,ละหานปลาค้าว,NR-RESEARCH-AREA-225,225,Mueang Yang,Lahan Pla Khao,0;1,0,1,1,CONSERVATIVE_MAX_WITH_CONFLICT_FLAG,45545;45546,Drought risk duplicated with conflicting class values; droughtRiskLevel uses conservative maximum and raw values are retained.
NR-MONTHLY-2016-11-302704,2016-11,3027,เมืองยาง,302704,โนนอุดม,NR-RESEARCH-AREA-226,226,Mueang Yang,Non Udom,0;1,0,1,1,CONSERVATIVE_MAX_WITH_CONFLICT_FLAG,45745;45746,Drought risk duplicated with conflicting class values; droughtRiskLevel uses conservative maximum and raw values are retained.
NR-MONTHLY-2016-11-302801,2016-11,3028,พระทองคำ,302801,สระพระ,NR-RESEARCH-AREA-206,206,Phra Thong Kham,Sa Phra,0;1,0,1,1,CONSERVATIVE_MAX_WITH_CONFLICT_FLAG,41374;41375,Drought risk duplicated with conflicting class values; droughtRiskLevel uses conservative maximum and raw values are retained.
NR-MONTHLY-2016-11-302802,2016-11,3028,พระทองคำ,302802,มาบกราด,NR-RESEARCH-AREA-207,207,Phra Thong Kham,Map Krat,0;1,0,1,1,CONSERVATIVE_MAX_WITH_CONFLICT_FLAG,41571;41572,Drought risk duplicated with conflicting class values; droughtRiskLevel uses conservative maximum and raw values are retained.
NR-MONTHLY-2016-11-302803,2016-11,3028,พระทองคำ,302803,พังเทียม,NR-RESEARCH-AREA-208,208,Phra Thong Kham,Phang Thiam,0;1,0,1,1,CONSERVATIVE_MAX_WITH_CONFLICT_FLAG,41768;41769,Drought risk duplicated with conflicting class values; droughtRiskLevel uses conservative maximum and raw values are retained.
NR-MONTHLY-2016-11-302901,2016-11,3029,ลำทะเมนชัย,302901,ขุย,NR-RESEARCH-AREA-227,227,Lamtaman Chai,Khui,0;1,0,1,1,CONSERVATIVE_MAX_WITH_CONFLICT_FLAG,45947;45948,Drought risk duplicated with conflicting class values; droughtRiskLevel uses conservative maximum and raw values are retained.
NR-MONTHLY-2016-11-302902,2016-11,3029,ลำทะเมนชัย,302902,บ้านยาง,NR-RESEARCH-AREA-228,228,Lamtaman Chai,Ban Yang,0;1,0,1,1,CONSERVATIVE_MAX_WITH_CONFLICT_FLAG,46162;46163,Drought risk duplicated with conflicting class values; droughtRiskLevel uses conservative maximum and raw values are retained.
NR-MONTHLY-2016-11-302903,2016-11,3029,ลำทะเมนชัย,302903,ช่องแมว,NR-RESEARCH-AREA-229,229,Lamtaman Chai,Chong Maeo,0;1,0,1,1,CONSERVATIVE_MAX_WITH_CONFLICT_FLAG,46375;46376,Drought risk duplicated with conflicting class values; droughtRiskLevel uses conservative maximum and raw values are retained.
NR-MONTHLY-2016-11-302904,2016-11,3029,ลำทะเมนชัย,302904,ไพล,NR-RESEARCH-AREA-230,230,Lamtaman Chai,Phrai,0;1,0,1,1,CONSERVATIVE_MAX_WITH_CONFLICT_FLAG,46587;46588,Drought risk duplicated with conflicting class values; droughtRiskLevel uses conservative maximum and raw values are retained.
NR-MONTHLY-2016-11-303201,2016-11,3032,เฉลิมพระเกียรติ,303201,ช้างทอง,NR-RESEARCH-AREA-072,72,Chaloem Phra Kiet,Chang Thong,0;1,0,1,1,CONSERVATIVE_MAX_WITH_CONFLICT_FLAG,14209;14210,Drought risk duplicated with conflicting class values; droughtRiskLevel uses conservative maximum and raw values are retained.
NR-MONTHLY-2016-11-303203,2016-11,3032,เฉลิมพระเกียรติ,303203,พระพุทธ,NR-RESEARCH-AREA-074,74,Chaloem Phra Kiet,Phraphut,0;1,0,1,1,CONSERVATIVE_MAX_WITH_CONFLICT_FLAG,14618;14619,Drought risk duplicated with conflicting class values; droughtRiskLevel uses conservative maximum and raw values are retained.
NR-MONTHLY-2016-11-303204,2016-11,3032,เฉลิมพระเกียรติ,303204,หนองงูเหลือม,NR-RESEARCH-AREA-075,75,Chaloem Phra Kiet,Nong Ngu Lueam,0;1,0,1,1,CONSERVATIVE_MAX_WITH_CONFLICT_FLAG,14822;14823,Drought risk duplicated with conflicting class values; droughtRiskLevel uses conservative maximum and raw values are retained.
NR-MONTHLY-2016-12-300801,2016-12,3008,ด่านขุนทด,300801,กุดพิมาน,NR-RESEARCH-AREA-096,96,Dan Khun Thot,Kut Phiman,0;1,0,1,1,CONSERVATIVE_MAX_WITH_CONFLICT_FLAG,19276;19277,Drought risk duplicated with conflicting class values; droughtRiskLevel uses conservative maximum and raw values are retained.
NR-MONTHLY-2016-12-300802,2016-12,3008,ด่านขุนทด,300802,ด่านขุนทด,NR-RESEARCH-AREA-097,97,Dan Khun Thot,Dan Khun Thot,0;1,0,1,1,CONSERVATIVE_MAX_WITH_CONFLICT_FLAG,19488;19489,Drought risk duplicated with conflicting class values; droughtRiskLevel uses conservative maximum and raw values are retained.
NR-MONTHLY-2016-12-300805,2016-12,3008,ด่านขุนทด,300805,ตะเคียน,NR-RESEARCH-AREA-100,100,Dan Khun Thot,Takhian,0;1,0,1,1,CONSERVATIVE_MAX_WITH_CONFLICT_FLAG,20122;20123,Drought risk duplicated with conflicting class values; droughtRiskLevel uses conservative maximum and raw values are retained.
NR-MONTHLY-2016-12-300806,2016-12,3008,ด่านขุนทด,300806,บ้านเก่า,NR-RESEARCH-AREA-101,101,Dan Khun Thot,Ban Kao,0;1,0,1,1,CONSERVATIVE_MAX_WITH_CONFLICT_FLAG,20334;20335,Drought risk duplicated with conflicting class values; droughtRiskLevel uses conservative maximum and raw values are retained.
NR-MONTHLY-2016-12-300807,2016-12,3008,ด่านขุนทด,300807,บ้านแปรง,NR-RESEARCH-AREA-102,102,Dan Khun Thot,Ban Praeng,0;1,0,1,1,CONSERVATIVE_MAX_WITH_CONFLICT_FLAG,20545;20546,Drought risk duplicated with conflicting class values; droughtRiskLevel uses conservative maximum and raw values are retained.
NR-MONTHLY-2016-12-300808,2016-12,3008,ด่านขุนทด,300808,พันชนะ,NR-RESEARCH-AREA-103,103,Dan Khun Thot,Phan Chana,0;1,0,1,1,CONSERVATIVE_MAX_WITH_CONFLICT_FLAG,20757;20758,Drought risk duplicated with conflicting class values; droughtRiskLevel uses conservative maximum and raw values are retained.
NR-MONTHLY-2016-12-300810,2016-12,3008,ด่านขุนทด,300810,หนองกราด,NR-RESEARCH-AREA-105,105,Dan Khun Thot,Nong Krat,0;1,0,1,1,CONSERVATIVE_MAX_WITH_CONFLICT_FLAG,21177;21178,Drought risk duplicated with conflicting class values; droughtRiskLevel uses conservative maximum and raw values are retained.
NR-MONTHLY-2016-12-300813,2016-12,3008,ด่านขุนทด,300813,หินดาด,NR-RESEARCH-AREA-108,108,Dan Khun Thot,Hin Dat,0;1,0,1,1,CONSERVATIVE_MAX_WITH_CONFLICT_FLAG,21804;21805,Drought risk duplicated with conflicting class values; droughtRiskLevel uses conservative maximum and raw values are retained.
NR-MONTHLY-2016-12-301502,2016-12,3015,พิมาย,301502,สัมฤทธิ์,NR-RESEARCH-AREA-212,212,Phimai,Samrit,0;1,0,1,1,CONSERVATIVE_MAX_WITH_CONFLICT_FLAG,42597;42598,Drought risk duplicated with conflicting class values; droughtRiskLevel uses conservative maximum and raw values are retained.
NR-MONTHLY-2016-12-301504,2016-12,3015,พิมาย,301504,กระเบื้องใหญ่,NR-RESEARCH-AREA-214,214,Phimai,Krabueang Yai,0;1,0,1,1,CONSERVATIVE_MAX_WITH_CONFLICT_FLAG,43060;43061,Drought risk duplicated with conflicting class values; droughtRiskLevel uses conservative maximum and raw values are retained.
NR-MONTHLY-2016-12-301507,2016-12,3015,พิมาย,301507,ชีวาน,NR-RESEARCH-AREA-217,217,Phimai,Chiwan,0;1,0,1,1,CONSERVATIVE_MAX_WITH_CONFLICT_FLAG,43755;43756,Drought risk duplicated with conflicting class values; droughtRiskLevel uses conservative maximum and raw values are retained.
NR-MONTHLY-2016-12-301509,2016-12,3015,พิมาย,301509,กระชอน,NR-RESEARCH-AREA-219,219,Phimai,Krachon,0;1,0,1,1,CONSERVATIVE_MAX_WITH_CONFLICT_FLAG,44218;44219,Drought risk duplicated with conflicting class values; droughtRiskLevel uses conservative maximum and raw values are retained.
NR-MONTHLY-2016-12-301904,2016-12,3019,ขามทะเลสอ,301904,หนองสรวง,NR-RESEARCH-AREA-033,33,Kham Thale So,Nong Suang,1;2,1,2,2,CONSERVATIVE_MAX_WITH_CONFLICT_FLAG,6256;6257,Drought risk duplicated with conflicting class values; droughtRiskLevel uses conservative maximum and raw values are retained.
NR-MONTHLY-2016-12-302001,2016-12,3020,สีคิ้ว,302001,สีคิ้ว,NR-RESEARCH-AREA-236,236,Si Khio,Sikhio,0;1,0,1,1,CONSERVATIVE_MAX_WITH_CONFLICT_FLAG,47715;47716,Drought risk duplicated with conflicting class values; droughtRiskLevel uses conservative maximum and raw values are retained.
NR-MONTHLY-2016-12-302002,2016-12,3020,สีคิ้ว,302002,บ้านหัน,NR-RESEARCH-AREA-237,237,Si Khio,Ban Han,0;1,0,1,1,CONSERVATIVE_MAX_WITH_CONFLICT_FLAG,47912;47913,Drought risk duplicated with conflicting class values; droughtRiskLevel uses conservative maximum and raw values are retained.
NR-MONTHLY-2016-12-302003,2016-12,3020,สีคิ้ว,302003,กฤษณา,NR-RESEARCH-AREA-238,238,Si Khio,Kritsana,0;1,0,1,1,CONSERVATIVE_MAX_WITH_CONFLICT_FLAG,48109;48110,Drought risk duplicated with conflicting class values; droughtRiskLevel uses conservative maximum and raw values are retained.
NR-MONTHLY-2016-12-302004,2016-12,3020,สีคิ้ว,302004,ลาดบัวขาว,NR-RESEARCH-AREA-239,239,Si Khio,Lat Bua Khao,0;1,0,1,1,CONSERVATIVE_MAX_WITH_CONFLICT_FLAG,48302;48303,Drought risk duplicated with conflicting class values; droughtRiskLevel uses conservative maximum and raw values are retained.
NR-MONTHLY-2016-12-302005,2016-12,3020,สีคิ้ว,302005,หนองหญ้าขาว,NR-RESEARCH-AREA-240,240,Si Khio,Nong Ya Khao,0;1,0,1,1,CONSERVATIVE_MAX_WITH_CONFLICT_FLAG,48497;48498,Drought risk duplicated with conflicting class values; droughtRiskLevel uses conservative maximum and raw values are retained.
NR-MONTHLY-2016-12-302006,2016-12,3020,สีคิ้ว,302006,กุดน้อย,NR-RESEARCH-AREA-241,241,Si Khio,Kut Noi,0;1,0,1,1,CONSERVATIVE_MAX_WITH_CONFLICT_FLAG,48690;48691,Drought risk duplicated with conflicting class values; droughtRiskLevel uses conservative maximum and raw values are retained.
NR-MONTHLY-2016-12-302007,2016-12,3020,สีคิ้ว,302007,หนองน้ำใส,NR-RESEARCH-AREA-242,242,Si Khio,Nong Nam Sai,0;1,0,1,1,CONSERVATIVE_MAX_WITH_CONFLICT_FLAG,48884;48885,Drought risk duplicated with conflicting class values; droughtRiskLevel uses conservative maximum and raw values are retained.
NR-MONTHLY-2016-12-302008,2016-12,3020,สีคิ้ว,302008,วังโรงใหญ่,NR-RESEARCH-AREA-243,243,Si Khio,Wang Rong Yai,0;1,0,1,1,CONSERVATIVE_MAX_WITH_CONFLICT_FLAG,49079;49080,Drought risk duplicated with conflicting class values; droughtRiskLevel uses conservative maximum and raw values are retained.
NR-MONTHLY-2016-12-302010,2016-12,3020,สีคิ้ว,302010,คลองไผ่,NR-RESEARCH-AREA-245,245,Si Khio,Khlong Phai,0;1,0,1,1,CONSERVATIVE_MAX_WITH_CONFLICT_FLAG,49468;49469,Drought risk duplicated with conflicting class values; droughtRiskLevel uses conservative maximum and raw values are retained.
NR-MONTHLY-2016-12-302011,2016-12,3020,สีคิ้ว,302011,ดอนเมือง,NR-RESEARCH-AREA-246,246,Si Khio,Don Mueang,0;1,0,1,1,CONSERVATIVE_MAX_WITH_CONFLICT_FLAG,49657;49658,Drought risk duplicated with conflicting class values; droughtRiskLevel uses conservative maximum and raw values are retained.
NR-MONTHLY-2016-12-303202,2016-12,3032,เฉลิมพระเกียรติ,303202,ท่าช้าง,NR-RESEARCH-AREA-073,73,Chaloem Phra Kiet,Tha Chang,0;1,0,1,1,CONSERVATIVE_MAX_WITH_CONFLICT_FLAG,14417;14418,Drought risk duplicated with conflicting class values; droughtRiskLevel uses conservative maximum and raw values are retained.
NR-MONTHLY-2017-06-300908,2017-06,3009,โนนไทย,300908,สายออ,NR-RESEARCH-AREA-128,128,Non Thai,Sai-O,0;1,0,1,1,CONSERVATIVE_MAX_WITH_CONFLICT_FLAG,26033;26034,Drought risk duplicated with conflicting class values; droughtRiskLevel uses conservative maximum and raw values are retained.
NR-MONTHLY-2017-07-301405,2017-07,3014,ปักธงชัย,301405,ตะขบ,NR-RESEARCH-AREA-182,182,Pak Thong Chai,Takhop,0;1,0,1,1,CONSERVATIVE_MAX_WITH_CONFLICT_FLAG,36952;36953,Drought risk duplicated with conflicting class values; droughtRiskLevel uses conservative maximum and raw values are retained.
NR-MONTHLY-2017-07-301417,2017-07,3014,ปักธงชัย,301417,ธงชัยเหนือ,NR-RESEARCH-AREA-190,190,Pak Thong Chai,Thong Chai Nuea,0;1,0,1,1,CONSERVATIVE_MAX_WITH_CONFLICT_FLAG,38630;38631,Drought risk duplicated with conflicting class values; droughtRiskLevel uses conservative maximum and raw values are retained.
NR-MONTHLY-2017-07-302102,2017-07,3021,ปากช่อง,302102,กลางดง,NR-RESEARCH-AREA-195,195,Pak Chong,Klang Dong,0;1,0,1,1,CONSERVATIVE_MAX_WITH_CONFLICT_FLAG,39581;39582,Drought risk duplicated with conflicting class values; droughtRiskLevel uses conservative maximum and raw values are retained.
NR-MONTHLY-2017-07-302110,2017-07,3021,ปากช่อง,302110,หนองน้ำแดง,NR-RESEARCH-AREA-203,203,Pak Chong,Nong Nam Daeng,0;1,0,1,1,CONSERVATIVE_MAX_WITH_CONFLICT_FLAG,40895;40896,Drought risk duplicated with conflicting class values; droughtRiskLevel uses conservative maximum and raw values are retained.
NR-MONTHLY-2017-08-300501,2017-08,3005,บ้านเหลื่อม,300501,บ้านเหลื่อม,NR-RESEARCH-AREA-161,161,Ban Lueam,Ban Lueam,0;1,0,1,1,CONSERVATIVE_MAX_WITH_CONFLICT_FLAG,32703;32704,Drought risk duplicated with conflicting class values; droughtRiskLevel uses conservative maximum and raw values are retained.
NR-MONTHLY-2017-08-302206,2017-08,3022,หนองบุญมาก,302206,หนองตะไก้,NR-RESEARCH-AREA-275,275,Nong Bunmak,Nong Takai,0;1,0,1,1,CONSERVATIVE_MAX_WITH_CONFLICT_FLAG,55576;55577,Drought risk duplicated with conflicting class values; droughtRiskLevel uses conservative maximum and raw values are retained.
NR-MONTHLY-2017-09-300102,2017-09,3001,เมืองนครราชสีมา,300102,โพธิ์กลาง,NR-RESEARCH-AREA-001,1,Mueang Nakhon Ratchasima,Pho Klang,0;1,0,1,1,CONSERVATIVE_MAX_WITH_CONFLICT_FLAG,175;176,Drought risk duplicated with conflicting class values; droughtRiskLevel uses conservative maximum and raw values are retained.
NR-MONTHLY-2017-09-300111,2017-09,3001,เมืองนครราชสีมา,300111,หัวทะเล,NR-RESEARCH-AREA-010,10,Mueang Nakhon Ratchasima,Hua Thale,0;1,0,1,1,CONSERVATIVE_MAX_WITH_CONFLICT_FLAG,1825;1826,Drought risk duplicated with conflicting class values; droughtRiskLevel uses conservative maximum and raw values are retained.
NR-MONTHLY-2017-09-300115,2017-09,3001,เมืองนครราชสีมา,300115,บ้านโพธิ์,NR-RESEARCH-AREA-014,14,Mueang Nakhon Ratchasima,Ban Pho,0;1,0,1,1,CONSERVATIVE_MAX_WITH_CONFLICT_FLAG,2595;2596,Drought risk duplicated with conflicting class values; droughtRiskLevel uses conservative maximum and raw values are retained.
NR-MONTHLY-2017-09-300118,2017-09,3001,เมืองนครราชสีมา,300118,ไชยมงคล,NR-RESEARCH-AREA-017,17,Mueang Nakhon Ratchasima,Chai Mongkhon,0;1,0,1,1,CONSERVATIVE_MAX_WITH_CONFLICT_FLAG,3163;3164,Drought risk duplicated with conflicting class values; droughtRiskLevel uses conservative maximum and raw values are retained.
NR-MONTHLY-2017-09-300125,2017-09,3001,เมืองนครราชสีมา,300125,หนองไข่น้ำ,NR-RESEARCH-AREA-024,24,Mueang Nakhon Ratchasima,Nong Khai Nam,0;1,0,1,1,CONSERVATIVE_MAX_WITH_CONFLICT_FLAG,4483;4484,Drought risk duplicated with conflicting class values; droughtRiskLevel uses conservative maximum and raw values are retained.
NR-MONTHLY-2017-09-300206,2017-09,3002,ครบุรี,300206,มาบตะโกเอน,NR-RESEARCH-AREA-057,57,Khon Buri,Map Tako En,0;1,0,1,1,CONSERVATIVE_MAX_WITH_CONFLICT_FLAG,11235;11236,Drought risk duplicated with conflicting class values; droughtRiskLevel uses conservative maximum and raw values are retained.
NR-MONTHLY-2017-09-300404,2017-09,3004,คง,300404,ตาจั่น,NR-RESEARCH-AREA-045,45,Khong,Ta Chan,0;1,0,1,1,CONSERVATIVE_MAX_WITH_CONFLICT_FLAG,8902;8903,Drought risk duplicated with conflicting class values; droughtRiskLevel uses conservative maximum and raw values are retained.
NR-MONTHLY-2017-09-300407,2017-09,3004,คง,300407,หนองบัว,NR-RESEARCH-AREA-048,48,Khong,Nong Bua,0;1,0,1,1,CONSERVATIVE_MAX_WITH_CONFLICT_FLAG,9493;9494,Drought risk duplicated with conflicting class values; droughtRiskLevel uses conservative maximum and raw values are retained.
NR-MONTHLY-2017-09-300408,2017-09,3004,คง,300408,โนนเต็ง,NR-RESEARCH-AREA-049,49,Khong,Non Teng,0;1,0,1,1,CONSERVATIVE_MAX_WITH_CONFLICT_FLAG,9697;9698,Drought risk duplicated with conflicting class values; droughtRiskLevel uses conservative maximum and raw values are retained.
NR-MONTHLY-2017-09-300503,2017-09,3005,บ้านเหลื่อม,300503,โคกกระเบื้อง,NR-RESEARCH-AREA-163,163,Ban Lueam,Khok Krabueang,0;1,0,1,1,CONSERVATIVE_MAX_WITH_CONFLICT_FLAG,33098;33099,Drought risk duplicated with conflicting class values; droughtRiskLevel uses conservative maximum and raw values are retained.
NR-MONTHLY-2017-09-300601,2017-09,3006,จักราช,300601,จักราช,NR-RESEARCH-AREA-064,64,Chakkarat,Chakkarat,0;1,0,1,1,CONSERVATIVE_MAX_WITH_CONFLICT_FLAG,12556;12557,Drought risk duplicated with conflicting class values; droughtRiskLevel uses conservative maximum and raw values are retained.
NR-MONTHLY-2017-09-300605,2017-09,3006,จักราช,300605,หนองขาม,NR-RESEARCH-AREA-067,67,Chakkarat,Nong Kham,0;1,0,1,1,CONSERVATIVE_MAX_WITH_CONFLICT_FLAG,13185;13186,Drought risk duplicated with conflicting class values; droughtRiskLevel uses conservative maximum and raw values are retained.
NR-MONTHLY-2017-09-300607,2017-09,3006,จักราช,300607,หนองพลวง,NR-RESEARCH-AREA-068,68,Chakkarat,Nong Phluang,0;1,0,1,1,CONSERVATIVE_MAX_WITH_CONFLICT_FLAG,13395;13396,Drought risk duplicated with conflicting class values; droughtRiskLevel uses conservative maximum and raw values are retained.
NR-MONTHLY-2017-09-300610,2017-09,3006,จักราช,300610,ศรีละกอ,NR-RESEARCH-AREA-069,69,Chakkarat,Si Lako,0;1,0,1,1,CONSERVATIVE_MAX_WITH_CONFLICT_FLAG,13603;13604,Drought risk duplicated with conflicting class values; droughtRiskLevel uses conservative maximum and raw values are retained.
NR-MONTHLY-2017-09-300611,2017-09,3006,จักราช,300611,คลองเมือง,NR-RESEARCH-AREA-070,70,Chakkarat,Khlong Mueang,0;1,0,1,1,CONSERVATIVE_MAX_WITH_CONFLICT_FLAG,13812;13813,Drought risk duplicated with conflicting class values; droughtRiskLevel uses conservative maximum and raw values are retained.
NR-MONTHLY-2017-09-300706,2017-09,3007,โชคชัย,300706,ท่าจะหลุง,NR-RESEARCH-AREA-091,91,Chok Chai,Tha Chalung,0;1,0,1,1,CONSERVATIVE_MAX_WITH_CONFLICT_FLAG,18295;18296,Drought risk duplicated with conflicting class values; droughtRiskLevel uses conservative maximum and raw values are retained.
NR-MONTHLY-2017-09-300709,2017-09,3007,โชคชัย,300709,ละลมใหม่พัฒนา,NR-RESEARCH-AREA-094,94,Chok Chai,Lalom Mai Phatthana,0;1,0,1,1,CONSERVATIVE_MAX_WITH_CONFLICT_FLAG,18889;18890,Drought risk duplicated with conflicting class values; droughtRiskLevel uses conservative maximum and raw values are retained.
NR-MONTHLY-2017-09-300808,2017-09,3008,ด่านขุนทด,300808,พันชนะ,NR-RESEARCH-AREA-103,103,Dan Khun Thot,Phan Chana,0;1,0,1,1,CONSERVATIVE_MAX_WITH_CONFLICT_FLAG,20769;20770,Drought risk duplicated with conflicting class values; droughtRiskLevel uses conservative maximum and raw values are retained.
NR-MONTHLY-2017-09-300813,2017-09,3008,ด่านขุนทด,300813,หินดาด,NR-RESEARCH-AREA-108,108,Dan Khun Thot,Hin Dat,0;1,0,1,1,CONSERVATIVE_MAX_WITH_CONFLICT_FLAG,21817;21818,Drought risk duplicated with conflicting class values; droughtRiskLevel uses conservative maximum and raw values are retained.
NR-MONTHLY-2017-09-300907,2017-09,3009,โนนไทย,300907,บัลลังก์,NR-RESEARCH-AREA-127,127,Non Thai,Banlang,0;1,0,1,1,CONSERVATIVE_MAX_WITH_CONFLICT_FLAG,25826;25827,Drought risk duplicated with conflicting class values; droughtRiskLevel uses conservative maximum and raw values are retained.
NR-MONTHLY-2017-09-300914,2017-09,3009,โนนไทย,300914,มะค่า,NR-RESEARCH-AREA-130,130,Non Thai,Makha,0;1,0,1,1,CONSERVATIVE_MAX_WITH_CONFLICT_FLAG,26463;26464,Drought risk duplicated with conflicting class values; droughtRiskLevel uses conservative maximum and raw values are retained.
NR-MONTHLY-2017-09-301001,2017-09,3010,โนนสูง,301001,โนนสูง,NR-RESEARCH-AREA-131,131,Non Sung,Non Sung,0;1,0,1,1,CONSERVATIVE_MAX_WITH_CONFLICT_FLAG,26672;26673,Drought risk duplicated with conflicting class values; droughtRiskLevel uses conservative maximum and raw values are retained.
NR-MONTHLY-2017-09-301009,2017-09,3010,โนนสูง,301009,พลสงคราม,NR-RESEARCH-AREA-139,139,Non Sung,Phon Songkhram,0;1,0,1,1,CONSERVATIVE_MAX_WITH_CONFLICT_FLAG,28296;28297,Drought risk duplicated with conflicting class values; droughtRiskLevel uses conservative maximum and raw values are retained.
NR-MONTHLY-2017-09-301106,2017-09,3011,ขามสะแกแสง,301106,หนองหัวฟาน,NR-RESEARCH-AREA-040,40,Kham Sakae Saeng,Nong Hua Fan,0;1,0,1,1,CONSERVATIVE_MAX_WITH_CONFLICT_FLAG,7836;7837,Drought risk duplicated with conflicting class values; droughtRiskLevel uses conservative maximum and raw values are retained.
NR-MONTHLY-2017-09-301417,2017-09,3014,ปักธงชัย,301417,ธงชัยเหนือ,NR-RESEARCH-AREA-190,190,Pak Thong Chai,Thong Chai Nuea,0;1,0,1,1,CONSERVATIVE_MAX_WITH_CONFLICT_FLAG,38634;38635,Drought risk duplicated with conflicting class values; droughtRiskLevel uses conservative maximum and raw values are retained.
NR-MONTHLY-2017-09-301418,2017-09,3014,ปักธงชัย,301418,สุขเกษม,NR-RESEARCH-AREA-191,191,Pak Thong Chai,Suk Kasem,0;1,0,1,1,CONSERVATIVE_MAX_WITH_CONFLICT_FLAG,38843;38844,Drought risk duplicated with conflicting class values; droughtRiskLevel uses conservative maximum and raw values are retained.
NR-MONTHLY-2017-09-301501,2017-09,3015,พิมาย,301501,ในเมือง,NR-RESEARCH-AREA-211,211,Phimai,Nai Mueang,0;1,0,1,1,CONSERVATIVE_MAX_WITH_CONFLICT_FLAG,42378;42379,Drought risk duplicated with conflicting class values; droughtRiskLevel uses conservative maximum and raw values are retained.
NR-MONTHLY-2017-09-301502,2017-09,3015,พิมาย,301502,สัมฤทธิ์,NR-RESEARCH-AREA-212,212,Phimai,Samrit,0;1,0,1,1,CONSERVATIVE_MAX_WITH_CONFLICT_FLAG,42611;42612,Drought risk duplicated with conflicting class values; droughtRiskLevel uses conservative maximum and raw values are retained.
NR-MONTHLY-2017-09-301503,2017-09,3015,พิมาย,301503,โบสถ์,NR-RESEARCH-AREA-213,213,Phimai,Bot,0;1,0,1,1,CONSERVATIVE_MAX_WITH_CONFLICT_FLAG,42843;42844,Drought risk duplicated with conflicting class values; droughtRiskLevel uses conservative maximum and raw values are retained.
NR-MONTHLY-2017-09-301505,2017-09,3015,พิมาย,301505,ท่าหลวง,NR-RESEARCH-AREA-215,215,Phimai,Tha Luang,0;1,0,1,1,CONSERVATIVE_MAX_WITH_CONFLICT_FLAG,43306;43307,Drought risk duplicated with conflicting class values; droughtRiskLevel uses conservative maximum and raw values are retained.
NR-MONTHLY-2017-09-301508,2017-09,3015,พิมาย,301508,นิคมสร้างตนเอง,NR-RESEARCH-AREA-218,218,Phimai,Nikhom Sang Ton-Eng,0;1,0,1,1,CONSERVATIVE_MAX_WITH_CONFLICT_FLAG,44001;44002,Drought risk duplicated with conflicting class values; droughtRiskLevel uses conservative maximum and raw values are retained.
NR-MONTHLY-2017-09-301510,2017-09,3015,พิมาย,301510,ดงใหญ่,NR-RESEARCH-AREA-220,220,Phimai,Dong Yai,0;1,0,1,1,CONSERVATIVE_MAX_WITH_CONFLICT_FLAG,44464;44465,Drought risk duplicated with conflicting class values; droughtRiskLevel uses conservative maximum and raw values are retained.
NR-MONTHLY-2017-09-301511,2017-09,3015,พิมาย,301511,ธารละหลอด,NR-RESEARCH-AREA-221,221,Phimai,Than Lalot,0;1,0,1,1,CONSERVATIVE_MAX_WITH_CONFLICT_FLAG,44696;44697,Drought risk duplicated with conflicting class values; droughtRiskLevel uses conservative maximum and raw values are retained.
NR-MONTHLY-2017-09-301512,2017-09,3015,พิมาย,301512,หนองระเวียง,NR-RESEARCH-AREA-222,222,Mueang Nakhon Ratchasima,Nong Rawiang,0;1,0,1,1,CONSERVATIVE_MAX_WITH_CONFLICT_FLAG,44929;44930,Drought risk duplicated with conflicting class values; droughtRiskLevel uses conservative maximum and raw values are retained.
NR-MONTHLY-2017-09-301602,2017-09,3016,ห้วยแถลง,301602,ทับสวาย,NR-RESEARCH-AREA-280,280,Huai Thalaeng,Thap Sawai,0;1,0,1,1,CONSERVATIVE_MAX_WITH_CONFLICT_FLAG,56638;56639,Drought risk duplicated with conflicting class values; droughtRiskLevel uses conservative maximum and raw values are retained.
NR-MONTHLY-2017-09-301608,2017-09,3016,ห้วยแถลง,301608,หลุ่งประดู่,NR-RESEARCH-AREA-286,286,Huai Thalaeng,Lung Pradu,0;1,0,1,1,CONSERVATIVE_MAX_WITH_CONFLICT_FLAG,57784;57785,Drought risk duplicated with conflicting class values; droughtRiskLevel uses conservative maximum and raw values are retained.
NR-MONTHLY-2017-09-301701,2017-09,3017,ชุมพวง,301701,ชุมพวง,NR-RESEARCH-AREA-077,77,Chum Phuang,Chum Phuang,0;1,0,1,1,CONSERVATIVE_MAX_WITH_CONFLICT_FLAG,15251;15252,Drought risk duplicated with conflicting class values; droughtRiskLevel uses conservative maximum and raw values are retained.
NR-MONTHLY-2017-09-301702,2017-09,3017,ชุมพวง,301702,ประสุข,NR-RESEARCH-AREA-078,78,Chum Phuang,Prasuk,0;1,0,1,1,CONSERVATIVE_MAX_WITH_CONFLICT_FLAG,15474;15475,Drought risk duplicated with conflicting class values; droughtRiskLevel uses conservative maximum and raw values are retained.
NR-MONTHLY-2017-09-301704,2017-09,3017,ชุมพวง,301704,สาหร่าย,NR-RESEARCH-AREA-080,80,Chum Phuang,Sarai,0;1,0,1,1,CONSERVATIVE_MAX_WITH_CONFLICT_FLAG,15937;15938,Drought risk duplicated with conflicting class values; droughtRiskLevel uses conservative maximum and raw values are retained.
NR-MONTHLY-2017-09-301705,2017-09,3017,ชุมพวง,301705,ตลาดไทร,NR-RESEARCH-AREA-081,81,Chum Phuang,Talat Sai,0;1,0,1,1,CONSERVATIVE_MAX_WITH_CONFLICT_FLAG,16163;16164,Drought risk duplicated with conflicting class values; droughtRiskLevel uses conservative maximum and raw values are retained.
NR-MONTHLY-2017-09-301710,2017-09,3017,ชุมพวง,301710,โนนรัง,NR-RESEARCH-AREA-082,82,Chum Phuang,Non Rang,0;1,0,1,1,CONSERVATIVE_MAX_WITH_CONFLICT_FLAG,16393;16394,Drought risk duplicated with conflicting class values; droughtRiskLevel uses conservative maximum and raw values are retained.
NR-MONTHLY-2017-09-301716,2017-09,3017,ชุมพวง,301716,โนนตูม,NR-RESEARCH-AREA-084,84,Chum Phuang,Non Tum,0;1,0,1,1,CONSERVATIVE_MAX_WITH_CONFLICT_FLAG,16847;16848,Drought risk duplicated with conflicting class values; droughtRiskLevel uses conservative maximum and raw values are retained.
NR-MONTHLY-2017-09-301717,2017-09,3017,ชุมพวง,301717,โนนยอ,NR-RESEARCH-AREA-085,85,Chum Phuang,Non Yo,0;1,0,1,1,CONSERVATIVE_MAX_WITH_CONFLICT_FLAG,17077;17078,Drought risk duplicated with conflicting class values; droughtRiskLevel uses conservative maximum and raw values are retained.
NR-MONTHLY-2017-09-301809,2017-09,3018,สูงเนิน,301809,นากลาง,NR-RESEARCH-AREA-261,261,Sung Noen,Na Klang,0;1,0,1,1,CONSERVATIVE_MAX_WITH_CONFLICT_FLAG,52715;52716,Drought risk duplicated with conflicting class values; droughtRiskLevel uses conservative maximum and raw values are retained.
NR-MONTHLY-2017-09-302003,2017-09,3020,สีคิ้ว,302003,กฤษณา,NR-RESEARCH-AREA-238,238,Si Khio,Kritsana,0;1,0,1,1,CONSERVATIVE_MAX_WITH_CONFLICT_FLAG,48121;48122,Drought risk duplicated with conflicting class values; droughtRiskLevel uses conservative maximum and raw values are retained.
NR-MONTHLY-2017-09-302005,2017-09,3020,สีคิ้ว,302005,หนองหญ้าขาว,NR-RESEARCH-AREA-240,240,Si Khio,Nong Ya Khao,0;1,0,1,1,CONSERVATIVE_MAX_WITH_CONFLICT_FLAG,48509;48510,Drought risk duplicated with conflicting class values; droughtRiskLevel uses conservative maximum and raw values are retained.
NR-MONTHLY-2017-09-302010,2017-09,3020,สีคิ้ว,302010,คลองไผ่,NR-RESEARCH-AREA-245,245,Si Khio,Khlong Phai,0;1,0,1,1,CONSERVATIVE_MAX_WITH_CONFLICT_FLAG,49480;49481,Drought risk duplicated with conflicting class values; droughtRiskLevel uses conservative maximum and raw values are retained.
NR-MONTHLY-2017-09-302102,2017-09,3021,ปากช่อง,302102,กลางดง,NR-RESEARCH-AREA-195,195,Pak Chong,Klang Dong,0;1,0,1,1,CONSERVATIVE_MAX_WITH_CONFLICT_FLAG,39585;39586,Drought risk duplicated with conflicting class values; droughtRiskLevel uses conservative maximum and raw values are retained.
NR-MONTHLY-2017-09-302107,2017-09,3021,ปากช่อง,302107,ขนงพระ,NR-RESEARCH-AREA-200,200,Pak Chong,Khanong Phra,0;1,0,1,1,CONSERVATIVE_MAX_WITH_CONFLICT_FLAG,40362;40363,Drought risk duplicated with conflicting class values; droughtRiskLevel uses conservative maximum and raw values are retained.
NR-MONTHLY-2017-09-302109,2017-09,3021,ปากช่อง,302109,คลองม่วง,NR-RESEARCH-AREA-202,202,Pak Chong,Khlong Muang,0;1,0,1,1,CONSERVATIVE_MAX_WITH_CONFLICT_FLAG,40721;40722,Drought risk duplicated with conflicting class values; droughtRiskLevel uses conservative maximum and raw values are retained.
NR-MONTHLY-2017-09-302110,2017-09,3021,ปากช่อง,302110,หนองน้ำแดง,NR-RESEARCH-AREA-203,203,Pak Chong,Nong Nam Daeng,0;1,0,1,1,CONSERVATIVE_MAX_WITH_CONFLICT_FLAG,40899;40900,Drought risk duplicated with conflicting class values; droughtRiskLevel uses conservative maximum and raw values are retained.
NR-MONTHLY-2017-09-302201,2017-09,3022,หนองบุญมาก,302201,หนองบุนนาก,NR-RESEARCH-AREA-270,270,Nong Bunmak,Nong Bunnak,0;1,0,1,1,CONSERVATIVE_MAX_WITH_CONFLICT_FLAG,54483;54484,Drought risk duplicated with conflicting class values; droughtRiskLevel uses conservative maximum and raw values are retained.
NR-MONTHLY-2017-09-302204,2017-09,3022,หนองบุญมาก,302204,หนองหัวแรต,NR-RESEARCH-AREA-273,273,Nong Bunmak,Nong Hua Raet,0;1,0,1,1,CONSERVATIVE_MAX_WITH_CONFLICT_FLAG,55140;55141,Drought risk duplicated with conflicting class values; droughtRiskLevel uses conservative maximum and raw values are retained.
NR-MONTHLY-2017-09-302206,2017-09,3022,หนองบุญมาก,302206,หนองตะไก้,NR-RESEARCH-AREA-275,275,Nong Bunmak,Nong Takai,0;1,0,1,1,CONSERVATIVE_MAX_WITH_CONFLICT_FLAG,55578;55579,Drought risk duplicated with conflicting class values; droughtRiskLevel uses conservative maximum and raw values are retained.
NR-MONTHLY-2017-09-302208,2017-09,3022,หนองบุญมาก,302208,หนองไม้ไผ่,NR-RESEARCH-AREA-277,277,Nong Bunmak,Nong Mai Phai,0;1,0,1,1,CONSERVATIVE_MAX_WITH_CONFLICT_FLAG,56008;56009,Drought risk duplicated with conflicting class values; droughtRiskLevel uses conservative maximum and raw values are retained.
NR-MONTHLY-2017-09-302303,2017-09,3023,แก้งสนามนาง,302303,บึงพะไล,NR-RESEARCH-AREA-027,27,Kaeng Sanam Nang,Bueng Phalai,0;1,0,1,1,CONSERVATIVE_MAX_WITH_CONFLICT_FLAG,5077;5078,Drought risk duplicated with conflicting class values; droughtRiskLevel uses conservative maximum and raw values are retained.
NR-MONTHLY-2017-09-302304,2017-09,3023,แก้งสนามนาง,302304,สีสุก,NR-RESEARCH-AREA-028,28,Kaeng Sanam Nang,Si Suk,0;1,0,1,1,CONSERVATIVE_MAX_WITH_CONFLICT_FLAG,5277;5278,Drought risk duplicated with conflicting class values; droughtRiskLevel uses conservative maximum and raw values are retained.
NR-MONTHLY-2017-09-302305,2017-09,3023,แก้งสนามนาง,302305,บึงสำโรง,NR-RESEARCH-AREA-029,29,Kaeng Sanam Nang,Bueng Samrong,0;1,0,1,1,CONSERVATIVE_MAX_WITH_CONFLICT_FLAG,5478;5479,Drought risk duplicated with conflicting class values; droughtRiskLevel uses conservative maximum and raw values are retained.
NR-MONTHLY-2017-09-302603,2017-09,3026,เทพารักษ์,302603,บึงปรือ,NR-RESEARCH-AREA-114,114,Thepharak,Bueng Prue,0;1,0,1,1,CONSERVATIVE_MAX_WITH_CONFLICT_FLAG,23023;23024,Drought risk duplicated with conflicting class values; droughtRiskLevel uses conservative maximum and raw values are retained.
NR-MONTHLY-2017-09-302604,2017-09,3026,เทพารักษ์,302604,วังยายทอง,NR-RESEARCH-AREA-115,115,Thepharak,Wang Yai Thong,0;1,0,1,1,CONSERVATIVE_MAX_WITH_CONFLICT_FLAG,23207;23208,Drought risk duplicated with conflicting class values; droughtRiskLevel uses conservative maximum and raw values are retained.
NR-MONTHLY-2017-09-302701,2017-09,3027,เมืองยาง,302701,เมืองยาง,NR-RESEARCH-AREA-223,223,Mueang Yang,Mueang Yang,0;1,0,1,1,CONSERVATIVE_MAX_WITH_CONFLICT_FLAG,45159;45160,Drought risk duplicated with conflicting class values; droughtRiskLevel uses conservative maximum and raw values are retained.
NR-MONTHLY-2017-09-302702,2017-09,3027,เมืองยาง,302702,กระเบื้องนอก,NR-RESEARCH-AREA-224,224,Mueang Yang,Krabueang Nok,0;1,0,1,1,CONSERVATIVE_MAX_WITH_CONFLICT_FLAG,45359;45360,Drought risk duplicated with conflicting class values; droughtRiskLevel uses conservative maximum and raw values are retained.
NR-MONTHLY-2017-09-302703,2017-09,3027,เมืองยาง,302703,ละหานปลาค้าว,NR-RESEARCH-AREA-225,225,Mueang Yang,Lahan Pla Khao,0;1,0,1,1,CONSERVATIVE_MAX_WITH_CONFLICT_FLAG,45560;45561,Drought risk duplicated with conflicting class values; droughtRiskLevel uses conservative maximum and raw values are retained.
NR-MONTHLY-2017-09-302901,2017-09,3029,ลำทะเมนชัย,302901,ขุย,NR-RESEARCH-AREA-227,227,Lamtaman Chai,Khui,0;1,0,1,1,CONSERVATIVE_MAX_WITH_CONFLICT_FLAG,45964;45965,Drought risk duplicated with conflicting class values; droughtRiskLevel uses conservative maximum and raw values are retained.
NR-MONTHLY-2017-09-302902,2017-09,3029,ลำทะเมนชัย,302902,บ้านยาง,NR-RESEARCH-AREA-228,228,Lamtaman Chai,Ban Yang,0;1,0,1,1,CONSERVATIVE_MAX_WITH_CONFLICT_FLAG,46179;46180,Drought risk duplicated with conflicting class values; droughtRiskLevel uses conservative maximum and raw values are retained.
NR-MONTHLY-2017-09-302903,2017-09,3029,ลำทะเมนชัย,302903,ช่องแมว,NR-RESEARCH-AREA-229,229,Lamtaman Chai,Chong Maeo,0;1,0,1,1,CONSERVATIVE_MAX_WITH_CONFLICT_FLAG,46391;46392,Drought risk duplicated with conflicting class values; droughtRiskLevel uses conservative maximum and raw values are retained.
NR-MONTHLY-2017-09-302904,2017-09,3029,ลำทะเมนชัย,302904,ไพล,NR-RESEARCH-AREA-230,230,Lamtaman Chai,Phrai,0;1,0,1,1,CONSERVATIVE_MAX_WITH_CONFLICT_FLAG,46604;46605,Drought risk duplicated with conflicting class values; droughtRiskLevel uses conservative maximum and raw values are retained.
NR-MONTHLY-2017-10-300708,2017-10,3007,โชคชัย,300708,โชคชัย,NR-RESEARCH-AREA-093,93,Chok Chai,Chok Chai,0;1,0,1,1,CONSERVATIVE_MAX_WITH_CONFLICT_FLAG,18695;18696,Drought risk duplicated with conflicting class values; droughtRiskLevel uses conservative maximum and raw values are retained.
NR-MONTHLY-2017-10-300804,2017-10,3008,ด่านขุนทด,300804,ด่านใน,NR-RESEARCH-AREA-099,99,Dan Khun Thot,Dan Nai,0;1,0,1,1,CONSERVATIVE_MAX_WITH_CONFLICT_FLAG,19925;19926,Drought risk duplicated with conflicting class values; droughtRiskLevel uses conservative maximum and raw values are retained.
NR-MONTHLY-2017-10-301003,2017-10,3010,โนนสูง,301003,โตนด,NR-RESEARCH-AREA-133,133,Non Sung,Tanot,0;1,0,1,1,CONSERVATIVE_MAX_WITH_CONFLICT_FLAG,27079;27080,Drought risk duplicated with conflicting class values; droughtRiskLevel uses conservative maximum and raw values are retained.
NR-MONTHLY-2017-10-301301,2017-10,3013,ประทาย,301301,ประทาย,NR-RESEARCH-AREA-165,165,Prathai,Prathai,0;1,0,1,1,CONSERVATIVE_MAX_WITH_CONFLICT_FLAG,33492;33493,Drought risk duplicated with conflicting class values; droughtRiskLevel uses conservative maximum and raw values are retained.
NR-MONTHLY-2017-10-301303,2017-10,3013,ประทาย,301303,กระทุ่มราย,NR-RESEARCH-AREA-170,170,Prathai,Krathum Rai,0;1,0,1,1,CONSERVATIVE_MAX_WITH_CONFLICT_FLAG,34496;34497,Drought risk duplicated with conflicting class values; droughtRiskLevel uses conservative maximum and raw values are retained.
NR-MONTHLY-2017-10-301307,2017-10,3013,ประทาย,301307,หนองพลวง,NR-RESEARCH-AREA-166,166,Prathai,Nong Phluang,0;1,0,1,1,CONSERVATIVE_MAX_WITH_CONFLICT_FLAG,33690;33691,Drought risk duplicated with conflicting class values; droughtRiskLevel uses conservative maximum and raw values are retained.
NR-MONTHLY-2017-10-301318,2017-10,3013,ประทาย,301318,เมืองโดน,NR-RESEARCH-AREA-177,177,Prathai,Mueang Don,0;1,0,1,1,CONSERVATIVE_MAX_WITH_CONFLICT_FLAG,35911;35912,Drought risk duplicated with conflicting class values; droughtRiskLevel uses conservative maximum and raw values are retained.
NR-MONTHLY-2017-10-301509,2017-10,3015,พิมาย,301509,กระชอน,NR-RESEARCH-AREA-219,219,Phimai,Krachon,0;1,0,1,1,CONSERVATIVE_MAX_WITH_CONFLICT_FLAG,44234;44235,Drought risk duplicated with conflicting class values; droughtRiskLevel uses conservative maximum and raw values are retained.
NR-MONTHLY-2017-10-302204,2017-10,3022,หนองบุญมาก,302204,หนองหัวแรต,NR-RESEARCH-AREA-273,273,Nong Bunmak,Nong Hua Raet,0;1,0,1,1,CONSERVATIVE_MAX_WITH_CONFLICT_FLAG,55142;55143,Drought risk duplicated with conflicting class values; droughtRiskLevel uses conservative maximum and raw values are retained.
NR-MONTHLY-2017-10-302704,2017-10,3027,เมืองยาง,302704,โนนอุดม,NR-RESEARCH-AREA-226,226,Mueang Yang,Non Udom,0;1,0,1,1,CONSERVATIVE_MAX_WITH_CONFLICT_FLAG,45762;45763,Drought risk duplicated with conflicting class values; droughtRiskLevel uses conservative maximum and raw values are retained.
NR-MONTHLY-2017-11-300407,2017-11,3004,คง,300407,หนองบัว,NR-RESEARCH-AREA-048,48,Khong,Nong Bua,0;1,0,1,1,CONSERVATIVE_MAX_WITH_CONFLICT_FLAG,9497;9498,Drought risk duplicated with conflicting class values; droughtRiskLevel uses conservative maximum and raw values are retained.
NR-MONTHLY-2017-11-300501,2017-11,3005,บ้านเหลื่อม,300501,บ้านเหลื่อม,NR-RESEARCH-AREA-161,161,Ban Lueam,Ban Lueam,0;1,0,1,1,CONSERVATIVE_MAX_WITH_CONFLICT_FLAG,32709;32710,Drought risk duplicated with conflicting class values; droughtRiskLevel uses conservative maximum and raw values are retained.
NR-MONTHLY-2017-11-300502,2017-11,3005,บ้านเหลื่อม,300502,วังโพธิ์,NR-RESEARCH-AREA-162,162,Ban Lueam,Wang Pho,0;1,0,1,1,CONSERVATIVE_MAX_WITH_CONFLICT_FLAG,32905;32906,Drought risk duplicated with conflicting class values; droughtRiskLevel uses conservative maximum and raw values are retained.
NR-MONTHLY-2017-11-300503,2017-11,3005,บ้านเหลื่อม,300503,โคกกระเบื้อง,NR-RESEARCH-AREA-163,163,Ban Lueam,Khok Krabueang,0;1,0,1,1,CONSERVATIVE_MAX_WITH_CONFLICT_FLAG,33102;33103,Drought risk duplicated with conflicting class values; droughtRiskLevel uses conservative maximum and raw values are retained.
NR-MONTHLY-2017-11-300504,2017-11,3005,บ้านเหลื่อม,300504,ช่อระกา,NR-RESEARCH-AREA-164,164,Ban Lueam,Cho Raka,0;1,0,1,1,CONSERVATIVE_MAX_WITH_CONFLICT_FLAG,33298;33299,Drought risk duplicated with conflicting class values; droughtRiskLevel uses conservative maximum and raw values are retained.
NR-MONTHLY-2017-11-300815,2017-11,3008,ด่านขุนทด,300815,ห้วยบง,NR-RESEARCH-AREA-109,109,Dan Khun Thot,Huai Bong,0;1,0,1,1,CONSERVATIVE_MAX_WITH_CONFLICT_FLAG,22032;22033,Drought risk duplicated with conflicting class values; droughtRiskLevel uses conservative maximum and raw values are retained.
NR-MONTHLY-2017-11-301106,2017-11,3011,ขามสะแกแสง,301106,หนองหัวฟาน,NR-RESEARCH-AREA-040,40,Kham Sakae Saeng,Nong Hua Fan,0;1,0,1,1,CONSERVATIVE_MAX_WITH_CONFLICT_FLAG,7840;7841,Drought risk duplicated with conflicting class values; droughtRiskLevel uses conservative maximum and raw values are retained.
NR-MONTHLY-2017-11-301107,2017-11,3011,ขามสะแกแสง,301107,เมืองเกษตร,NR-RESEARCH-AREA-041,41,Kham Sakae Saeng,Mueang Kaset,0;1,0,1,1,CONSERVATIVE_MAX_WITH_CONFLICT_FLAG,8076;8077,Drought risk duplicated with conflicting class values; droughtRiskLevel uses conservative maximum and raw values are retained.
NR-MONTHLY-2017-11-301412,2017-11,3014,ปักธงชัย,301412,ลำนางแก้ว,NR-RESEARCH-AREA-188,188,Pak Thong Chai,Lam Nang Kaeo,0;1,0,1,1,CONSERVATIVE_MAX_WITH_CONFLICT_FLAG,38221;38222,Drought risk duplicated with conflicting class values; droughtRiskLevel uses conservative maximum and raw values are retained.
NR-MONTHLY-2017-11-301717,2017-11,3017,ชุมพวง,301717,โนนยอ,NR-RESEARCH-AREA-085,85,Chum Phuang,Non Yo,0;1,0,1,1,CONSERVATIVE_MAX_WITH_CONFLICT_FLAG,17081;17082,Drought risk duplicated with conflicting class values; droughtRiskLevel uses conservative maximum and raw values are retained.
NR-MONTHLY-2017-11-301807,2017-11,3018,สูงเนิน,301807,มะเกลือเก่า,NR-RESEARCH-AREA-259,259,Sung Noen,Makluea Kao,0;1,0,1,1,CONSERVATIVE_MAX_WITH_CONFLICT_FLAG,52310;52311,Drought risk duplicated with conflicting class values; droughtRiskLevel uses conservative maximum and raw values are retained.
NR-MONTHLY-2017-11-302003,2017-11,3020,สีคิ้ว,302003,กฤษณา,NR-RESEARCH-AREA-238,238,Si Khio,Kritsana,0;1,0,1,1,CONSERVATIVE_MAX_WITH_CONFLICT_FLAG,48125;48126,Drought risk duplicated with conflicting class values; droughtRiskLevel uses conservative maximum and raw values are retained.
NR-MONTHLY-2017-11-302004,2017-11,3020,สีคิ้ว,302004,ลาดบัวขาว,NR-RESEARCH-AREA-239,239,Si Khio,Lat Bua Khao,0;1,0,1,1,CONSERVATIVE_MAX_WITH_CONFLICT_FLAG,48318;48319,Drought risk duplicated with conflicting class values; droughtRiskLevel uses conservative maximum and raw values are retained.
NR-MONTHLY-2017-11-302005,2017-11,3020,สีคิ้ว,302005,หนองหญ้าขาว,NR-RESEARCH-AREA-240,240,Si Khio,Nong Ya Khao,0;1,0,1,1,CONSERVATIVE_MAX_WITH_CONFLICT_FLAG,48513;48514,Drought risk duplicated with conflicting class values; droughtRiskLevel uses conservative maximum and raw values are retained.
NR-MONTHLY-2017-11-302007,2017-11,3020,สีคิ้ว,302007,หนองน้ำใส,NR-RESEARCH-AREA-242,242,Si Khio,Nong Nam Sai,0;1,0,1,1,CONSERVATIVE_MAX_WITH_CONFLICT_FLAG,48901;48902,Drought risk duplicated with conflicting class values; droughtRiskLevel uses conservative maximum and raw values are retained.
NR-MONTHLY-2017-11-302009,2017-11,3020,สีคิ้ว,302009,มิตรภาพ,NR-RESEARCH-AREA-244,244,Si Khio,Mittraphap,0;1,0,1,1,CONSERVATIVE_MAX_WITH_CONFLICT_FLAG,49290;49291,Drought risk duplicated with conflicting class values; droughtRiskLevel uses conservative maximum and raw values are retained.
NR-MONTHLY-2017-11-302011,2017-11,3020,สีคิ้ว,302011,ดอนเมือง,NR-RESEARCH-AREA-246,246,Si Khio,Don Mueang,0;1,0,1,1,CONSERVATIVE_MAX_WITH_CONFLICT_FLAG,49673;49674,Drought risk duplicated with conflicting class values; droughtRiskLevel uses conservative maximum and raw values are retained.
NR-MONTHLY-2017-11-302102,2017-11,3021,ปากช่อง,302102,กลางดง,NR-RESEARCH-AREA-195,195,Pak Chong,Klang Dong,0;1,0,1,1,CONSERVATIVE_MAX_WITH_CONFLICT_FLAG,39589;39590,Drought risk duplicated with conflicting class values; droughtRiskLevel uses conservative maximum and raw values are retained.
NR-MONTHLY-2017-11-302106,2017-11,3021,ปากช่อง,302106,หนองสาหร่าย,NR-RESEARCH-AREA-199,199,Pak Chong,Nong Sarai,0;1,0,1,1,CONSERVATIVE_MAX_WITH_CONFLICT_FLAG,40182;40183,Drought risk duplicated with conflicting class values; droughtRiskLevel uses conservative maximum and raw values are retained.
NR-MONTHLY-2017-11-302107,2017-11,3021,ปากช่อง,302107,ขนงพระ,NR-RESEARCH-AREA-200,200,Pak Chong,Khanong Phra,0;1,0,1,1,CONSERVATIVE_MAX_WITH_CONFLICT_FLAG,40366;40367,Drought risk duplicated with conflicting class values; droughtRiskLevel uses conservative maximum and raw values are retained.
NR-MONTHLY-2017-11-302111,2017-11,3021,ปากช่อง,302111,วังไทร,NR-RESEARCH-AREA-204,204,Pak Chong,Wang Sai,0;1,0,1,1,CONSERVATIVE_MAX_WITH_CONFLICT_FLAG,41077;41078,Drought risk duplicated with conflicting class values; droughtRiskLevel uses conservative maximum and raw values are retained.
NR-MONTHLY-2017-11-302301,2017-11,3023,แก้งสนามนาง,302301,แก้งสนามนาง,NR-RESEARCH-AREA-025,25,Kaeng Sanam Nang,Kaeng Sanam Nang,0;1,0,1,1,CONSERVATIVE_MAX_WITH_CONFLICT_FLAG,4683;4684,Drought risk duplicated with conflicting class values; droughtRiskLevel uses conservative maximum and raw values are retained.
NR-MONTHLY-2017-11-302302,2017-11,3023,แก้งสนามนาง,302302,โนนสำราญ,NR-RESEARCH-AREA-026,26,Kaeng Sanam Nang,Non Samran,0;1,0,1,1,CONSERVATIVE_MAX_WITH_CONFLICT_FLAG,4882;4883,Drought risk duplicated with conflicting class values; droughtRiskLevel uses conservative maximum and raw values are retained.
NR-MONTHLY-2017-11-302303,2017-11,3023,แก้งสนามนาง,302303,บึงพะไล,NR-RESEARCH-AREA-027,27,Kaeng Sanam Nang,Bueng Phalai,0;1,0,1,1,CONSERVATIVE_MAX_WITH_CONFLICT_FLAG,5081;5082,Drought risk duplicated with conflicting class values; droughtRiskLevel uses conservative maximum and raw values are retained.
NR-MONTHLY-2017-11-302304,2017-11,3023,แก้งสนามนาง,302304,สีสุก,NR-RESEARCH-AREA-028,28,Kaeng Sanam Nang,Si Suk,0;1,0,1,1,CONSERVATIVE_MAX_WITH_CONFLICT_FLAG,5281;5282,Drought risk duplicated with conflicting class values; droughtRiskLevel uses conservative maximum and raw values are retained.
NR-MONTHLY-2017-11-302305,2017-11,3023,แก้งสนามนาง,302305,บึงสำโรง,NR-RESEARCH-AREA-029,29,Kaeng Sanam Nang,Bueng Samrong,0;1,0,1,1,CONSERVATIVE_MAX_WITH_CONFLICT_FLAG,5482;5483,Drought risk duplicated with conflicting class values; droughtRiskLevel uses conservative maximum and raw values are retained.
NR-MONTHLY-2017-11-302602,2017-11,3026,เทพารักษ์,302602,หนองแวง,NR-RESEARCH-AREA-113,113,Thepharak,Nong Waeng,0;1,0,1,1,CONSERVATIVE_MAX_WITH_CONFLICT_FLAG,22840;22841,Drought risk duplicated with conflicting class values; droughtRiskLevel uses conservative maximum and raw values are retained.
NR-MONTHLY-2017-11-302603,2017-11,3026,เทพารักษ์,302603,บึงปรือ,NR-RESEARCH-AREA-114,114,Thepharak,Bueng Prue,0;1,0,1,1,CONSERVATIVE_MAX_WITH_CONFLICT_FLAG,23027;23028,Drought risk duplicated with conflicting class values; droughtRiskLevel uses conservative maximum and raw values are retained.
NR-MONTHLY-2017-11-303001,2017-11,3030,บัวลาย,303001,เมืองพะไล,NR-RESEARCH-AREA-147,147,Bua Lai,Mueang Phalai,0;1,0,1,1,CONSERVATIVE_MAX_WITH_CONFLICT_FLAG,29900;29901,Drought risk duplicated with conflicting class values; droughtRiskLevel uses conservative maximum and raw values are retained.
NR-MONTHLY-2017-11-303002,2017-11,3030,บัวลาย,303002,โนนจาน,NR-RESEARCH-AREA-148,148,Bua Lai,Non Chan,0;1,0,1,1,CONSERVATIVE_MAX_WITH_CONFLICT_FLAG,30122;30123,Drought risk duplicated with conflicting class values; droughtRiskLevel uses conservative maximum and raw values are retained.
NR-MONTHLY-2017-11-303003,2017-11,3030,บัวลาย,303003,บัวลาย,NR-RESEARCH-AREA-149,149,Bua Lai,Bua Lai,0;1,0,1,1,CONSERVATIVE_MAX_WITH_CONFLICT_FLAG,30344;30345,Drought risk duplicated with conflicting class values; droughtRiskLevel uses conservative maximum and raw values are retained.
NR-MONTHLY-2017-11-303004,2017-11,3030,บัวลาย,303004,หนองหว้า,NR-RESEARCH-AREA-150,150,Bua Lai,Nong Wa,0;1,0,1,1,CONSERVATIVE_MAX_WITH_CONFLICT_FLAG,30567;30568,Drought risk duplicated with conflicting class values; droughtRiskLevel uses conservative maximum and raw values are retained.
NR-MONTHLY-2017-12-303003,2017-12,3030,บัวลาย,303003,บัวลาย,NR-RESEARCH-AREA-149,149,Bua Lai,Bua Lai,0;1,0,1,1,CONSERVATIVE_MAX_WITH_CONFLICT_FLAG,30346;30347,Drought risk duplicated with conflicting class values; droughtRiskLevel uses conservative maximum and raw values are retained.
NR-MONTHLY-2018-01-300805,2018-01,3008,ด่านขุนทด,300805,ตะเคียน,NR-RESEARCH-AREA-100,100,Dan Khun Thot,Takhian,0;1,0,1,1,CONSERVATIVE_MAX_WITH_CONFLICT_FLAG,20143;20144,Drought risk duplicated with conflicting class values; droughtRiskLevel uses conservative maximum and raw values are retained.
NR-MONTHLY-2018-01-302105,2018-01,3021,ปากช่อง,302105,หมูสี,NR-RESEARCH-AREA-198,198,Pak Chong,Mu Si,0;1,0,1,1,CONSERVATIVE_MAX_WITH_CONFLICT_FLAG,40005;40006,Drought risk duplicated with conflicting class values; droughtRiskLevel uses conservative maximum and raw values are retained.
NR-MONTHLY-2018-01-302107,2018-01,3021,ปากช่อง,302107,ขนงพระ,NR-RESEARCH-AREA-200,200,Pak Chong,Khanong Phra,0;1,0,1,1,CONSERVATIVE_MAX_WITH_CONFLICT_FLAG,40370;40371,Drought risk duplicated with conflicting class values; droughtRiskLevel uses conservative maximum and raw values are retained.
NR-MONTHLY-2018-01-302109,2018-01,3021,ปากช่อง,302109,คลองม่วง,NR-RESEARCH-AREA-202,202,Pak Chong,Khlong Muang,0;1,0,1,1,CONSERVATIVE_MAX_WITH_CONFLICT_FLAG,40729;40730,Drought risk duplicated with conflicting class values; droughtRiskLevel uses conservative maximum and raw values are retained.
NR-MONTHLY-2018-01-302110,2018-01,3021,ปากช่อง,302110,หนองน้ำแดง,NR-RESEARCH-AREA-203,203,Pak Chong,Nong Nam Daeng,0;1,0,1,1,CONSERVATIVE_MAX_WITH_CONFLICT_FLAG,40907;40908,Drought risk duplicated with conflicting class values; droughtRiskLevel uses conservative maximum and raw values are retained.
NR-MONTHLY-2018-01-302111,2018-01,3021,ปากช่อง,302111,วังไทร,NR-RESEARCH-AREA-204,204,Pak Chong,Wang Sai,0;1,0,1,1,CONSERVATIVE_MAX_WITH_CONFLICT_FLAG,41081;41082,Drought risk duplicated with conflicting class values; droughtRiskLevel uses conservative maximum and raw values are retained.
NR-MONTHLY-2018-02-300802,2018-02,3008,ด่านขุนทด,300802,ด่านขุนทด,NR-RESEARCH-AREA-097,97,Dan Khun Thot,Dan Khun Thot,1;2,1,2,2,CONSERVATIVE_MAX_WITH_CONFLICT_FLAG,19511;19512,Drought risk duplicated with conflicting class values; droughtRiskLevel uses conservative maximum and raw values are retained.
NR-MONTHLY-2018-03-301404,2018-03,3014,ปักธงชัย,301404,สำโรง,NR-RESEARCH-AREA-181,181,Pak Thong Chai,Samrong,1;2,1,2,2,CONSERVATIVE_MAX_WITH_CONFLICT_FLAG,36755;36756,Drought risk duplicated with conflicting class values; droughtRiskLevel uses conservative maximum and raw values are retained.
NR-MONTHLY-2018-06-300818,2018-06,3008,ด่านขุนทด,300818,หนองไทร,NR-RESEARCH-AREA-111,111,Dan Khun Thot,Nong Sai,0;1,0,1,1,CONSERVATIVE_MAX_WITH_CONFLICT_FLAG,22459;22460,Drought risk duplicated with conflicting class values; droughtRiskLevel uses conservative maximum and raw values are retained.
NR-MONTHLY-2018-06-301409,2018-06,3014,ปักธงชัย,301409,ตูม,NR-RESEARCH-AREA-185,185,Pak Thong Chai,Tum,0;1,0,1,1,CONSERVATIVE_MAX_WITH_CONFLICT_FLAG,37600;37601,Drought risk duplicated with conflicting class values; droughtRiskLevel uses conservative maximum and raw values are retained.
NR-MONTHLY-2018-06-301411,2018-06,3014,ปักธงชัย,301411,สะแกราช,NR-RESEARCH-AREA-187,187,Pak Thong Chai,Sakae Rat,0;1,0,1,1,CONSERVATIVE_MAX_WITH_CONFLICT_FLAG,38021;38022,Drought risk duplicated with conflicting class values; droughtRiskLevel uses conservative maximum and raw values are retained.
NR-MONTHLY-2018-06-302504,2018-06,3025,วังน้ำเขียว,302504,อุดมทรัพย์,NR-RESEARCH-AREA-234,234,Wang Nam Khiao,Udom Sap,0;1,0,1,1,CONSERVATIVE_MAX_WITH_CONFLICT_FLAG,47365;47366,Drought risk duplicated with conflicting class values; droughtRiskLevel uses conservative maximum and raw values are retained.
NR-MONTHLY-2018-06-302604,2018-06,3026,เทพารักษ์,302604,วังยายทอง,NR-RESEARCH-AREA-115,115,Thepharak,Wang Yai Thong,0;1,0,1,1,CONSERVATIVE_MAX_WITH_CONFLICT_FLAG,23220;23221,Drought risk duplicated with conflicting class values; droughtRiskLevel uses conservative maximum and raw values are retained.
NR-MONTHLY-2018-07-300115,2018-07,3001,เมืองนครราชสีมา,300115,บ้านโพธิ์,NR-RESEARCH-AREA-014,14,Mueang Nakhon Ratchasima,Ban Pho,0;1,0,1,1,CONSERVATIVE_MAX_WITH_CONFLICT_FLAG,2609;2610,Drought risk duplicated with conflicting class values; droughtRiskLevel uses conservative maximum and raw values are retained.
NR-MONTHLY-2018-07-300503,2018-07,3005,บ้านเหลื่อม,300503,โคกกระเบื้อง,NR-RESEARCH-AREA-163,163,Ban Lueam,Khok Krabueang,0;1,0,1,1,CONSERVATIVE_MAX_WITH_CONFLICT_FLAG,33112;33113,Drought risk duplicated with conflicting class values; droughtRiskLevel uses conservative maximum and raw values are retained.
NR-MONTHLY-2018-07-300706,2018-07,3007,โชคชัย,300706,ท่าจะหลุง,NR-RESEARCH-AREA-091,91,Chok Chai,Tha Chalung,0;1,0,1,1,CONSERVATIVE_MAX_WITH_CONFLICT_FLAG,18309;18310,Drought risk duplicated with conflicting class values; droughtRiskLevel uses conservative maximum and raw values are retained.
NR-MONTHLY-2018-07-301004,2018-07,3010,โนนสูง,301004,บิง,NR-RESEARCH-AREA-134,134,Non Sung,Bing,0;1,0,1,1,CONSERVATIVE_MAX_WITH_CONFLICT_FLAG,27296;27297,Drought risk duplicated with conflicting class values; droughtRiskLevel uses conservative maximum and raw values are retained.
NR-MONTHLY-2018-07-301015,2018-07,3010,โนนสูง,301015,ดอนหวาย,NR-RESEARCH-AREA-145,145,Non Sung,Don Wai,0;1,0,1,1,CONSERVATIVE_MAX_WITH_CONFLICT_FLAG,29514;29515,Drought risk duplicated with conflicting class values; droughtRiskLevel uses conservative maximum and raw values are retained.
NR-MONTHLY-2018-07-301503,2018-07,3015,พิมาย,301503,โบสถ์,NR-RESEARCH-AREA-213,213,Phimai,Bot,0;1,0,1,1,CONSERVATIVE_MAX_WITH_CONFLICT_FLAG,42859;42860,Drought risk duplicated with conflicting class values; droughtRiskLevel uses conservative maximum and raw values are retained.
NR-MONTHLY-2018-07-301506,2018-07,3015,พิมาย,301506,รังกาใหญ่,NR-RESEARCH-AREA-216,216,Phimai,Rang Ka Yai,0;1,0,1,1,CONSERVATIVE_MAX_WITH_CONFLICT_FLAG,43553;43554,Drought risk duplicated with conflicting class values; droughtRiskLevel uses conservative maximum and raw values are retained.
NR-MONTHLY-2018-07-301509,2018-07,3015,พิมาย,301509,กระชอน,NR-RESEARCH-AREA-219,219,Phimai,Krachon,0;1,0,1,1,CONSERVATIVE_MAX_WITH_CONFLICT_FLAG,44248;44249,Drought risk duplicated with conflicting class values; droughtRiskLevel uses conservative maximum and raw values are retained.
NR-MONTHLY-2018-07-301902,2018-07,3019,ขามทะเลสอ,301902,โป่งแดง,NR-RESEARCH-AREA-031,31,Kham Thale So,Pong Daeng,0;1,0,1,1,CONSERVATIVE_MAX_WITH_CONFLICT_FLAG,5889;5890,Drought risk duplicated with conflicting class values; droughtRiskLevel uses conservative maximum and raw values are retained.
NR-MONTHLY-2018-07-302201,2018-07,3022,หนองบุญมาก,302201,หนองบุนนาก,NR-RESEARCH-AREA-270,270,Nong Bunmak,Nong Bunnak,0;1,0,1,1,CONSERVATIVE_MAX_WITH_CONFLICT_FLAG,54498;54499,Drought risk duplicated with conflicting class values; droughtRiskLevel uses conservative maximum and raw values are retained.
NR-MONTHLY-2018-07-302206,2018-07,3022,หนองบุญมาก,302206,หนองตะไก้,NR-RESEARCH-AREA-275,275,Nong Bunmak,Nong Takai,0;1,0,1,1,CONSERVATIVE_MAX_WITH_CONFLICT_FLAG,55593;55594,Drought risk duplicated with conflicting class values; droughtRiskLevel uses conservative maximum and raw values are retained.
NR-MONTHLY-2018-07-303204,2018-07,3032,เฉลิมพระเกียรติ,303204,หนองงูเหลือม,NR-RESEARCH-AREA-075,75,Chaloem Phra Kiet,Nong Ngu Lueam,0;1,0,1,1,CONSERVATIVE_MAX_WITH_CONFLICT_FLAG,14845;14846,Drought risk duplicated with conflicting class values; droughtRiskLevel uses conservative maximum and raw values are retained.
NR-MONTHLY-2018-08-300410,2018-08,3004,คง,300410,ขามสมบูรณ์,NR-RESEARCH-AREA-051,51,Khong,Kham Sombun,0;1,0,1,1,CONSERVATIVE_MAX_WITH_CONFLICT_FLAG,10108;10109,Drought risk duplicated with conflicting class values; droughtRiskLevel uses conservative maximum and raw values are retained.
NR-MONTHLY-2018-08-301206,2018-08,3012,บัวใหญ่,301206,ดอนตะหนิน,NR-RESEARCH-AREA-154,154,Bua Yai,Don Tanin,0;1,0,1,1,CONSERVATIVE_MAX_WITH_CONFLICT_FLAG,31378;31379,Drought risk duplicated with conflicting class values; droughtRiskLevel uses conservative maximum and raw values are retained.
NR-MONTHLY-2018-08-301504,2018-08,3015,พิมาย,301504,กระเบื้องใหญ่,NR-RESEARCH-AREA-214,214,Phimai,Krabueang Yai,0;1,0,1,1,CONSERVATIVE_MAX_WITH_CONFLICT_FLAG,43092;43093,Drought risk duplicated with conflicting class values; droughtRiskLevel uses conservative maximum and raw values are retained.
NR-MONTHLY-2018-08-301509,2018-08,3015,พิมาย,301509,กระชอน,NR-RESEARCH-AREA-219,219,Phimai,Krachon,0;1,0,1,1,CONSERVATIVE_MAX_WITH_CONFLICT_FLAG,44250;44251,Drought risk duplicated with conflicting class values; droughtRiskLevel uses conservative maximum and raw values are retained.
NR-MONTHLY-2018-08-301717,2018-08,3017,ชุมพวง,301717,โนนยอ,NR-RESEARCH-AREA-085,85,Chum Phuang,Non Yo,0;1,0,1,1,CONSERVATIVE_MAX_WITH_CONFLICT_FLAG,17094;17095,Drought risk duplicated with conflicting class values; droughtRiskLevel uses conservative maximum and raw values are retained.
NR-MONTHLY-2018-08-302405,2018-08,3024,โนนแดง,302405,ดอนยาวใหญ่,NR-RESEARCH-AREA-120,120,Non Daeng,Don Yao Yai,0;1,0,1,1,CONSERVATIVE_MAX_WITH_CONFLICT_FLAG,24338;24339,Drought risk duplicated with conflicting class values; droughtRiskLevel uses conservative maximum and raw values are retained.
NR-MONTHLY-2018-08-303003,2018-08,3030,บัวลาย,303003,บัวลาย,NR-RESEARCH-AREA-149,149,Bua Lai,Bua Lai,0;1,0,1,1,CONSERVATIVE_MAX_WITH_CONFLICT_FLAG,30357;30358,Drought risk duplicated with conflicting class values; droughtRiskLevel uses conservative maximum and raw values are retained.
NR-MONTHLY-2018-09-300703,2018-09,3007,โชคชัย,300703,ท่าอ่าง,NR-RESEARCH-AREA-088,88,Chok Chai,Tha Ang,0;1,0,1,1,CONSERVATIVE_MAX_WITH_CONFLICT_FLAG,17721;17722,Drought risk duplicated with conflicting class values; droughtRiskLevel uses conservative maximum and raw values are retained.
NR-MONTHLY-2018-09-301501,2018-09,3015,พิมาย,301501,ในเมือง,NR-RESEARCH-AREA-211,211,Phimai,Nai Mueang,0;1,0,1,1,CONSERVATIVE_MAX_WITH_CONFLICT_FLAG,42398;42399,Drought risk duplicated with conflicting class values; droughtRiskLevel uses conservative maximum and raw values are retained.
NR-MONTHLY-2018-10-300117,2018-10,3001,เมืองนครราชสีมา,300117,โคกกรวด,NR-RESEARCH-AREA-016,16,Mueang Nakhon Ratchasima,Khok Kruat,0;1,0,1,1,CONSERVATIVE_MAX_WITH_CONFLICT_FLAG,2995;2996,Drought risk duplicated with conflicting class values; droughtRiskLevel uses conservative maximum and raw values are retained.
NR-MONTHLY-2018-10-300402,2018-10,3004,คง,300402,คูขาด,NR-RESEARCH-AREA-043,43,Khong,Khu Khat,0;1,0,1,1,CONSERVATIVE_MAX_WITH_CONFLICT_FLAG,8529;8530,Drought risk duplicated with conflicting class values; droughtRiskLevel uses conservative maximum and raw values are retained.
NR-MONTHLY-2018-10-300405,2018-10,3004,คง,300405,บ้านปรางค์,NR-RESEARCH-AREA-046,46,Khong,Ban Prang,0;1,0,1,1,CONSERVATIVE_MAX_WITH_CONFLICT_FLAG,9118;9119,Drought risk duplicated with conflicting class values; droughtRiskLevel uses conservative maximum and raw values are retained.
NR-MONTHLY-2018-10-300408,2018-10,3004,คง,300408,โนนเต็ง,NR-RESEARCH-AREA-049,49,Khong,Non Teng,0;1,0,1,1,CONSERVATIVE_MAX_WITH_CONFLICT_FLAG,9717;9718,Drought risk duplicated with conflicting class values; droughtRiskLevel uses conservative maximum and raw values are retained.
NR-MONTHLY-2018-10-300409,2018-10,3004,คง,300409,ดอนใหญ่,NR-RESEARCH-AREA-050,50,Khong,Don Yai,0;1,0,1,1,CONSERVATIVE_MAX_WITH_CONFLICT_FLAG,9914;9915,Drought risk duplicated with conflicting class values; droughtRiskLevel uses conservative maximum and raw values are retained.
NR-MONTHLY-2018-10-300410,2018-10,3004,คง,300410,ขามสมบูรณ์,NR-RESEARCH-AREA-051,51,Khong,Kham Sombun,0;1,0,1,1,CONSERVATIVE_MAX_WITH_CONFLICT_FLAG,10112;10113,Drought risk duplicated with conflicting class values; droughtRiskLevel uses conservative maximum and raw values are retained.
NR-MONTHLY-2018-10-300501,2018-10,3005,บ้านเหลื่อม,300501,บ้านเหลื่อม,NR-RESEARCH-AREA-161,161,Ban Lueam,Ban Lueam,0;1,0,1,1,CONSERVATIVE_MAX_WITH_CONFLICT_FLAG,32725;32726,Drought risk duplicated with conflicting class values; droughtRiskLevel uses conservative maximum and raw values are retained.
NR-MONTHLY-2018-10-300503,2018-10,3005,บ้านเหลื่อม,300503,โคกกระเบื้อง,NR-RESEARCH-AREA-163,163,Ban Lueam,Khok Krabueang,0;1,0,1,1,CONSERVATIVE_MAX_WITH_CONFLICT_FLAG,33118;33119,Drought risk duplicated with conflicting class values; droughtRiskLevel uses conservative maximum and raw values are retained.
NR-MONTHLY-2018-10-300603,2018-10,3006,จักราช,300603,ทองหลาง,NR-RESEARCH-AREA-065,65,Chakkarat,Thong Lang,0;1,0,1,1,CONSERVATIVE_MAX_WITH_CONFLICT_FLAG,12788;12789,Drought risk duplicated with conflicting class values; droughtRiskLevel uses conservative maximum and raw values are retained.
NR-MONTHLY-2018-10-300706,2018-10,3007,โชคชัย,300706,ท่าจะหลุง,NR-RESEARCH-AREA-091,91,Chok Chai,Tha Chalung,0;1,0,1,1,CONSERVATIVE_MAX_WITH_CONFLICT_FLAG,18315;18316,Drought risk duplicated with conflicting class values; droughtRiskLevel uses conservative maximum and raw values are retained.
NR-MONTHLY-2018-10-300803,2018-10,3008,ด่านขุนทด,300803,ด่านนอก,NR-RESEARCH-AREA-098,98,Dan Khun Thot,Dan Nok,0;1,0,1,1,CONSERVATIVE_MAX_WITH_CONFLICT_FLAG,19734;19735,Drought risk duplicated with conflicting class values; droughtRiskLevel uses conservative maximum and raw values are retained.
NR-MONTHLY-2018-10-300804,2018-10,3008,ด่านขุนทด,300804,ด่านใน,NR-RESEARCH-AREA-099,99,Dan Khun Thot,Dan Nai,0;1,0,1,1,CONSERVATIVE_MAX_WITH_CONFLICT_FLAG,19945;19946,Drought risk duplicated with conflicting class values; droughtRiskLevel uses conservative maximum and raw values are retained.
NR-MONTHLY-2018-10-300805,2018-10,3008,ด่านขุนทด,300805,ตะเคียน,NR-RESEARCH-AREA-100,100,Dan Khun Thot,Takhian,0;1,0,1,1,CONSERVATIVE_MAX_WITH_CONFLICT_FLAG,20158;20159,Drought risk duplicated with conflicting class values; droughtRiskLevel uses conservative maximum and raw values are retained.
NR-MONTHLY-2018-10-300806,2018-10,3008,ด่านขุนทด,300806,บ้านเก่า,NR-RESEARCH-AREA-101,101,Dan Khun Thot,Ban Kao,0;1,0,1,1,CONSERVATIVE_MAX_WITH_CONFLICT_FLAG,20368;20369,Drought risk duplicated with conflicting class values; droughtRiskLevel uses conservative maximum and raw values are retained.
NR-MONTHLY-2018-10-300808,2018-10,3008,ด่านขุนทด,300808,พันชนะ,NR-RESEARCH-AREA-103,103,Dan Khun Thot,Phan Chana,0;1,0,1,1,CONSERVATIVE_MAX_WITH_CONFLICT_FLAG,20791;20792,Drought risk duplicated with conflicting class values; droughtRiskLevel uses conservative maximum and raw values are retained.
NR-MONTHLY-2018-10-300810,2018-10,3008,ด่านขุนทด,300810,หนองกราด,NR-RESEARCH-AREA-105,105,Dan Khun Thot,Nong Krat,0;1,0,1,1,CONSERVATIVE_MAX_WITH_CONFLICT_FLAG,21210;21211,Drought risk duplicated with conflicting class values; droughtRiskLevel uses conservative maximum and raw values are retained.
NR-MONTHLY-2018-10-300817,2018-10,3008,ด่านขุนทด,300817,โนนเมืองพัฒนา,NR-RESEARCH-AREA-110,110,Dan Khun Thot,Non Mueang Phatthana,0;1,0,1,1,CONSERVATIVE_MAX_WITH_CONFLICT_FLAG,22258;22259,Drought risk duplicated with conflicting class values; droughtRiskLevel uses conservative maximum and raw values are retained.
NR-MONTHLY-2018-10-300908,2018-10,3009,โนนไทย,300908,สายออ,NR-RESEARCH-AREA-128,128,Non Thai,Sai-O,0;1,0,1,1,CONSERVATIVE_MAX_WITH_CONFLICT_FLAG,26065;26066,Drought risk duplicated with conflicting class values; droughtRiskLevel uses conservative maximum and raw values are retained.
NR-MONTHLY-2018-10-301002,2018-10,3010,โนนสูง,301002,ใหม่,NR-RESEARCH-AREA-132,132,Non Sung,Mai,0;1,0,1,1,CONSERVATIVE_MAX_WITH_CONFLICT_FLAG,26896;26897,Drought risk duplicated with conflicting class values; droughtRiskLevel uses conservative maximum and raw values are retained.
NR-MONTHLY-2018-10-301004,2018-10,3010,โนนสูง,301004,บิง,NR-RESEARCH-AREA-134,134,Non Sung,Bing,0;1,0,1,1,CONSERVATIVE_MAX_WITH_CONFLICT_FLAG,27302;27303,Drought risk duplicated with conflicting class values; droughtRiskLevel uses conservative maximum and raw values are retained.
NR-MONTHLY-2018-10-301005,2018-10,3010,โนนสูง,301005,ดอนชมพู,NR-RESEARCH-AREA-135,135,Non Sung,Don Chomphu,0;1,0,1,1,CONSERVATIVE_MAX_WITH_CONFLICT_FLAG,27504;27505,Drought risk duplicated with conflicting class values; droughtRiskLevel uses conservative maximum and raw values are retained.
NR-MONTHLY-2018-10-301010,2018-10,3010,โนนสูง,301010,จันอัด,NR-RESEARCH-AREA-140,140,Non Sung,Chan-At,0;1,0,1,1,CONSERVATIVE_MAX_WITH_CONFLICT_FLAG,28517;28518,Drought risk duplicated with conflicting class values; droughtRiskLevel uses conservative maximum and raw values are retained.
NR-MONTHLY-2018-10-301016,2018-10,3010,โนนสูง,301016,ลำมูล,NR-RESEARCH-AREA-146,146,Non Sung,Lammun,0;1,0,1,1,CONSERVATIVE_MAX_WITH_CONFLICT_FLAG,29718;29719,Drought risk duplicated with conflicting class values; droughtRiskLevel uses conservative maximum and raw values are retained.
NR-MONTHLY-2018-10-301102,2018-10,3011,ขามสะแกแสง,301102,โนนเมือง,NR-RESEARCH-AREA-036,36,Kham Sakae Saeng,Non Mueang,0;1,0,1,1,CONSERVATIVE_MAX_WITH_CONFLICT_FLAG,6918;6919,Drought risk duplicated with conflicting class values; droughtRiskLevel uses conservative maximum and raw values are retained.
NR-MONTHLY-2018-10-301104,2018-10,3011,ขามสะแกแสง,301104,ชีวึก,NR-RESEARCH-AREA-038,38,Kham Sakae Saeng,Chiwuek,0;1,0,1,1,CONSERVATIVE_MAX_WITH_CONFLICT_FLAG,7390;7391,Drought risk duplicated with conflicting class values; droughtRiskLevel uses conservative maximum and raw values are retained.
NR-MONTHLY-2018-10-301106,2018-10,3011,ขามสะแกแสง,301106,หนองหัวฟาน,NR-RESEARCH-AREA-040,40,Kham Sakae Saeng,Nong Hua Fan,0;1,0,1,1,CONSERVATIVE_MAX_WITH_CONFLICT_FLAG,7862;7863,Drought risk duplicated with conflicting class values; droughtRiskLevel uses conservative maximum and raw values are retained.
NR-MONTHLY-2018-10-301206,2018-10,3012,บัวใหญ่,301206,ดอนตะหนิน,NR-RESEARCH-AREA-154,154,Bua Yai,Don Tanin,0;1,0,1,1,CONSERVATIVE_MAX_WITH_CONFLICT_FLAG,31382;31383,Drought risk duplicated with conflicting class values; droughtRiskLevel uses conservative maximum and raw values are retained.
NR-MONTHLY-2018-10-301215,2018-10,3012,บัวใหญ่,301215,ด่านช้าง,NR-RESEARCH-AREA-158,158,Bua Yai,Dan Chang,0;1,0,1,1,CONSERVATIVE_MAX_WITH_CONFLICT_FLAG,32145;32146,Drought risk duplicated with conflicting class values; droughtRiskLevel uses conservative maximum and raw values are retained.
NR-MONTHLY-2018-10-301220,2018-10,3012,บัวใหญ่,301220,ขุนทอง,NR-RESEARCH-AREA-159,159,Bua Yai,Khun Thong,0;1,0,1,1,CONSERVATIVE_MAX_WITH_CONFLICT_FLAG,32336;32337,Drought risk duplicated with conflicting class values; droughtRiskLevel uses conservative maximum and raw values are retained.
NR-MONTHLY-2018-10-301303,2018-10,3013,ประทาย,301303,กระทุ่มราย,NR-RESEARCH-AREA-170,170,Prathai,Krathum Rai,0;1,0,1,1,CONSERVATIVE_MAX_WITH_CONFLICT_FLAG,34514;34515,Drought risk duplicated with conflicting class values; droughtRiskLevel uses conservative maximum and raw values are retained.
NR-MONTHLY-2018-10-301304,2018-10,3013,ประทาย,301304,วังไม้แดง,NR-RESEARCH-AREA-168,168,Prathai,Wang Mai Daeng,0;1,0,1,1,CONSERVATIVE_MAX_WITH_CONFLICT_FLAG,34106;34107,Drought risk duplicated with conflicting class values; droughtRiskLevel uses conservative maximum and raw values are retained.
NR-MONTHLY-2018-10-301306,2018-10,3013,ประทาย,301306,ตลาดไทร,NR-RESEARCH-AREA-173,173,Prathai,Talat Sai,0;1,0,1,1,CONSERVATIVE_MAX_WITH_CONFLICT_FLAG,35114;35115,Drought risk duplicated with conflicting class values; droughtRiskLevel uses conservative maximum and raw values are retained.
NR-MONTHLY-2018-10-301307,2018-10,3013,ประทาย,301307,หนองพลวง,NR-RESEARCH-AREA-166,166,Prathai,Nong Phluang,0;1,0,1,1,CONSERVATIVE_MAX_WITH_CONFLICT_FLAG,33708;33709,Drought risk duplicated with conflicting class values; droughtRiskLevel uses conservative maximum and raw values are retained.
NR-MONTHLY-2018-10-301308,2018-10,3013,ประทาย,301308,หนองค่าย,NR-RESEARCH-AREA-172,172,Prathai,Nong Khai,0;1,0,1,1,CONSERVATIVE_MAX_WITH_CONFLICT_FLAG,34915;34916,Drought risk duplicated with conflicting class values; droughtRiskLevel uses conservative maximum and raw values are retained.
NR-MONTHLY-2018-10-301310,2018-10,3013,ประทาย,301310,ดอนมัน,NR-RESEARCH-AREA-174,174,Prathai,Don Man,0;1,0,1,1,CONSERVATIVE_MAX_WITH_CONFLICT_FLAG,35312;35313,Drought risk duplicated with conflicting class values; droughtRiskLevel uses conservative maximum and raw values are retained.
NR-MONTHLY-2018-10-301315,2018-10,3013,ประทาย,301315,ทุ่งสว่าง,NR-RESEARCH-AREA-175,175,Prathai,Thung Sawang,0;1,0,1,1,CONSERVATIVE_MAX_WITH_CONFLICT_FLAG,35518;35519,Drought risk duplicated with conflicting class values; droughtRiskLevel uses conservative maximum and raw values are retained.
NR-MONTHLY-2018-10-301317,2018-10,3013,ประทาย,301317,โคกกลาง,NR-RESEARCH-AREA-176,176,Prathai,Khok Klang,0;1,0,1,1,CONSERVATIVE_MAX_WITH_CONFLICT_FLAG,35723;35724,Drought risk duplicated with conflicting class values; droughtRiskLevel uses conservative maximum and raw values are retained.
NR-MONTHLY-2018-10-301411,2018-10,3014,ปักธงชัย,301411,สะแกราช,NR-RESEARCH-AREA-187,187,Pak Thong Chai,Sakae Rat,0;1,0,1,1,CONSERVATIVE_MAX_WITH_CONFLICT_FLAG,38029;38030,Drought risk duplicated with conflicting class values; droughtRiskLevel uses conservative maximum and raw values are retained.
NR-MONTHLY-2018-10-301502,2018-10,3015,พิมาย,301502,สัมฤทธิ์,NR-RESEARCH-AREA-212,212,Phimai,Samrit,0;1,0,1,1,CONSERVATIVE_MAX_WITH_CONFLICT_FLAG,42633;42634,Drought risk duplicated with conflicting class values; droughtRiskLevel uses conservative maximum and raw values are retained.
NR-MONTHLY-2018-10-301503,2018-10,3015,พิมาย,301503,โบสถ์,NR-RESEARCH-AREA-213,213,Phimai,Bot,0;1,0,1,1,CONSERVATIVE_MAX_WITH_CONFLICT_FLAG,42865;42866,Drought risk duplicated with conflicting class values; droughtRiskLevel uses conservative maximum and raw values are retained.
NR-MONTHLY-2018-10-301507,2018-10,3015,พิมาย,301507,ชีวาน,NR-RESEARCH-AREA-217,217,Phimai,Chiwan,0;1,0,1,1,CONSERVATIVE_MAX_WITH_CONFLICT_FLAG,43791;43792,Drought risk duplicated with conflicting class values; droughtRiskLevel uses conservative maximum and raw values are retained.
NR-MONTHLY-2018-10-301508,2018-10,3015,พิมาย,301508,นิคมสร้างตนเอง,NR-RESEARCH-AREA-218,218,Phimai,Nikhom Sang Ton-Eng,0;1,0,1,1,CONSERVATIVE_MAX_WITH_CONFLICT_FLAG,44022;44023,Drought risk duplicated with conflicting class values; droughtRiskLevel uses conservative maximum and raw values are retained.
NR-MONTHLY-2018-10-301509,2018-10,3015,พิมาย,301509,กระชอน,NR-RESEARCH-AREA-219,219,Phimai,Krachon,0;1,0,1,1,CONSERVATIVE_MAX_WITH_CONFLICT_FLAG,44254;44255,Drought risk duplicated with conflicting class values; droughtRiskLevel uses conservative maximum and raw values are retained.
NR-MONTHLY-2018-10-301510,2018-10,3015,พิมาย,301510,ดงใหญ่,NR-RESEARCH-AREA-220,220,Phimai,Dong Yai,0;1,0,1,1,CONSERVATIVE_MAX_WITH_CONFLICT_FLAG,44486;44487,Drought risk duplicated with conflicting class values; droughtRiskLevel uses conservative maximum and raw values are retained.
NR-MONTHLY-2018-10-301512,2018-10,3015,พิมาย,301512,หนองระเวียง,NR-RESEARCH-AREA-222,222,Mueang Nakhon Ratchasima,Nong Rawiang,0;1,0,1,1,CONSERVATIVE_MAX_WITH_CONFLICT_FLAG,44951;44952,Drought risk duplicated with conflicting class values; droughtRiskLevel uses conservative maximum and raw values are retained.
NR-MONTHLY-2018-10-301604,2018-10,3016,ห้วยแถลง,301604,หลุ่งตะเคียน,NR-RESEARCH-AREA-282,282,Huai Thalaeng,Lung Takhian,0;1,0,1,1,CONSERVATIVE_MAX_WITH_CONFLICT_FLAG,57042;57043,Drought risk duplicated with conflicting class values; droughtRiskLevel uses conservative maximum and raw values are retained.
NR-MONTHLY-2018-10-301606,2018-10,3016,ห้วยแถลง,301606,งิ้ว,NR-RESEARCH-AREA-284,284,Huai Thalaeng,Ngio,0;1,0,1,1,CONSERVATIVE_MAX_WITH_CONFLICT_FLAG,57424;57425,Drought risk duplicated with conflicting class values; droughtRiskLevel uses conservative maximum and raw values are retained.
NR-MONTHLY-2018-10-301608,2018-10,3016,ห้วยแถลง,301608,หลุ่งประดู่,NR-RESEARCH-AREA-286,286,Huai Thalaeng,Lung Pradu,0;1,0,1,1,CONSERVATIVE_MAX_WITH_CONFLICT_FLAG,57806;57807,Drought risk duplicated with conflicting class values; droughtRiskLevel uses conservative maximum and raw values are retained.
NR-MONTHLY-2018-10-301609,2018-10,3016,ห้วยแถลง,301609,ตะโก,NR-RESEARCH-AREA-287,287,Huai Thalaeng,Tako,0;1,0,1,1,CONSERVATIVE_MAX_WITH_CONFLICT_FLAG,57996;57997,Drought risk duplicated with conflicting class values; droughtRiskLevel uses conservative maximum and raw values are retained.
NR-MONTHLY-2018-10-301701,2018-10,3017,ชุมพวง,301701,ชุมพวง,NR-RESEARCH-AREA-077,77,Chum Phuang,Chum Phuang,0;1,0,1,1,CONSERVATIVE_MAX_WITH_CONFLICT_FLAG,15272;15273,Drought risk duplicated with conflicting class values; droughtRiskLevel uses conservative maximum and raw values are retained.
NR-MONTHLY-2018-10-301704,2018-10,3017,ชุมพวง,301704,สาหร่าย,NR-RESEARCH-AREA-080,80,Chum Phuang,Sarai,0;1,0,1,1,CONSERVATIVE_MAX_WITH_CONFLICT_FLAG,15958;15959,Drought risk duplicated with conflicting class values; droughtRiskLevel uses conservative maximum and raw values are retained.
NR-MONTHLY-2018-10-301705,2018-10,3017,ชุมพวง,301705,ตลาดไทร,NR-RESEARCH-AREA-081,81,Chum Phuang,Talat Sai,0;1,0,1,1,CONSERVATIVE_MAX_WITH_CONFLICT_FLAG,16184;16185,Drought risk duplicated with conflicting class values; droughtRiskLevel uses conservative maximum and raw values are retained.
NR-MONTHLY-2018-10-301710,2018-10,3017,ชุมพวง,301710,โนนรัง,NR-RESEARCH-AREA-082,82,Chum Phuang,Non Rang,0;1,0,1,1,CONSERVATIVE_MAX_WITH_CONFLICT_FLAG,16414;16415,Drought risk duplicated with conflicting class values; droughtRiskLevel uses conservative maximum and raw values are retained.
NR-MONTHLY-2018-10-301714,2018-10,3017,ชุมพวง,301714,หนองหลัก,NR-RESEARCH-AREA-083,83,Chum Phuang,Nong Lak,0;1,0,1,1,CONSERVATIVE_MAX_WITH_CONFLICT_FLAG,16643;16644,Drought risk duplicated with conflicting class values; droughtRiskLevel uses conservative maximum and raw values are retained.
NR-MONTHLY-2018-10-301716,2018-10,3017,ชุมพวง,301716,โนนตูม,NR-RESEARCH-AREA-084,84,Chum Phuang,Non Tum,0;1,0,1,1,CONSERVATIVE_MAX_WITH_CONFLICT_FLAG,16868;16869,Drought risk duplicated with conflicting class values; droughtRiskLevel uses conservative maximum and raw values are retained.
NR-MONTHLY-2018-10-301717,2018-10,3017,ชุมพวง,301717,โนนยอ,NR-RESEARCH-AREA-085,85,Chum Phuang,Non Yo,0;1,0,1,1,CONSERVATIVE_MAX_WITH_CONFLICT_FLAG,17098;17099,Drought risk duplicated with conflicting class values; droughtRiskLevel uses conservative maximum and raw values are retained.
NR-MONTHLY-2018-10-301802,2018-10,3018,สูงเนิน,301802,เสมา,NR-RESEARCH-AREA-254,254,Sung Noen,Sema,0;1,0,1,1,CONSERVATIVE_MAX_WITH_CONFLICT_FLAG,51298;51299,Drought risk duplicated with conflicting class values; droughtRiskLevel uses conservative maximum and raw values are retained.
NR-MONTHLY-2018-10-301804,2018-10,3018,สูงเนิน,301804,บุ่งขี้เหล็ก,NR-RESEARCH-AREA-256,256,Sung Noen,Bung Khi Lek,0;1,0,1,1,CONSERVATIVE_MAX_WITH_CONFLICT_FLAG,51711;51712,Drought risk duplicated with conflicting class values; droughtRiskLevel uses conservative maximum and raw values are retained.
NR-MONTHLY-2018-10-301805,2018-10,3018,สูงเนิน,301805,โนนค่า,NR-RESEARCH-AREA-257,257,Sung Noen,Non Kha,0;1,0,1,1,CONSERVATIVE_MAX_WITH_CONFLICT_FLAG,51915;51916,Drought risk duplicated with conflicting class values; droughtRiskLevel uses conservative maximum and raw values are retained.
NR-MONTHLY-2018-10-301807,2018-10,3018,สูงเนิน,301807,มะเกลือเก่า,NR-RESEARCH-AREA-259,259,Sung Noen,Makluea Kao,0;1,0,1,1,CONSERVATIVE_MAX_WITH_CONFLICT_FLAG,52326;52327,Drought risk duplicated with conflicting class values; droughtRiskLevel uses conservative maximum and raw values are retained.
NR-MONTHLY-2018-10-301809,2018-10,3018,สูงเนิน,301809,นากลาง,NR-RESEARCH-AREA-261,261,Sung Noen,Na Klang,0;1,0,1,1,CONSERVATIVE_MAX_WITH_CONFLICT_FLAG,52735;52736,Drought risk duplicated with conflicting class values; droughtRiskLevel uses conservative maximum and raw values are retained.
NR-MONTHLY-2018-10-301810,2018-10,3018,สูงเนิน,301810,หนองตะไก้,NR-RESEARCH-AREA-262,262,Sung Noen,Nong Takai,0;1,0,1,1,CONSERVATIVE_MAX_WITH_CONFLICT_FLAG,52940;52941,Drought risk duplicated with conflicting class values; droughtRiskLevel uses conservative maximum and raw values are retained.
NR-MONTHLY-2018-10-301901,2018-10,3019,ขามทะเลสอ,301901,ขามทะเลสอ,NR-RESEARCH-AREA-030,30,Kham Thale So,Kham Thale So,0;1,0,1,1,CONSERVATIVE_MAX_WITH_CONFLICT_FLAG,5694;5695,Drought risk duplicated with conflicting class values; droughtRiskLevel uses conservative maximum and raw values are retained.
NR-MONTHLY-2018-10-302001,2018-10,3020,สีคิ้ว,302001,สีคิ้ว,NR-RESEARCH-AREA-236,236,Si Khio,Sikhio,0;1,0,1,1,CONSERVATIVE_MAX_WITH_CONFLICT_FLAG,47748;47749,Drought risk duplicated with conflicting class values; droughtRiskLevel uses conservative maximum and raw values are retained.
NR-MONTHLY-2018-10-302003,2018-10,3020,สีคิ้ว,302003,กฤษณา,NR-RESEARCH-AREA-238,238,Si Khio,Kritsana,0;1,0,1,1,CONSERVATIVE_MAX_WITH_CONFLICT_FLAG,48141;48142,Drought risk duplicated with conflicting class values; droughtRiskLevel uses conservative maximum and raw values are retained.
NR-MONTHLY-2018-10-302010,2018-10,3020,สีคิ้ว,302010,คลองไผ่,NR-RESEARCH-AREA-245,245,Si Khio,Khlong Phai,0;1,0,1,1,CONSERVATIVE_MAX_WITH_CONFLICT_FLAG,49500;49501,Drought risk duplicated with conflicting class values; droughtRiskLevel uses conservative maximum and raw values are retained.
NR-MONTHLY-2018-10-302302,2018-10,3023,แก้งสนามนาง,302302,โนนสำราญ,NR-RESEARCH-AREA-026,26,Kaeng Sanam Nang,Non Samran,0;1,0,1,1,CONSERVATIVE_MAX_WITH_CONFLICT_FLAG,4898;4899,Drought risk duplicated with conflicting class values; droughtRiskLevel uses conservative maximum and raw values are retained.
NR-MONTHLY-2018-10-302303,2018-10,3023,แก้งสนามนาง,302303,บึงพะไล,NR-RESEARCH-AREA-027,27,Kaeng Sanam Nang,Bueng Phalai,0;1,0,1,1,CONSERVATIVE_MAX_WITH_CONFLICT_FLAG,5097;5098,Drought risk duplicated with conflicting class values; droughtRiskLevel uses conservative maximum and raw values are retained.
NR-MONTHLY-2018-10-302401,2018-10,3024,โนนแดง,302401,โนนแดง,NR-RESEARCH-AREA-116,116,Non Daeng,Non Daeng,0;1,0,1,1,CONSERVATIVE_MAX_WITH_CONFLICT_FLAG,23420;23421,Drought risk duplicated with conflicting class values; droughtRiskLevel uses conservative maximum and raw values are retained.
NR-MONTHLY-2018-10-302602,2018-10,3026,เทพารักษ์,302602,หนองแวง,NR-RESEARCH-AREA-113,113,Thepharak,Nong Waeng,0;1,0,1,1,CONSERVATIVE_MAX_WITH_CONFLICT_FLAG,22857;22858,Drought risk duplicated with conflicting class values; droughtRiskLevel uses conservative maximum and raw values are retained.
NR-MONTHLY-2018-10-302603,2018-10,3026,เทพารักษ์,302603,บึงปรือ,NR-RESEARCH-AREA-114,114,Thepharak,Bueng Prue,0;1,0,1,1,CONSERVATIVE_MAX_WITH_CONFLICT_FLAG,23043;23044,Drought risk duplicated with conflicting class values; droughtRiskLevel uses conservative maximum and raw values are retained.
NR-MONTHLY-2018-10-302604,2018-10,3026,เทพารักษ์,302604,วังยายทอง,NR-RESEARCH-AREA-115,115,Thepharak,Wang Yai Thong,0;1,0,1,1,CONSERVATIVE_MAX_WITH_CONFLICT_FLAG,23228;23229,Drought risk duplicated with conflicting class values; droughtRiskLevel uses conservative maximum and raw values are retained.
NR-MONTHLY-2018-10-302701,2018-10,3027,เมืองยาง,302701,เมืองยาง,NR-RESEARCH-AREA-223,223,Mueang Yang,Mueang Yang,0;1,0,1,1,CONSERVATIVE_MAX_WITH_CONFLICT_FLAG,45180;45181,Drought risk duplicated with conflicting class values; droughtRiskLevel uses conservative maximum and raw values are retained.
NR-MONTHLY-2018-10-302702,2018-10,3027,เมืองยาง,302702,กระเบื้องนอก,NR-RESEARCH-AREA-224,224,Mueang Yang,Krabueang Nok,0;1,0,1,1,CONSERVATIVE_MAX_WITH_CONFLICT_FLAG,45380;45381,Drought risk duplicated with conflicting class values; droughtRiskLevel uses conservative maximum and raw values are retained.
NR-MONTHLY-2018-10-302703,2018-10,3027,เมืองยาง,302703,ละหานปลาค้าว,NR-RESEARCH-AREA-225,225,Mueang Yang,Lahan Pla Khao,0;1,0,1,1,CONSERVATIVE_MAX_WITH_CONFLICT_FLAG,45581;45582,Drought risk duplicated with conflicting class values; droughtRiskLevel uses conservative maximum and raw values are retained.
NR-MONTHLY-2018-10-302704,2018-10,3027,เมืองยาง,302704,โนนอุดม,NR-RESEARCH-AREA-226,226,Mueang Yang,Non Udom,0;1,0,1,1,CONSERVATIVE_MAX_WITH_CONFLICT_FLAG,45781;45782,Drought risk duplicated with conflicting class values; droughtRiskLevel uses conservative maximum and raw values are retained.
NR-MONTHLY-2018-10-302802,2018-10,3028,พระทองคำ,302802,มาบกราด,NR-RESEARCH-AREA-207,207,Phra Thong Kham,Map Krat,0;1,0,1,1,CONSERVATIVE_MAX_WITH_CONFLICT_FLAG,41607;41608,Drought risk duplicated with conflicting class values; droughtRiskLevel uses conservative maximum and raw values are retained.
NR-MONTHLY-2018-10-302901,2018-10,3029,ลำทะเมนชัย,302901,ขุย,NR-RESEARCH-AREA-227,227,Lamtaman Chai,Khui,0;1,0,1,1,CONSERVATIVE_MAX_WITH_CONFLICT_FLAG,45985;45986,Drought risk duplicated with conflicting class values; droughtRiskLevel uses conservative maximum and raw values are retained.
NR-MONTHLY-2018-10-302902,2018-10,3029,ลำทะเมนชัย,302902,บ้านยาง,NR-RESEARCH-AREA-228,228,Lamtaman Chai,Ban Yang,0;1,0,1,1,CONSERVATIVE_MAX_WITH_CONFLICT_FLAG,46200;46201,Drought risk duplicated with conflicting class values; droughtRiskLevel uses conservative maximum and raw values are retained.
NR-MONTHLY-2018-10-302903,2018-10,3029,ลำทะเมนชัย,302903,ช่องแมว,NR-RESEARCH-AREA-229,229,Lamtaman Chai,Chong Maeo,0;1,0,1,1,CONSERVATIVE_MAX_WITH_CONFLICT_FLAG,46412;46413,Drought risk duplicated with conflicting class values; droughtRiskLevel uses conservative maximum and raw values are retained.
NR-MONTHLY-2018-10-302904,2018-10,3029,ลำทะเมนชัย,302904,ไพล,NR-RESEARCH-AREA-230,230,Lamtaman Chai,Phrai,0;1,0,1,1,CONSERVATIVE_MAX_WITH_CONFLICT_FLAG,46625;46626,Drought risk duplicated with conflicting class values; droughtRiskLevel uses conservative maximum and raw values are retained.
NR-MONTHLY-2018-10-303002,2018-10,3030,บัวลาย,303002,โนนจาน,NR-RESEARCH-AREA-148,148,Bua Lai,Non Chan,0;1,0,1,1,CONSERVATIVE_MAX_WITH_CONFLICT_FLAG,30139;30140,Drought risk duplicated with conflicting class values; droughtRiskLevel uses conservative maximum and raw values are retained.
NR-MONTHLY-2018-10-303003,2018-10,3030,บัวลาย,303003,บัวลาย,NR-RESEARCH-AREA-149,149,Bua Lai,Bua Lai,0;1,0,1,1,CONSERVATIVE_MAX_WITH_CONFLICT_FLAG,30361;30362,Drought risk duplicated with conflicting class values; droughtRiskLevel uses conservative maximum and raw values are retained.
NR-MONTHLY-2018-10-303004,2018-10,3030,บัวลาย,303004,หนองหว้า,NR-RESEARCH-AREA-150,150,Bua Lai,Nong Wa,0;1,0,1,1,CONSERVATIVE_MAX_WITH_CONFLICT_FLAG,30584;30585,Drought risk duplicated with conflicting class values; droughtRiskLevel uses conservative maximum and raw values are retained.
NR-MONTHLY-2018-10-303201,2018-10,3032,เฉลิมพระเกียรติ,303201,ช้างทอง,NR-RESEARCH-AREA-072,72,Chaloem Phra Kiet,Chang Thong,0;1,0,1,1,CONSERVATIVE_MAX_WITH_CONFLICT_FLAG,14238;14239,Drought risk duplicated with conflicting class values; droughtRiskLevel uses conservative maximum and raw values are retained.
NR-MONTHLY-2018-10-303205,2018-10,3032,เฉลิมพระเกียรติ,303205,หนองยาง,NR-RESEARCH-AREA-076,76,Chaloem Phra Kiet,Nong Yang,0;1,0,1,1,CONSERVATIVE_MAX_WITH_CONFLICT_FLAG,15057;15058,Drought risk duplicated with conflicting class values; droughtRiskLevel uses conservative maximum and raw values are retained.
NR-MONTHLY-2018-11-300102,2018-11,3001,เมืองนครราชสีมา,300102,โพธิ์กลาง,NR-RESEARCH-AREA-001,1,Mueang Nakhon Ratchasima,Pho Klang,0;1,0,1,1,CONSERVATIVE_MAX_WITH_CONFLICT_FLAG,198;199,Drought risk duplicated with conflicting class values; droughtRiskLevel uses conservative maximum and raw values are retained.
NR-MONTHLY-2018-11-300103,2018-11,3001,เมืองนครราชสีมา,300103,หนองจะบก,NR-RESEARCH-AREA-002,2,Mueang Nakhon Ratchasima,Nong Chabok,0;1,0,1,1,CONSERVATIVE_MAX_WITH_CONFLICT_FLAG,383;384,Drought risk duplicated with conflicting class values; droughtRiskLevel uses conservative maximum and raw values are retained.
NR-MONTHLY-2018-11-300105,2018-11,3001,เมืองนครราชสีมา,300105,มะเริง,NR-RESEARCH-AREA-004,4,Mueang Nakhon Ratchasima,Maroeng,0;1,0,1,1,CONSERVATIVE_MAX_WITH_CONFLICT_FLAG,759;760,Drought risk duplicated with conflicting class values; droughtRiskLevel uses conservative maximum and raw values are retained.
NR-MONTHLY-2018-11-300106,2018-11,3001,เมืองนครราชสีมา,300106,หนองระเวียง,NR-RESEARCH-AREA-005,5,Mueang Nakhon Ratchasima,Nong Rawiang,0;1,0,1,1,CONSERVATIVE_MAX_WITH_CONFLICT_FLAG,949;950,Drought risk duplicated with conflicting class values; droughtRiskLevel uses conservative maximum and raw values are retained.
NR-MONTHLY-2018-11-300107,2018-11,3001,เมืองนครราชสีมา,300107,ปรุใหญ่,NR-RESEARCH-AREA-006,6,Mueang Nakhon Ratchasima,Pru Yai,0;1,0,1,1,CONSERVATIVE_MAX_WITH_CONFLICT_FLAG,1141;1142,Drought risk duplicated with conflicting class values; droughtRiskLevel uses conservative maximum and raw values are retained.
NR-MONTHLY-2018-11-300111,2018-11,3001,เมืองนครราชสีมา,300111,หัวทะเล,NR-RESEARCH-AREA-010,10,Mueang Nakhon Ratchasima,Hua Thale,0;1,0,1,1,CONSERVATIVE_MAX_WITH_CONFLICT_FLAG,1847;1848,Drought risk duplicated with conflicting class values; droughtRiskLevel uses conservative maximum and raw values are retained.
NR-MONTHLY-2018-11-300112,2018-11,3001,เมืองนครราชสีมา,300112,บ้านเกาะ,NR-RESEARCH-AREA-011,11,Mueang Nakhon Ratchasima,Ban Ko,0;1,0,1,1,CONSERVATIVE_MAX_WITH_CONFLICT_FLAG,2038;2039,Drought risk duplicated with conflicting class values; droughtRiskLevel uses conservative maximum and raw values are retained.
NR-MONTHLY-2018-11-300113,2018-11,3001,เมืองนครราชสีมา,300113,บ้านใหม่,NR-RESEARCH-AREA-012,12,Mueang Nakhon Ratchasima,Ban Mai,0;1,0,1,1,CONSERVATIVE_MAX_WITH_CONFLICT_FLAG,2235;2236,Drought risk duplicated with conflicting class values; droughtRiskLevel uses conservative maximum and raw values are retained.
NR-MONTHLY-2018-11-300115,2018-11,3001,เมืองนครราชสีมา,300115,บ้านโพธิ์,NR-RESEARCH-AREA-014,14,Mueang Nakhon Ratchasima,Ban Pho,0;1,0,1,1,CONSERVATIVE_MAX_WITH_CONFLICT_FLAG,2617;2618,Drought risk duplicated with conflicting class values; droughtRiskLevel uses conservative maximum and raw values are retained.
NR-MONTHLY-2018-11-300117,2018-11,3001,เมืองนครราชสีมา,300117,โคกกรวด,NR-RESEARCH-AREA-016,16,Mueang Nakhon Ratchasima,Khok Kruat,0;1,0,1,1,CONSERVATIVE_MAX_WITH_CONFLICT_FLAG,2997;2998,Drought risk duplicated with conflicting class values; droughtRiskLevel uses conservative maximum and raw values are retained.
NR-MONTHLY-2018-11-300118,2018-11,3001,เมืองนครราชสีมา,300118,ไชยมงคล,NR-RESEARCH-AREA-017,17,Mueang Nakhon Ratchasima,Chai Mongkhon,0;1,0,1,1,CONSERVATIVE_MAX_WITH_CONFLICT_FLAG,3185;3186,Drought risk duplicated with conflicting class values; droughtRiskLevel uses conservative maximum and raw values are retained.
NR-MONTHLY-2018-11-300119,2018-11,3001,เมืองนครราชสีมา,300119,หนองบัวศาลา,NR-RESEARCH-AREA-018,18,Mueang Nakhon Ratchasima,Nong Bua Sala,0;1,0,1,1,CONSERVATIVE_MAX_WITH_CONFLICT_FLAG,3373;3374,Drought risk duplicated with conflicting class values; droughtRiskLevel uses conservative maximum and raw values are retained.
NR-MONTHLY-2018-11-300120,2018-11,3001,เมืองนครราชสีมา,300120,สุรนารี,NR-RESEARCH-AREA-019,19,Mueang Nakhon Ratchasima,Suranari,0;1,0,1,1,CONSERVATIVE_MAX_WITH_CONFLICT_FLAG,3555;3556,Drought risk duplicated with conflicting class values; droughtRiskLevel uses conservative maximum and raw values are retained.
NR-MONTHLY-2018-11-300123,2018-11,3001,เมืองนครราชสีมา,300123,พะเนา,NR-RESEARCH-AREA-022,22,Mueang Nakhon Ratchasima,Phanao,0;1,0,1,1,CONSERVATIVE_MAX_WITH_CONFLICT_FLAG,4125;4126,Drought risk duplicated with conflicting class values; droughtRiskLevel uses conservative maximum and raw values are retained.
NR-MONTHLY-2018-11-300204,2018-11,3002,ครบุรี,300204,โคกกระชาย,NR-RESEARCH-AREA-055,55,Khon Buri,Khok Krachai,0;1,0,1,1,CONSERVATIVE_MAX_WITH_CONFLICT_FLAG,10867;10868,Drought risk duplicated with conflicting class values; droughtRiskLevel uses conservative maximum and raw values are retained.
NR-MONTHLY-2018-11-300205,2018-11,3002,ครบุรี,300205,จระเข้หิน,NR-RESEARCH-AREA-056,56,Khon Buri,Chorakhe Hin,0;1,0,1,1,CONSERVATIVE_MAX_WITH_CONFLICT_FLAG,11062;11063,Drought risk duplicated with conflicting class values; droughtRiskLevel uses conservative maximum and raw values are retained.
NR-MONTHLY-2018-11-300207,2018-11,3002,ครบุรี,300207,อรพิมพ์,NR-RESEARCH-AREA-058,58,Khon Buri,Oraphim,0;1,0,1,1,CONSERVATIVE_MAX_WITH_CONFLICT_FLAG,11448;11449,Drought risk duplicated with conflicting class values; droughtRiskLevel uses conservative maximum and raw values are retained.
NR-MONTHLY-2018-11-300210,2018-11,3002,ครบุรี,300210,ครบุรีใต้,NR-RESEARCH-AREA-061,61,Khon Buri,Khon Buri Tai,0;1,0,1,1,CONSERVATIVE_MAX_WITH_CONFLICT_FLAG,11997;11998,Drought risk duplicated with conflicting class values; droughtRiskLevel uses conservative maximum and raw values are retained.
NR-MONTHLY-2018-11-300405,2018-11,3004,คง,300405,บ้านปรางค์,NR-RESEARCH-AREA-046,46,Khong,Ban Prang,0;1,0,1,1,CONSERVATIVE_MAX_WITH_CONFLICT_FLAG,9120;9121,Drought risk duplicated with conflicting class values; droughtRiskLevel uses conservative maximum and raw values are retained.
NR-MONTHLY-2018-11-300406,2018-11,3004,คง,300406,หนองมะนาว,NR-RESEARCH-AREA-047,47,Khong,Nong Manao,0;1,0,1,1,CONSERVATIVE_MAX_WITH_CONFLICT_FLAG,9319;9320,Drought risk duplicated with conflicting class values; droughtRiskLevel uses conservative maximum and raw values are retained.
NR-MONTHLY-2018-11-300407,2018-11,3004,คง,300407,หนองบัว,NR-RESEARCH-AREA-048,48,Khong,Nong Bua,0;1,0,1,1,CONSERVATIVE_MAX_WITH_CONFLICT_FLAG,9521;9522,Drought risk duplicated with conflicting class values; droughtRiskLevel uses conservative maximum and raw values are retained.
NR-MONTHLY-2018-11-300408,2018-11,3004,คง,300408,โนนเต็ง,NR-RESEARCH-AREA-049,49,Khong,Non Teng,0;1,0,1,1,CONSERVATIVE_MAX_WITH_CONFLICT_FLAG,9719;9720,Drought risk duplicated with conflicting class values; droughtRiskLevel uses conservative maximum and raw values are retained.
NR-MONTHLY-2018-11-300501,2018-11,3005,บ้านเหลื่อม,300501,บ้านเหลื่อม,NR-RESEARCH-AREA-161,161,Ban Lueam,Ban Lueam,0;1,0,1,1,CONSERVATIVE_MAX_WITH_CONFLICT_FLAG,32727;32728,Drought risk duplicated with conflicting class values; droughtRiskLevel uses conservative maximum and raw values are retained.
NR-MONTHLY-2018-11-300502,2018-11,3005,บ้านเหลื่อม,300502,วังโพธิ์,NR-RESEARCH-AREA-162,162,Ban Lueam,Wang Pho,0;1,0,1,1,CONSERVATIVE_MAX_WITH_CONFLICT_FLAG,32924;32925,Drought risk duplicated with conflicting class values; droughtRiskLevel uses conservative maximum and raw values are retained.
NR-MONTHLY-2018-11-300702,2018-11,3007,โชคชัย,300702,พลับพลา,NR-RESEARCH-AREA-087,87,Chok Chai,Phlapphla,0;1,0,1,1,CONSERVATIVE_MAX_WITH_CONFLICT_FLAG,17526;17527,Drought risk duplicated with conflicting class values; droughtRiskLevel uses conservative maximum and raw values are retained.
NR-MONTHLY-2018-11-300703,2018-11,3007,โชคชัย,300703,ท่าอ่าง,NR-RESEARCH-AREA-088,88,Chok Chai,Tha Ang,0;1,0,1,1,CONSERVATIVE_MAX_WITH_CONFLICT_FLAG,17725;17726,Drought risk duplicated with conflicting class values; droughtRiskLevel uses conservative maximum and raw values are retained.
NR-MONTHLY-2018-11-300704,2018-11,3007,โชคชัย,300704,ทุ่งอรุณ,NR-RESEARCH-AREA-089,89,Chok Chai,Thung Arun,0;1,0,1,1,CONSERVATIVE_MAX_WITH_CONFLICT_FLAG,17924;17925,Drought risk duplicated with conflicting class values; droughtRiskLevel uses conservative maximum and raw values are retained.
NR-MONTHLY-2018-11-300710,2018-11,3007,โชคชัย,300710,ด่านเกวียน,NR-RESEARCH-AREA-095,95,Chok Chai,Dan Kwian,0;1,0,1,1,CONSERVATIVE_MAX_WITH_CONFLICT_FLAG,19111;19112,Drought risk duplicated with conflicting class values; droughtRiskLevel uses conservative maximum and raw values are retained.
NR-MONTHLY-2018-11-300801,2018-11,3008,ด่านขุนทด,300801,กุดพิมาน,NR-RESEARCH-AREA-096,96,Dan Khun Thot,Kut Phiman,0;1,0,1,1,CONSERVATIVE_MAX_WITH_CONFLICT_FLAG,19313;19314,Drought risk duplicated with conflicting class values; droughtRiskLevel uses conservative maximum and raw values are retained.
NR-MONTHLY-2018-11-300802,2018-11,3008,ด่านขุนทด,300802,ด่านขุนทด,NR-RESEARCH-AREA-097,97,Dan Khun Thot,Dan Khun Thot,0;1,0,1,1,CONSERVATIVE_MAX_WITH_CONFLICT_FLAG,19527;19528,Drought risk duplicated with conflicting class values; droughtRiskLevel uses conservative maximum and raw values are retained.
NR-MONTHLY-2018-11-300805,2018-11,3008,ด่านขุนทด,300805,ตะเคียน,NR-RESEARCH-AREA-100,100,Dan Khun Thot,Takhian,0;1,0,1,1,CONSERVATIVE_MAX_WITH_CONFLICT_FLAG,20160;20161,Drought risk duplicated with conflicting class values; droughtRiskLevel uses conservative maximum and raw values are retained.
NR-MONTHLY-2018-11-300807,2018-11,3008,ด่านขุนทด,300807,บ้านแปรง,NR-RESEARCH-AREA-102,102,Dan Khun Thot,Ban Praeng,0;1,0,1,1,CONSERVATIVE_MAX_WITH_CONFLICT_FLAG,20582;20583,Drought risk duplicated with conflicting class values; droughtRiskLevel uses conservative maximum and raw values are retained.
NR-MONTHLY-2018-11-300809,2018-11,3008,ด่านขุนทด,300809,สระจรเข้,NR-RESEARCH-AREA-104,104,Dan Khun Thot,Sa Chorakhe,0;1,0,1,1,CONSERVATIVE_MAX_WITH_CONFLICT_FLAG,21004;21005,Drought risk duplicated with conflicting class values; droughtRiskLevel uses conservative maximum and raw values are retained.
NR-MONTHLY-2018-11-300810,2018-11,3008,ด่านขุนทด,300810,หนองกราด,NR-RESEARCH-AREA-105,105,Dan Khun Thot,Nong Krat,0;1,0,1,1,CONSERVATIVE_MAX_WITH_CONFLICT_FLAG,21212;21213,Drought risk duplicated with conflicting class values; droughtRiskLevel uses conservative maximum and raw values are retained.
NR-MONTHLY-2018-11-300811,2018-11,3008,ด่านขุนทด,300811,หนองบัวตะเกียด,NR-RESEARCH-AREA-106,106,Dan Khun Thot,Nong Bua Takiat,0;1,0,1,1,CONSERVATIVE_MAX_WITH_CONFLICT_FLAG,21420;21421,Drought risk duplicated with conflicting class values; droughtRiskLevel uses conservative maximum and raw values are retained.
NR-MONTHLY-2018-11-300812,2018-11,3008,ด่านขุนทด,300812,หนองบัวละคร,NR-RESEARCH-AREA-107,107,Dan Khun Thot,Nong Bua Lakhon,0;1,0,1,1,CONSERVATIVE_MAX_WITH_CONFLICT_FLAG,21629;21630,Drought risk duplicated with conflicting class values; droughtRiskLevel uses conservative maximum and raw values are retained.
NR-MONTHLY-2018-11-300813,2018-11,3008,ด่านขุนทด,300813,หินดาด,NR-RESEARCH-AREA-108,108,Dan Khun Thot,Hin Dat,0;1,0,1,1,CONSERVATIVE_MAX_WITH_CONFLICT_FLAG,21841;21842,Drought risk duplicated with conflicting class values; droughtRiskLevel uses conservative maximum and raw values are retained.
NR-MONTHLY-2018-11-300815,2018-11,3008,ด่านขุนทด,300815,ห้วยบง,NR-RESEARCH-AREA-109,109,Dan Khun Thot,Huai Bong,0;1,0,1,1,CONSERVATIVE_MAX_WITH_CONFLICT_FLAG,22052;22053,Drought risk duplicated with conflicting class values; droughtRiskLevel uses conservative maximum and raw values are retained.
NR-MONTHLY-2018-11-300817,2018-11,3008,ด่านขุนทด,300817,โนนเมืองพัฒนา,NR-RESEARCH-AREA-110,110,Dan Khun Thot,Non Mueang Phatthana,0;1,0,1,1,CONSERVATIVE_MAX_WITH_CONFLICT_FLAG,22260;22261,Drought risk duplicated with conflicting class values; droughtRiskLevel uses conservative maximum and raw values are retained.
NR-MONTHLY-2018-11-300818,2018-11,3008,ด่านขุนทด,300818,หนองไทร,NR-RESEARCH-AREA-111,111,Dan Khun Thot,Nong Sai,0;1,0,1,1,CONSERVATIVE_MAX_WITH_CONFLICT_FLAG,22469;22470,Drought risk duplicated with conflicting class values; droughtRiskLevel uses conservative maximum and raw values are retained.
NR-MONTHLY-2018-11-300902,2018-11,3009,โนนไทย,300902,ด่านจาก,NR-RESEARCH-AREA-122,122,Non Thai,Dan Chak,0;1,0,1,1,CONSERVATIVE_MAX_WITH_CONFLICT_FLAG,24788;24789,Drought risk duplicated with conflicting class values; droughtRiskLevel uses conservative maximum and raw values are retained.
NR-MONTHLY-2018-11-300907,2018-11,3009,โนนไทย,300907,บัลลังก์,NR-RESEARCH-AREA-127,127,Non Thai,Banlang,0;1,0,1,1,CONSERVATIVE_MAX_WITH_CONFLICT_FLAG,25854;25855,Drought risk duplicated with conflicting class values; droughtRiskLevel uses conservative maximum and raw values are retained.
NR-MONTHLY-2018-11-300909,2018-11,3009,โนนไทย,300909,ถนนโพธิ์,NR-RESEARCH-AREA-129,129,Non Thai,Thanon Pho,0;1,0,1,1,CONSERVATIVE_MAX_WITH_CONFLICT_FLAG,26278;26279,Drought risk duplicated with conflicting class values; droughtRiskLevel uses conservative maximum and raw values are retained.
NR-MONTHLY-2018-11-301001,2018-11,3010,โนนสูง,301001,โนนสูง,NR-RESEARCH-AREA-131,131,Non Sung,Non Sung,0;1,0,1,1,CONSERVATIVE_MAX_WITH_CONFLICT_FLAG,26695;26696,Drought risk duplicated with conflicting class values; droughtRiskLevel uses conservative maximum and raw values are retained.
NR-MONTHLY-2018-11-301101,2018-11,3011,ขามสะแกแสง,301101,ขามสะแกแสง,NR-RESEARCH-AREA-035,35,Kham Sakae Saeng,Kham Sakae Saeng,0;1,0,1,1,CONSERVATIVE_MAX_WITH_CONFLICT_FLAG,6684;6685,Drought risk duplicated with conflicting class values; droughtRiskLevel uses conservative maximum and raw values are retained.
NR-MONTHLY-2018-11-301103,2018-11,3011,ขามสะแกแสง,301103,เมืองนาท,NR-RESEARCH-AREA-037,37,Kham Sakae Saeng,Mueang Nat,0;1,0,1,1,CONSERVATIVE_MAX_WITH_CONFLICT_FLAG,7156;7157,Drought risk duplicated with conflicting class values; droughtRiskLevel uses conservative maximum and raw values are retained.
NR-MONTHLY-2018-11-301104,2018-11,3011,ขามสะแกแสง,301104,ชีวึก,NR-RESEARCH-AREA-038,38,Kham Sakae Saeng,Chiwuek,0;1,0,1,1,CONSERVATIVE_MAX_WITH_CONFLICT_FLAG,7392;7393,Drought risk duplicated with conflicting class values; droughtRiskLevel uses conservative maximum and raw values are retained.
NR-MONTHLY-2018-11-301105,2018-11,3011,ขามสะแกแสง,301105,พะงาด,NR-RESEARCH-AREA-039,39,Kham Sakae Saeng,Phangat,0;1,0,1,1,CONSERVATIVE_MAX_WITH_CONFLICT_FLAG,7628;7629,Drought risk duplicated with conflicting class values; droughtRiskLevel uses conservative maximum and raw values are retained.
NR-MONTHLY-2018-11-301106,2018-11,3011,ขามสะแกแสง,301106,หนองหัวฟาน,NR-RESEARCH-AREA-040,40,Kham Sakae Saeng,Nong Hua Fan,0;1,0,1,1,CONSERVATIVE_MAX_WITH_CONFLICT_FLAG,7864;7865,Drought risk duplicated with conflicting class values; droughtRiskLevel uses conservative maximum and raw values are retained.
NR-MONTHLY-2018-11-301107,2018-11,3011,ขามสะแกแสง,301107,เมืองเกษตร,NR-RESEARCH-AREA-041,41,Kham Sakae Saeng,Mueang Kaset,0;1,0,1,1,CONSERVATIVE_MAX_WITH_CONFLICT_FLAG,8100;8101,Drought risk duplicated with conflicting class values; droughtRiskLevel uses conservative maximum and raw values are retained.
NR-MONTHLY-2018-11-301203,2018-11,3012,บัวใหญ่,301203,ห้วยยาง,NR-RESEARCH-AREA-152,152,Bua Yai,Huai Yang,0;1,0,1,1,CONSERVATIVE_MAX_WITH_CONFLICT_FLAG,30996;30997,Drought risk duplicated with conflicting class values; droughtRiskLevel uses conservative maximum and raw values are retained.
NR-MONTHLY-2018-11-301405,2018-11,3014,ปักธงชัย,301405,ตะขบ,NR-RESEARCH-AREA-182,182,Pak Thong Chai,Takhop,0;1,0,1,1,CONSERVATIVE_MAX_WITH_CONFLICT_FLAG,36979;36980,Drought risk duplicated with conflicting class values; droughtRiskLevel uses conservative maximum and raw values are retained.
NR-MONTHLY-2018-11-301407,2018-11,3014,ปักธงชัย,301407,ดอน,NR-RESEARCH-AREA-184,184,Pak Thong Chai,Don,0;1,0,1,1,CONSERVATIVE_MAX_WITH_CONFLICT_FLAG,37400;37401,Drought risk duplicated with conflicting class values; droughtRiskLevel uses conservative maximum and raw values are retained.
NR-MONTHLY-2018-11-301411,2018-11,3014,ปักธงชัย,301411,สะแกราช,NR-RESEARCH-AREA-187,187,Pak Thong Chai,Sakae Rat,0;1,0,1,1,CONSERVATIVE_MAX_WITH_CONFLICT_FLAG,38031;38032,Drought risk duplicated with conflicting class values; droughtRiskLevel uses conservative maximum and raw values are retained.
NR-MONTHLY-2018-11-301416,2018-11,3014,ปักธงชัย,301416,ภูหลวง,NR-RESEARCH-AREA-189,189,Pak Thong Chai,Phu Luang,0;1,0,1,1,CONSERVATIVE_MAX_WITH_CONFLICT_FLAG,38448;38449,Drought risk duplicated with conflicting class values; droughtRiskLevel uses conservative maximum and raw values are retained.
NR-MONTHLY-2018-11-301418,2018-11,3014,ปักธงชัย,301418,สุขเกษม,NR-RESEARCH-AREA-191,191,Pak Thong Chai,Suk Kasem,0;1,0,1,1,CONSERVATIVE_MAX_WITH_CONFLICT_FLAG,38866;38867,Drought risk duplicated with conflicting class values; droughtRiskLevel uses conservative maximum and raw values are retained.
NR-MONTHLY-2018-11-301802,2018-11,3018,สูงเนิน,301802,เสมา,NR-RESEARCH-AREA-254,254,Sung Noen,Sema,0;1,0,1,1,CONSERVATIVE_MAX_WITH_CONFLICT_FLAG,51300;51301,Drought risk duplicated with conflicting class values; droughtRiskLevel uses conservative maximum and raw values are retained.
NR-MONTHLY-2018-11-301810,2018-11,3018,สูงเนิน,301810,หนองตะไก้,NR-RESEARCH-AREA-262,262,Sung Noen,Nong Takai,0;1,0,1,1,CONSERVATIVE_MAX_WITH_CONFLICT_FLAG,52942;52943,Drought risk duplicated with conflicting class values; droughtRiskLevel uses conservative maximum and raw values are retained.
NR-MONTHLY-2018-11-301901,2018-11,3019,ขามทะเลสอ,301901,ขามทะเลสอ,NR-RESEARCH-AREA-030,30,Kham Thale So,Kham Thale So,0;1,0,1,1,CONSERVATIVE_MAX_WITH_CONFLICT_FLAG,5696;5697,Drought risk duplicated with conflicting class values; droughtRiskLevel uses conservative maximum and raw values are retained.
NR-MONTHLY-2018-11-302001,2018-11,3020,สีคิ้ว,302001,สีคิ้ว,NR-RESEARCH-AREA-236,236,Si Khio,Sikhio,0;1,0,1,1,CONSERVATIVE_MAX_WITH_CONFLICT_FLAG,47750;47751,Drought risk duplicated with conflicting class values; droughtRiskLevel uses conservative maximum and raw values are retained.
NR-MONTHLY-2018-11-302005,2018-11,3020,สีคิ้ว,302005,หนองหญ้าขาว,NR-RESEARCH-AREA-240,240,Si Khio,Nong Ya Khao,0;1,0,1,1,CONSERVATIVE_MAX_WITH_CONFLICT_FLAG,48531;48532,Drought risk duplicated with conflicting class values; droughtRiskLevel uses conservative maximum and raw values are retained.
NR-MONTHLY-2018-11-302010,2018-11,3020,สีคิ้ว,302010,คลองไผ่,NR-RESEARCH-AREA-245,245,Si Khio,Khlong Phai,0;1,0,1,1,CONSERVATIVE_MAX_WITH_CONFLICT_FLAG,49502;49503,Drought risk duplicated with conflicting class values; droughtRiskLevel uses conservative maximum and raw values are retained.
NR-MONTHLY-2018-11-302301,2018-11,3023,แก้งสนามนาง,302301,แก้งสนามนาง,NR-RESEARCH-AREA-025,25,Kaeng Sanam Nang,Kaeng Sanam Nang,0;1,0,1,1,CONSERVATIVE_MAX_WITH_CONFLICT_FLAG,4701;4702,Drought risk duplicated with conflicting class values; droughtRiskLevel uses conservative maximum and raw values are retained.
NR-MONTHLY-2018-11-302302,2018-11,3023,แก้งสนามนาง,302302,โนนสำราญ,NR-RESEARCH-AREA-026,26,Kaeng Sanam Nang,Non Samran,0;1,0,1,1,CONSERVATIVE_MAX_WITH_CONFLICT_FLAG,4900;4901,Drought risk duplicated with conflicting class values; droughtRiskLevel uses conservative maximum and raw values are retained.
NR-MONTHLY-2018-11-302304,2018-11,3023,แก้งสนามนาง,302304,สีสุก,NR-RESEARCH-AREA-028,28,Kaeng Sanam Nang,Si Suk,0;1,0,1,1,CONSERVATIVE_MAX_WITH_CONFLICT_FLAG,5300;5301,Drought risk duplicated with conflicting class values; droughtRiskLevel uses conservative maximum and raw values are retained.
NR-MONTHLY-2018-11-302305,2018-11,3023,แก้งสนามนาง,302305,บึงสำโรง,NR-RESEARCH-AREA-029,29,Kaeng Sanam Nang,Bueng Samrong,0;1,0,1,1,CONSERVATIVE_MAX_WITH_CONFLICT_FLAG,5501;5502,Drought risk duplicated with conflicting class values; droughtRiskLevel uses conservative maximum and raw values are retained.
NR-MONTHLY-2018-11-302801,2018-11,3028,พระทองคำ,302801,สระพระ,NR-RESEARCH-AREA-206,206,Phra Thong Kham,Sa Phra,0;1,0,1,1,CONSERVATIVE_MAX_WITH_CONFLICT_FLAG,41412;41413,Drought risk duplicated with conflicting class values; droughtRiskLevel uses conservative maximum and raw values are retained.
NR-MONTHLY-2018-11-302802,2018-11,3028,พระทองคำ,302802,มาบกราด,NR-RESEARCH-AREA-207,207,Phra Thong Kham,Map Krat,0;1,0,1,1,CONSERVATIVE_MAX_WITH_CONFLICT_FLAG,41609;41610,Drought risk duplicated with conflicting class values; droughtRiskLevel uses conservative maximum and raw values are retained.
NR-MONTHLY-2018-11-302804,2018-11,3028,พระทองคำ,302804,ทัพรั้ง,NR-RESEARCH-AREA-209,209,Phra Thong Kham,Thap Rang,0;1,0,1,1,CONSERVATIVE_MAX_WITH_CONFLICT_FLAG,42003;42004,Drought risk duplicated with conflicting class values; droughtRiskLevel uses conservative maximum and raw values are retained.
NR-MONTHLY-2018-11-303002,2018-11,3030,บัวลาย,303002,โนนจาน,NR-RESEARCH-AREA-148,148,Bua Lai,Non Chan,0;1,0,1,1,CONSERVATIVE_MAX_WITH_CONFLICT_FLAG,30141;30142,Drought risk duplicated with conflicting class values; droughtRiskLevel uses conservative maximum and raw values are retained.
NR-MONTHLY-2018-11-303202,2018-11,3032,เฉลิมพระเกียรติ,303202,ท่าช้าง,NR-RESEARCH-AREA-073,73,Chaloem Phra Kiet,Tha Chang,0;1,0,1,1,CONSERVATIVE_MAX_WITH_CONFLICT_FLAG,14446;14447,Drought risk duplicated with conflicting class values; droughtRiskLevel uses conservative maximum and raw values are retained.
NR-MONTHLY-2018-12-300801,2018-12,3008,ด่านขุนทด,300801,กุดพิมาน,NR-RESEARCH-AREA-096,96,Dan Khun Thot,Kut Phiman,0;1,0,1,1,CONSERVATIVE_MAX_WITH_CONFLICT_FLAG,19315;19316,Drought risk duplicated with conflicting class values; droughtRiskLevel uses conservative maximum and raw values are retained.
NR-MONTHLY-2018-12-300804,2018-12,3008,ด่านขุนทด,300804,ด่านใน,NR-RESEARCH-AREA-099,99,Dan Khun Thot,Dan Nai,1;2,1,2,2,CONSERVATIVE_MAX_WITH_CONFLICT_FLAG,19949;19950,Drought risk duplicated with conflicting class values; droughtRiskLevel uses conservative maximum and raw values are retained.
NR-MONTHLY-2018-12-300807,2018-12,3008,ด่านขุนทด,300807,บ้านแปรง,NR-RESEARCH-AREA-102,102,Dan Khun Thot,Ban Praeng,0;1,0,1,1,CONSERVATIVE_MAX_WITH_CONFLICT_FLAG,20584;20585,Drought risk duplicated with conflicting class values; droughtRiskLevel uses conservative maximum and raw values are retained.
NR-MONTHLY-2018-12-300811,2018-12,3008,ด่านขุนทด,300811,หนองบัวตะเกียด,NR-RESEARCH-AREA-106,106,Dan Khun Thot,Nong Bua Takiat,0;1,0,1,1,CONSERVATIVE_MAX_WITH_CONFLICT_FLAG,21422;21423,Drought risk duplicated with conflicting class values; droughtRiskLevel uses conservative maximum and raw values are retained.
NR-MONTHLY-2018-12-300815,2018-12,3008,ด่านขุนทด,300815,ห้วยบง,NR-RESEARCH-AREA-109,109,Dan Khun Thot,Huai Bong,0;1,0,1,1,CONSERVATIVE_MAX_WITH_CONFLICT_FLAG,22054;22055,Drought risk duplicated with conflicting class values; droughtRiskLevel uses conservative maximum and raw values are retained.
NR-MONTHLY-2018-12-300817,2018-12,3008,ด่านขุนทด,300817,โนนเมืองพัฒนา,NR-RESEARCH-AREA-110,110,Dan Khun Thot,Non Mueang Phatthana,0;1,0,1,1,CONSERVATIVE_MAX_WITH_CONFLICT_FLAG,22262;22263,Drought risk duplicated with conflicting class values; droughtRiskLevel uses conservative maximum and raw values are retained.
NR-MONTHLY-2018-12-300818,2018-12,3008,ด่านขุนทด,300818,หนองไทร,NR-RESEARCH-AREA-111,111,Dan Khun Thot,Nong Sai,0;1,0,1,1,CONSERVATIVE_MAX_WITH_CONFLICT_FLAG,22471;22472,Drought risk duplicated with conflicting class values; droughtRiskLevel uses conservative maximum and raw values are retained.
NR-MONTHLY-2018-12-301409,2018-12,3014,ปักธงชัย,301409,ตูม,NR-RESEARCH-AREA-185,185,Pak Thong Chai,Tum,1;2,1,2,2,CONSERVATIVE_MAX_WITH_CONFLICT_FLAG,37612;37613,Drought risk duplicated with conflicting class values; droughtRiskLevel uses conservative maximum and raw values are retained.
NR-MONTHLY-2018-12-301806,2018-12,3018,สูงเนิน,301806,โค้งยาง,NR-RESEARCH-AREA-258,258,Sung Noen,Khong Yang,1;2,1,2,2,CONSERVATIVE_MAX_WITH_CONFLICT_FLAG,52125;52126,Drought risk duplicated with conflicting class values; droughtRiskLevel uses conservative maximum and raw values are retained.
NR-MONTHLY-2018-12-301902,2018-12,3019,ขามทะเลสอ,301902,โป่งแดง,NR-RESEARCH-AREA-031,31,Kham Thale So,Pong Daeng,1;2,1,2,2,CONSERVATIVE_MAX_WITH_CONFLICT_FLAG,5899;5900,Drought risk duplicated with conflicting class values; droughtRiskLevel uses conservative maximum and raw values are retained.
NR-MONTHLY-2018-12-302001,2018-12,3020,สีคิ้ว,302001,สีคิ้ว,NR-RESEARCH-AREA-236,236,Si Khio,Sikhio,1;2,1,2,2,CONSERVATIVE_MAX_WITH_CONFLICT_FLAG,47752;47753,Drought risk duplicated with conflicting class values; droughtRiskLevel uses conservative maximum and raw values are retained.
NR-MONTHLY-2018-12-302006,2018-12,3020,สีคิ้ว,302006,กุดน้อย,NR-RESEARCH-AREA-241,241,Si Khio,Kut Noi,1;2,1,2,2,CONSERVATIVE_MAX_WITH_CONFLICT_FLAG,48726;48727,Drought risk duplicated with conflicting class values; droughtRiskLevel uses conservative maximum and raw values are retained.
NR-MONTHLY-2018-12-302009,2018-12,3020,สีคิ้ว,302009,มิตรภาพ,NR-RESEARCH-AREA-244,244,Si Khio,Mittraphap,1;2,1,2,2,CONSERVATIVE_MAX_WITH_CONFLICT_FLAG,49310;49311,Drought risk duplicated with conflicting class values; droughtRiskLevel uses conservative maximum and raw values are retained.
NR-MONTHLY-2018-12-302011,2018-12,3020,สีคิ้ว,302011,ดอนเมือง,NR-RESEARCH-AREA-246,246,Si Khio,Don Mueang,0;1,0,1,1,CONSERVATIVE_MAX_WITH_CONFLICT_FLAG,49693;49694,Drought risk duplicated with conflicting class values; droughtRiskLevel uses conservative maximum and raw values are retained.
NR-MONTHLY-2018-12-302012,2018-12,3020,สีคิ้ว,302012,หนองบัวน้อย,NR-RESEARCH-AREA-247,247,Si Khio,Nong Bua Noi,1;2,1,2,2,CONSERVATIVE_MAX_WITH_CONFLICT_FLAG,49888;49889,Drought risk duplicated with conflicting class values; droughtRiskLevel uses conservative maximum and raw values are retained.
NR-MONTHLY-2019-01-301902,2019-01,3019,ขามทะเลสอ,301902,โป่งแดง,NR-RESEARCH-AREA-031,31,Kham Thale So,Pong Daeng,1;2,1,2,2,CONSERVATIVE_MAX_WITH_CONFLICT_FLAG,5901;5902,Drought risk duplicated with conflicting class values; droughtRiskLevel uses conservative maximum and raw values are retained.
NR-MONTHLY-2019-05-300306,2019-05,3003,เสิงสาง,300306,บ้านราษฎร์,NR-RESEARCH-AREA-269,269,Soeng Sang,Ban Rat,0;1,0,1,1,CONSERVATIVE_MAX_WITH_CONFLICT_FLAG,54322;54323,Drought risk duplicated with conflicting class values; droughtRiskLevel uses conservative maximum and raw values are retained.
NR-MONTHLY-2019-06-300306,2019-06,3003,เสิงสาง,300306,บ้านราษฎร์,NR-RESEARCH-AREA-269,269,Soeng Sang,Ban Rat,0;1,0,1,1,CONSERVATIVE_MAX_WITH_CONFLICT_FLAG,54324;54325,Drought risk duplicated with conflicting class values; droughtRiskLevel uses conservative maximum and raw values are retained.
NR-MONTHLY-2019-06-300503,2019-06,3005,บ้านเหลื่อม,300503,โคกกระเบื้อง,NR-RESEARCH-AREA-163,163,Ban Lueam,Khok Krabueang,0;1,0,1,1,CONSERVATIVE_MAX_WITH_CONFLICT_FLAG,33129;33130,Drought risk duplicated with conflicting class values; droughtRiskLevel uses conservative maximum and raw values are retained.
NR-MONTHLY-2019-10-300102,2019-10,3001,เมืองนครราชสีมา,300102,โพธิ์กลาง,NR-RESEARCH-AREA-001,1,Mueang Nakhon Ratchasima,Pho Klang,0;1,0,1,1,CONSERVATIVE_MAX_WITH_CONFLICT_FLAG,213;214,Drought risk duplicated with conflicting class values; droughtRiskLevel uses conservative maximum and raw values are retained.
NR-MONTHLY-2019-10-300105,2019-10,3001,เมืองนครราชสีมา,300105,มะเริง,NR-RESEARCH-AREA-004,4,Mueang Nakhon Ratchasima,Maroeng,0;1,0,1,1,CONSERVATIVE_MAX_WITH_CONFLICT_FLAG,774;775,Drought risk duplicated with conflicting class values; droughtRiskLevel uses conservative maximum and raw values are retained.
NR-MONTHLY-2019-10-300106,2019-10,3001,เมืองนครราชสีมา,300106,หนองระเวียง,NR-RESEARCH-AREA-005,5,Mueang Nakhon Ratchasima,Nong Rawiang,0;1,0,1,1,CONSERVATIVE_MAX_WITH_CONFLICT_FLAG,964;965,Drought risk duplicated with conflicting class values; droughtRiskLevel uses conservative maximum and raw values are retained.
NR-MONTHLY-2019-10-300108,2019-10,3001,เมืองนครราชสีมา,300108,หมื่นไวย,NR-RESEARCH-AREA-007,7,Mueang Nakhon Ratchasima,Muen Wai,0;1,0,1,1,CONSERVATIVE_MAX_WITH_CONFLICT_FLAG,1344;1345,Drought risk duplicated with conflicting class values; droughtRiskLevel uses conservative maximum and raw values are retained.
NR-MONTHLY-2019-10-300109,2019-10,3001,เมืองนครราชสีมา,300109,พลกรัง,NR-RESEARCH-AREA-008,8,Mueang Nakhon Ratchasima,Phon Krang,0;1,0,1,1,CONSERVATIVE_MAX_WITH_CONFLICT_FLAG,1532;1533,Drought risk duplicated with conflicting class values; droughtRiskLevel uses conservative maximum and raw values are retained.
NR-MONTHLY-2019-10-300114,2019-10,3001,เมืองนครราชสีมา,300114,พุดซา,NR-RESEARCH-AREA-013,13,Mueang Nakhon Ratchasima,Phut Sa,0;1,0,1,1,CONSERVATIVE_MAX_WITH_CONFLICT_FLAG,2441;2442,Drought risk duplicated with conflicting class values; droughtRiskLevel uses conservative maximum and raw values are retained.
NR-MONTHLY-2019-10-300115,2019-10,3001,เมืองนครราชสีมา,300115,บ้านโพธิ์,NR-RESEARCH-AREA-014,14,Mueang Nakhon Ratchasima,Ban Pho,0;1,0,1,1,CONSERVATIVE_MAX_WITH_CONFLICT_FLAG,2632;2633,Drought risk duplicated with conflicting class values; droughtRiskLevel uses conservative maximum and raw values are retained.
NR-MONTHLY-2019-10-300117,2019-10,3001,เมืองนครราชสีมา,300117,โคกกรวด,NR-RESEARCH-AREA-016,16,Mueang Nakhon Ratchasima,Khok Kruat,0;1,0,1,1,CONSERVATIVE_MAX_WITH_CONFLICT_FLAG,3012;3013,Drought risk duplicated with conflicting class values; droughtRiskLevel uses conservative maximum and raw values are retained.
NR-MONTHLY-2019-10-300118,2019-10,3001,เมืองนครราชสีมา,300118,ไชยมงคล,NR-RESEARCH-AREA-017,17,Mueang Nakhon Ratchasima,Chai Mongkhon,0;1,0,1,1,CONSERVATIVE_MAX_WITH_CONFLICT_FLAG,3200;3201,Drought risk duplicated with conflicting class values; droughtRiskLevel uses conservative maximum and raw values are retained.
NR-MONTHLY-2019-10-300120,2019-10,3001,เมืองนครราชสีมา,300120,สุรนารี,NR-RESEARCH-AREA-019,19,Mueang Nakhon Ratchasima,Suranari,0;1,0,1,1,CONSERVATIVE_MAX_WITH_CONFLICT_FLAG,3570;3571,Drought risk duplicated with conflicting class values; droughtRiskLevel uses conservative maximum and raw values are retained.
NR-MONTHLY-2019-10-300124,2019-10,3001,เมืองนครราชสีมา,300124,หนองกระทุ่ม,NR-RESEARCH-AREA-023,23,Mueang Nakhon Ratchasima,Nong Krathum,0;1,0,1,1,CONSERVATIVE_MAX_WITH_CONFLICT_FLAG,4331;4332,Drought risk duplicated with conflicting class values; droughtRiskLevel uses conservative maximum and raw values are retained.
NR-MONTHLY-2019-10-300125,2019-10,3001,เมืองนครราชสีมา,300125,หนองไข่น้ำ,NR-RESEARCH-AREA-024,24,Mueang Nakhon Ratchasima,Nong Khai Nam,0;1,0,1,1,CONSERVATIVE_MAX_WITH_CONFLICT_FLAG,4520;4521,Drought risk duplicated with conflicting class values; droughtRiskLevel uses conservative maximum and raw values are retained.
NR-MONTHLY-2019-10-300211,2019-10,3002,ครบุรี,300211,ตะแบกบาน,NR-RESEARCH-AREA-062,62,Khon Buri,Tabaek Ban,0;1,0,1,1,CONSERVATIVE_MAX_WITH_CONFLICT_FLAG,12210;12211,Drought risk duplicated with conflicting class values; droughtRiskLevel uses conservative maximum and raw values are retained.
NR-MONTHLY-2019-10-300301,2019-10,3003,เสิงสาง,300301,เสิงสาง,NR-RESEARCH-AREA-264,264,Soeng Sang,Soeng Sang,0;1,0,1,1,CONSERVATIVE_MAX_WITH_CONFLICT_FLAG,53372;53373,Drought risk duplicated with conflicting class values; droughtRiskLevel uses conservative maximum and raw values are retained.
NR-MONTHLY-2019-10-300303,2019-10,3003,เสิงสาง,300303,โนนสมบูรณ์,NR-RESEARCH-AREA-266,266,Soeng Sang,Non Sombun,0;1,0,1,1,CONSERVATIVE_MAX_WITH_CONFLICT_FLAG,53765;53766,Drought risk duplicated with conflicting class values; droughtRiskLevel uses conservative maximum and raw values are retained.
NR-MONTHLY-2019-10-300304,2019-10,3003,เสิงสาง,300304,กุดโบสถ์,NR-RESEARCH-AREA-267,267,Soeng Sang,Kut Bot,0;1,0,1,1,CONSERVATIVE_MAX_WITH_CONFLICT_FLAG,53959;53960,Drought risk duplicated with conflicting class values; droughtRiskLevel uses conservative maximum and raw values are retained.
NR-MONTHLY-2019-10-300406,2019-10,3004,คง,300406,หนองมะนาว,NR-RESEARCH-AREA-047,47,Khong,Nong Manao,0;1,0,1,1,CONSERVATIVE_MAX_WITH_CONFLICT_FLAG,9337;9338,Drought risk duplicated with conflicting class values; droughtRiskLevel uses conservative maximum and raw values are retained.
NR-MONTHLY-2019-10-300503,2019-10,3005,บ้านเหลื่อม,300503,โคกกระเบื้อง,NR-RESEARCH-AREA-163,163,Ban Lueam,Khok Krabueang,0;1,0,1,1,CONSERVATIVE_MAX_WITH_CONFLICT_FLAG,33137;33138,Drought risk duplicated with conflicting class values; droughtRiskLevel uses conservative maximum and raw values are retained.
NR-MONTHLY-2019-10-300605,2019-10,3006,จักราช,300605,หนองขาม,NR-RESEARCH-AREA-067,67,Chakkarat,Nong Kham,0;1,0,1,1,CONSERVATIVE_MAX_WITH_CONFLICT_FLAG,13227;13228,Drought risk duplicated with conflicting class values; droughtRiskLevel uses conservative maximum and raw values are retained.
NR-MONTHLY-2019-10-300610,2019-10,3006,จักราช,300610,ศรีละกอ,NR-RESEARCH-AREA-069,69,Chakkarat,Si Lako,0;1,0,1,1,CONSERVATIVE_MAX_WITH_CONFLICT_FLAG,13645;13646,Drought risk duplicated with conflicting class values; droughtRiskLevel uses conservative maximum and raw values are retained.
NR-MONTHLY-2019-10-300611,2019-10,3006,จักราช,300611,คลองเมือง,NR-RESEARCH-AREA-070,70,Chakkarat,Khlong Mueang,0;1,0,1,1,CONSERVATIVE_MAX_WITH_CONFLICT_FLAG,13853;13854,Drought risk duplicated with conflicting class values; droughtRiskLevel uses conservative maximum and raw values are retained.
NR-MONTHLY-2019-10-300702,2019-10,3007,โชคชัย,300702,พลับพลา,NR-RESEARCH-AREA-087,87,Chok Chai,Phlapphla,0;1,0,1,1,CONSERVATIVE_MAX_WITH_CONFLICT_FLAG,17543;17544,Drought risk duplicated with conflicting class values; droughtRiskLevel uses conservative maximum and raw values are retained.
NR-MONTHLY-2019-10-300703,2019-10,3007,โชคชัย,300703,ท่าอ่าง,NR-RESEARCH-AREA-088,88,Chok Chai,Tha Ang,0;1,0,1,1,CONSERVATIVE_MAX_WITH_CONFLICT_FLAG,17742;17743,Drought risk duplicated with conflicting class values; droughtRiskLevel uses conservative maximum and raw values are retained.
NR-MONTHLY-2019-10-300706,2019-10,3007,โชคชัย,300706,ท่าจะหลุง,NR-RESEARCH-AREA-091,91,Chok Chai,Tha Chalung,0;1,0,1,1,CONSERVATIVE_MAX_WITH_CONFLICT_FLAG,18334;18335,Drought risk duplicated with conflicting class values; droughtRiskLevel uses conservative maximum and raw values are retained.
NR-MONTHLY-2019-10-300708,2019-10,3007,โชคชัย,300708,โชคชัย,NR-RESEARCH-AREA-093,93,Chok Chai,Chok Chai,0;1,0,1,1,CONSERVATIVE_MAX_WITH_CONFLICT_FLAG,18732;18733,Drought risk duplicated with conflicting class values; droughtRiskLevel uses conservative maximum and raw values are retained.
NR-MONTHLY-2019-10-300709,2019-10,3007,โชคชัย,300709,ละลมใหม่พัฒนา,NR-RESEARCH-AREA-094,94,Chok Chai,Lalom Mai Phatthana,0;1,0,1,1,CONSERVATIVE_MAX_WITH_CONFLICT_FLAG,18930;18931,Drought risk duplicated with conflicting class values; droughtRiskLevel uses conservative maximum and raw values are retained.
NR-MONTHLY-2019-10-300801,2019-10,3008,ด่านขุนทด,300801,กุดพิมาน,NR-RESEARCH-AREA-096,96,Dan Khun Thot,Kut Phiman,0;1,0,1,1,CONSERVATIVE_MAX_WITH_CONFLICT_FLAG,19329;19330,Drought risk duplicated with conflicting class values; droughtRiskLevel uses conservative maximum and raw values are retained.
NR-MONTHLY-2019-10-300802,2019-10,3008,ด่านขุนทด,300802,ด่านขุนทด,NR-RESEARCH-AREA-097,97,Dan Khun Thot,Dan Khun Thot,0;1,0,1,1,CONSERVATIVE_MAX_WITH_CONFLICT_FLAG,19543;19544,Drought risk duplicated with conflicting class values; droughtRiskLevel uses conservative maximum and raw values are retained.
NR-MONTHLY-2019-10-300804,2019-10,3008,ด่านขุนทด,300804,ด่านใน,NR-RESEARCH-AREA-099,99,Dan Khun Thot,Dan Nai,0;1,0,1,1,CONSERVATIVE_MAX_WITH_CONFLICT_FLAG,19963;19964,Drought risk duplicated with conflicting class values; droughtRiskLevel uses conservative maximum and raw values are retained.
NR-MONTHLY-2019-10-300806,2019-10,3008,ด่านขุนทด,300806,บ้านเก่า,NR-RESEARCH-AREA-101,101,Dan Khun Thot,Ban Kao,0;1,0,1,1,CONSERVATIVE_MAX_WITH_CONFLICT_FLAG,20386;20387,Drought risk duplicated with conflicting class values; droughtRiskLevel uses conservative maximum and raw values are retained.
NR-MONTHLY-2019-10-300807,2019-10,3008,ด่านขุนทด,300807,บ้านแปรง,NR-RESEARCH-AREA-102,102,Dan Khun Thot,Ban Praeng,0;1,0,1,1,CONSERVATIVE_MAX_WITH_CONFLICT_FLAG,20599;20600,Drought risk duplicated with conflicting class values; droughtRiskLevel uses conservative maximum and raw values are retained.
NR-MONTHLY-2019-10-300808,2019-10,3008,ด่านขุนทด,300808,พันชนะ,NR-RESEARCH-AREA-103,103,Dan Khun Thot,Phan Chana,0;1,0,1,1,CONSERVATIVE_MAX_WITH_CONFLICT_FLAG,20809;20810,Drought risk duplicated with conflicting class values; droughtRiskLevel uses conservative maximum and raw values are retained.
NR-MONTHLY-2019-10-300810,2019-10,3008,ด่านขุนทด,300810,หนองกราด,NR-RESEARCH-AREA-105,105,Dan Khun Thot,Nong Krat,0;1,0,1,1,CONSERVATIVE_MAX_WITH_CONFLICT_FLAG,21228;21229,Drought risk duplicated with conflicting class values; droughtRiskLevel uses conservative maximum and raw values are retained.
NR-MONTHLY-2019-10-300811,2019-10,3008,ด่านขุนทด,300811,หนองบัวตะเกียด,NR-RESEARCH-AREA-106,106,Dan Khun Thot,Nong Bua Takiat,0;1,0,1,1,CONSERVATIVE_MAX_WITH_CONFLICT_FLAG,21436;21437,Drought risk duplicated with conflicting class values; droughtRiskLevel uses conservative maximum and raw values are retained.
NR-MONTHLY-2019-10-300813,2019-10,3008,ด่านขุนทด,300813,หินดาด,NR-RESEARCH-AREA-108,108,Dan Khun Thot,Hin Dat,0;1,0,1,1,CONSERVATIVE_MAX_WITH_CONFLICT_FLAG,21858;21859,Drought risk duplicated with conflicting class values; droughtRiskLevel uses conservative maximum and raw values are retained.
NR-MONTHLY-2019-10-300815,2019-10,3008,ด่านขุนทด,300815,ห้วยบง,NR-RESEARCH-AREA-109,109,Dan Khun Thot,Huai Bong,0;1,0,1,1,CONSERVATIVE_MAX_WITH_CONFLICT_FLAG,22068;22069,Drought risk duplicated with conflicting class values; droughtRiskLevel uses conservative maximum and raw values are retained.
NR-MONTHLY-2019-10-300818,2019-10,3008,ด่านขุนทด,300818,หนองไทร,NR-RESEARCH-AREA-111,111,Dan Khun Thot,Nong Sai,0;1,0,1,1,CONSERVATIVE_MAX_WITH_CONFLICT_FLAG,22485;22486,Drought risk duplicated with conflicting class values; droughtRiskLevel uses conservative maximum and raw values are retained.
NR-MONTHLY-2019-10-300901,2019-10,3009,โนนไทย,300901,โนนไทย,NR-RESEARCH-AREA-121,121,Non Thai,Non Thai,0;1,0,1,1,CONSERVATIVE_MAX_WITH_CONFLICT_FLAG,24599;24600,Drought risk duplicated with conflicting class values; droughtRiskLevel uses conservative maximum and raw values are retained.
NR-MONTHLY-2019-10-300902,2019-10,3009,โนนไทย,300902,ด่านจาก,NR-RESEARCH-AREA-122,122,Non Thai,Dan Chak,0;1,0,1,1,CONSERVATIVE_MAX_WITH_CONFLICT_FLAG,24810;24811,Drought risk duplicated with conflicting class values; droughtRiskLevel uses conservative maximum and raw values are retained.
NR-MONTHLY-2019-10-300903,2019-10,3009,โนนไทย,300903,กำปัง,NR-RESEARCH-AREA-123,123,Non Thai,Kampang,0;1,0,1,1,CONSERVATIVE_MAX_WITH_CONFLICT_FLAG,25025;25026,Drought risk duplicated with conflicting class values; droughtRiskLevel uses conservative maximum and raw values are retained.
NR-MONTHLY-2019-10-300904,2019-10,3009,โนนไทย,300904,สำโรง,NR-RESEARCH-AREA-124,124,Non Thai,Samrong,0;1,0,1,1,CONSERVATIVE_MAX_WITH_CONFLICT_FLAG,25241;25242,Drought risk duplicated with conflicting class values; droughtRiskLevel uses conservative maximum and raw values are retained.
NR-MONTHLY-2019-10-300905,2019-10,3009,โนนไทย,300905,ค้างพลู,NR-RESEARCH-AREA-125,125,Non Thai,Khang Phlu,0;1,0,1,1,CONSERVATIVE_MAX_WITH_CONFLICT_FLAG,25453;25454,Drought risk duplicated with conflicting class values; droughtRiskLevel uses conservative maximum and raw values are retained.
NR-MONTHLY-2019-10-300907,2019-10,3009,โนนไทย,300907,บัลลังก์,NR-RESEARCH-AREA-127,127,Non Thai,Banlang,0;1,0,1,1,CONSERVATIVE_MAX_WITH_CONFLICT_FLAG,25876;25877,Drought risk duplicated with conflicting class values; droughtRiskLevel uses conservative maximum and raw values are retained.
NR-MONTHLY-2019-10-300908,2019-10,3009,โนนไทย,300908,สายออ,NR-RESEARCH-AREA-128,128,Non Thai,Sai-O,0;1,0,1,1,CONSERVATIVE_MAX_WITH_CONFLICT_FLAG,26089;26090,Drought risk duplicated with conflicting class values; droughtRiskLevel uses conservative maximum and raw values are retained.
NR-MONTHLY-2019-10-300914,2019-10,3009,โนนไทย,300914,มะค่า,NR-RESEARCH-AREA-130,130,Non Thai,Makha,0;1,0,1,1,CONSERVATIVE_MAX_WITH_CONFLICT_FLAG,26513;26514,Drought risk duplicated with conflicting class values; droughtRiskLevel uses conservative maximum and raw values are retained.
NR-MONTHLY-2019-10-301001,2019-10,3010,โนนสูง,301001,โนนสูง,NR-RESEARCH-AREA-131,131,Non Sung,Non Sung,0;1,0,1,1,CONSERVATIVE_MAX_WITH_CONFLICT_FLAG,26717;26718,Drought risk duplicated with conflicting class values; droughtRiskLevel uses conservative maximum and raw values are retained.
NR-MONTHLY-2019-10-301003,2019-10,3010,โนนสูง,301003,โตนด,NR-RESEARCH-AREA-133,133,Non Sung,Tanot,0;1,0,1,1,CONSERVATIVE_MAX_WITH_CONFLICT_FLAG,27118;27119,Drought risk duplicated with conflicting class values; droughtRiskLevel uses conservative maximum and raw values are retained.
NR-MONTHLY-2019-10-301014,2019-10,3010,โนนสูง,301014,เมืองปราสาท,NR-RESEARCH-AREA-144,144,Non Sung,Mueang Prasat,0;1,0,1,1,CONSERVATIVE_MAX_WITH_CONFLICT_FLAG,29340;29341,Drought risk duplicated with conflicting class values; droughtRiskLevel uses conservative maximum and raw values are retained.
NR-MONTHLY-2019-10-301015,2019-10,3010,โนนสูง,301015,ดอนหวาย,NR-RESEARCH-AREA-145,145,Non Sung,Don Wai,0;1,0,1,1,CONSERVATIVE_MAX_WITH_CONFLICT_FLAG,29539;29540,Drought risk duplicated with conflicting class values; droughtRiskLevel uses conservative maximum and raw values are retained.
NR-MONTHLY-2019-10-301103,2019-10,3011,ขามสะแกแสง,301103,เมืองนาท,NR-RESEARCH-AREA-037,37,Kham Sakae Saeng,Mueang Nat,0;1,0,1,1,CONSERVATIVE_MAX_WITH_CONFLICT_FLAG,7178;7179,Drought risk duplicated with conflicting class values; droughtRiskLevel uses conservative maximum and raw values are retained.
NR-MONTHLY-2019-10-301104,2019-10,3011,ขามสะแกแสง,301104,ชีวึก,NR-RESEARCH-AREA-038,38,Kham Sakae Saeng,Chiwuek,0;1,0,1,1,CONSERVATIVE_MAX_WITH_CONFLICT_FLAG,7414;7415,Drought risk duplicated with conflicting class values; droughtRiskLevel uses conservative maximum and raw values are retained.
NR-MONTHLY-2019-10-301204,2019-10,3012,บัวใหญ่,301204,เสมาใหญ่,NR-RESEARCH-AREA-153,153,Bua Yai,Sema Yai,0;1,0,1,1,CONSERVATIVE_MAX_WITH_CONFLICT_FLAG,31212;31213,Drought risk duplicated with conflicting class values; droughtRiskLevel uses conservative maximum and raw values are retained.
NR-MONTHLY-2019-10-301206,2019-10,3012,บัวใหญ่,301206,ดอนตะหนิน,NR-RESEARCH-AREA-154,154,Bua Yai,Don Tanin,0;1,0,1,1,CONSERVATIVE_MAX_WITH_CONFLICT_FLAG,31402;31403,Drought risk duplicated with conflicting class values; droughtRiskLevel uses conservative maximum and raw values are retained.
NR-MONTHLY-2019-10-301207,2019-10,3012,บัวใหญ่,301207,หนองบัวสะอาด,NR-RESEARCH-AREA-155,155,Bua Yai,Nong Bua Sa-At,0;1,0,1,1,CONSERVATIVE_MAX_WITH_CONFLICT_FLAG,31593;31594,Drought risk duplicated with conflicting class values; droughtRiskLevel uses conservative maximum and raw values are retained.
NR-MONTHLY-2019-10-301208,2019-10,3012,บัวใหญ่,301208,โนนทองหลาง,NR-RESEARCH-AREA-156,156,Bua Yai,Non Thong Lang,0;1,0,1,1,CONSERVATIVE_MAX_WITH_CONFLICT_FLAG,31784;31785,Drought risk duplicated with conflicting class values; droughtRiskLevel uses conservative maximum and raw values are retained.
NR-MONTHLY-2019-10-301314,2019-10,3013,ประทาย,301314,โนนเพ็ด,NR-RESEARCH-AREA-169,169,Prathai,Non Phet,0;1,0,1,1,CONSERVATIVE_MAX_WITH_CONFLICT_FLAG,34327;34328,Drought risk duplicated with conflicting class values; droughtRiskLevel uses conservative maximum and raw values are retained.
NR-MONTHLY-2019-10-301318,2019-10,3013,ประทาย,301318,เมืองโดน,NR-RESEARCH-AREA-177,177,Prathai,Mueang Don,0;1,0,1,1,CONSERVATIVE_MAX_WITH_CONFLICT_FLAG,35948;35949,Drought risk duplicated with conflicting class values; droughtRiskLevel uses conservative maximum and raw values are retained.
NR-MONTHLY-2019-10-301401,2019-10,3014,ปักธงชัย,301401,เมืองปัก,NR-RESEARCH-AREA-178,178,Pak Thong Chai,Mueang Pak,0;1,0,1,1,CONSERVATIVE_MAX_WITH_CONFLICT_FLAG,36152;36153,Drought risk duplicated with conflicting class values; droughtRiskLevel uses conservative maximum and raw values are retained.
NR-MONTHLY-2019-10-301407,2019-10,3014,ปักธงชัย,301407,ดอน,NR-RESEARCH-AREA-184,184,Pak Thong Chai,Don,0;1,0,1,1,CONSERVATIVE_MAX_WITH_CONFLICT_FLAG,37416;37417,Drought risk duplicated with conflicting class values; droughtRiskLevel uses conservative maximum and raw values are retained.
NR-MONTHLY-2019-10-301410,2019-10,3014,ปักธงชัย,301410,งิ้ว,NR-RESEARCH-AREA-186,186,Pak Thong Chai,Ngio,0;1,0,1,1,CONSERVATIVE_MAX_WITH_CONFLICT_FLAG,37837;37838,Drought risk duplicated with conflicting class values; droughtRiskLevel uses conservative maximum and raw values are retained.
NR-MONTHLY-2019-10-301416,2019-10,3014,ปักธงชัย,301416,ภูหลวง,NR-RESEARCH-AREA-189,189,Pak Thong Chai,Phu Luang,0;1,0,1,1,CONSERVATIVE_MAX_WITH_CONFLICT_FLAG,38464;38465,Drought risk duplicated with conflicting class values; droughtRiskLevel uses conservative maximum and raw values are retained.
NR-MONTHLY-2019-10-301417,2019-10,3014,ปักธงชัย,301417,ธงชัยเหนือ,NR-RESEARCH-AREA-190,190,Pak Thong Chai,Thong Chai Nuea,0;1,0,1,1,CONSERVATIVE_MAX_WITH_CONFLICT_FLAG,38672;38673,Drought risk duplicated with conflicting class values; droughtRiskLevel uses conservative maximum and raw values are retained.
NR-MONTHLY-2019-10-301418,2019-10,3014,ปักธงชัย,301418,สุขเกษม,NR-RESEARCH-AREA-191,191,Pak Thong Chai,Suk Kasem,0;1,0,1,1,CONSERVATIVE_MAX_WITH_CONFLICT_FLAG,38882;38883,Drought risk duplicated with conflicting class values; droughtRiskLevel uses conservative maximum and raw values are retained.
NR-MONTHLY-2019-10-301419,2019-10,3014,ปักธงชัย,301419,เกษมทรัพย์,NR-RESEARCH-AREA-192,192,Pak Thong Chai,Kasem Sap,0;1,0,1,1,CONSERVATIVE_MAX_WITH_CONFLICT_FLAG,39091;39092,Drought risk duplicated with conflicting class values; droughtRiskLevel uses conservative maximum and raw values are retained.
NR-MONTHLY-2019-10-301507,2019-10,3015,พิมาย,301507,ชีวาน,NR-RESEARCH-AREA-217,217,Phimai,Chiwan,0;1,0,1,1,CONSERVATIVE_MAX_WITH_CONFLICT_FLAG,43811;43812,Drought risk duplicated with conflicting class values; droughtRiskLevel uses conservative maximum and raw values are retained.
NR-MONTHLY-2019-10-301510,2019-10,3015,พิมาย,301510,ดงใหญ่,NR-RESEARCH-AREA-220,220,Phimai,Dong Yai,0;1,0,1,1,CONSERVATIVE_MAX_WITH_CONFLICT_FLAG,44505;44506,Drought risk duplicated with conflicting class values; droughtRiskLevel uses conservative maximum and raw values are retained.
NR-MONTHLY-2019-10-301801,2019-10,3018,สูงเนิน,301801,สูงเนิน,NR-RESEARCH-AREA-253,253,Sung Noen,Sung Noen,0;1,0,1,1,CONSERVATIVE_MAX_WITH_CONFLICT_FLAG,51115;51116,Drought risk duplicated with conflicting class values; droughtRiskLevel uses conservative maximum and raw values are retained.
NR-MONTHLY-2019-10-301802,2019-10,3018,สูงเนิน,301802,เสมา,NR-RESEARCH-AREA-254,254,Sung Noen,Sema,0;1,0,1,1,CONSERVATIVE_MAX_WITH_CONFLICT_FLAG,51316;51317,Drought risk duplicated with conflicting class values; droughtRiskLevel uses conservative maximum and raw values are retained.
NR-MONTHLY-2019-10-301803,2019-10,3018,สูงเนิน,301803,โคราช,NR-RESEARCH-AREA-255,255,Sung Noen,Khorat,0;1,0,1,1,CONSERVATIVE_MAX_WITH_CONFLICT_FLAG,51521;51522,Drought risk duplicated with conflicting class values; droughtRiskLevel uses conservative maximum and raw values are retained.
NR-MONTHLY-2019-10-301804,2019-10,3018,สูงเนิน,301804,บุ่งขี้เหล็ก,NR-RESEARCH-AREA-256,256,Sung Noen,Bung Khi Lek,0;1,0,1,1,CONSERVATIVE_MAX_WITH_CONFLICT_FLAG,51729;51730,Drought risk duplicated with conflicting class values; droughtRiskLevel uses conservative maximum and raw values are retained.
NR-MONTHLY-2019-10-301805,2019-10,3018,สูงเนิน,301805,โนนค่า,NR-RESEARCH-AREA-257,257,Sung Noen,Non Kha,0;1,0,1,1,CONSERVATIVE_MAX_WITH_CONFLICT_FLAG,51933;51934,Drought risk duplicated with conflicting class values; droughtRiskLevel uses conservative maximum and raw values are retained.
NR-MONTHLY-2019-10-301806,2019-10,3018,สูงเนิน,301806,โค้งยาง,NR-RESEARCH-AREA-258,258,Sung Noen,Khong Yang,0;1,0,1,1,CONSERVATIVE_MAX_WITH_CONFLICT_FLAG,52139;52140,Drought risk duplicated with conflicting class values; droughtRiskLevel uses conservative maximum and raw values are retained.
NR-MONTHLY-2019-10-301807,2019-10,3018,สูงเนิน,301807,มะเกลือเก่า,NR-RESEARCH-AREA-259,259,Sung Noen,Makluea Kao,0;1,0,1,1,CONSERVATIVE_MAX_WITH_CONFLICT_FLAG,52344;52345,Drought risk duplicated with conflicting class values; droughtRiskLevel uses conservative maximum and raw values are retained.
NR-MONTHLY-2019-10-301808,2019-10,3018,สูงเนิน,301808,มะเกลือใหม่,NR-RESEARCH-AREA-260,260,Sung Noen,Makluea Mai,0;1,0,1,1,CONSERVATIVE_MAX_WITH_CONFLICT_FLAG,52550;52551,Drought risk duplicated with conflicting class values; droughtRiskLevel uses conservative maximum and raw values are retained.
NR-MONTHLY-2019-10-301809,2019-10,3018,สูงเนิน,301809,นากลาง,NR-RESEARCH-AREA-261,261,Sung Noen,Na Klang,0;1,0,1,1,CONSERVATIVE_MAX_WITH_CONFLICT_FLAG,52753;52754,Drought risk duplicated with conflicting class values; droughtRiskLevel uses conservative maximum and raw values are retained.
NR-MONTHLY-2019-10-301810,2019-10,3018,สูงเนิน,301810,หนองตะไก้,NR-RESEARCH-AREA-262,262,Sung Noen,Nong Takai,0;1,0,1,1,CONSERVATIVE_MAX_WITH_CONFLICT_FLAG,52958;52959,Drought risk duplicated with conflicting class values; droughtRiskLevel uses conservative maximum and raw values are retained.
NR-MONTHLY-2019-10-301901,2019-10,3019,ขามทะเลสอ,301901,ขามทะเลสอ,NR-RESEARCH-AREA-030,30,Kham Thale So,Kham Thale So,0;1,0,1,1,CONSERVATIVE_MAX_WITH_CONFLICT_FLAG,5712;5713,Drought risk duplicated with conflicting class values; droughtRiskLevel uses conservative maximum and raw values are retained.
NR-MONTHLY-2019-10-301902,2019-10,3019,ขามทะเลสอ,301902,โป่งแดง,NR-RESEARCH-AREA-031,31,Kham Thale So,Pong Daeng,0;1,0,1,1,CONSERVATIVE_MAX_WITH_CONFLICT_FLAG,5914;5915,Drought risk duplicated with conflicting class values; droughtRiskLevel uses conservative maximum and raw values are retained.
NR-MONTHLY-2019-10-301905,2019-10,3019,ขามทะเลสอ,301905,บึงอ้อ,NR-RESEARCH-AREA-034,34,Kham Thale So,Bueng O,0;1,0,1,1,CONSERVATIVE_MAX_WITH_CONFLICT_FLAG,6504;6505,Drought risk duplicated with conflicting class values; droughtRiskLevel uses conservative maximum and raw values are retained.
NR-MONTHLY-2019-10-302001,2019-10,3020,สีคิ้ว,302001,สีคิ้ว,NR-RESEARCH-AREA-236,236,Si Khio,Sikhio,0;1,0,1,1,CONSERVATIVE_MAX_WITH_CONFLICT_FLAG,47766;47767,Drought risk duplicated with conflicting class values; droughtRiskLevel uses conservative maximum and raw values are retained.
NR-MONTHLY-2019-10-302002,2019-10,3020,สีคิ้ว,302002,บ้านหัน,NR-RESEARCH-AREA-237,237,Si Khio,Ban Han,0;1,0,1,1,CONSERVATIVE_MAX_WITH_CONFLICT_FLAG,47963;47964,Drought risk duplicated with conflicting class values; droughtRiskLevel uses conservative maximum and raw values are retained.
NR-MONTHLY-2019-10-302003,2019-10,3020,สีคิ้ว,302003,กฤษณา,NR-RESEARCH-AREA-238,238,Si Khio,Kritsana,0;1,0,1,1,CONSERVATIVE_MAX_WITH_CONFLICT_FLAG,48159;48160,Drought risk duplicated with conflicting class values; droughtRiskLevel uses conservative maximum and raw values are retained.
NR-MONTHLY-2019-10-302004,2019-10,3020,สีคิ้ว,302004,ลาดบัวขาว,NR-RESEARCH-AREA-239,239,Si Khio,Lat Bua Khao,0;1,0,1,1,CONSERVATIVE_MAX_WITH_CONFLICT_FLAG,48352;48353,Drought risk duplicated with conflicting class values; droughtRiskLevel uses conservative maximum and raw values are retained.
NR-MONTHLY-2019-10-302005,2019-10,3020,สีคิ้ว,302005,หนองหญ้าขาว,NR-RESEARCH-AREA-240,240,Si Khio,Nong Ya Khao,0;1,0,1,1,CONSERVATIVE_MAX_WITH_CONFLICT_FLAG,48547;48548,Drought risk duplicated with conflicting class values; droughtRiskLevel uses conservative maximum and raw values are retained.
NR-MONTHLY-2019-10-302006,2019-10,3020,สีคิ้ว,302006,กุดน้อย,NR-RESEARCH-AREA-241,241,Si Khio,Kut Noi,0;1,0,1,1,CONSERVATIVE_MAX_WITH_CONFLICT_FLAG,48740;48741,Drought risk duplicated with conflicting class values; droughtRiskLevel uses conservative maximum and raw values are retained.
NR-MONTHLY-2019-10-302009,2019-10,3020,สีคิ้ว,302009,มิตรภาพ,NR-RESEARCH-AREA-244,244,Si Khio,Mittraphap,0;1,0,1,1,CONSERVATIVE_MAX_WITH_CONFLICT_FLAG,49324;49325,Drought risk duplicated with conflicting class values; droughtRiskLevel uses conservative maximum and raw values are retained.
NR-MONTHLY-2019-10-302010,2019-10,3020,สีคิ้ว,302010,คลองไผ่,NR-RESEARCH-AREA-245,245,Si Khio,Khlong Phai,0;1,0,1,1,CONSERVATIVE_MAX_WITH_CONFLICT_FLAG,49518;49519,Drought risk duplicated with conflicting class values; droughtRiskLevel uses conservative maximum and raw values are retained.
NR-MONTHLY-2019-10-302011,2019-10,3020,สีคิ้ว,302011,ดอนเมือง,NR-RESEARCH-AREA-246,246,Si Khio,Don Mueang,0;1,0,1,1,CONSERVATIVE_MAX_WITH_CONFLICT_FLAG,49708;49709,Drought risk duplicated with conflicting class values; droughtRiskLevel uses conservative maximum and raw values are retained.
NR-MONTHLY-2019-10-302012,2019-10,3020,สีคิ้ว,302012,หนองบัวน้อย,NR-RESEARCH-AREA-247,247,Si Khio,Nong Bua Noi,0;1,0,1,1,CONSERVATIVE_MAX_WITH_CONFLICT_FLAG,49902;49903,Drought risk duplicated with conflicting class values; droughtRiskLevel uses conservative maximum and raw values are retained.
NR-MONTHLY-2019-10-302207,2019-10,3022,หนองบุญมาก,302207,ลุงเขว้า,NR-RESEARCH-AREA-276,276,Nong Bunmak,Lung Khwao,0;1,0,1,1,CONSERVATIVE_MAX_WITH_CONFLICT_FLAG,55836;55837,Drought risk duplicated with conflicting class values; droughtRiskLevel uses conservative maximum and raw values are retained.
NR-MONTHLY-2019-10-302301,2019-10,3023,แก้งสนามนาง,302301,แก้งสนามนาง,NR-RESEARCH-AREA-025,25,Kaeng Sanam Nang,Kaeng Sanam Nang,0;1,0,1,1,CONSERVATIVE_MAX_WITH_CONFLICT_FLAG,4718;4719,Drought risk duplicated with conflicting class values; droughtRiskLevel uses conservative maximum and raw values are retained.
NR-MONTHLY-2019-10-302303,2019-10,3023,แก้งสนามนาง,302303,บึงพะไล,NR-RESEARCH-AREA-027,27,Kaeng Sanam Nang,Bueng Phalai,0;1,0,1,1,CONSERVATIVE_MAX_WITH_CONFLICT_FLAG,5116;5117,Drought risk duplicated with conflicting class values; droughtRiskLevel uses conservative maximum and raw values are retained.
NR-MONTHLY-2019-10-302304,2019-10,3023,แก้งสนามนาง,302304,สีสุก,NR-RESEARCH-AREA-028,28,Kaeng Sanam Nang,Si Suk,0;1,0,1,1,CONSERVATIVE_MAX_WITH_CONFLICT_FLAG,5317;5318,Drought risk duplicated with conflicting class values; droughtRiskLevel uses conservative maximum and raw values are retained.
NR-MONTHLY-2019-10-302401,2019-10,3024,โนนแดง,302401,โนนแดง,NR-RESEARCH-AREA-116,116,Non Daeng,Non Daeng,0;1,0,1,1,CONSERVATIVE_MAX_WITH_CONFLICT_FLAG,23440;23441,Drought risk duplicated with conflicting class values; droughtRiskLevel uses conservative maximum and raw values are retained.
NR-MONTHLY-2019-10-302405,2019-10,3024,โนนแดง,302405,ดอนยาวใหญ่,NR-RESEARCH-AREA-120,120,Non Daeng,Don Yao Yai,0;1,0,1,1,CONSERVATIVE_MAX_WITH_CONFLICT_FLAG,24361;24362,Drought risk duplicated with conflicting class values; droughtRiskLevel uses conservative maximum and raw values are retained.
NR-MONTHLY-2019-10-302502,2019-10,3025,วังน้ำเขียว,302502,วังหมี,NR-RESEARCH-AREA-232,232,Wang Nam Khiao,Wang Mi,0;1,0,1,1,CONSERVATIVE_MAX_WITH_CONFLICT_FLAG,47027;47028,Drought risk duplicated with conflicting class values; droughtRiskLevel uses conservative maximum and raw values are retained.
NR-MONTHLY-2019-10-302601,2019-10,3026,เทพารักษ์,302601,สำนักตะคร้อ,NR-RESEARCH-AREA-112,112,Thepharak,Samnak Takhro,0;1,0,1,1,CONSERVATIVE_MAX_WITH_CONFLICT_FLAG,22689;22690,Drought risk duplicated with conflicting class values; droughtRiskLevel uses conservative maximum and raw values are retained.
NR-MONTHLY-2019-10-302602,2019-10,3026,เทพารักษ์,302602,หนองแวง,NR-RESEARCH-AREA-113,113,Thepharak,Nong Waeng,0;1,0,1,1,CONSERVATIVE_MAX_WITH_CONFLICT_FLAG,22875;22876,Drought risk duplicated with conflicting class values; droughtRiskLevel uses conservative maximum and raw values are retained.
NR-MONTHLY-2019-10-302603,2019-10,3026,เทพารักษ์,302603,บึงปรือ,NR-RESEARCH-AREA-114,114,Thepharak,Bueng Prue,0;1,0,1,1,CONSERVATIVE_MAX_WITH_CONFLICT_FLAG,23060;23061,Drought risk duplicated with conflicting class values; droughtRiskLevel uses conservative maximum and raw values are retained.
NR-MONTHLY-2019-10-302604,2019-10,3026,เทพารักษ์,302604,วังยายทอง,NR-RESEARCH-AREA-115,115,Thepharak,Wang Yai Thong,0;1,0,1,1,CONSERVATIVE_MAX_WITH_CONFLICT_FLAG,23245;23246,Drought risk duplicated with conflicting class values; droughtRiskLevel uses conservative maximum and raw values are retained.
NR-MONTHLY-2019-10-302701,2019-10,3027,เมืองยาง,302701,เมืองยาง,NR-RESEARCH-AREA-223,223,Mueang Yang,Mueang Yang,0;1,0,1,1,CONSERVATIVE_MAX_WITH_CONFLICT_FLAG,45199;45200,Drought risk duplicated with conflicting class values; droughtRiskLevel uses conservative maximum and raw values are retained.
NR-MONTHLY-2019-10-302702,2019-10,3027,เมืองยาง,302702,กระเบื้องนอก,NR-RESEARCH-AREA-224,224,Mueang Yang,Krabueang Nok,0;1,0,1,1,CONSERVATIVE_MAX_WITH_CONFLICT_FLAG,45399;45400,Drought risk duplicated with conflicting class values; droughtRiskLevel uses conservative maximum and raw values are retained.
NR-MONTHLY-2019-10-302801,2019-10,3028,พระทองคำ,302801,สระพระ,NR-RESEARCH-AREA-206,206,Phra Thong Kham,Sa Phra,0;1,0,1,1,CONSERVATIVE_MAX_WITH_CONFLICT_FLAG,41429;41430,Drought risk duplicated with conflicting class values; droughtRiskLevel uses conservative maximum and raw values are retained.
NR-MONTHLY-2019-10-302802,2019-10,3028,พระทองคำ,302802,มาบกราด,NR-RESEARCH-AREA-207,207,Phra Thong Kham,Map Krat,0;1,0,1,1,CONSERVATIVE_MAX_WITH_CONFLICT_FLAG,41626;41627,Drought risk duplicated with conflicting class values; droughtRiskLevel uses conservative maximum and raw values are retained.
NR-MONTHLY-2019-10-302901,2019-10,3029,ลำทะเมนชัย,302901,ขุย,NR-RESEARCH-AREA-227,227,Lamtaman Chai,Khui,0;1,0,1,1,CONSERVATIVE_MAX_WITH_CONFLICT_FLAG,46004;46005,Drought risk duplicated with conflicting class values; droughtRiskLevel uses conservative maximum and raw values are retained.
NR-MONTHLY-2019-10-303004,2019-10,3030,บัวลาย,303004,หนองหว้า,NR-RESEARCH-AREA-150,150,Bua Lai,Nong Wa,0;1,0,1,1,CONSERVATIVE_MAX_WITH_CONFLICT_FLAG,30603;30604,Drought risk duplicated with conflicting class values; droughtRiskLevel uses conservative maximum and raw values are retained.
NR-MONTHLY-2019-11-300204,2019-11,3002,ครบุรี,300204,โคกกระชาย,NR-RESEARCH-AREA-055,55,Khon Buri,Khok Krachai,0;1,0,1,1,CONSERVATIVE_MAX_WITH_CONFLICT_FLAG,10887;10888,Drought risk duplicated with conflicting class values; droughtRiskLevel uses conservative maximum and raw values are retained.
NR-MONTHLY-2019-11-300205,2019-11,3002,ครบุรี,300205,จระเข้หิน,NR-RESEARCH-AREA-056,56,Khon Buri,Chorakhe Hin,0;1,0,1,1,CONSERVATIVE_MAX_WITH_CONFLICT_FLAG,11082;11083,Drought risk duplicated with conflicting class values; droughtRiskLevel uses conservative maximum and raw values are retained.
NR-MONTHLY-2019-11-300209,2019-11,3002,ครบุรี,300209,ลำเพียก,NR-RESEARCH-AREA-060,60,Khon Buri,Lamphiak,0;1,0,1,1,CONSERVATIVE_MAX_WITH_CONFLICT_FLAG,11846;11847,Drought risk duplicated with conflicting class values; droughtRiskLevel uses conservative maximum and raw values are retained.
NR-MONTHLY-2019-11-300301,2019-11,3003,เสิงสาง,300301,เสิงสาง,NR-RESEARCH-AREA-264,264,Soeng Sang,Soeng Sang,0;1,0,1,1,CONSERVATIVE_MAX_WITH_CONFLICT_FLAG,53374;53375,Drought risk duplicated with conflicting class values; droughtRiskLevel uses conservative maximum and raw values are retained.
NR-MONTHLY-2019-11-300302,2019-11,3003,เสิงสาง,300302,สระตะเคียน,NR-RESEARCH-AREA-265,265,Soeng Sang,Sa Takhian,0;1,0,1,1,CONSERVATIVE_MAX_WITH_CONFLICT_FLAG,53572;53573,Drought risk duplicated with conflicting class values; droughtRiskLevel uses conservative maximum and raw values are retained.
NR-MONTHLY-2019-11-300303,2019-11,3003,เสิงสาง,300303,โนนสมบูรณ์,NR-RESEARCH-AREA-266,266,Soeng Sang,Non Sombun,0;1,0,1,1,CONSERVATIVE_MAX_WITH_CONFLICT_FLAG,53767;53768,Drought risk duplicated with conflicting class values; droughtRiskLevel uses conservative maximum and raw values are retained.
NR-MONTHLY-2019-11-300306,2019-11,3003,เสิงสาง,300306,บ้านราษฎร์,NR-RESEARCH-AREA-269,269,Soeng Sang,Ban Rat,0;1,0,1,1,CONSERVATIVE_MAX_WITH_CONFLICT_FLAG,54334;54335,Drought risk duplicated with conflicting class values; droughtRiskLevel uses conservative maximum and raw values are retained.
NR-MONTHLY-2019-11-301207,2019-11,3012,บัวใหญ่,301207,หนองบัวสะอาด,NR-RESEARCH-AREA-155,155,Bua Yai,Nong Bua Sa-At,1;2,1,2,2,CONSERVATIVE_MAX_WITH_CONFLICT_FLAG,31595;31596,Drought risk duplicated with conflicting class values; droughtRiskLevel uses conservative maximum and raw values are retained.
NR-MONTHLY-2019-11-301503,2019-11,3015,พิมาย,301503,โบสถ์,NR-RESEARCH-AREA-213,213,Phimai,Bot,0;1,0,1,1,CONSERVATIVE_MAX_WITH_CONFLICT_FLAG,42888;42889,Drought risk duplicated with conflicting class values; droughtRiskLevel uses conservative maximum and raw values are retained.
NR-MONTHLY-2019-11-301506,2019-11,3015,พิมาย,301506,รังกาใหญ่,NR-RESEARCH-AREA-216,216,Phimai,Rang Ka Yai,0;1,0,1,1,CONSERVATIVE_MAX_WITH_CONFLICT_FLAG,43580;43581,Drought risk duplicated with conflicting class values; droughtRiskLevel uses conservative maximum and raw values are retained.
NR-MONTHLY-2019-11-301806,2019-11,3018,สูงเนิน,301806,โค้งยาง,NR-RESEARCH-AREA-258,258,Sung Noen,Khong Yang,1;2,1,2,2,CONSERVATIVE_MAX_WITH_CONFLICT_FLAG,52141;52142,Drought risk duplicated with conflicting class values; droughtRiskLevel uses conservative maximum and raw values are retained.
NR-MONTHLY-2019-12-300610,2019-12,3006,จักราช,300610,ศรีละกอ,NR-RESEARCH-AREA-069,69,Chakkarat,Si Lako,1;2,1,2,2,CONSERVATIVE_MAX_WITH_CONFLICT_FLAG,13649;13650,Drought risk duplicated with conflicting class values; droughtRiskLevel uses conservative maximum and raw values are retained.
NR-MONTHLY-2019-12-301003,2019-12,3010,โนนสูง,301003,โตนด,NR-RESEARCH-AREA-133,133,Non Sung,Tanot,1;2,1,2,2,CONSERVATIVE_MAX_WITH_CONFLICT_FLAG,27122;27123,Drought risk duplicated with conflicting class values; droughtRiskLevel uses conservative maximum and raw values are retained.
NR-MONTHLY-2019-12-301304,2019-12,3013,ประทาย,301304,วังไม้แดง,NR-RESEARCH-AREA-168,168,Prathai,Wang Mai Daeng,1;2,1,2,2,CONSERVATIVE_MAX_WITH_CONFLICT_FLAG,34129;34130,Drought risk duplicated with conflicting class values; droughtRiskLevel uses conservative maximum and raw values are retained.
NR-MONTHLY-2019-12-301806,2019-12,3018,สูงเนิน,301806,โค้งยาง,NR-RESEARCH-AREA-258,258,Sung Noen,Khong Yang,1;2,1,2,2,CONSERVATIVE_MAX_WITH_CONFLICT_FLAG,52143;52144,Drought risk duplicated with conflicting class values; droughtRiskLevel uses conservative maximum and raw values are retained.
NR-MONTHLY-2019-12-302007,2019-12,3020,สีคิ้ว,302007,หนองน้ำใส,NR-RESEARCH-AREA-242,242,Si Khio,Nong Nam Sai,1;2,1,2,2,CONSERVATIVE_MAX_WITH_CONFLICT_FLAG,48939;48940,Drought risk duplicated with conflicting class values; droughtRiskLevel uses conservative maximum and raw values are retained.
NR-MONTHLY-2019-12-302012,2019-12,3020,สีคิ้ว,302012,หนองบัวน้อย,NR-RESEARCH-AREA-247,247,Si Khio,Nong Bua Noi,1;2,1,2,2,CONSERVATIVE_MAX_WITH_CONFLICT_FLAG,49906;49907,Drought risk duplicated with conflicting class values; droughtRiskLevel uses conservative maximum and raw values are retained.
NR-MONTHLY-2020-01-301403,2020-01,3014,ปักธงชัย,301403,โคกไทย,NR-RESEARCH-AREA-180,180,Pak Thong Chai,Khok Thai,1;2,1,2,2,CONSERVATIVE_MAX_WITH_CONFLICT_FLAG,36578;36579,Drought risk duplicated with conflicting class values; droughtRiskLevel uses conservative maximum and raw values are retained.
NR-MONTHLY-2020-01-301406,2020-01,3014,ปักธงชัย,301406,นกออก,NR-RESEARCH-AREA-183,183,Pak Thong Chai,Nok Ok,1;2,1,2,2,CONSERVATIVE_MAX_WITH_CONFLICT_FLAG,37212;37213,Drought risk duplicated with conflicting class values; droughtRiskLevel uses conservative maximum and raw values are retained.
NR-MONTHLY-2020-01-301416,2020-01,3014,ปักธงชัย,301416,ภูหลวง,NR-RESEARCH-AREA-189,189,Pak Thong Chai,Phu Luang,1;2,1,2,2,CONSERVATIVE_MAX_WITH_CONFLICT_FLAG,38470;38471,Drought risk duplicated with conflicting class values; droughtRiskLevel uses conservative maximum and raw values are retained.
NR-MONTHLY-2020-01-301418,2020-01,3014,ปักธงชัย,301418,สุขเกษม,NR-RESEARCH-AREA-191,191,Pak Thong Chai,Suk Kasem,1;2,1,2,2,CONSERVATIVE_MAX_WITH_CONFLICT_FLAG,38888;38889,Drought risk duplicated with conflicting class values; droughtRiskLevel uses conservative maximum and raw values are retained.
NR-MONTHLY-2020-01-301419,2020-01,3014,ปักธงชัย,301419,เกษมทรัพย์,NR-RESEARCH-AREA-192,192,Pak Thong Chai,Kasem Sap,1;2,1,2,2,CONSERVATIVE_MAX_WITH_CONFLICT_FLAG,39097;39098,Drought risk duplicated with conflicting class values; droughtRiskLevel uses conservative maximum and raw values are retained.
NR-MONTHLY-2020-01-301420,2020-01,3014,ปักธงชัย,301420,บ่อปลาทอง,NR-RESEARCH-AREA-193,193,Pak Thong Chai,Bo Pla Thong,1;2,1,2,2,CONSERVATIVE_MAX_WITH_CONFLICT_FLAG,39306;39307,Drought risk duplicated with conflicting class values; droughtRiskLevel uses conservative maximum and raw values are retained.
NR-MONTHLY-2020-01-301803,2020-01,3018,สูงเนิน,301803,โคราช,NR-RESEARCH-AREA-255,255,Sung Noen,Khorat,1;2,1,2,2,CONSERVATIVE_MAX_WITH_CONFLICT_FLAG,51527;51528,Drought risk duplicated with conflicting class values; droughtRiskLevel uses conservative maximum and raw values are retained.
NR-MONTHLY-2020-01-302107,2020-01,3021,ปากช่อง,302107,ขนงพระ,NR-RESEARCH-AREA-200,200,Pak Chong,Khanong Phra,1;2,1,2,2,CONSERVATIVE_MAX_WITH_CONFLICT_FLAG,40401;40402,Drought risk duplicated with conflicting class values; droughtRiskLevel uses conservative maximum and raw values are retained.
NR-MONTHLY-2020-01-302111,2020-01,3021,ปากช่อง,302111,วังไทร,NR-RESEARCH-AREA-204,204,Pak Chong,Wang Sai,1;2,1,2,2,CONSERVATIVE_MAX_WITH_CONFLICT_FLAG,41112;41113,Drought risk duplicated with conflicting class values; droughtRiskLevel uses conservative maximum and raw values are retained.
NR-MONTHLY-2020-01-303105,2020-01,3031,สีดา,303105,หนองตาดใหญ่,NR-RESEARCH-AREA-252,252,Sida,Nong Tat Yai,1;2,1,2,2,CONSERVATIVE_MAX_WITH_CONFLICT_FLAG,50921;50922,Drought risk duplicated with conflicting class values; droughtRiskLevel uses conservative maximum and raw values are retained.
NR-MONTHLY-2020-02-300707,2020-02,3007,โชคชัย,300707,ท่าเยี่ยม,NR-RESEARCH-AREA-092,92,Chok Chai,Tha Yiam,1;2,1,2,2,CONSERVATIVE_MAX_WITH_CONFLICT_FLAG,18541;18542,Drought risk duplicated with conflicting class values; droughtRiskLevel uses conservative maximum and raw values are retained.
NR-MONTHLY-2020-02-301406,2020-02,3014,ปักธงชัย,301406,นกออก,NR-RESEARCH-AREA-183,183,Pak Thong Chai,Nok Ok,1;2,1,2,2,CONSERVATIVE_MAX_WITH_CONFLICT_FLAG,37214;37215,Drought risk duplicated with conflicting class values; droughtRiskLevel uses conservative maximum and raw values are retained.
NR-MONTHLY-2020-02-301409,2020-02,3014,ปักธงชัย,301409,ตูม,NR-RESEARCH-AREA-185,185,Pak Thong Chai,Tum,1;2,1,2,2,CONSERVATIVE_MAX_WITH_CONFLICT_FLAG,37634;37635,Drought risk duplicated with conflicting class values; droughtRiskLevel uses conservative maximum and raw values are retained.
NR-MONTHLY-2020-02-301420,2020-02,3014,ปักธงชัย,301420,บ่อปลาทอง,NR-RESEARCH-AREA-193,193,Pak Thong Chai,Bo Pla Thong,1;2,1,2,2,CONSERVATIVE_MAX_WITH_CONFLICT_FLAG,39308;39309,Drought risk duplicated with conflicting class values; droughtRiskLevel uses conservative maximum and raw values are retained.
NR-MONTHLY-2020-04-301007,2020-04,3010,โนนสูง,301007,หลุมข้าว,NR-RESEARCH-AREA-137,137,Non Sung,Lum Khao,1;2,1,2,2,CONSERVATIVE_MAX_WITH_CONFLICT_FLAG,27941;27942,Drought risk duplicated with conflicting class values; droughtRiskLevel uses conservative maximum and raw values are retained.
NR-MONTHLY-2020-04-301011,2020-04,3010,โนนสูง,301011,ขามเฒ่า,NR-RESEARCH-AREA-141,141,Non Sung,Kham Thao,1;2,1,2,2,CONSERVATIVE_MAX_WITH_CONFLICT_FLAG,28746;28747,Drought risk duplicated with conflicting class values; droughtRiskLevel uses conservative maximum and raw values are retained.
NR-MONTHLY-2020-04-301012,2020-04,3010,โนนสูง,301012,ด่านคล้า,NR-RESEARCH-AREA-142,142,Non Sung,Dan Khla,1;2,1,2,2,CONSERVATIVE_MAX_WITH_CONFLICT_FLAG,28947;28948,Drought risk duplicated with conflicting class values; droughtRiskLevel uses conservative maximum and raw values are retained.
NR-MONTHLY-2020-04-301013,2020-04,3010,โนนสูง,301013,ลำคอหงษ์,NR-RESEARCH-AREA-143,143,Non Sung,Lam Kho Hong,1;2,1,2,2,CONSERVATIVE_MAX_WITH_CONFLICT_FLAG,29148;29149,Drought risk duplicated with conflicting class values; droughtRiskLevel uses conservative maximum and raw values are retained.
NR-MONTHLY-2020-07-300118,2020-07,3001,เมืองนครราชสีมา,300118,ไชยมงคล,NR-RESEARCH-AREA-017,17,Mueang Nakhon Ratchasima,Chai Mongkhon,0;1,0,1,1,CONSERVATIVE_MAX_WITH_CONFLICT_FLAG,3212;3213,Drought risk duplicated with conflicting class values; droughtRiskLevel uses conservative maximum and raw values are retained.
NR-MONTHLY-2020-07-301807,2020-07,3018,สูงเนิน,301807,มะเกลือเก่า,NR-RESEARCH-AREA-259,259,Sung Noen,Makluea Kao,0;1,0,1,1,CONSERVATIVE_MAX_WITH_CONFLICT_FLAG,52357;52358,Drought risk duplicated with conflicting class values; droughtRiskLevel uses conservative maximum and raw values are retained.
NR-MONTHLY-2020-07-302004,2020-07,3020,สีคิ้ว,302004,ลาดบัวขาว,NR-RESEARCH-AREA-239,239,Si Khio,Lat Bua Khao,0;1,0,1,1,CONSERVATIVE_MAX_WITH_CONFLICT_FLAG,48364;48365,Drought risk duplicated with conflicting class values; droughtRiskLevel uses conservative maximum and raw values are retained.
NR-MONTHLY-2020-07-302103,2020-07,3021,ปากช่อง,302103,จันทึก,NR-RESEARCH-AREA-196,196,Pak Chong,Chan Thuek,0;1,0,1,1,CONSERVATIVE_MAX_WITH_CONFLICT_FLAG,39752;39753,Drought risk duplicated with conflicting class values; droughtRiskLevel uses conservative maximum and raw values are retained.
NR-MONTHLY-2020-07-302108,2020-07,3021,ปากช่อง,302108,โป่งตาลอง,NR-RESEARCH-AREA-201,201,Pak Chong,Pong Ta Long,0;1,0,1,1,CONSERVATIVE_MAX_WITH_CONFLICT_FLAG,40584;40585,Drought risk duplicated with conflicting class values; droughtRiskLevel uses conservative maximum and raw values are retained.
NR-MONTHLY-2020-07-302505,2020-07,3025,วังน้ำเขียว,302505,ไทยสามัคคี,NR-RESEARCH-AREA-235,235,Wang Nam Khiao,Thai Samakkhi,0;1,0,1,1,CONSERVATIVE_MAX_WITH_CONFLICT_FLAG,47590;47591,Drought risk duplicated with conflicting class values; droughtRiskLevel uses conservative maximum and raw values are retained.
NR-MONTHLY-2020-07-302603,2020-07,3026,เทพารักษ์,302603,บึงปรือ,NR-RESEARCH-AREA-114,114,Thepharak,Bueng Prue,0;1,0,1,1,CONSERVATIVE_MAX_WITH_CONFLICT_FLAG,23073;23074,Drought risk duplicated with conflicting class values; droughtRiskLevel uses conservative maximum and raw values are retained.
NR-MONTHLY-2020-08-300303,2020-08,3003,เสิงสาง,300303,โนนสมบูรณ์,NR-RESEARCH-AREA-266,266,Soeng Sang,Non Sombun,0;1,0,1,1,CONSERVATIVE_MAX_WITH_CONFLICT_FLAG,53779;53780,Drought risk duplicated with conflicting class values; droughtRiskLevel uses conservative maximum and raw values are retained.
NR-MONTHLY-2020-08-300503,2020-08,3005,บ้านเหลื่อม,300503,โคกกระเบื้อง,NR-RESEARCH-AREA-163,163,Ban Lueam,Khok Krabueang,0;1,0,1,1,CONSERVATIVE_MAX_WITH_CONFLICT_FLAG,33151;33152,Drought risk duplicated with conflicting class values; droughtRiskLevel uses conservative maximum and raw values are retained.
NR-MONTHLY-2020-08-302105,2020-08,3021,ปากช่อง,302105,หมูสี,NR-RESEARCH-AREA-198,198,Pak Chong,Mu Si,0;1,0,1,1,CONSERVATIVE_MAX_WITH_CONFLICT_FLAG,40046;40047,Drought risk duplicated with conflicting class values; droughtRiskLevel uses conservative maximum and raw values are retained.
NR-MONTHLY-2020-08-302110,2020-08,3021,ปากช่อง,302110,หนองน้ำแดง,NR-RESEARCH-AREA-203,203,Pak Chong,Nong Nam Daeng,0;1,0,1,1,CONSERVATIVE_MAX_WITH_CONFLICT_FLAG,40941;40942,Drought risk duplicated with conflicting class values; droughtRiskLevel uses conservative maximum and raw values are retained.
NR-MONTHLY-2020-08-302201,2020-08,3022,หนองบุญมาก,302201,หนองบุนนาก,NR-RESEARCH-AREA-270,270,Nong Bunmak,Nong Bunnak,0;1,0,1,1,CONSERVATIVE_MAX_WITH_CONFLICT_FLAG,54538;54539,Drought risk duplicated with conflicting class values; droughtRiskLevel uses conservative maximum and raw values are retained.
NR-MONTHLY-2020-08-302303,2020-08,3023,แก้งสนามนาง,302303,บึงพะไล,NR-RESEARCH-AREA-027,27,Kaeng Sanam Nang,Bueng Phalai,0;1,0,1,1,CONSERVATIVE_MAX_WITH_CONFLICT_FLAG,5130;5131,Drought risk duplicated with conflicting class values; droughtRiskLevel uses conservative maximum and raw values are retained.
NR-MONTHLY-2020-09-300102,2020-09,3001,เมืองนครราชสีมา,300102,โพธิ์กลาง,NR-RESEARCH-AREA-001,1,Mueang Nakhon Ratchasima,Pho Klang,0;1,0,1,1,CONSERVATIVE_MAX_WITH_CONFLICT_FLAG,229;230,Drought risk duplicated with conflicting class values; droughtRiskLevel uses conservative maximum and raw values are retained.
NR-MONTHLY-2020-09-300103,2020-09,3001,เมืองนครราชสีมา,300103,หนองจะบก,NR-RESEARCH-AREA-002,2,Mueang Nakhon Ratchasima,Nong Chabok,0;1,0,1,1,CONSERVATIVE_MAX_WITH_CONFLICT_FLAG,414;415,Drought risk duplicated with conflicting class values; droughtRiskLevel uses conservative maximum and raw values are retained.
NR-MONTHLY-2020-09-300111,2020-09,3001,เมืองนครราชสีมา,300111,หัวทะเล,NR-RESEARCH-AREA-010,10,Mueang Nakhon Ratchasima,Hua Thale,0;1,0,1,1,CONSERVATIVE_MAX_WITH_CONFLICT_FLAG,1878;1879,Drought risk duplicated with conflicting class values; droughtRiskLevel uses conservative maximum and raw values are retained.
NR-MONTHLY-2020-09-300119,2020-09,3001,เมืองนครราชสีมา,300119,หนองบัวศาลา,NR-RESEARCH-AREA-018,18,Mueang Nakhon Ratchasima,Nong Bua Sala,0;1,0,1,1,CONSERVATIVE_MAX_WITH_CONFLICT_FLAG,3402;3403,Drought risk duplicated with conflicting class values; droughtRiskLevel uses conservative maximum and raw values are retained.
NR-MONTHLY-2020-09-300125,2020-09,3001,เมืองนครราชสีมา,300125,หนองไข่น้ำ,NR-RESEARCH-AREA-024,24,Mueang Nakhon Ratchasima,Nong Khai Nam,0;1,0,1,1,CONSERVATIVE_MAX_WITH_CONFLICT_FLAG,4536;4537,Drought risk duplicated with conflicting class values; droughtRiskLevel uses conservative maximum and raw values are retained.
NR-MONTHLY-2020-09-300205,2020-09,3002,ครบุรี,300205,จระเข้หิน,NR-RESEARCH-AREA-056,56,Khon Buri,Chorakhe Hin,0;1,0,1,1,CONSERVATIVE_MAX_WITH_CONFLICT_FLAG,11097;11098,Drought risk duplicated with conflicting class values; droughtRiskLevel uses conservative maximum and raw values are retained.
NR-MONTHLY-2020-09-300211,2020-09,3002,ครบุรี,300211,ตะแบกบาน,NR-RESEARCH-AREA-062,62,Khon Buri,Tabaek Ban,0;1,0,1,1,CONSERVATIVE_MAX_WITH_CONFLICT_FLAG,12227;12228,Drought risk duplicated with conflicting class values; droughtRiskLevel uses conservative maximum and raw values are retained.
NR-MONTHLY-2020-09-300301,2020-09,3003,เสิงสาง,300301,เสิงสาง,NR-RESEARCH-AREA-264,264,Soeng Sang,Soeng Sang,0;1,0,1,1,CONSERVATIVE_MAX_WITH_CONFLICT_FLAG,53394;53395,Drought risk duplicated with conflicting class values; droughtRiskLevel uses conservative maximum and raw values are retained.
NR-MONTHLY-2020-09-300305,2020-09,3003,เสิงสาง,300305,สุขไพบูลย์,NR-RESEARCH-AREA-268,268,Soeng Sang,Suk Phaibun,0;1,0,1,1,CONSERVATIVE_MAX_WITH_CONFLICT_FLAG,54157;54158,Drought risk duplicated with conflicting class values; droughtRiskLevel uses conservative maximum and raw values are retained.
NR-MONTHLY-2020-09-300306,2020-09,3003,เสิงสาง,300306,บ้านราษฎร์,NR-RESEARCH-AREA-269,269,Soeng Sang,Ban Rat,0;1,0,1,1,CONSERVATIVE_MAX_WITH_CONFLICT_FLAG,54348;54349,Drought risk duplicated with conflicting class values; droughtRiskLevel uses conservative maximum and raw values are retained.
NR-MONTHLY-2020-09-300401,2020-09,3004,คง,300401,เมืองคง,NR-RESEARCH-AREA-042,42,Khong,Mueang Khong,0;1,0,1,1,CONSERVATIVE_MAX_WITH_CONFLICT_FLAG,8367;8368,Drought risk duplicated with conflicting class values; droughtRiskLevel uses conservative maximum and raw values are retained.
NR-MONTHLY-2020-09-300403,2020-09,3004,คง,300403,เทพาลัย,NR-RESEARCH-AREA-044,44,Khong,Thephalai,0;1,0,1,1,CONSERVATIVE_MAX_WITH_CONFLICT_FLAG,8760;8761,Drought risk duplicated with conflicting class values; droughtRiskLevel uses conservative maximum and raw values are retained.
NR-MONTHLY-2020-09-300409,2020-09,3004,คง,300409,ดอนใหญ่,NR-RESEARCH-AREA-050,50,Khong,Don Yai,0;1,0,1,1,CONSERVATIVE_MAX_WITH_CONFLICT_FLAG,9949;9950,Drought risk duplicated with conflicting class values; droughtRiskLevel uses conservative maximum and raw values are retained.
NR-MONTHLY-2020-09-300601,2020-09,3006,จักราช,300601,จักราช,NR-RESEARCH-AREA-064,64,Chakkarat,Chakkarat,0;1,0,1,1,CONSERVATIVE_MAX_WITH_CONFLICT_FLAG,12616;12617,Drought risk duplicated with conflicting class values; droughtRiskLevel uses conservative maximum and raw values are retained.
NR-MONTHLY-2020-09-300603,2020-09,3006,จักราช,300603,ทองหลาง,NR-RESEARCH-AREA-065,65,Chakkarat,Thong Lang,0;1,0,1,1,CONSERVATIVE_MAX_WITH_CONFLICT_FLAG,12826;12827,Drought risk duplicated with conflicting class values; droughtRiskLevel uses conservative maximum and raw values are retained.
NR-MONTHLY-2020-09-300604,2020-09,3006,จักราช,300604,สีสุก,NR-RESEARCH-AREA-066,66,Chakkarat,Si Suk,0;1,0,1,1,CONSERVATIVE_MAX_WITH_CONFLICT_FLAG,13034;13035,Drought risk duplicated with conflicting class values; droughtRiskLevel uses conservative maximum and raw values are retained.
NR-MONTHLY-2020-09-300605,2020-09,3006,จักราช,300605,หนองขาม,NR-RESEARCH-AREA-067,67,Chakkarat,Nong Kham,0;1,0,1,1,CONSERVATIVE_MAX_WITH_CONFLICT_FLAG,13245;13246,Drought risk duplicated with conflicting class values; droughtRiskLevel uses conservative maximum and raw values are retained.
NR-MONTHLY-2020-09-300607,2020-09,3006,จักราช,300607,หนองพลวง,NR-RESEARCH-AREA-068,68,Chakkarat,Nong Phluang,0;1,0,1,1,CONSERVATIVE_MAX_WITH_CONFLICT_FLAG,13455;13456,Drought risk duplicated with conflicting class values; droughtRiskLevel uses conservative maximum and raw values are retained.
NR-MONTHLY-2020-09-300610,2020-09,3006,จักราช,300610,ศรีละกอ,NR-RESEARCH-AREA-069,69,Chakkarat,Si Lako,0;1,0,1,1,CONSERVATIVE_MAX_WITH_CONFLICT_FLAG,13662;13663,Drought risk duplicated with conflicting class values; droughtRiskLevel uses conservative maximum and raw values are retained.
NR-MONTHLY-2020-09-300613,2020-09,3006,จักราช,300613,หินโคน,NR-RESEARCH-AREA-071,71,Chakkarat,Hin Khon,0;1,0,1,1,CONSERVATIVE_MAX_WITH_CONFLICT_FLAG,14078;14079,Drought risk duplicated with conflicting class values; droughtRiskLevel uses conservative maximum and raw values are retained.
NR-MONTHLY-2020-09-300703,2020-09,3007,โชคชัย,300703,ท่าอ่าง,NR-RESEARCH-AREA-088,88,Chok Chai,Tha Ang,0;1,0,1,1,CONSERVATIVE_MAX_WITH_CONFLICT_FLAG,17759;17760,Drought risk duplicated with conflicting class values; droughtRiskLevel uses conservative maximum and raw values are retained.
NR-MONTHLY-2020-09-300706,2020-09,3007,โชคชัย,300706,ท่าจะหลุง,NR-RESEARCH-AREA-091,91,Chok Chai,Tha Chalung,0;1,0,1,1,CONSERVATIVE_MAX_WITH_CONFLICT_FLAG,18351;18352,Drought risk duplicated with conflicting class values; droughtRiskLevel uses conservative maximum and raw values are retained.
NR-MONTHLY-2020-09-300709,2020-09,3007,โชคชัย,300709,ละลมใหม่พัฒนา,NR-RESEARCH-AREA-094,94,Chok Chai,Lalom Mai Phatthana,0;1,0,1,1,CONSERVATIVE_MAX_WITH_CONFLICT_FLAG,18947;18948,Drought risk duplicated with conflicting class values; droughtRiskLevel uses conservative maximum and raw values are retained.
NR-MONTHLY-2020-09-300806,2020-09,3008,ด่านขุนทด,300806,บ้านเก่า,NR-RESEARCH-AREA-101,101,Dan Khun Thot,Ban Kao,0;1,0,1,1,CONSERVATIVE_MAX_WITH_CONFLICT_FLAG,20403;20404,Drought risk duplicated with conflicting class values; droughtRiskLevel uses conservative maximum and raw values are retained.
NR-MONTHLY-2020-09-300807,2020-09,3008,ด่านขุนทด,300807,บ้านแปรง,NR-RESEARCH-AREA-102,102,Dan Khun Thot,Ban Praeng,0;1,0,1,1,CONSERVATIVE_MAX_WITH_CONFLICT_FLAG,20615;20616,Drought risk duplicated with conflicting class values; droughtRiskLevel uses conservative maximum and raw values are retained.
NR-MONTHLY-2020-09-300808,2020-09,3008,ด่านขุนทด,300808,พันชนะ,NR-RESEARCH-AREA-103,103,Dan Khun Thot,Phan Chana,0;1,0,1,1,CONSERVATIVE_MAX_WITH_CONFLICT_FLAG,20826;20827,Drought risk duplicated with conflicting class values; droughtRiskLevel uses conservative maximum and raw values are retained.
NR-MONTHLY-2020-09-300809,2020-09,3008,ด่านขุนทด,300809,สระจรเข้,NR-RESEARCH-AREA-104,104,Dan Khun Thot,Sa Chorakhe,0;1,0,1,1,CONSERVATIVE_MAX_WITH_CONFLICT_FLAG,21036;21037,Drought risk duplicated with conflicting class values; droughtRiskLevel uses conservative maximum and raw values are retained.
NR-MONTHLY-2020-09-300811,2020-09,3008,ด่านขุนทด,300811,หนองบัวตะเกียด,NR-RESEARCH-AREA-106,106,Dan Khun Thot,Nong Bua Takiat,0;1,0,1,1,CONSERVATIVE_MAX_WITH_CONFLICT_FLAG,21452;21453,Drought risk duplicated with conflicting class values; droughtRiskLevel uses conservative maximum and raw values are retained.
NR-MONTHLY-2020-09-300817,2020-09,3008,ด่านขุนทด,300817,โนนเมืองพัฒนา,NR-RESEARCH-AREA-110,110,Dan Khun Thot,Non Mueang Phatthana,0;1,0,1,1,CONSERVATIVE_MAX_WITH_CONFLICT_FLAG,22292;22293,Drought risk duplicated with conflicting class values; droughtRiskLevel uses conservative maximum and raw values are retained.
NR-MONTHLY-2020-09-300904,2020-09,3009,โนนไทย,300904,สำโรง,NR-RESEARCH-AREA-124,124,Non Thai,Samrong,0;1,0,1,1,CONSERVATIVE_MAX_WITH_CONFLICT_FLAG,25260;25261,Drought risk duplicated with conflicting class values; droughtRiskLevel uses conservative maximum and raw values are retained.
NR-MONTHLY-2020-09-300908,2020-09,3009,โนนไทย,300908,สายออ,NR-RESEARCH-AREA-128,128,Non Thai,Sai-O,0;1,0,1,1,CONSERVATIVE_MAX_WITH_CONFLICT_FLAG,26108;26109,Drought risk duplicated with conflicting class values; droughtRiskLevel uses conservative maximum and raw values are retained.
NR-MONTHLY-2020-09-300909,2020-09,3009,โนนไทย,300909,ถนนโพธิ์,NR-RESEARCH-AREA-129,129,Non Thai,Thanon Pho,0;1,0,1,1,CONSERVATIVE_MAX_WITH_CONFLICT_FLAG,26319;26320,Drought risk duplicated with conflicting class values; droughtRiskLevel uses conservative maximum and raw values are retained.
NR-MONTHLY-2020-09-301001,2020-09,3010,โนนสูง,301001,โนนสูง,NR-RESEARCH-AREA-131,131,Non Sung,Non Sung,0;1,0,1,1,CONSERVATIVE_MAX_WITH_CONFLICT_FLAG,26734;26735,Drought risk duplicated with conflicting class values; droughtRiskLevel uses conservative maximum and raw values are retained.
NR-MONTHLY-2020-09-301002,2020-09,3010,โนนสูง,301002,ใหม่,NR-RESEARCH-AREA-132,132,Non Sung,Mai,0;1,0,1,1,CONSERVATIVE_MAX_WITH_CONFLICT_FLAG,26937;26938,Drought risk duplicated with conflicting class values; droughtRiskLevel uses conservative maximum and raw values are retained.
NR-MONTHLY-2020-09-301003,2020-09,3010,โนนสูง,301003,โตนด,NR-RESEARCH-AREA-133,133,Non Sung,Tanot,0;1,0,1,1,CONSERVATIVE_MAX_WITH_CONFLICT_FLAG,27136;27137,Drought risk duplicated with conflicting class values; droughtRiskLevel uses conservative maximum and raw values are retained.
NR-MONTHLY-2020-09-301005,2020-09,3010,โนนสูง,301005,ดอนชมพู,NR-RESEARCH-AREA-135,135,Non Sung,Don Chomphu,0;1,0,1,1,CONSERVATIVE_MAX_WITH_CONFLICT_FLAG,27541;27542,Drought risk duplicated with conflicting class values; droughtRiskLevel uses conservative maximum and raw values are retained.
NR-MONTHLY-2020-09-301006,2020-09,3010,โนนสูง,301006,ธารปราสาท,NR-RESEARCH-AREA-136,136,Non Sung,Than Prasat,0;1,0,1,1,CONSERVATIVE_MAX_WITH_CONFLICT_FLAG,27745;27746,Drought risk duplicated with conflicting class values; droughtRiskLevel uses conservative maximum and raw values are retained.
NR-MONTHLY-2020-09-301008,2020-09,3010,โนนสูง,301008,มะค่า,NR-RESEARCH-AREA-138,138,Non Sung,Makha,0;1,0,1,1,CONSERVATIVE_MAX_WITH_CONFLICT_FLAG,28153;28154,Drought risk duplicated with conflicting class values; droughtRiskLevel uses conservative maximum and raw values are retained.
NR-MONTHLY-2020-09-301009,2020-09,3010,โนนสูง,301009,พลสงคราม,NR-RESEARCH-AREA-139,139,Non Sung,Phon Songkhram,0;1,0,1,1,CONSERVATIVE_MAX_WITH_CONFLICT_FLAG,28354;28355,Drought risk duplicated with conflicting class values; droughtRiskLevel uses conservative maximum and raw values are retained.
NR-MONTHLY-2020-09-301010,2020-09,3010,โนนสูง,301010,จันอัด,NR-RESEARCH-AREA-140,140,Non Sung,Chan-At,0;1,0,1,1,CONSERVATIVE_MAX_WITH_CONFLICT_FLAG,28553;28554,Drought risk duplicated with conflicting class values; droughtRiskLevel uses conservative maximum and raw values are retained.
NR-MONTHLY-2020-09-301012,2020-09,3010,โนนสูง,301012,ด่านคล้า,NR-RESEARCH-AREA-142,142,Non Sung,Dan Khla,0;1,0,1,1,CONSERVATIVE_MAX_WITH_CONFLICT_FLAG,28957;28958,Drought risk duplicated with conflicting class values; droughtRiskLevel uses conservative maximum and raw values are retained.
NR-MONTHLY-2020-09-301013,2020-09,3010,โนนสูง,301013,ลำคอหงษ์,NR-RESEARCH-AREA-143,143,Non Sung,Lam Kho Hong,0;1,0,1,1,CONSERVATIVE_MAX_WITH_CONFLICT_FLAG,29158;29159,Drought risk duplicated with conflicting class values; droughtRiskLevel uses conservative maximum and raw values are retained.
NR-MONTHLY-2020-09-301014,2020-09,3010,โนนสูง,301014,เมืองปราสาท,NR-RESEARCH-AREA-144,144,Non Sung,Mueang Prasat,0;1,0,1,1,CONSERVATIVE_MAX_WITH_CONFLICT_FLAG,29358;29359,Drought risk duplicated with conflicting class values; droughtRiskLevel uses conservative maximum and raw values are retained.
NR-MONTHLY-2020-09-301016,2020-09,3010,โนนสูง,301016,ลำมูล,NR-RESEARCH-AREA-146,146,Non Sung,Lammun,0;1,0,1,1,CONSERVATIVE_MAX_WITH_CONFLICT_FLAG,29755;29756,Drought risk duplicated with conflicting class values; droughtRiskLevel uses conservative maximum and raw values are retained.
NR-MONTHLY-2020-09-301102,2020-09,3011,ขามสะแกแสง,301102,โนนเมือง,NR-RESEARCH-AREA-036,36,Kham Sakae Saeng,Non Mueang,0;1,0,1,1,CONSERVATIVE_MAX_WITH_CONFLICT_FLAG,6964;6965,Drought risk duplicated with conflicting class values; droughtRiskLevel uses conservative maximum and raw values are retained.
NR-MONTHLY-2020-09-301105,2020-09,3011,ขามสะแกแสง,301105,พะงาด,NR-RESEARCH-AREA-039,39,Kham Sakae Saeng,Phangat,0;1,0,1,1,CONSERVATIVE_MAX_WITH_CONFLICT_FLAG,7672;7673,Drought risk duplicated with conflicting class values; droughtRiskLevel uses conservative maximum and raw values are retained.
NR-MONTHLY-2020-09-301107,2020-09,3011,ขามสะแกแสง,301107,เมืองเกษตร,NR-RESEARCH-AREA-041,41,Kham Sakae Saeng,Mueang Kaset,0;1,0,1,1,CONSERVATIVE_MAX_WITH_CONFLICT_FLAG,8144;8145,Drought risk duplicated with conflicting class values; droughtRiskLevel uses conservative maximum and raw values are retained.
NR-MONTHLY-2020-09-301201,2020-09,3012,บัวใหญ่,301201,บัวใหญ่,NR-RESEARCH-AREA-151,151,Bua Yai,Bua Yai,0;1,0,1,1,CONSERVATIVE_MAX_WITH_CONFLICT_FLAG,30840;30841,Drought risk duplicated with conflicting class values; droughtRiskLevel uses conservative maximum and raw values are retained.
NR-MONTHLY-2020-09-301206,2020-09,3012,บัวใหญ่,301206,ดอนตะหนิน,NR-RESEARCH-AREA-154,154,Bua Yai,Don Tanin,0;1,0,1,1,CONSERVATIVE_MAX_WITH_CONFLICT_FLAG,31418;31419,Drought risk duplicated with conflicting class values; droughtRiskLevel uses conservative maximum and raw values are retained.
NR-MONTHLY-2020-09-301301,2020-09,3013,ประทาย,301301,ประทาย,NR-RESEARCH-AREA-165,165,Prathai,Prathai,0;1,0,1,1,CONSERVATIVE_MAX_WITH_CONFLICT_FLAG,33545;33546,Drought risk duplicated with conflicting class values; droughtRiskLevel uses conservative maximum and raw values are retained.
NR-MONTHLY-2020-09-301307,2020-09,3013,ประทาย,301307,หนองพลวง,NR-RESEARCH-AREA-166,166,Prathai,Nong Phluang,0;1,0,1,1,CONSERVATIVE_MAX_WITH_CONFLICT_FLAG,33745;33746,Drought risk duplicated with conflicting class values; droughtRiskLevel uses conservative maximum and raw values are retained.
NR-MONTHLY-2020-09-301308,2020-09,3013,ประทาย,301308,หนองค่าย,NR-RESEARCH-AREA-172,172,Prathai,Nong Khai,0;1,0,1,1,CONSERVATIVE_MAX_WITH_CONFLICT_FLAG,34951;34952,Drought risk duplicated with conflicting class values; droughtRiskLevel uses conservative maximum and raw values are retained.
NR-MONTHLY-2020-09-301309,2020-09,3013,ประทาย,301309,หันห้วยทราย,NR-RESEARCH-AREA-167,167,Prathai,Han Huai Sai,0;1,0,1,1,CONSERVATIVE_MAX_WITH_CONFLICT_FLAG,33943;33944,Drought risk duplicated with conflicting class values; droughtRiskLevel uses conservative maximum and raw values are retained.
NR-MONTHLY-2020-09-301402,2020-09,3014,ปักธงชัย,301402,ตะคุ,NR-RESEARCH-AREA-179,179,Pak Thong Chai,Takhu,0;1,0,1,1,CONSERVATIVE_MAX_WITH_CONFLICT_FLAG,36379;36380,Drought risk duplicated with conflicting class values; droughtRiskLevel uses conservative maximum and raw values are retained.
NR-MONTHLY-2020-09-301405,2020-09,3014,ปักธงชัย,301405,ตะขบ,NR-RESEARCH-AREA-182,182,Pak Thong Chai,Takhop,0;1,0,1,1,CONSERVATIVE_MAX_WITH_CONFLICT_FLAG,37012;37013,Drought risk duplicated with conflicting class values; droughtRiskLevel uses conservative maximum and raw values are retained.
NR-MONTHLY-2020-09-301416,2020-09,3014,ปักธงชัย,301416,ภูหลวง,NR-RESEARCH-AREA-189,189,Pak Thong Chai,Phu Luang,0;1,0,1,1,CONSERVATIVE_MAX_WITH_CONFLICT_FLAG,38480;38481,Drought risk duplicated with conflicting class values; droughtRiskLevel uses conservative maximum and raw values are retained.
NR-MONTHLY-2020-09-301418,2020-09,3014,ปักธงชัย,301418,สุขเกษม,NR-RESEARCH-AREA-191,191,Pak Thong Chai,Suk Kasem,0;1,0,1,1,CONSERVATIVE_MAX_WITH_CONFLICT_FLAG,38898;38899,Drought risk duplicated with conflicting class values; droughtRiskLevel uses conservative maximum and raw values are retained.
NR-MONTHLY-2020-09-301501,2020-09,3015,พิมาย,301501,ในเมือง,NR-RESEARCH-AREA-211,211,Phimai,Nai Mueang,0;1,0,1,1,CONSERVATIVE_MAX_WITH_CONFLICT_FLAG,42437;42438,Drought risk duplicated with conflicting class values; droughtRiskLevel uses conservative maximum and raw values are retained.
NR-MONTHLY-2020-09-301503,2020-09,3015,พิมาย,301503,โบสถ์,NR-RESEARCH-AREA-213,213,Phimai,Bot,0;1,0,1,1,CONSERVATIVE_MAX_WITH_CONFLICT_FLAG,42903;42904,Drought risk duplicated with conflicting class values; droughtRiskLevel uses conservative maximum and raw values are retained.
NR-MONTHLY-2020-09-301506,2020-09,3015,พิมาย,301506,รังกาใหญ่,NR-RESEARCH-AREA-216,216,Phimai,Rang Ka Yai,0;1,0,1,1,CONSERVATIVE_MAX_WITH_CONFLICT_FLAG,43595;43596,Drought risk duplicated with conflicting class values; droughtRiskLevel uses conservative maximum and raw values are retained.
NR-MONTHLY-2020-09-301507,2020-09,3015,พิมาย,301507,ชีวาน,NR-RESEARCH-AREA-217,217,Phimai,Chiwan,0;1,0,1,1,CONSERVATIVE_MAX_WITH_CONFLICT_FLAG,43828;43829,Drought risk duplicated with conflicting class values; droughtRiskLevel uses conservative maximum and raw values are retained.
NR-MONTHLY-2020-09-301510,2020-09,3015,พิมาย,301510,ดงใหญ่,NR-RESEARCH-AREA-220,220,Phimai,Dong Yai,0;1,0,1,1,CONSERVATIVE_MAX_WITH_CONFLICT_FLAG,44522;44523,Drought risk duplicated with conflicting class values; droughtRiskLevel uses conservative maximum and raw values are retained.
NR-MONTHLY-2020-09-301602,2020-09,3016,ห้วยแถลง,301602,ทับสวาย,NR-RESEARCH-AREA-280,280,Huai Thalaeng,Thap Sawai,0;1,0,1,1,CONSERVATIVE_MAX_WITH_CONFLICT_FLAG,56693;56694,Drought risk duplicated with conflicting class values; droughtRiskLevel uses conservative maximum and raw values are retained.
NR-MONTHLY-2020-09-301604,2020-09,3016,ห้วยแถลง,301604,หลุ่งตะเคียน,NR-RESEARCH-AREA-282,282,Huai Thalaeng,Lung Takhian,0;1,0,1,1,CONSERVATIVE_MAX_WITH_CONFLICT_FLAG,57075;57076,Drought risk duplicated with conflicting class values; droughtRiskLevel uses conservative maximum and raw values are retained.
NR-MONTHLY-2020-09-301607,2020-09,3016,ห้วยแถลง,301607,กงรถ,NR-RESEARCH-AREA-285,285,Huai Thalaeng,Kong Rot,0;1,0,1,1,CONSERVATIVE_MAX_WITH_CONFLICT_FLAG,57648;57649,Drought risk duplicated with conflicting class values; droughtRiskLevel uses conservative maximum and raw values are retained.
NR-MONTHLY-2020-09-301608,2020-09,3016,ห้วยแถลง,301608,หลุ่งประดู่,NR-RESEARCH-AREA-286,286,Huai Thalaeng,Lung Pradu,0;1,0,1,1,CONSERVATIVE_MAX_WITH_CONFLICT_FLAG,57839;57840,Drought risk duplicated with conflicting class values; droughtRiskLevel uses conservative maximum and raw values are retained.
NR-MONTHLY-2020-09-301609,2020-09,3016,ห้วยแถลง,301609,ตะโก,NR-RESEARCH-AREA-287,287,Huai Thalaeng,Tako,0;1,0,1,1,CONSERVATIVE_MAX_WITH_CONFLICT_FLAG,58029;58030,Drought risk duplicated with conflicting class values; droughtRiskLevel uses conservative maximum and raw values are retained.
NR-MONTHLY-2020-09-301702,2020-09,3017,ชุมพวง,301702,ประสุข,NR-RESEARCH-AREA-078,78,Chum Phuang,Prasuk,0;1,0,1,1,CONSERVATIVE_MAX_WITH_CONFLICT_FLAG,15538;15539,Drought risk duplicated with conflicting class values; droughtRiskLevel uses conservative maximum and raw values are retained.
NR-MONTHLY-2020-09-301703,2020-09,3017,ชุมพวง,301703,ท่าลาด,NR-RESEARCH-AREA-079,79,Chum Phuang,Tha Lat,0;1,0,1,1,CONSERVATIVE_MAX_WITH_CONFLICT_FLAG,15769;15770,Drought risk duplicated with conflicting class values; droughtRiskLevel uses conservative maximum and raw values are retained.
NR-MONTHLY-2020-09-301704,2020-09,3017,ชุมพวง,301704,สาหร่าย,NR-RESEARCH-AREA-080,80,Chum Phuang,Sarai,0;1,0,1,1,CONSERVATIVE_MAX_WITH_CONFLICT_FLAG,16000;16001,Drought risk duplicated with conflicting class values; droughtRiskLevel uses conservative maximum and raw values are retained.
NR-MONTHLY-2020-09-301710,2020-09,3017,ชุมพวง,301710,โนนรัง,NR-RESEARCH-AREA-082,82,Chum Phuang,Non Rang,0;1,0,1,1,CONSERVATIVE_MAX_WITH_CONFLICT_FLAG,16454;16455,Drought risk duplicated with conflicting class values; droughtRiskLevel uses conservative maximum and raw values are retained.
NR-MONTHLY-2020-09-301714,2020-09,3017,ชุมพวง,301714,หนองหลัก,NR-RESEARCH-AREA-083,83,Chum Phuang,Nong Lak,0;1,0,1,1,CONSERVATIVE_MAX_WITH_CONFLICT_FLAG,16685;16686,Drought risk duplicated with conflicting class values; droughtRiskLevel uses conservative maximum and raw values are retained.
NR-MONTHLY-2020-09-301716,2020-09,3017,ชุมพวง,301716,โนนตูม,NR-RESEARCH-AREA-084,84,Chum Phuang,Non Tum,0;1,0,1,1,CONSERVATIVE_MAX_WITH_CONFLICT_FLAG,16909;16910,Drought risk duplicated with conflicting class values; droughtRiskLevel uses conservative maximum and raw values are retained.
NR-MONTHLY-2020-09-301717,2020-09,3017,ชุมพวง,301717,โนนยอ,NR-RESEARCH-AREA-085,85,Chum Phuang,Non Yo,0;1,0,1,1,CONSERVATIVE_MAX_WITH_CONFLICT_FLAG,17138;17139,Drought risk duplicated with conflicting class values; droughtRiskLevel uses conservative maximum and raw values are retained.
NR-MONTHLY-2020-09-301803,2020-09,3018,สูงเนิน,301803,โคราช,NR-RESEARCH-AREA-255,255,Sung Noen,Khorat,0;1,0,1,1,CONSERVATIVE_MAX_WITH_CONFLICT_FLAG,51540;51541,Drought risk duplicated with conflicting class values; droughtRiskLevel uses conservative maximum and raw values are retained.
NR-MONTHLY-2020-09-301805,2020-09,3018,สูงเนิน,301805,โนนค่า,NR-RESEARCH-AREA-257,257,Sung Noen,Non Kha,0;1,0,1,1,CONSERVATIVE_MAX_WITH_CONFLICT_FLAG,51950;51951,Drought risk duplicated with conflicting class values; droughtRiskLevel uses conservative maximum and raw values are retained.
NR-MONTHLY-2020-09-301810,2020-09,3018,สูงเนิน,301810,หนองตะไก้,NR-RESEARCH-AREA-262,262,Sung Noen,Nong Takai,0;1,0,1,1,CONSERVATIVE_MAX_WITH_CONFLICT_FLAG,52974;52975,Drought risk duplicated with conflicting class values; droughtRiskLevel uses conservative maximum and raw values are retained.
NR-MONTHLY-2020-09-301903,2020-09,3019,ขามทะเลสอ,301903,พันดุง,NR-RESEARCH-AREA-032,32,Kham Thale So,Phan Dung,0;1,0,1,1,CONSERVATIVE_MAX_WITH_CONFLICT_FLAG,6126;6127,Drought risk duplicated with conflicting class values; droughtRiskLevel uses conservative maximum and raw values are retained.
NR-MONTHLY-2020-09-302001,2020-09,3020,สีคิ้ว,302001,สีคิ้ว,NR-RESEARCH-AREA-236,236,Si Khio,Sikhio,0;1,0,1,1,CONSERVATIVE_MAX_WITH_CONFLICT_FLAG,47782;47783,Drought risk duplicated with conflicting class values; droughtRiskLevel uses conservative maximum and raw values are retained.
NR-MONTHLY-2020-09-302006,2020-09,3020,สีคิ้ว,302006,กุดน้อย,NR-RESEARCH-AREA-241,241,Si Khio,Kut Noi,0;1,0,1,1,CONSERVATIVE_MAX_WITH_CONFLICT_FLAG,48756;48757,Drought risk duplicated with conflicting class values; droughtRiskLevel uses conservative maximum and raw values are retained.
NR-MONTHLY-2020-09-302007,2020-09,3020,สีคิ้ว,302007,หนองน้ำใส,NR-RESEARCH-AREA-242,242,Si Khio,Nong Nam Sai,0;1,0,1,1,CONSERVATIVE_MAX_WITH_CONFLICT_FLAG,48951;48952,Drought risk duplicated with conflicting class values; droughtRiskLevel uses conservative maximum and raw values are retained.
NR-MONTHLY-2020-09-302105,2020-09,3021,ปากช่อง,302105,หมูสี,NR-RESEARCH-AREA-198,198,Pak Chong,Mu Si,0;1,0,1,1,CONSERVATIVE_MAX_WITH_CONFLICT_FLAG,40048;40049,Drought risk duplicated with conflicting class values; droughtRiskLevel uses conservative maximum and raw values are retained.
NR-MONTHLY-2020-09-302111,2020-09,3021,ปากช่อง,302111,วังไทร,NR-RESEARCH-AREA-204,204,Pak Chong,Wang Sai,0;1,0,1,1,CONSERVATIVE_MAX_WITH_CONFLICT_FLAG,41124;41125,Drought risk duplicated with conflicting class values; droughtRiskLevel uses conservative maximum and raw values are retained.
NR-MONTHLY-2020-09-302202,2020-09,3022,หนองบุญมาก,302202,สารภี,NR-RESEARCH-AREA-271,271,Nong Bunmak,Saraphi,0;1,0,1,1,CONSERVATIVE_MAX_WITH_CONFLICT_FLAG,54759;54760,Drought risk duplicated with conflicting class values; droughtRiskLevel uses conservative maximum and raw values are retained.
NR-MONTHLY-2020-09-302203,2020-09,3022,หนองบุญมาก,302203,ไทยเจริญ,NR-RESEARCH-AREA-272,272,Nong Bunmak,Thai Charoen,0;1,0,1,1,CONSERVATIVE_MAX_WITH_CONFLICT_FLAG,54977;54978,Drought risk duplicated with conflicting class values; droughtRiskLevel uses conservative maximum and raw values are retained.
NR-MONTHLY-2020-09-302205,2020-09,3022,หนองบุญมาก,302205,แหลมทอง,NR-RESEARCH-AREA-274,274,Nong Bunmak,Laem Thong,0;1,0,1,1,CONSERVATIVE_MAX_WITH_CONFLICT_FLAG,55416;55417,Drought risk duplicated with conflicting class values; droughtRiskLevel uses conservative maximum and raw values are retained.
NR-MONTHLY-2020-09-302206,2020-09,3022,หนองบุญมาก,302206,หนองตะไก้,NR-RESEARCH-AREA-275,275,Nong Bunmak,Nong Takai,0;1,0,1,1,CONSERVATIVE_MAX_WITH_CONFLICT_FLAG,55634;55635,Drought risk duplicated with conflicting class values; droughtRiskLevel uses conservative maximum and raw values are retained.
NR-MONTHLY-2020-09-302209,2020-09,3022,หนองบุญมาก,302209,บ้านใหม่,NR-RESEARCH-AREA-278,278,Nong Bunmak,Ban Mai,0;1,0,1,1,CONSERVATIVE_MAX_WITH_CONFLICT_FLAG,56281;56282,Drought risk duplicated with conflicting class values; droughtRiskLevel uses conservative maximum and raw values are retained.
NR-MONTHLY-2020-09-302304,2020-09,3023,แก้งสนามนาง,302304,สีสุก,NR-RESEARCH-AREA-028,28,Kaeng Sanam Nang,Si Suk,0;1,0,1,1,CONSERVATIVE_MAX_WITH_CONFLICT_FLAG,5333;5334,Drought risk duplicated with conflicting class values; droughtRiskLevel uses conservative maximum and raw values are retained.
NR-MONTHLY-2020-09-302401,2020-09,3024,โนนแดง,302401,โนนแดง,NR-RESEARCH-AREA-116,116,Non Daeng,Non Daeng,0;1,0,1,1,CONSERVATIVE_MAX_WITH_CONFLICT_FLAG,23457;23458,Drought risk duplicated with conflicting class values; droughtRiskLevel uses conservative maximum and raw values are retained.
NR-MONTHLY-2020-09-302403,2020-09,3024,โนนแดง,302403,สำพะเนียง,NR-RESEARCH-AREA-118,118,Non Daeng,Sam Phaniang,0;1,0,1,1,CONSERVATIVE_MAX_WITH_CONFLICT_FLAG,23919;23920,Drought risk duplicated with conflicting class values; droughtRiskLevel uses conservative maximum and raw values are retained.
NR-MONTHLY-2020-09-302405,2020-09,3024,โนนแดง,302405,ดอนยาวใหญ่,NR-RESEARCH-AREA-120,120,Non Daeng,Don Yao Yai,0;1,0,1,1,CONSERVATIVE_MAX_WITH_CONFLICT_FLAG,24378;24379,Drought risk duplicated with conflicting class values; droughtRiskLevel uses conservative maximum and raw values are retained.
NR-MONTHLY-2020-09-302504,2020-09,3025,วังน้ำเขียว,302504,อุดมทรัพย์,NR-RESEARCH-AREA-234,234,Wang Nam Khiao,Udom Sap,0;1,0,1,1,CONSERVATIVE_MAX_WITH_CONFLICT_FLAG,47408;47409,Drought risk duplicated with conflicting class values; droughtRiskLevel uses conservative maximum and raw values are retained.
NR-MONTHLY-2020-09-302703,2020-09,3027,เมืองยาง,302703,ละหานปลาค้าว,NR-RESEARCH-AREA-225,225,Mueang Yang,Lahan Pla Khao,0;1,0,1,1,CONSERVATIVE_MAX_WITH_CONFLICT_FLAG,45617;45618,Drought risk duplicated with conflicting class values; droughtRiskLevel uses conservative maximum and raw values are retained.
NR-MONTHLY-2020-09-302704,2020-09,3027,เมืองยาง,302704,โนนอุดม,NR-RESEARCH-AREA-226,226,Mueang Yang,Non Udom,0;1,0,1,1,CONSERVATIVE_MAX_WITH_CONFLICT_FLAG,45817;45818,Drought risk duplicated with conflicting class values; droughtRiskLevel uses conservative maximum and raw values are retained.
NR-MONTHLY-2020-09-302802,2020-09,3028,พระทองคำ,302802,มาบกราด,NR-RESEARCH-AREA-207,207,Phra Thong Kham,Map Krat,0;1,0,1,1,CONSERVATIVE_MAX_WITH_CONFLICT_FLAG,41643;41644,Drought risk duplicated with conflicting class values; droughtRiskLevel uses conservative maximum and raw values are retained.
NR-MONTHLY-2020-09-302804,2020-09,3028,พระทองคำ,302804,ทัพรั้ง,NR-RESEARCH-AREA-209,209,Phra Thong Kham,Thap Rang,0;1,0,1,1,CONSERVATIVE_MAX_WITH_CONFLICT_FLAG,42037;42038,Drought risk duplicated with conflicting class values; droughtRiskLevel uses conservative maximum and raw values are retained.
NR-MONTHLY-2020-09-302805,2020-09,3028,พระทองคำ,302805,หนองหอย,NR-RESEARCH-AREA-210,210,Phra Thong Kham,Nong Hoi,0;1,0,1,1,CONSERVATIVE_MAX_WITH_CONFLICT_FLAG,42234;42235,Drought risk duplicated with conflicting class values; droughtRiskLevel uses conservative maximum and raw values are retained.
NR-MONTHLY-2020-09-302901,2020-09,3029,ลำทะเมนชัย,302901,ขุย,NR-RESEARCH-AREA-227,227,Lamtaman Chai,Khui,0;1,0,1,1,CONSERVATIVE_MAX_WITH_CONFLICT_FLAG,46021;46022,Drought risk duplicated with conflicting class values; droughtRiskLevel uses conservative maximum and raw values are retained.
NR-MONTHLY-2020-09-302903,2020-09,3029,ลำทะเมนชัย,302903,ช่องแมว,NR-RESEARCH-AREA-229,229,Lamtaman Chai,Chong Maeo,0;1,0,1,1,CONSERVATIVE_MAX_WITH_CONFLICT_FLAG,46448;46449,Drought risk duplicated with conflicting class values; droughtRiskLevel uses conservative maximum and raw values are retained.
NR-MONTHLY-2020-09-302904,2020-09,3029,ลำทะเมนชัย,302904,ไพล,NR-RESEARCH-AREA-230,230,Lamtaman Chai,Phrai,0;1,0,1,1,CONSERVATIVE_MAX_WITH_CONFLICT_FLAG,46661;46662,Drought risk duplicated with conflicting class values; droughtRiskLevel uses conservative maximum and raw values are retained.
NR-MONTHLY-2020-09-303004,2020-09,3030,บัวลาย,303004,หนองหว้า,NR-RESEARCH-AREA-150,150,Bua Lai,Nong Wa,0;1,0,1,1,CONSERVATIVE_MAX_WITH_CONFLICT_FLAG,30625;30626,Drought risk duplicated with conflicting class values; droughtRiskLevel uses conservative maximum and raw values are retained.
NR-MONTHLY-2020-09-303201,2020-09,3032,เฉลิมพระเกียรติ,303201,ช้างทอง,NR-RESEARCH-AREA-072,72,Chaloem Phra Kiet,Chang Thong,0;1,0,1,1,CONSERVATIVE_MAX_WITH_CONFLICT_FLAG,14275;14276,Drought risk duplicated with conflicting class values; droughtRiskLevel uses conservative maximum and raw values are retained.
NR-MONTHLY-2020-09-303202,2020-09,3032,เฉลิมพระเกียรติ,303202,ท่าช้าง,NR-RESEARCH-AREA-073,73,Chaloem Phra Kiet,Tha Chang,0;1,0,1,1,CONSERVATIVE_MAX_WITH_CONFLICT_FLAG,14481;14482,Drought risk duplicated with conflicting class values; droughtRiskLevel uses conservative maximum and raw values are retained.
NR-MONTHLY-2020-09-303204,2020-09,3032,เฉลิมพระเกียรติ,303204,หนองงูเหลือม,NR-RESEARCH-AREA-075,75,Chaloem Phra Kiet,Nong Ngu Lueam,0;1,0,1,1,CONSERVATIVE_MAX_WITH_CONFLICT_FLAG,14888;14889,Drought risk duplicated with conflicting class values; droughtRiskLevel uses conservative maximum and raw values are retained.
NR-MONTHLY-2020-09-303205,2020-09,3032,เฉลิมพระเกียรติ,303205,หนองยาง,NR-RESEARCH-AREA-076,76,Chaloem Phra Kiet,Nong Yang,0;1,0,1,1,CONSERVATIVE_MAX_WITH_CONFLICT_FLAG,15094;15095,Drought risk duplicated with conflicting class values; droughtRiskLevel uses conservative maximum and raw values are retained.
NR-MONTHLY-2020-10-301407,2020-10,3014,ปักธงชัย,301407,ดอน,NR-RESEARCH-AREA-184,184,Pak Thong Chai,Don,0;1,0,1,1,CONSERVATIVE_MAX_WITH_CONFLICT_FLAG,37434;37435,Drought risk duplicated with conflicting class values; droughtRiskLevel uses conservative maximum and raw values are retained.
NR-MONTHLY-2020-10-301409,2020-10,3014,ปักธงชัย,301409,ตูม,NR-RESEARCH-AREA-185,185,Pak Thong Chai,Tum,0;1,0,1,1,CONSERVATIVE_MAX_WITH_CONFLICT_FLAG,37645;37646,Drought risk duplicated with conflicting class values; droughtRiskLevel uses conservative maximum and raw values are retained.
NR-MONTHLY-2020-10-302502,2020-10,3025,วังน้ำเขียว,302502,วังหมี,NR-RESEARCH-AREA-232,232,Wang Nam Khiao,Wang Mi,0;1,0,1,1,CONSERVATIVE_MAX_WITH_CONFLICT_FLAG,47045;47046,Drought risk duplicated with conflicting class values; droughtRiskLevel uses conservative maximum and raw values are retained.
NR-MONTHLY-2020-11-300102,2020-11,3001,เมืองนครราชสีมา,300102,โพธิ์กลาง,NR-RESEARCH-AREA-001,1,Mueang Nakhon Ratchasima,Pho Klang,0;1,0,1,1,CONSERVATIVE_MAX_WITH_CONFLICT_FLAG,233;234,Drought risk duplicated with conflicting class values; droughtRiskLevel uses conservative maximum and raw values are retained.
NR-MONTHLY-2020-11-300103,2020-11,3001,เมืองนครราชสีมา,300103,หนองจะบก,NR-RESEARCH-AREA-002,2,Mueang Nakhon Ratchasima,Nong Chabok,0;1,0,1,1,CONSERVATIVE_MAX_WITH_CONFLICT_FLAG,418;419,Drought risk duplicated with conflicting class values; droughtRiskLevel uses conservative maximum and raw values are retained.
NR-MONTHLY-2020-11-300104,2020-11,3001,เมืองนครราชสีมา,300104,โคกสูง,NR-RESEARCH-AREA-003,3,Mueang Nakhon Ratchasima,Khok Sung,0;1,0,1,1,CONSERVATIVE_MAX_WITH_CONFLICT_FLAG,604;605,Drought risk duplicated with conflicting class values; droughtRiskLevel uses conservative maximum and raw values are retained.
NR-MONTHLY-2020-11-300105,2020-11,3001,เมืองนครราชสีมา,300105,มะเริง,NR-RESEARCH-AREA-004,4,Mueang Nakhon Ratchasima,Maroeng,0;1,0,1,1,CONSERVATIVE_MAX_WITH_CONFLICT_FLAG,794;795,Drought risk duplicated with conflicting class values; droughtRiskLevel uses conservative maximum and raw values are retained.
NR-MONTHLY-2020-11-300106,2020-11,3001,เมืองนครราชสีมา,300106,หนองระเวียง,NR-RESEARCH-AREA-005,5,Mueang Nakhon Ratchasima,Nong Rawiang,0;1,0,1,1,CONSERVATIVE_MAX_WITH_CONFLICT_FLAG,984;985,Drought risk duplicated with conflicting class values; droughtRiskLevel uses conservative maximum and raw values are retained.
NR-MONTHLY-2020-11-300107,2020-11,3001,เมืองนครราชสีมา,300107,ปรุใหญ่,NR-RESEARCH-AREA-006,6,Mueang Nakhon Ratchasima,Pru Yai,0;1,0,1,1,CONSERVATIVE_MAX_WITH_CONFLICT_FLAG,1176;1177,Drought risk duplicated with conflicting class values; droughtRiskLevel uses conservative maximum and raw values are retained.
NR-MONTHLY-2020-11-300108,2020-11,3001,เมืองนครราชสีมา,300108,หมื่นไวย,NR-RESEARCH-AREA-007,7,Mueang Nakhon Ratchasima,Muen Wai,0;1,0,1,1,CONSERVATIVE_MAX_WITH_CONFLICT_FLAG,1364;1365,Drought risk duplicated with conflicting class values; droughtRiskLevel uses conservative maximum and raw values are retained.
NR-MONTHLY-2020-11-300109,2020-11,3001,เมืองนครราชสีมา,300109,พลกรัง,NR-RESEARCH-AREA-008,8,Mueang Nakhon Ratchasima,Phon Krang,0;1,0,1,1,CONSERVATIVE_MAX_WITH_CONFLICT_FLAG,1552;1553,Drought risk duplicated with conflicting class values; droughtRiskLevel uses conservative maximum and raw values are retained.
NR-MONTHLY-2020-11-300111,2020-11,3001,เมืองนครราชสีมา,300111,หัวทะเล,NR-RESEARCH-AREA-010,10,Mueang Nakhon Ratchasima,Hua Thale,0;1,0,1,1,CONSERVATIVE_MAX_WITH_CONFLICT_FLAG,1882;1883,Drought risk duplicated with conflicting class values; droughtRiskLevel uses conservative maximum and raw values are retained.
NR-MONTHLY-2020-11-300113,2020-11,3001,เมืองนครราชสีมา,300113,บ้านใหม่,NR-RESEARCH-AREA-012,12,Mueang Nakhon Ratchasima,Ban Mai,0;1,0,1,1,CONSERVATIVE_MAX_WITH_CONFLICT_FLAG,2270;2271,Drought risk duplicated with conflicting class values; droughtRiskLevel uses conservative maximum and raw values are retained.
NR-MONTHLY-2020-11-300114,2020-11,3001,เมืองนครราชสีมา,300114,พุดซา,NR-RESEARCH-AREA-013,13,Mueang Nakhon Ratchasima,Phut Sa,0;1,0,1,1,CONSERVATIVE_MAX_WITH_CONFLICT_FLAG,2461;2462,Drought risk duplicated with conflicting class values; droughtRiskLevel uses conservative maximum and raw values are retained.
NR-MONTHLY-2020-11-300115,2020-11,3001,เมืองนครราชสีมา,300115,บ้านโพธิ์,NR-RESEARCH-AREA-014,14,Mueang Nakhon Ratchasima,Ban Pho,0;1,0,1,1,CONSERVATIVE_MAX_WITH_CONFLICT_FLAG,2652;2653,Drought risk duplicated with conflicting class values; droughtRiskLevel uses conservative maximum and raw values are retained.
NR-MONTHLY-2020-11-300116,2020-11,3001,เมืองนครราชสีมา,300116,จอหอ,NR-RESEARCH-AREA-015,15,Mueang Nakhon Ratchasima,Cho Ho,0;1,0,1,1,CONSERVATIVE_MAX_WITH_CONFLICT_FLAG,2842;2843,Drought risk duplicated with conflicting class values; droughtRiskLevel uses conservative maximum and raw values are retained.
NR-MONTHLY-2020-11-300117,2020-11,3001,เมืองนครราชสีมา,300117,โคกกรวด,NR-RESEARCH-AREA-016,16,Mueang Nakhon Ratchasima,Khok Kruat,0;1,0,1,1,CONSERVATIVE_MAX_WITH_CONFLICT_FLAG,3032;3033,Drought risk duplicated with conflicting class values; droughtRiskLevel uses conservative maximum and raw values are retained.
NR-MONTHLY-2020-11-300118,2020-11,3001,เมืองนครราชสีมา,300118,ไชยมงคล,NR-RESEARCH-AREA-017,17,Mueang Nakhon Ratchasima,Chai Mongkhon,0;1,0,1,1,CONSERVATIVE_MAX_WITH_CONFLICT_FLAG,3220;3221,Drought risk duplicated with conflicting class values; droughtRiskLevel uses conservative maximum and raw values are retained.
NR-MONTHLY-2020-11-300119,2020-11,3001,เมืองนครราชสีมา,300119,หนองบัวศาลา,NR-RESEARCH-AREA-018,18,Mueang Nakhon Ratchasima,Nong Bua Sala,0;1,0,1,1,CONSERVATIVE_MAX_WITH_CONFLICT_FLAG,3406;3407,Drought risk duplicated with conflicting class values; droughtRiskLevel uses conservative maximum and raw values are retained.
NR-MONTHLY-2020-11-300121,2020-11,3001,เมืองนครราชสีมา,300121,สีมุม,NR-RESEARCH-AREA-020,20,Mueang Nakhon Ratchasima,Si Mum,0;1,0,1,1,CONSERVATIVE_MAX_WITH_CONFLICT_FLAG,3780;3781,Drought risk duplicated with conflicting class values; droughtRiskLevel uses conservative maximum and raw values are retained.
NR-MONTHLY-2020-11-300123,2020-11,3001,เมืองนครราชสีมา,300123,พะเนา,NR-RESEARCH-AREA-022,22,Mueang Nakhon Ratchasima,Phanao,0;1,0,1,1,CONSERVATIVE_MAX_WITH_CONFLICT_FLAG,4160;4161,Drought risk duplicated with conflicting class values; droughtRiskLevel uses conservative maximum and raw values are retained.
NR-MONTHLY-2020-11-300124,2020-11,3001,เมืองนครราชสีมา,300124,หนองกระทุ่ม,NR-RESEARCH-AREA-023,23,Mueang Nakhon Ratchasima,Nong Krathum,0;1,0,1,1,CONSERVATIVE_MAX_WITH_CONFLICT_FLAG,4351;4352,Drought risk duplicated with conflicting class values; droughtRiskLevel uses conservative maximum and raw values are retained.
NR-MONTHLY-2020-11-300125,2020-11,3001,เมืองนครราชสีมา,300125,หนองไข่น้ำ,NR-RESEARCH-AREA-024,24,Mueang Nakhon Ratchasima,Nong Khai Nam,0;1,0,1,1,CONSERVATIVE_MAX_WITH_CONFLICT_FLAG,4540;4541,Drought risk duplicated with conflicting class values; droughtRiskLevel uses conservative maximum and raw values are retained.
NR-MONTHLY-2020-11-300201,2020-11,3002,ครบุรี,300201,แชะ,NR-RESEARCH-AREA-052,52,Khon Buri,Chae,0;1,0,1,1,CONSERVATIVE_MAX_WITH_CONFLICT_FLAG,10335;10336,Drought risk duplicated with conflicting class values; droughtRiskLevel uses conservative maximum and raw values are retained.
NR-MONTHLY-2020-11-300202,2020-11,3002,ครบุรี,300202,เฉลียง,NR-RESEARCH-AREA-053,53,Khon Buri,Chaliang,0;1,0,1,1,CONSERVATIVE_MAX_WITH_CONFLICT_FLAG,10529;10530,Drought risk duplicated with conflicting class values; droughtRiskLevel uses conservative maximum and raw values are retained.
NR-MONTHLY-2020-11-300203,2020-11,3002,ครบุรี,300203,ครบุรี,NR-RESEARCH-AREA-054,54,Khon Buri,Khon Buri,0;1,0,1,1,CONSERVATIVE_MAX_WITH_CONFLICT_FLAG,10717;10718,Drought risk duplicated with conflicting class values; droughtRiskLevel uses conservative maximum and raw values are retained.
NR-MONTHLY-2020-11-300206,2020-11,3002,ครบุรี,300206,มาบตะโกเอน,NR-RESEARCH-AREA-057,57,Khon Buri,Map Tako En,0;1,0,1,1,CONSERVATIVE_MAX_WITH_CONFLICT_FLAG,11295;11296,Drought risk duplicated with conflicting class values; droughtRiskLevel uses conservative maximum and raw values are retained.
NR-MONTHLY-2020-11-300207,2020-11,3002,ครบุรี,300207,อรพิมพ์,NR-RESEARCH-AREA-058,58,Khon Buri,Oraphim,0;1,0,1,1,CONSERVATIVE_MAX_WITH_CONFLICT_FLAG,11487;11488,Drought risk duplicated with conflicting class values; droughtRiskLevel uses conservative maximum and raw values are retained.
NR-MONTHLY-2020-11-300208,2020-11,3002,ครบุรี,300208,บ้านใหม่,NR-RESEARCH-AREA-059,59,Khon Buri,Ban Mai,0;1,0,1,1,CONSERVATIVE_MAX_WITH_CONFLICT_FLAG,11676;11677,Drought risk duplicated with conflicting class values; droughtRiskLevel uses conservative maximum and raw values are retained.
NR-MONTHLY-2020-11-300210,2020-11,3002,ครบุรี,300210,ครบุรีใต้,NR-RESEARCH-AREA-061,61,Khon Buri,Khon Buri Tai,0;1,0,1,1,CONSERVATIVE_MAX_WITH_CONFLICT_FLAG,12036;12037,Drought risk duplicated with conflicting class values; droughtRiskLevel uses conservative maximum and raw values are retained.
NR-MONTHLY-2020-11-300211,2020-11,3002,ครบุรี,300211,ตะแบกบาน,NR-RESEARCH-AREA-062,62,Khon Buri,Tabaek Ban,0;1,0,1,1,CONSERVATIVE_MAX_WITH_CONFLICT_FLAG,12231;12232,Drought risk duplicated with conflicting class values; droughtRiskLevel uses conservative maximum and raw values are retained.
NR-MONTHLY-2020-11-300212,2020-11,3002,ครบุรี,300212,สระว่านพระยา,NR-RESEARCH-AREA-063,63,Khon Buri,Sa Wan Phraya,0;1,0,1,1,CONSERVATIVE_MAX_WITH_CONFLICT_FLAG,12416;12417,Drought risk duplicated with conflicting class values; droughtRiskLevel uses conservative maximum and raw values are retained.
NR-MONTHLY-2020-11-300301,2020-11,3003,เสิงสาง,300301,เสิงสาง,NR-RESEARCH-AREA-264,264,Soeng Sang,Soeng Sang,0;1,0,1,1,CONSERVATIVE_MAX_WITH_CONFLICT_FLAG,53398;53399,Drought risk duplicated with conflicting class values; droughtRiskLevel uses conservative maximum and raw values are retained.
NR-MONTHLY-2020-11-300305,2020-11,3003,เสิงสาง,300305,สุขไพบูลย์,NR-RESEARCH-AREA-268,268,Soeng Sang,Suk Phaibun,0;1,0,1,1,CONSERVATIVE_MAX_WITH_CONFLICT_FLAG,54161;54162,Drought risk duplicated with conflicting class values; droughtRiskLevel uses conservative maximum and raw values are retained.
NR-MONTHLY-2020-11-300401,2020-11,3004,คง,300401,เมืองคง,NR-RESEARCH-AREA-042,42,Khong,Mueang Khong,0;1,0,1,1,CONSERVATIVE_MAX_WITH_CONFLICT_FLAG,8371;8372,Drought risk duplicated with conflicting class values; droughtRiskLevel uses conservative maximum and raw values are retained.
NR-MONTHLY-2020-11-300402,2020-11,3004,คง,300402,คูขาด,NR-RESEARCH-AREA-043,43,Khong,Khu Khat,0;1,0,1,1,CONSERVATIVE_MAX_WITH_CONFLICT_FLAG,8568;8569,Drought risk duplicated with conflicting class values; droughtRiskLevel uses conservative maximum and raw values are retained.
NR-MONTHLY-2020-11-300403,2020-11,3004,คง,300403,เทพาลัย,NR-RESEARCH-AREA-044,44,Khong,Thephalai,0;1,0,1,1,CONSERVATIVE_MAX_WITH_CONFLICT_FLAG,8764;8765,Drought risk duplicated with conflicting class values; droughtRiskLevel uses conservative maximum and raw values are retained.
NR-MONTHLY-2020-11-300404,2020-11,3004,คง,300404,ตาจั่น,NR-RESEARCH-AREA-045,45,Khong,Ta Chan,0;1,0,1,1,CONSERVATIVE_MAX_WITH_CONFLICT_FLAG,8961;8962,Drought risk duplicated with conflicting class values; droughtRiskLevel uses conservative maximum and raw values are retained.
NR-MONTHLY-2020-11-300405,2020-11,3004,คง,300405,บ้านปรางค์,NR-RESEARCH-AREA-046,46,Khong,Ban Prang,0;1,0,1,1,CONSERVATIVE_MAX_WITH_CONFLICT_FLAG,9158;9159,Drought risk duplicated with conflicting class values; droughtRiskLevel uses conservative maximum and raw values are retained.
NR-MONTHLY-2020-11-300406,2020-11,3004,คง,300406,หนองมะนาว,NR-RESEARCH-AREA-047,47,Khong,Nong Manao,0;1,0,1,1,CONSERVATIVE_MAX_WITH_CONFLICT_FLAG,9356;9357,Drought risk duplicated with conflicting class values; droughtRiskLevel uses conservative maximum and raw values are retained.
NR-MONTHLY-2020-11-300407,2020-11,3004,คง,300407,หนองบัว,NR-RESEARCH-AREA-048,48,Khong,Nong Bua,0;1,0,1,1,CONSERVATIVE_MAX_WITH_CONFLICT_FLAG,9558;9559,Drought risk duplicated with conflicting class values; droughtRiskLevel uses conservative maximum and raw values are retained.
NR-MONTHLY-2020-11-300408,2020-11,3004,คง,300408,โนนเต็ง,NR-RESEARCH-AREA-049,49,Khong,Non Teng,0;1,0,1,1,CONSERVATIVE_MAX_WITH_CONFLICT_FLAG,9756;9757,Drought risk duplicated with conflicting class values; droughtRiskLevel uses conservative maximum and raw values are retained.
NR-MONTHLY-2020-11-300409,2020-11,3004,คง,300409,ดอนใหญ่,NR-RESEARCH-AREA-050,50,Khong,Don Yai,0;1,0,1,1,CONSERVATIVE_MAX_WITH_CONFLICT_FLAG,9953;9954,Drought risk duplicated with conflicting class values; droughtRiskLevel uses conservative maximum and raw values are retained.
NR-MONTHLY-2020-11-300410,2020-11,3004,คง,300410,ขามสมบูรณ์,NR-RESEARCH-AREA-051,51,Khong,Kham Sombun,0;1,0,1,1,CONSERVATIVE_MAX_WITH_CONFLICT_FLAG,10151;10152,Drought risk duplicated with conflicting class values; droughtRiskLevel uses conservative maximum and raw values are retained.
NR-MONTHLY-2020-11-300501,2020-11,3005,บ้านเหลื่อม,300501,บ้านเหลื่อม,NR-RESEARCH-AREA-161,161,Ban Lueam,Ban Lueam,0;1,0,1,1,CONSERVATIVE_MAX_WITH_CONFLICT_FLAG,32765;32766,Drought risk duplicated with conflicting class values; droughtRiskLevel uses conservative maximum and raw values are retained.
NR-MONTHLY-2020-11-300502,2020-11,3005,บ้านเหลื่อม,300502,วังโพธิ์,NR-RESEARCH-AREA-162,162,Ban Lueam,Wang Pho,0;1,0,1,1,CONSERVATIVE_MAX_WITH_CONFLICT_FLAG,32962;32963,Drought risk duplicated with conflicting class values; droughtRiskLevel uses conservative maximum and raw values are retained.
NR-MONTHLY-2020-11-300503,2020-11,3005,บ้านเหลื่อม,300503,โคกกระเบื้อง,NR-RESEARCH-AREA-163,163,Ban Lueam,Khok Krabueang,0;1,0,1,1,CONSERVATIVE_MAX_WITH_CONFLICT_FLAG,33157;33158,Drought risk duplicated with conflicting class values; droughtRiskLevel uses conservative maximum and raw values are retained.
NR-MONTHLY-2020-11-300504,2020-11,3005,บ้านเหลื่อม,300504,ช่อระกา,NR-RESEARCH-AREA-164,164,Ban Lueam,Cho Raka,0;1,0,1,1,CONSERVATIVE_MAX_WITH_CONFLICT_FLAG,33353;33354,Drought risk duplicated with conflicting class values; droughtRiskLevel uses conservative maximum and raw values are retained.
NR-MONTHLY-2020-11-300601,2020-11,3006,จักราช,300601,จักราช,NR-RESEARCH-AREA-064,64,Chakkarat,Chakkarat,0;1,0,1,1,CONSERVATIVE_MAX_WITH_CONFLICT_FLAG,12620;12621,Drought risk duplicated with conflicting class values; droughtRiskLevel uses conservative maximum and raw values are retained.
NR-MONTHLY-2020-11-300603,2020-11,3006,จักราช,300603,ทองหลาง,NR-RESEARCH-AREA-065,65,Chakkarat,Thong Lang,0;1,0,1,1,CONSERVATIVE_MAX_WITH_CONFLICT_FLAG,12830;12831,Drought risk duplicated with conflicting class values; droughtRiskLevel uses conservative maximum and raw values are retained.
NR-MONTHLY-2020-11-300604,2020-11,3006,จักราช,300604,สีสุก,NR-RESEARCH-AREA-066,66,Chakkarat,Si Suk,0;1,0,1,1,CONSERVATIVE_MAX_WITH_CONFLICT_FLAG,13038;13039,Drought risk duplicated with conflicting class values; droughtRiskLevel uses conservative maximum and raw values are retained.
NR-MONTHLY-2020-11-300607,2020-11,3006,จักราช,300607,หนองพลวง,NR-RESEARCH-AREA-068,68,Chakkarat,Nong Phluang,0;1,0,1,1,CONSERVATIVE_MAX_WITH_CONFLICT_FLAG,13459;13460,Drought risk duplicated with conflicting class values; droughtRiskLevel uses conservative maximum and raw values are retained.
NR-MONTHLY-2020-11-300611,2020-11,3006,จักราช,300611,คลองเมือง,NR-RESEARCH-AREA-070,70,Chakkarat,Khlong Mueang,0;1,0,1,1,CONSERVATIVE_MAX_WITH_CONFLICT_FLAG,13875;13876,Drought risk duplicated with conflicting class values; droughtRiskLevel uses conservative maximum and raw values are retained.
NR-MONTHLY-2020-11-300613,2020-11,3006,จักราช,300613,หินโคน,NR-RESEARCH-AREA-071,71,Chakkarat,Hin Khon,0;1,0,1,1,CONSERVATIVE_MAX_WITH_CONFLICT_FLAG,14082;14083,Drought risk duplicated with conflicting class values; droughtRiskLevel uses conservative maximum and raw values are retained.
NR-MONTHLY-2020-11-300701,2020-11,3007,โชคชัย,300701,กระโทก,NR-RESEARCH-AREA-086,86,Chok Chai,Krathok,0;1,0,1,1,CONSERVATIVE_MAX_WITH_CONFLICT_FLAG,17365;17366,Drought risk duplicated with conflicting class values; droughtRiskLevel uses conservative maximum and raw values are retained.
NR-MONTHLY-2020-11-300702,2020-11,3007,โชคชัย,300702,พลับพลา,NR-RESEARCH-AREA-087,87,Chok Chai,Phlapphla,0;1,0,1,1,CONSERVATIVE_MAX_WITH_CONFLICT_FLAG,17564;17565,Drought risk duplicated with conflicting class values; droughtRiskLevel uses conservative maximum and raw values are retained.
NR-MONTHLY-2020-11-300703,2020-11,3007,โชคชัย,300703,ท่าอ่าง,NR-RESEARCH-AREA-088,88,Chok Chai,Tha Ang,0;1,0,1,1,CONSERVATIVE_MAX_WITH_CONFLICT_FLAG,17763;17764,Drought risk duplicated with conflicting class values; droughtRiskLevel uses conservative maximum and raw values are retained.
NR-MONTHLY-2020-11-300704,2020-11,3007,โชคชัย,300704,ทุ่งอรุณ,NR-RESEARCH-AREA-089,89,Chok Chai,Thung Arun,0;1,0,1,1,CONSERVATIVE_MAX_WITH_CONFLICT_FLAG,17962;17963,Drought risk duplicated with conflicting class values; droughtRiskLevel uses conservative maximum and raw values are retained.
NR-MONTHLY-2020-11-300705,2020-11,3007,โชคชัย,300705,ท่าลาดขาว,NR-RESEARCH-AREA-090,90,Chok Chai,Tha Lat Khao,0;1,0,1,1,CONSERVATIVE_MAX_WITH_CONFLICT_FLAG,18156;18157,Drought risk duplicated with conflicting class values; droughtRiskLevel uses conservative maximum and raw values are retained.
NR-MONTHLY-2020-11-300706,2020-11,3007,โชคชัย,300706,ท่าจะหลุง,NR-RESEARCH-AREA-091,91,Chok Chai,Tha Chalung,0;1,0,1,1,CONSERVATIVE_MAX_WITH_CONFLICT_FLAG,18355;18356,Drought risk duplicated with conflicting class values; droughtRiskLevel uses conservative maximum and raw values are retained.
NR-MONTHLY-2020-11-300707,2020-11,3007,โชคชัย,300707,ท่าเยี่ยม,NR-RESEARCH-AREA-092,92,Chok Chai,Tha Yiam,0;1,0,1,1,CONSERVATIVE_MAX_WITH_CONFLICT_FLAG,18556;18557,Drought risk duplicated with conflicting class values; droughtRiskLevel uses conservative maximum and raw values are retained.
NR-MONTHLY-2020-11-300708,2020-11,3007,โชคชัย,300708,โชคชัย,NR-RESEARCH-AREA-093,93,Chok Chai,Chok Chai,0;1,0,1,1,CONSERVATIVE_MAX_WITH_CONFLICT_FLAG,18753;18754,Drought risk duplicated with conflicting class values; droughtRiskLevel uses conservative maximum and raw values are retained.
NR-MONTHLY-2020-11-300709,2020-11,3007,โชคชัย,300709,ละลมใหม่พัฒนา,NR-RESEARCH-AREA-094,94,Chok Chai,Lalom Mai Phatthana,0;1,0,1,1,CONSERVATIVE_MAX_WITH_CONFLICT_FLAG,18951;18952,Drought risk duplicated with conflicting class values; droughtRiskLevel uses conservative maximum and raw values are retained.
NR-MONTHLY-2020-11-300710,2020-11,3007,โชคชัย,300710,ด่านเกวียน,NR-RESEARCH-AREA-095,95,Chok Chai,Dan Kwian,0;1,0,1,1,CONSERVATIVE_MAX_WITH_CONFLICT_FLAG,19149;19150,Drought risk duplicated with conflicting class values; droughtRiskLevel uses conservative maximum and raw values are retained.
NR-MONTHLY-2020-11-300801,2020-11,3008,ด่านขุนทด,300801,กุดพิมาน,NR-RESEARCH-AREA-096,96,Dan Khun Thot,Kut Phiman,0;1,0,1,1,CONSERVATIVE_MAX_WITH_CONFLICT_FLAG,19350;19351,Drought risk duplicated with conflicting class values; droughtRiskLevel uses conservative maximum and raw values are retained.
NR-MONTHLY-2020-11-300802,2020-11,3008,ด่านขุนทด,300802,ด่านขุนทด,NR-RESEARCH-AREA-097,97,Dan Khun Thot,Dan Khun Thot,0;1,0,1,1,CONSERVATIVE_MAX_WITH_CONFLICT_FLAG,19563;19564,Drought risk duplicated with conflicting class values; droughtRiskLevel uses conservative maximum and raw values are retained.
NR-MONTHLY-2020-11-300803,2020-11,3008,ด่านขุนทด,300803,ด่านนอก,NR-RESEARCH-AREA-098,98,Dan Khun Thot,Dan Nok,0;1,0,1,1,CONSERVATIVE_MAX_WITH_CONFLICT_FLAG,19773;19774,Drought risk duplicated with conflicting class values; droughtRiskLevel uses conservative maximum and raw values are retained.
NR-MONTHLY-2020-11-300804,2020-11,3008,ด่านขุนทด,300804,ด่านใน,NR-RESEARCH-AREA-099,99,Dan Khun Thot,Dan Nai,0;1,0,1,1,CONSERVATIVE_MAX_WITH_CONFLICT_FLAG,19983;19984,Drought risk duplicated with conflicting class values; droughtRiskLevel uses conservative maximum and raw values are retained.
NR-MONTHLY-2020-11-300805,2020-11,3008,ด่านขุนทด,300805,ตะเคียน,NR-RESEARCH-AREA-100,100,Dan Khun Thot,Takhian,0;1,0,1,1,CONSERVATIVE_MAX_WITH_CONFLICT_FLAG,20196;20197,Drought risk duplicated with conflicting class values; droughtRiskLevel uses conservative maximum and raw values are retained.
NR-MONTHLY-2020-11-300806,2020-11,3008,ด่านขุนทด,300806,บ้านเก่า,NR-RESEARCH-AREA-101,101,Dan Khun Thot,Ban Kao,0;1,0,1,1,CONSERVATIVE_MAX_WITH_CONFLICT_FLAG,20407;20408,Drought risk duplicated with conflicting class values; droughtRiskLevel uses conservative maximum and raw values are retained.
NR-MONTHLY-2020-11-300807,2020-11,3008,ด่านขุนทด,300807,บ้านแปรง,NR-RESEARCH-AREA-102,102,Dan Khun Thot,Ban Praeng,0;1,0,1,1,CONSERVATIVE_MAX_WITH_CONFLICT_FLAG,20619;20620,Drought risk duplicated with conflicting class values; droughtRiskLevel uses conservative maximum and raw values are retained.
NR-MONTHLY-2020-11-300808,2020-11,3008,ด่านขุนทด,300808,พันชนะ,NR-RESEARCH-AREA-103,103,Dan Khun Thot,Phan Chana,0;1,0,1,1,CONSERVATIVE_MAX_WITH_CONFLICT_FLAG,20830;20831,Drought risk duplicated with conflicting class values; droughtRiskLevel uses conservative maximum and raw values are retained.
NR-MONTHLY-2020-11-300809,2020-11,3008,ด่านขุนทด,300809,สระจรเข้,NR-RESEARCH-AREA-104,104,Dan Khun Thot,Sa Chorakhe,0;1,0,1,1,CONSERVATIVE_MAX_WITH_CONFLICT_FLAG,21040;21041,Drought risk duplicated with conflicting class values; droughtRiskLevel uses conservative maximum and raw values are retained.
NR-MONTHLY-2020-11-300810,2020-11,3008,ด่านขุนทด,300810,หนองกราด,NR-RESEARCH-AREA-105,105,Dan Khun Thot,Nong Krat,0;1,0,1,1,CONSERVATIVE_MAX_WITH_CONFLICT_FLAG,21247;21248,Drought risk duplicated with conflicting class values; droughtRiskLevel uses conservative maximum and raw values are retained.
NR-MONTHLY-2020-11-300811,2020-11,3008,ด่านขุนทด,300811,หนองบัวตะเกียด,NR-RESEARCH-AREA-106,106,Dan Khun Thot,Nong Bua Takiat,0;1,0,1,1,CONSERVATIVE_MAX_WITH_CONFLICT_FLAG,21456;21457,Drought risk duplicated with conflicting class values; droughtRiskLevel uses conservative maximum and raw values are retained.
NR-MONTHLY-2020-11-300812,2020-11,3008,ด่านขุนทด,300812,หนองบัวละคร,NR-RESEARCH-AREA-107,107,Dan Khun Thot,Nong Bua Lakhon,0;1,0,1,1,CONSERVATIVE_MAX_WITH_CONFLICT_FLAG,21666;21667,Drought risk duplicated with conflicting class values; droughtRiskLevel uses conservative maximum and raw values are retained.
NR-MONTHLY-2020-11-300813,2020-11,3008,ด่านขุนทด,300813,หินดาด,NR-RESEARCH-AREA-108,108,Dan Khun Thot,Hin Dat,0;1,0,1,1,CONSERVATIVE_MAX_WITH_CONFLICT_FLAG,21878;21879,Drought risk duplicated with conflicting class values; droughtRiskLevel uses conservative maximum and raw values are retained.
NR-MONTHLY-2020-11-300815,2020-11,3008,ด่านขุนทด,300815,ห้วยบง,NR-RESEARCH-AREA-109,109,Dan Khun Thot,Huai Bong,0;1,0,1,1,CONSERVATIVE_MAX_WITH_CONFLICT_FLAG,22088;22089,Drought risk duplicated with conflicting class values; droughtRiskLevel uses conservative maximum and raw values are retained.
NR-MONTHLY-2020-11-300817,2020-11,3008,ด่านขุนทด,300817,โนนเมืองพัฒนา,NR-RESEARCH-AREA-110,110,Dan Khun Thot,Non Mueang Phatthana,0;1,0,1,1,CONSERVATIVE_MAX_WITH_CONFLICT_FLAG,22296;22297,Drought risk duplicated with conflicting class values; droughtRiskLevel uses conservative maximum and raw values are retained.
NR-MONTHLY-2020-11-300818,2020-11,3008,ด่านขุนทด,300818,หนองไทร,NR-RESEARCH-AREA-111,111,Dan Khun Thot,Nong Sai,0;1,0,1,1,CONSERVATIVE_MAX_WITH_CONFLICT_FLAG,22505;22506,Drought risk duplicated with conflicting class values; droughtRiskLevel uses conservative maximum and raw values are retained.
NR-MONTHLY-2020-11-300901,2020-11,3009,โนนไทย,300901,โนนไทย,NR-RESEARCH-AREA-121,121,Non Thai,Non Thai,0;1,0,1,1,CONSERVATIVE_MAX_WITH_CONFLICT_FLAG,24622;24623,Drought risk duplicated with conflicting class values; droughtRiskLevel uses conservative maximum and raw values are retained.
NR-MONTHLY-2020-11-300902,2020-11,3009,โนนไทย,300902,ด่านจาก,NR-RESEARCH-AREA-122,122,Non Thai,Dan Chak,0;1,0,1,1,CONSERVATIVE_MAX_WITH_CONFLICT_FLAG,24833;24834,Drought risk duplicated with conflicting class values; droughtRiskLevel uses conservative maximum and raw values are retained.
NR-MONTHLY-2020-11-300903,2020-11,3009,โนนไทย,300903,กำปัง,NR-RESEARCH-AREA-123,123,Non Thai,Kampang,0;1,0,1,1,CONSERVATIVE_MAX_WITH_CONFLICT_FLAG,25048;25049,Drought risk duplicated with conflicting class values; droughtRiskLevel uses conservative maximum and raw values are retained.
NR-MONTHLY-2020-11-300904,2020-11,3009,โนนไทย,300904,สำโรง,NR-RESEARCH-AREA-124,124,Non Thai,Samrong,0;1,0,1,1,CONSERVATIVE_MAX_WITH_CONFLICT_FLAG,25264;25265,Drought risk duplicated with conflicting class values; droughtRiskLevel uses conservative maximum and raw values are retained.
NR-MONTHLY-2020-11-300905,2020-11,3009,โนนไทย,300905,ค้างพลู,NR-RESEARCH-AREA-125,125,Non Thai,Khang Phlu,0;1,0,1,1,CONSERVATIVE_MAX_WITH_CONFLICT_FLAG,25476;25477,Drought risk duplicated with conflicting class values; droughtRiskLevel uses conservative maximum and raw values are retained.
NR-MONTHLY-2020-11-300906,2020-11,3009,โนนไทย,300906,บ้านวัง,NR-RESEARCH-AREA-126,126,Non Thai,Ban Wang,0;1,0,1,1,CONSERVATIVE_MAX_WITH_CONFLICT_FLAG,25687;25688,Drought risk duplicated with conflicting class values; droughtRiskLevel uses conservative maximum and raw values are retained.
NR-MONTHLY-2020-11-300907,2020-11,3009,โนนไทย,300907,บัลลังก์,NR-RESEARCH-AREA-127,127,Non Thai,Banlang,0;1,0,1,1,CONSERVATIVE_MAX_WITH_CONFLICT_FLAG,25899;25900,Drought risk duplicated with conflicting class values; droughtRiskLevel uses conservative maximum and raw values are retained.
NR-MONTHLY-2020-11-300908,2020-11,3009,โนนไทย,300908,สายออ,NR-RESEARCH-AREA-128,128,Non Thai,Sai-O,0;1,0,1,1,CONSERVATIVE_MAX_WITH_CONFLICT_FLAG,26112;26113,Drought risk duplicated with conflicting class values; droughtRiskLevel uses conservative maximum and raw values are retained.
NR-MONTHLY-2020-11-300909,2020-11,3009,โนนไทย,300909,ถนนโพธิ์,NR-RESEARCH-AREA-129,129,Non Thai,Thanon Pho,0;1,0,1,1,CONSERVATIVE_MAX_WITH_CONFLICT_FLAG,26323;26324,Drought risk duplicated with conflicting class values; droughtRiskLevel uses conservative maximum and raw values are retained.
NR-MONTHLY-2020-11-300914,2020-11,3009,โนนไทย,300914,มะค่า,NR-RESEARCH-AREA-130,130,Non Thai,Makha,0;1,0,1,1,CONSERVATIVE_MAX_WITH_CONFLICT_FLAG,26536;26537,Drought risk duplicated with conflicting class values; droughtRiskLevel uses conservative maximum and raw values are retained.
NR-MONTHLY-2020-11-301001,2020-11,3010,โนนสูง,301001,โนนสูง,NR-RESEARCH-AREA-131,131,Non Sung,Non Sung,0;1,0,1,1,CONSERVATIVE_MAX_WITH_CONFLICT_FLAG,26738;26739,Drought risk duplicated with conflicting class values; droughtRiskLevel uses conservative maximum and raw values are retained.
NR-MONTHLY-2020-11-301002,2020-11,3010,โนนสูง,301002,ใหม่,NR-RESEARCH-AREA-132,132,Non Sung,Mai,0;1,0,1,1,CONSERVATIVE_MAX_WITH_CONFLICT_FLAG,26941;26942,Drought risk duplicated with conflicting class values; droughtRiskLevel uses conservative maximum and raw values are retained.
NR-MONTHLY-2020-11-301004,2020-11,3010,โนนสูง,301004,บิง,NR-RESEARCH-AREA-134,134,Non Sung,Bing,0;1,0,1,1,CONSERVATIVE_MAX_WITH_CONFLICT_FLAG,27342;27343,Drought risk duplicated with conflicting class values; droughtRiskLevel uses conservative maximum and raw values are retained.
NR-MONTHLY-2020-11-301005,2020-11,3010,โนนสูง,301005,ดอนชมพู,NR-RESEARCH-AREA-135,135,Non Sung,Don Chomphu,0;1,0,1,1,CONSERVATIVE_MAX_WITH_CONFLICT_FLAG,27545;27546,Drought risk duplicated with conflicting class values; droughtRiskLevel uses conservative maximum and raw values are retained.
NR-MONTHLY-2020-11-301007,2020-11,3010,โนนสูง,301007,หลุมข้าว,NR-RESEARCH-AREA-137,137,Non Sung,Lum Khao,0;1,0,1,1,CONSERVATIVE_MAX_WITH_CONFLICT_FLAG,27955;27956,Drought risk duplicated with conflicting class values; droughtRiskLevel uses conservative maximum and raw values are retained.
NR-MONTHLY-2020-11-301009,2020-11,3010,โนนสูง,301009,พลสงคราม,NR-RESEARCH-AREA-139,139,Non Sung,Phon Songkhram,0;1,0,1,1,CONSERVATIVE_MAX_WITH_CONFLICT_FLAG,28358;28359,Drought risk duplicated with conflicting class values; droughtRiskLevel uses conservative maximum and raw values are retained.
NR-MONTHLY-2020-11-301010,2020-11,3010,โนนสูง,301010,จันอัด,NR-RESEARCH-AREA-140,140,Non Sung,Chan-At,0;1,0,1,1,CONSERVATIVE_MAX_WITH_CONFLICT_FLAG,28557;28558,Drought risk duplicated with conflicting class values; droughtRiskLevel uses conservative maximum and raw values are retained.
NR-MONTHLY-2020-11-301011,2020-11,3010,โนนสูง,301011,ขามเฒ่า,NR-RESEARCH-AREA-141,141,Non Sung,Kham Thao,0;1,0,1,1,CONSERVATIVE_MAX_WITH_CONFLICT_FLAG,28760;28761,Drought risk duplicated with conflicting class values; droughtRiskLevel uses conservative maximum and raw values are retained.
NR-MONTHLY-2020-11-301012,2020-11,3010,โนนสูง,301012,ด่านคล้า,NR-RESEARCH-AREA-142,142,Non Sung,Dan Khla,0;1,0,1,1,CONSERVATIVE_MAX_WITH_CONFLICT_FLAG,28961;28962,Drought risk duplicated with conflicting class values; droughtRiskLevel uses conservative maximum and raw values are retained.
NR-MONTHLY-2020-11-301013,2020-11,3010,โนนสูง,301013,ลำคอหงษ์,NR-RESEARCH-AREA-143,143,Non Sung,Lam Kho Hong,0;1,0,1,1,CONSERVATIVE_MAX_WITH_CONFLICT_FLAG,29162;29163,Drought risk duplicated with conflicting class values; droughtRiskLevel uses conservative maximum and raw values are retained.
NR-MONTHLY-2020-11-301014,2020-11,3010,โนนสูง,301014,เมืองปราสาท,NR-RESEARCH-AREA-144,144,Non Sung,Mueang Prasat,0;1,0,1,1,CONSERVATIVE_MAX_WITH_CONFLICT_FLAG,29362;29363,Drought risk duplicated with conflicting class values; droughtRiskLevel uses conservative maximum and raw values are retained.
NR-MONTHLY-2020-11-301015,2020-11,3010,โนนสูง,301015,ดอนหวาย,NR-RESEARCH-AREA-145,145,Non Sung,Don Wai,0;1,0,1,1,CONSERVATIVE_MAX_WITH_CONFLICT_FLAG,29561;29562,Drought risk duplicated with conflicting class values; droughtRiskLevel uses conservative maximum and raw values are retained.
NR-MONTHLY-2020-11-301016,2020-11,3010,โนนสูง,301016,ลำมูล,NR-RESEARCH-AREA-146,146,Non Sung,Lammun,0;1,0,1,1,CONSERVATIVE_MAX_WITH_CONFLICT_FLAG,29759;29760,Drought risk duplicated with conflicting class values; droughtRiskLevel uses conservative maximum and raw values are retained.
NR-MONTHLY-2020-11-301101,2020-11,3011,ขามสะแกแสง,301101,ขามสะแกแสง,NR-RESEARCH-AREA-035,35,Kham Sakae Saeng,Kham Sakae Saeng,0;1,0,1,1,CONSERVATIVE_MAX_WITH_CONFLICT_FLAG,6732;6733,Drought risk duplicated with conflicting class values; droughtRiskLevel uses conservative maximum and raw values are retained.
NR-MONTHLY-2020-11-301102,2020-11,3011,ขามสะแกแสง,301102,โนนเมือง,NR-RESEARCH-AREA-036,36,Kham Sakae Saeng,Non Mueang,0;1,0,1,1,CONSERVATIVE_MAX_WITH_CONFLICT_FLAG,6968;6969,Drought risk duplicated with conflicting class values; droughtRiskLevel uses conservative maximum and raw values are retained.
NR-MONTHLY-2020-11-301103,2020-11,3011,ขามสะแกแสง,301103,เมืองนาท,NR-RESEARCH-AREA-037,37,Kham Sakae Saeng,Mueang Nat,0;1,0,1,1,CONSERVATIVE_MAX_WITH_CONFLICT_FLAG,7204;7205,Drought risk duplicated with conflicting class values; droughtRiskLevel uses conservative maximum and raw values are retained.
NR-MONTHLY-2020-11-301104,2020-11,3011,ขามสะแกแสง,301104,ชีวึก,NR-RESEARCH-AREA-038,38,Kham Sakae Saeng,Chiwuek,0;1,0,1,1,CONSERVATIVE_MAX_WITH_CONFLICT_FLAG,7440;7441,Drought risk duplicated with conflicting class values; droughtRiskLevel uses conservative maximum and raw values are retained.
NR-MONTHLY-2020-11-301105,2020-11,3011,ขามสะแกแสง,301105,พะงาด,NR-RESEARCH-AREA-039,39,Kham Sakae Saeng,Phangat,0;1,0,1,1,CONSERVATIVE_MAX_WITH_CONFLICT_FLAG,7676;7677,Drought risk duplicated with conflicting class values; droughtRiskLevel uses conservative maximum and raw values are retained.
NR-MONTHLY-2020-11-301106,2020-11,3011,ขามสะแกแสง,301106,หนองหัวฟาน,NR-RESEARCH-AREA-040,40,Kham Sakae Saeng,Nong Hua Fan,0;1,0,1,1,CONSERVATIVE_MAX_WITH_CONFLICT_FLAG,7912;7913,Drought risk duplicated with conflicting class values; droughtRiskLevel uses conservative maximum and raw values are retained.
NR-MONTHLY-2020-11-301107,2020-11,3011,ขามสะแกแสง,301107,เมืองเกษตร,NR-RESEARCH-AREA-041,41,Kham Sakae Saeng,Mueang Kaset,0;1,0,1,1,CONSERVATIVE_MAX_WITH_CONFLICT_FLAG,8148;8149,Drought risk duplicated with conflicting class values; droughtRiskLevel uses conservative maximum and raw values are retained.
NR-MONTHLY-2020-11-301201,2020-11,3012,บัวใหญ่,301201,บัวใหญ่,NR-RESEARCH-AREA-151,151,Bua Yai,Bua Yai,0;1,0,1,1,CONSERVATIVE_MAX_WITH_CONFLICT_FLAG,30844;30845,Drought risk duplicated with conflicting class values; droughtRiskLevel uses conservative maximum and raw values are retained.
NR-MONTHLY-2020-11-301203,2020-11,3012,บัวใหญ่,301203,ห้วยยาง,NR-RESEARCH-AREA-152,152,Bua Yai,Huai Yang,0;1,0,1,1,CONSERVATIVE_MAX_WITH_CONFLICT_FLAG,31035;31036,Drought risk duplicated with conflicting class values; droughtRiskLevel uses conservative maximum and raw values are retained.
NR-MONTHLY-2020-11-301204,2020-11,3012,บัวใหญ่,301204,เสมาใหญ่,NR-RESEARCH-AREA-153,153,Bua Yai,Sema Yai,0;1,0,1,1,CONSERVATIVE_MAX_WITH_CONFLICT_FLAG,31232;31233,Drought risk duplicated with conflicting class values; droughtRiskLevel uses conservative maximum and raw values are retained.
NR-MONTHLY-2020-11-301206,2020-11,3012,บัวใหญ่,301206,ดอนตะหนิน,NR-RESEARCH-AREA-154,154,Bua Yai,Don Tanin,0;1,0,1,1,CONSERVATIVE_MAX_WITH_CONFLICT_FLAG,31422;31423,Drought risk duplicated with conflicting class values; droughtRiskLevel uses conservative maximum and raw values are retained.
NR-MONTHLY-2020-11-301207,2020-11,3012,บัวใหญ่,301207,หนองบัวสะอาด,NR-RESEARCH-AREA-155,155,Bua Yai,Nong Bua Sa-At,0;1,0,1,1,CONSERVATIVE_MAX_WITH_CONFLICT_FLAG,31613;31614,Drought risk duplicated with conflicting class values; droughtRiskLevel uses conservative maximum and raw values are retained.
NR-MONTHLY-2020-11-301208,2020-11,3012,บัวใหญ่,301208,โนนทองหลาง,NR-RESEARCH-AREA-156,156,Bua Yai,Non Thong Lang,0;1,0,1,1,CONSERVATIVE_MAX_WITH_CONFLICT_FLAG,31804;31805,Drought risk duplicated with conflicting class values; droughtRiskLevel uses conservative maximum and raw values are retained.
NR-MONTHLY-2020-11-301214,2020-11,3012,บัวใหญ่,301214,กุดจอก,NR-RESEARCH-AREA-157,157,Bua Yai,Kut Chok,0;1,0,1,1,CONSERVATIVE_MAX_WITH_CONFLICT_FLAG,31994;31995,Drought risk duplicated with conflicting class values; droughtRiskLevel uses conservative maximum and raw values are retained.
NR-MONTHLY-2020-11-301215,2020-11,3012,บัวใหญ่,301215,ด่านช้าง,NR-RESEARCH-AREA-158,158,Bua Yai,Dan Chang,0;1,0,1,1,CONSERVATIVE_MAX_WITH_CONFLICT_FLAG,32186;32187,Drought risk duplicated with conflicting class values; droughtRiskLevel uses conservative maximum and raw values are retained.
NR-MONTHLY-2020-11-301220,2020-11,3012,บัวใหญ่,301220,ขุนทอง,NR-RESEARCH-AREA-159,159,Bua Yai,Khun Thong,0;1,0,1,1,CONSERVATIVE_MAX_WITH_CONFLICT_FLAG,32377;32378,Drought risk duplicated with conflicting class values; droughtRiskLevel uses conservative maximum and raw values are retained.
NR-MONTHLY-2020-11-301224,2020-11,3012,บัวใหญ่,301224,หนองแจ้งใหญ่,NR-RESEARCH-AREA-160,160,Bua Yai,Nong Chaeng Yai,0;1,0,1,1,CONSERVATIVE_MAX_WITH_CONFLICT_FLAG,32567;32568,Drought risk duplicated with conflicting class values; droughtRiskLevel uses conservative maximum and raw values are retained.
NR-MONTHLY-2020-11-301301,2020-11,3013,ประทาย,301301,ประทาย,NR-RESEARCH-AREA-165,165,Prathai,Prathai,0;1,0,1,1,CONSERVATIVE_MAX_WITH_CONFLICT_FLAG,33549;33550,Drought risk duplicated with conflicting class values; droughtRiskLevel uses conservative maximum and raw values are retained.
NR-MONTHLY-2020-11-301303,2020-11,3013,ประทาย,301303,กระทุ่มราย,NR-RESEARCH-AREA-170,170,Prathai,Krathum Rai,0;1,0,1,1,CONSERVATIVE_MAX_WITH_CONFLICT_FLAG,34554;34555,Drought risk duplicated with conflicting class values; droughtRiskLevel uses conservative maximum and raw values are retained.
NR-MONTHLY-2020-11-301304,2020-11,3013,ประทาย,301304,วังไม้แดง,NR-RESEARCH-AREA-168,168,Prathai,Wang Mai Daeng,0;1,0,1,1,CONSERVATIVE_MAX_WITH_CONFLICT_FLAG,34147;34148,Drought risk duplicated with conflicting class values; droughtRiskLevel uses conservative maximum and raw values are retained.
NR-MONTHLY-2020-11-301306,2020-11,3013,ประทาย,301306,ตลาดไทร,NR-RESEARCH-AREA-173,173,Prathai,Talat Sai,0;1,0,1,1,CONSERVATIVE_MAX_WITH_CONFLICT_FLAG,35153;35154,Drought risk duplicated with conflicting class values; droughtRiskLevel uses conservative maximum and raw values are retained.
NR-MONTHLY-2020-11-301307,2020-11,3013,ประทาย,301307,หนองพลวง,NR-RESEARCH-AREA-166,166,Prathai,Nong Phluang,0;1,0,1,1,CONSERVATIVE_MAX_WITH_CONFLICT_FLAG,33749;33750,Drought risk duplicated with conflicting class values; droughtRiskLevel uses conservative maximum and raw values are retained.
NR-MONTHLY-2020-11-301308,2020-11,3013,ประทาย,301308,หนองค่าย,NR-RESEARCH-AREA-172,172,Prathai,Nong Khai,0;1,0,1,1,CONSERVATIVE_MAX_WITH_CONFLICT_FLAG,34955;34956,Drought risk duplicated with conflicting class values; droughtRiskLevel uses conservative maximum and raw values are retained.
NR-MONTHLY-2020-11-301309,2020-11,3013,ประทาย,301309,หันห้วยทราย,NR-RESEARCH-AREA-167,167,Prathai,Han Huai Sai,0;1,0,1,1,CONSERVATIVE_MAX_WITH_CONFLICT_FLAG,33947;33948,Drought risk duplicated with conflicting class values; droughtRiskLevel uses conservative maximum and raw values are retained.
NR-MONTHLY-2020-11-301313,2020-11,3013,ประทาย,301313,นางรำ,NR-RESEARCH-AREA-171,171,Prathai,Nang Ram,0;1,0,1,1,CONSERVATIVE_MAX_WITH_CONFLICT_FLAG,34755;34756,Drought risk duplicated with conflicting class values; droughtRiskLevel uses conservative maximum and raw values are retained.
NR-MONTHLY-2020-11-301314,2020-11,3013,ประทาย,301314,โนนเพ็ด,NR-RESEARCH-AREA-169,169,Prathai,Non Phet,0;1,0,1,1,CONSERVATIVE_MAX_WITH_CONFLICT_FLAG,34348;34349,Drought risk duplicated with conflicting class values; droughtRiskLevel uses conservative maximum and raw values are retained.
NR-MONTHLY-2020-11-301315,2020-11,3013,ประทาย,301315,ทุ่งสว่าง,NR-RESEARCH-AREA-175,175,Prathai,Thung Sawang,0;1,0,1,1,CONSERVATIVE_MAX_WITH_CONFLICT_FLAG,35558;35559,Drought risk duplicated with conflicting class values; droughtRiskLevel uses conservative maximum and raw values are retained.
NR-MONTHLY-2020-11-301317,2020-11,3013,ประทาย,301317,โคกกลาง,NR-RESEARCH-AREA-176,176,Prathai,Khok Klang,0;1,0,1,1,CONSERVATIVE_MAX_WITH_CONFLICT_FLAG,35763;35764,Drought risk duplicated with conflicting class values; droughtRiskLevel uses conservative maximum and raw values are retained.
NR-MONTHLY-2020-11-301318,2020-11,3013,ประทาย,301318,เมืองโดน,NR-RESEARCH-AREA-177,177,Prathai,Mueang Don,0;1,0,1,1,CONSERVATIVE_MAX_WITH_CONFLICT_FLAG,35969;35970,Drought risk duplicated with conflicting class values; droughtRiskLevel uses conservative maximum and raw values are retained.
NR-MONTHLY-2020-11-301401,2020-11,3014,ปักธงชัย,301401,เมืองปัก,NR-RESEARCH-AREA-178,178,Pak Thong Chai,Mueang Pak,0;1,0,1,1,CONSERVATIVE_MAX_WITH_CONFLICT_FLAG,36173;36174,Drought risk duplicated with conflicting class values; droughtRiskLevel uses conservative maximum and raw values are retained.
NR-MONTHLY-2020-11-301402,2020-11,3014,ปักธงชัย,301402,ตะคุ,NR-RESEARCH-AREA-179,179,Pak Thong Chai,Takhu,0;1,0,1,1,CONSERVATIVE_MAX_WITH_CONFLICT_FLAG,36383;36384,Drought risk duplicated with conflicting class values; droughtRiskLevel uses conservative maximum and raw values are retained.
NR-MONTHLY-2020-11-301403,2020-11,3014,ปักธงชัย,301403,โคกไทย,NR-RESEARCH-AREA-180,180,Pak Thong Chai,Khok Thai,0;1,0,1,1,CONSERVATIVE_MAX_WITH_CONFLICT_FLAG,36592;36593,Drought risk duplicated with conflicting class values; droughtRiskLevel uses conservative maximum and raw values are retained.
NR-MONTHLY-2020-11-301404,2020-11,3014,ปักธงชัย,301404,สำโรง,NR-RESEARCH-AREA-181,181,Pak Thong Chai,Samrong,0;1,0,1,1,CONSERVATIVE_MAX_WITH_CONFLICT_FLAG,36805;36806,Drought risk duplicated with conflicting class values; droughtRiskLevel uses conservative maximum and raw values are retained.
NR-MONTHLY-2020-11-301406,2020-11,3014,ปักธงชัย,301406,นกออก,NR-RESEARCH-AREA-183,183,Pak Thong Chai,Nok Ok,0;1,0,1,1,CONSERVATIVE_MAX_WITH_CONFLICT_FLAG,37227;37228,Drought risk duplicated with conflicting class values; droughtRiskLevel uses conservative maximum and raw values are retained.
NR-MONTHLY-2020-11-301409,2020-11,3014,ปักธงชัย,301409,ตูม,NR-RESEARCH-AREA-185,185,Pak Thong Chai,Tum,0;1,0,1,1,CONSERVATIVE_MAX_WITH_CONFLICT_FLAG,37647;37648,Drought risk duplicated with conflicting class values; droughtRiskLevel uses conservative maximum and raw values are retained.
NR-MONTHLY-2020-11-301410,2020-11,3014,ปักธงชัย,301410,งิ้ว,NR-RESEARCH-AREA-186,186,Pak Thong Chai,Ngio,0;1,0,1,1,CONSERVATIVE_MAX_WITH_CONFLICT_FLAG,37857;37858,Drought risk duplicated with conflicting class values; droughtRiskLevel uses conservative maximum and raw values are retained.
NR-MONTHLY-2020-11-301411,2020-11,3014,ปักธงชัย,301411,สะแกราช,NR-RESEARCH-AREA-187,187,Pak Thong Chai,Sakae Rat,0;1,0,1,1,CONSERVATIVE_MAX_WITH_CONFLICT_FLAG,38067;38068,Drought risk duplicated with conflicting class values; droughtRiskLevel uses conservative maximum and raw values are retained.
NR-MONTHLY-2020-11-301412,2020-11,3014,ปักธงชัย,301412,ลำนางแก้ว,NR-RESEARCH-AREA-188,188,Pak Thong Chai,Lam Nang Kaeo,0;1,0,1,1,CONSERVATIVE_MAX_WITH_CONFLICT_FLAG,38276;38277,Drought risk duplicated with conflicting class values; droughtRiskLevel uses conservative maximum and raw values are retained.
NR-MONTHLY-2020-11-301416,2020-11,3014,ปักธงชัย,301416,ภูหลวง,NR-RESEARCH-AREA-189,189,Pak Thong Chai,Phu Luang,0;1,0,1,1,CONSERVATIVE_MAX_WITH_CONFLICT_FLAG,38484;38485,Drought risk duplicated with conflicting class values; droughtRiskLevel uses conservative maximum and raw values are retained.
NR-MONTHLY-2020-11-301419,2020-11,3014,ปักธงชัย,301419,เกษมทรัพย์,NR-RESEARCH-AREA-192,192,Pak Thong Chai,Kasem Sap,0;1,0,1,1,CONSERVATIVE_MAX_WITH_CONFLICT_FLAG,39111;39112,Drought risk duplicated with conflicting class values; droughtRiskLevel uses conservative maximum and raw values are retained.
NR-MONTHLY-2020-11-301420,2020-11,3014,ปักธงชัย,301420,บ่อปลาทอง,NR-RESEARCH-AREA-193,193,Pak Thong Chai,Bo Pla Thong,0;1,0,1,1,CONSERVATIVE_MAX_WITH_CONFLICT_FLAG,39321;39322,Drought risk duplicated with conflicting class values; droughtRiskLevel uses conservative maximum and raw values are retained.
NR-MONTHLY-2020-11-301502,2020-11,3015,พิมาย,301502,สัมฤทธิ์,NR-RESEARCH-AREA-212,212,Phimai,Samrit,0;1,0,1,1,CONSERVATIVE_MAX_WITH_CONFLICT_FLAG,42674;42675,Drought risk duplicated with conflicting class values; droughtRiskLevel uses conservative maximum and raw values are retained.
NR-MONTHLY-2020-11-301503,2020-11,3015,พิมาย,301503,โบสถ์,NR-RESEARCH-AREA-213,213,Phimai,Bot,0;1,0,1,1,CONSERVATIVE_MAX_WITH_CONFLICT_FLAG,42907;42908,Drought risk duplicated with conflicting class values; droughtRiskLevel uses conservative maximum and raw values are retained.
NR-MONTHLY-2020-11-301504,2020-11,3015,พิมาย,301504,กระเบื้องใหญ่,NR-RESEARCH-AREA-214,214,Phimai,Krabueang Yai,0;1,0,1,1,CONSERVATIVE_MAX_WITH_CONFLICT_FLAG,43137;43138,Drought risk duplicated with conflicting class values; droughtRiskLevel uses conservative maximum and raw values are retained.
NR-MONTHLY-2020-11-301505,2020-11,3015,พิมาย,301505,ท่าหลวง,NR-RESEARCH-AREA-215,215,Phimai,Tha Luang,0;1,0,1,1,CONSERVATIVE_MAX_WITH_CONFLICT_FLAG,43368;43369,Drought risk duplicated with conflicting class values; droughtRiskLevel uses conservative maximum and raw values are retained.
NR-MONTHLY-2020-11-301506,2020-11,3015,พิมาย,301506,รังกาใหญ่,NR-RESEARCH-AREA-216,216,Phimai,Rang Ka Yai,0;1,0,1,1,CONSERVATIVE_MAX_WITH_CONFLICT_FLAG,43599;43600,Drought risk duplicated with conflicting class values; droughtRiskLevel uses conservative maximum and raw values are retained.
NR-MONTHLY-2020-11-301507,2020-11,3015,พิมาย,301507,ชีวาน,NR-RESEARCH-AREA-217,217,Phimai,Chiwan,0;1,0,1,1,CONSERVATIVE_MAX_WITH_CONFLICT_FLAG,43832;43833,Drought risk duplicated with conflicting class values; droughtRiskLevel uses conservative maximum and raw values are retained.
NR-MONTHLY-2020-11-301508,2020-11,3015,พิมาย,301508,นิคมสร้างตนเอง,NR-RESEARCH-AREA-218,218,Phimai,Nikhom Sang Ton-Eng,0;1,0,1,1,CONSERVATIVE_MAX_WITH_CONFLICT_FLAG,44062;44063,Drought risk duplicated with conflicting class values; droughtRiskLevel uses conservative maximum and raw values are retained.
NR-MONTHLY-2020-11-301509,2020-11,3015,พิมาย,301509,กระชอน,NR-RESEARCH-AREA-219,219,Phimai,Krachon,0;1,0,1,1,CONSERVATIVE_MAX_WITH_CONFLICT_FLAG,44295;44296,Drought risk duplicated with conflicting class values; droughtRiskLevel uses conservative maximum and raw values are retained.
NR-MONTHLY-2020-11-301510,2020-11,3015,พิมาย,301510,ดงใหญ่,NR-RESEARCH-AREA-220,220,Phimai,Dong Yai,0;1,0,1,1,CONSERVATIVE_MAX_WITH_CONFLICT_FLAG,44526;44527,Drought risk duplicated with conflicting class values; droughtRiskLevel uses conservative maximum and raw values are retained.
NR-MONTHLY-2020-11-301511,2020-11,3015,พิมาย,301511,ธารละหลอด,NR-RESEARCH-AREA-221,221,Phimai,Than Lalot,0;1,0,1,1,CONSERVATIVE_MAX_WITH_CONFLICT_FLAG,44759;44760,Drought risk duplicated with conflicting class values; droughtRiskLevel uses conservative maximum and raw values are retained.
NR-MONTHLY-2020-11-301512,2020-11,3015,พิมาย,301512,หนองระเวียง,NR-RESEARCH-AREA-222,222,Mueang Nakhon Ratchasima,Nong Rawiang,0;1,0,1,1,CONSERVATIVE_MAX_WITH_CONFLICT_FLAG,44992;44993,Drought risk duplicated with conflicting class values; droughtRiskLevel uses conservative maximum and raw values are retained.
NR-MONTHLY-2020-11-301601,2020-11,3016,ห้วยแถลง,301601,ห้วยแถลง,NR-RESEARCH-AREA-279,279,Huai Thalaeng,Huai Thalaeng,0;1,0,1,1,CONSERVATIVE_MAX_WITH_CONFLICT_FLAG,56506;56507,Drought risk duplicated with conflicting class values; droughtRiskLevel uses conservative maximum and raw values are retained.
NR-MONTHLY-2020-11-301602,2020-11,3016,ห้วยแถลง,301602,ทับสวาย,NR-RESEARCH-AREA-280,280,Huai Thalaeng,Thap Sawai,0;1,0,1,1,CONSERVATIVE_MAX_WITH_CONFLICT_FLAG,56697;56698,Drought risk duplicated with conflicting class values; droughtRiskLevel uses conservative maximum and raw values are retained.
NR-MONTHLY-2020-11-301603,2020-11,3016,ห้วยแถลง,301603,เมืองพลับพลา,NR-RESEARCH-AREA-281,281,Huai Thalaeng,Mueang Phlapphla,0;1,0,1,1,CONSERVATIVE_MAX_WITH_CONFLICT_FLAG,56888;56889,Drought risk duplicated with conflicting class values; droughtRiskLevel uses conservative maximum and raw values are retained.
NR-MONTHLY-2020-11-301604,2020-11,3016,ห้วยแถลง,301604,หลุ่งตะเคียน,NR-RESEARCH-AREA-282,282,Huai Thalaeng,Lung Takhian,0;1,0,1,1,CONSERVATIVE_MAX_WITH_CONFLICT_FLAG,57079;57080,Drought risk duplicated with conflicting class values; droughtRiskLevel uses conservative maximum and raw values are retained.
NR-MONTHLY-2020-11-301605,2020-11,3016,ห้วยแถลง,301605,หินดาด,NR-RESEARCH-AREA-283,283,Huai Thalaeng,Hin Dat,0;1,0,1,1,CONSERVATIVE_MAX_WITH_CONFLICT_FLAG,57270;57271,Drought risk duplicated with conflicting class values; droughtRiskLevel uses conservative maximum and raw values are retained.
NR-MONTHLY-2020-11-301606,2020-11,3016,ห้วยแถลง,301606,งิ้ว,NR-RESEARCH-AREA-284,284,Huai Thalaeng,Ngio,0;1,0,1,1,CONSERVATIVE_MAX_WITH_CONFLICT_FLAG,57461;57462,Drought risk duplicated with conflicting class values; droughtRiskLevel uses conservative maximum and raw values are retained.
NR-MONTHLY-2020-11-301607,2020-11,3016,ห้วยแถลง,301607,กงรถ,NR-RESEARCH-AREA-285,285,Huai Thalaeng,Kong Rot,0;1,0,1,1,CONSERVATIVE_MAX_WITH_CONFLICT_FLAG,57652;57653,Drought risk duplicated with conflicting class values; droughtRiskLevel uses conservative maximum and raw values are retained.
NR-MONTHLY-2020-11-301608,2020-11,3016,ห้วยแถลง,301608,หลุ่งประดู่,NR-RESEARCH-AREA-286,286,Huai Thalaeng,Lung Pradu,0;1,0,1,1,CONSERVATIVE_MAX_WITH_CONFLICT_FLAG,57843;57844,Drought risk duplicated with conflicting class values; droughtRiskLevel uses conservative maximum and raw values are retained.
NR-MONTHLY-2020-11-301609,2020-11,3016,ห้วยแถลง,301609,ตะโก,NR-RESEARCH-AREA-287,287,Huai Thalaeng,Tako,0;1,0,1,1,CONSERVATIVE_MAX_WITH_CONFLICT_FLAG,58033;58034,Drought risk duplicated with conflicting class values; droughtRiskLevel uses conservative maximum and raw values are retained.
NR-MONTHLY-2020-11-301610,2020-11,3016,ห้วยแถลง,301610,ห้วยแคน,NR-RESEARCH-AREA-288,288,Huai Thalaeng,Huai Khaen,0;1,0,1,1,CONSERVATIVE_MAX_WITH_CONFLICT_FLAG,58224;58225,Drought risk duplicated with conflicting class values; droughtRiskLevel uses conservative maximum and raw values are retained.
NR-MONTHLY-2020-11-301701,2020-11,3017,ชุมพวง,301701,ชุมพวง,NR-RESEARCH-AREA-077,77,Chum Phuang,Chum Phuang,0;1,0,1,1,CONSERVATIVE_MAX_WITH_CONFLICT_FLAG,15317;15318,Drought risk duplicated with conflicting class values; droughtRiskLevel uses conservative maximum and raw values are retained.
NR-MONTHLY-2020-11-301702,2020-11,3017,ชุมพวง,301702,ประสุข,NR-RESEARCH-AREA-078,78,Chum Phuang,Prasuk,0;1,0,1,1,CONSERVATIVE_MAX_WITH_CONFLICT_FLAG,15542;15543,Drought risk duplicated with conflicting class values; droughtRiskLevel uses conservative maximum and raw values are retained.
NR-MONTHLY-2020-11-301703,2020-11,3017,ชุมพวง,301703,ท่าลาด,NR-RESEARCH-AREA-079,79,Chum Phuang,Tha Lat,0;1,0,1,1,CONSERVATIVE_MAX_WITH_CONFLICT_FLAG,15773;15774,Drought risk duplicated with conflicting class values; droughtRiskLevel uses conservative maximum and raw values are retained.
NR-MONTHLY-2020-11-301704,2020-11,3017,ชุมพวง,301704,สาหร่าย,NR-RESEARCH-AREA-080,80,Chum Phuang,Sarai,0;1,0,1,1,CONSERVATIVE_MAX_WITH_CONFLICT_FLAG,16004;16005,Drought risk duplicated with conflicting class values; droughtRiskLevel uses conservative maximum and raw values are retained.
NR-MONTHLY-2020-11-301705,2020-11,3017,ชุมพวง,301705,ตลาดไทร,NR-RESEARCH-AREA-081,81,Chum Phuang,Talat Sai,0;1,0,1,1,CONSERVATIVE_MAX_WITH_CONFLICT_FLAG,16229;16230,Drought risk duplicated with conflicting class values; droughtRiskLevel uses conservative maximum and raw values are retained.
NR-MONTHLY-2020-11-301710,2020-11,3017,ชุมพวง,301710,โนนรัง,NR-RESEARCH-AREA-082,82,Chum Phuang,Non Rang,0;1,0,1,1,CONSERVATIVE_MAX_WITH_CONFLICT_FLAG,16458;16459,Drought risk duplicated with conflicting class values; droughtRiskLevel uses conservative maximum and raw values are retained.
NR-MONTHLY-2020-11-301716,2020-11,3017,ชุมพวง,301716,โนนตูม,NR-RESEARCH-AREA-084,84,Chum Phuang,Non Tum,0;1,0,1,1,CONSERVATIVE_MAX_WITH_CONFLICT_FLAG,16913;16914,Drought risk duplicated with conflicting class values; droughtRiskLevel uses conservative maximum and raw values are retained.
NR-MONTHLY-2020-11-301717,2020-11,3017,ชุมพวง,301717,โนนยอ,NR-RESEARCH-AREA-085,85,Chum Phuang,Non Yo,0;1,0,1,1,CONSERVATIVE_MAX_WITH_CONFLICT_FLAG,17142;17143,Drought risk duplicated with conflicting class values; droughtRiskLevel uses conservative maximum and raw values are retained.
NR-MONTHLY-2020-11-301801,2020-11,3018,สูงเนิน,301801,สูงเนิน,NR-RESEARCH-AREA-253,253,Sung Noen,Sung Noen,0;1,0,1,1,CONSERVATIVE_MAX_WITH_CONFLICT_FLAG,51135;51136,Drought risk duplicated with conflicting class values; droughtRiskLevel uses conservative maximum and raw values are retained.
NR-MONTHLY-2020-11-301802,2020-11,3018,สูงเนิน,301802,เสมา,NR-RESEARCH-AREA-254,254,Sung Noen,Sema,0;1,0,1,1,CONSERVATIVE_MAX_WITH_CONFLICT_FLAG,51337;51338,Drought risk duplicated with conflicting class values; droughtRiskLevel uses conservative maximum and raw values are retained.
NR-MONTHLY-2020-11-301803,2020-11,3018,สูงเนิน,301803,โคราช,NR-RESEARCH-AREA-255,255,Sung Noen,Khorat,0;1,0,1,1,CONSERVATIVE_MAX_WITH_CONFLICT_FLAG,51544;51545,Drought risk duplicated with conflicting class values; droughtRiskLevel uses conservative maximum and raw values are retained.
NR-MONTHLY-2020-11-301804,2020-11,3018,สูงเนิน,301804,บุ่งขี้เหล็ก,NR-RESEARCH-AREA-256,256,Sung Noen,Bung Khi Lek,0;1,0,1,1,CONSERVATIVE_MAX_WITH_CONFLICT_FLAG,51749;51750,Drought risk duplicated with conflicting class values; droughtRiskLevel uses conservative maximum and raw values are retained.
NR-MONTHLY-2020-11-301805,2020-11,3018,สูงเนิน,301805,โนนค่า,NR-RESEARCH-AREA-257,257,Sung Noen,Non Kha,0;1,0,1,1,CONSERVATIVE_MAX_WITH_CONFLICT_FLAG,51954;51955,Drought risk duplicated with conflicting class values; droughtRiskLevel uses conservative maximum and raw values are retained.
NR-MONTHLY-2020-11-301807,2020-11,3018,สูงเนิน,301807,มะเกลือเก่า,NR-RESEARCH-AREA-259,259,Sung Noen,Makluea Kao,0;1,0,1,1,CONSERVATIVE_MAX_WITH_CONFLICT_FLAG,52365;52366,Drought risk duplicated with conflicting class values; droughtRiskLevel uses conservative maximum and raw values are retained.
NR-MONTHLY-2020-11-301808,2020-11,3018,สูงเนิน,301808,มะเกลือใหม่,NR-RESEARCH-AREA-260,260,Sung Noen,Makluea Mai,0;1,0,1,1,CONSERVATIVE_MAX_WITH_CONFLICT_FLAG,52571;52572,Drought risk duplicated with conflicting class values; droughtRiskLevel uses conservative maximum and raw values are retained.
NR-MONTHLY-2020-11-301809,2020-11,3018,สูงเนิน,301809,นากลาง,NR-RESEARCH-AREA-261,261,Sung Noen,Na Klang,0;1,0,1,1,CONSERVATIVE_MAX_WITH_CONFLICT_FLAG,52773;52774,Drought risk duplicated with conflicting class values; droughtRiskLevel uses conservative maximum and raw values are retained.
NR-MONTHLY-2020-11-301810,2020-11,3018,สูงเนิน,301810,หนองตะไก้,NR-RESEARCH-AREA-262,262,Sung Noen,Nong Takai,0;1,0,1,1,CONSERVATIVE_MAX_WITH_CONFLICT_FLAG,52978;52979,Drought risk duplicated with conflicting class values; droughtRiskLevel uses conservative maximum and raw values are retained.
NR-MONTHLY-2020-11-301811,2020-11,3018,สูงเนิน,301811,กุดจิก,NR-RESEARCH-AREA-263,263,Sung Noen,Kut Chik,0;1,0,1,1,CONSERVATIVE_MAX_WITH_CONFLICT_FLAG,53179;53180,Drought risk duplicated with conflicting class values; droughtRiskLevel uses conservative maximum and raw values are retained.
NR-MONTHLY-2020-11-301901,2020-11,3019,ขามทะเลสอ,301901,ขามทะเลสอ,NR-RESEARCH-AREA-030,30,Kham Thale So,Kham Thale So,0;1,0,1,1,CONSERVATIVE_MAX_WITH_CONFLICT_FLAG,5733;5734,Drought risk duplicated with conflicting class values; droughtRiskLevel uses conservative maximum and raw values are retained.
NR-MONTHLY-2020-11-301902,2020-11,3019,ขามทะเลสอ,301902,โป่งแดง,NR-RESEARCH-AREA-031,31,Kham Thale So,Pong Daeng,0;1,0,1,1,CONSERVATIVE_MAX_WITH_CONFLICT_FLAG,5935;5936,Drought risk duplicated with conflicting class values; droughtRiskLevel uses conservative maximum and raw values are retained.
NR-MONTHLY-2020-11-301903,2020-11,3019,ขามทะเลสอ,301903,พันดุง,NR-RESEARCH-AREA-032,32,Kham Thale So,Phan Dung,0;1,0,1,1,CONSERVATIVE_MAX_WITH_CONFLICT_FLAG,6130;6131,Drought risk duplicated with conflicting class values; droughtRiskLevel uses conservative maximum and raw values are retained.
NR-MONTHLY-2020-11-301905,2020-11,3019,ขามทะเลสอ,301905,บึงอ้อ,NR-RESEARCH-AREA-034,34,Kham Thale So,Bueng O,0;1,0,1,1,CONSERVATIVE_MAX_WITH_CONFLICT_FLAG,6525;6526,Drought risk duplicated with conflicting class values; droughtRiskLevel uses conservative maximum and raw values are retained.
NR-MONTHLY-2020-11-302001,2020-11,3020,สีคิ้ว,302001,สีคิ้ว,NR-RESEARCH-AREA-236,236,Si Khio,Sikhio,0;1,0,1,1,CONSERVATIVE_MAX_WITH_CONFLICT_FLAG,47786;47787,Drought risk duplicated with conflicting class values; droughtRiskLevel uses conservative maximum and raw values are retained.
NR-MONTHLY-2020-11-302002,2020-11,3020,สีคิ้ว,302002,บ้านหัน,NR-RESEARCH-AREA-237,237,Si Khio,Ban Han,0;1,0,1,1,CONSERVATIVE_MAX_WITH_CONFLICT_FLAG,47983;47984,Drought risk duplicated with conflicting class values; droughtRiskLevel uses conservative maximum and raw values are retained.
NR-MONTHLY-2020-11-302003,2020-11,3020,สีคิ้ว,302003,กฤษณา,NR-RESEARCH-AREA-238,238,Si Khio,Kritsana,0;1,0,1,1,CONSERVATIVE_MAX_WITH_CONFLICT_FLAG,48179;48180,Drought risk duplicated with conflicting class values; droughtRiskLevel uses conservative maximum and raw values are retained.
NR-MONTHLY-2020-11-302004,2020-11,3020,สีคิ้ว,302004,ลาดบัวขาว,NR-RESEARCH-AREA-239,239,Si Khio,Lat Bua Khao,0;1,0,1,1,CONSERVATIVE_MAX_WITH_CONFLICT_FLAG,48372;48373,Drought risk duplicated with conflicting class values; droughtRiskLevel uses conservative maximum and raw values are retained.
NR-MONTHLY-2020-11-302005,2020-11,3020,สีคิ้ว,302005,หนองหญ้าขาว,NR-RESEARCH-AREA-240,240,Si Khio,Nong Ya Khao,0;1,0,1,1,CONSERVATIVE_MAX_WITH_CONFLICT_FLAG,48567;48568,Drought risk duplicated with conflicting class values; droughtRiskLevel uses conservative maximum and raw values are retained.
NR-MONTHLY-2020-11-302006,2020-11,3020,สีคิ้ว,302006,กุดน้อย,NR-RESEARCH-AREA-241,241,Si Khio,Kut Noi,0;1,0,1,1,CONSERVATIVE_MAX_WITH_CONFLICT_FLAG,48760;48761,Drought risk duplicated with conflicting class values; droughtRiskLevel uses conservative maximum and raw values are retained.
NR-MONTHLY-2020-11-302007,2020-11,3020,สีคิ้ว,302007,หนองน้ำใส,NR-RESEARCH-AREA-242,242,Si Khio,Nong Nam Sai,0;1,0,1,1,CONSERVATIVE_MAX_WITH_CONFLICT_FLAG,48955;48956,Drought risk duplicated with conflicting class values; droughtRiskLevel uses conservative maximum and raw values are retained.
NR-MONTHLY-2020-11-302008,2020-11,3020,สีคิ้ว,302008,วังโรงใหญ่,NR-RESEARCH-AREA-243,243,Si Khio,Wang Rong Yai,0;1,0,1,1,CONSERVATIVE_MAX_WITH_CONFLICT_FLAG,49151;49152,Drought risk duplicated with conflicting class values; droughtRiskLevel uses conservative maximum and raw values are retained.
NR-MONTHLY-2020-11-302009,2020-11,3020,สีคิ้ว,302009,มิตรภาพ,NR-RESEARCH-AREA-244,244,Si Khio,Mittraphap,0;1,0,1,1,CONSERVATIVE_MAX_WITH_CONFLICT_FLAG,49344;49345,Drought risk duplicated with conflicting class values; droughtRiskLevel uses conservative maximum and raw values are retained.
NR-MONTHLY-2020-11-302010,2020-11,3020,สีคิ้ว,302010,คลองไผ่,NR-RESEARCH-AREA-245,245,Si Khio,Khlong Phai,0;1,0,1,1,CONSERVATIVE_MAX_WITH_CONFLICT_FLAG,49537;49538,Drought risk duplicated with conflicting class values; droughtRiskLevel uses conservative maximum and raw values are retained.
NR-MONTHLY-2020-11-302011,2020-11,3020,สีคิ้ว,302011,ดอนเมือง,NR-RESEARCH-AREA-246,246,Si Khio,Don Mueang,0;1,0,1,1,CONSERVATIVE_MAX_WITH_CONFLICT_FLAG,49728;49729,Drought risk duplicated with conflicting class values; droughtRiskLevel uses conservative maximum and raw values are retained.
NR-MONTHLY-2020-11-302012,2020-11,3020,สีคิ้ว,302012,หนองบัวน้อย,NR-RESEARCH-AREA-247,247,Si Khio,Nong Bua Noi,0;1,0,1,1,CONSERVATIVE_MAX_WITH_CONFLICT_FLAG,49922;49923,Drought risk duplicated with conflicting class values; droughtRiskLevel uses conservative maximum and raw values are retained.
NR-MONTHLY-2020-11-302104,2020-11,3021,ปากช่อง,302104,วังกะทะ,NR-RESEARCH-AREA-197,197,Pak Chong,Wang Katha,0;1,0,1,1,CONSERVATIVE_MAX_WITH_CONFLICT_FLAG,39892;39893,Drought risk duplicated with conflicting class values; droughtRiskLevel uses conservative maximum and raw values are retained.
NR-MONTHLY-2020-11-302105,2020-11,3021,ปากช่อง,302105,หมูสี,NR-RESEARCH-AREA-198,198,Pak Chong,Mu Si,0;1,0,1,1,CONSERVATIVE_MAX_WITH_CONFLICT_FLAG,40052;40053,Drought risk duplicated with conflicting class values; droughtRiskLevel uses conservative maximum and raw values are retained.
NR-MONTHLY-2020-11-302106,2020-11,3021,ปากช่อง,302106,หนองสาหร่าย,NR-RESEARCH-AREA-199,199,Pak Chong,Nong Sarai,0;1,0,1,1,CONSERVATIVE_MAX_WITH_CONFLICT_FLAG,40226;40227,Drought risk duplicated with conflicting class values; droughtRiskLevel uses conservative maximum and raw values are retained.
NR-MONTHLY-2020-11-302107,2020-11,3021,ปากช่อง,302107,ขนงพระ,NR-RESEARCH-AREA-200,200,Pak Chong,Khanong Phra,0;1,0,1,1,CONSERVATIVE_MAX_WITH_CONFLICT_FLAG,40417;40418,Drought risk duplicated with conflicting class values; droughtRiskLevel uses conservative maximum and raw values are retained.
NR-MONTHLY-2020-11-302108,2020-11,3021,ปากช่อง,302108,โป่งตาลอง,NR-RESEARCH-AREA-201,201,Pak Chong,Pong Ta Long,0;1,0,1,1,CONSERVATIVE_MAX_WITH_CONFLICT_FLAG,40592;40593,Drought risk duplicated with conflicting class values; droughtRiskLevel uses conservative maximum and raw values are retained.
NR-MONTHLY-2020-11-302109,2020-11,3021,ปากช่อง,302109,คลองม่วง,NR-RESEARCH-AREA-202,202,Pak Chong,Khlong Muang,0;1,0,1,1,CONSERVATIVE_MAX_WITH_CONFLICT_FLAG,40769;40770,Drought risk duplicated with conflicting class values; droughtRiskLevel uses conservative maximum and raw values are retained.
NR-MONTHLY-2020-11-302110,2020-11,3021,ปากช่อง,302110,หนองน้ำแดง,NR-RESEARCH-AREA-203,203,Pak Chong,Nong Nam Daeng,0;1,0,1,1,CONSERVATIVE_MAX_WITH_CONFLICT_FLAG,40947;40948,Drought risk duplicated with conflicting class values; droughtRiskLevel uses conservative maximum and raw values are retained.
NR-MONTHLY-2020-11-302111,2020-11,3021,ปากช่อง,302111,วังไทร,NR-RESEARCH-AREA-204,204,Pak Chong,Wang Sai,0;1,0,1,1,CONSERVATIVE_MAX_WITH_CONFLICT_FLAG,41128;41129,Drought risk duplicated with conflicting class values; droughtRiskLevel uses conservative maximum and raw values are retained.
NR-MONTHLY-2020-11-302201,2020-11,3022,หนองบุญมาก,302201,หนองบุนนาก,NR-RESEARCH-AREA-270,270,Nong Bunmak,Nong Bunnak,0;1,0,1,1,CONSERVATIVE_MAX_WITH_CONFLICT_FLAG,54544;54545,Drought risk duplicated with conflicting class values; droughtRiskLevel uses conservative maximum and raw values are retained.
NR-MONTHLY-2020-11-302202,2020-11,3022,หนองบุญมาก,302202,สารภี,NR-RESEARCH-AREA-271,271,Nong Bunmak,Saraphi,0;1,0,1,1,CONSERVATIVE_MAX_WITH_CONFLICT_FLAG,54763;54764,Drought risk duplicated with conflicting class values; droughtRiskLevel uses conservative maximum and raw values are retained.
NR-MONTHLY-2020-11-302203,2020-11,3022,หนองบุญมาก,302203,ไทยเจริญ,NR-RESEARCH-AREA-272,272,Nong Bunmak,Thai Charoen,0;1,0,1,1,CONSERVATIVE_MAX_WITH_CONFLICT_FLAG,54981;54982,Drought risk duplicated with conflicting class values; droughtRiskLevel uses conservative maximum and raw values are retained.
NR-MONTHLY-2020-11-302204,2020-11,3022,หนองบุญมาก,302204,หนองหัวแรต,NR-RESEARCH-AREA-273,273,Nong Bunmak,Nong Hua Raet,0;1,0,1,1,CONSERVATIVE_MAX_WITH_CONFLICT_FLAG,55201;55202,Drought risk duplicated with conflicting class values; droughtRiskLevel uses conservative maximum and raw values are retained.
NR-MONTHLY-2020-11-302205,2020-11,3022,หนองบุญมาก,302205,แหลมทอง,NR-RESEARCH-AREA-274,274,Nong Bunmak,Laem Thong,0;1,0,1,1,CONSERVATIVE_MAX_WITH_CONFLICT_FLAG,55420;55421,Drought risk duplicated with conflicting class values; droughtRiskLevel uses conservative maximum and raw values are retained.
NR-MONTHLY-2020-11-302206,2020-11,3022,หนองบุญมาก,302206,หนองตะไก้,NR-RESEARCH-AREA-275,275,Nong Bunmak,Nong Takai,0;1,0,1,1,CONSERVATIVE_MAX_WITH_CONFLICT_FLAG,55638;55639,Drought risk duplicated with conflicting class values; droughtRiskLevel uses conservative maximum and raw values are retained.
NR-MONTHLY-2020-11-302207,2020-11,3022,หนองบุญมาก,302207,ลุงเขว้า,NR-RESEARCH-AREA-276,276,Nong Bunmak,Lung Khwao,0;1,0,1,1,CONSERVATIVE_MAX_WITH_CONFLICT_FLAG,55857;55858,Drought risk duplicated with conflicting class values; droughtRiskLevel uses conservative maximum and raw values are retained.
NR-MONTHLY-2020-11-302208,2020-11,3022,หนองบุญมาก,302208,หนองไม้ไผ่,NR-RESEARCH-AREA-277,277,Nong Bunmak,Nong Mai Phai,0;1,0,1,1,CONSERVATIVE_MAX_WITH_CONFLICT_FLAG,56067;56068,Drought risk duplicated with conflicting class values; droughtRiskLevel uses conservative maximum and raw values are retained.
NR-MONTHLY-2020-11-302209,2020-11,3022,หนองบุญมาก,302209,บ้านใหม่,NR-RESEARCH-AREA-278,278,Nong Bunmak,Ban Mai,0;1,0,1,1,CONSERVATIVE_MAX_WITH_CONFLICT_FLAG,56285;56286,Drought risk duplicated with conflicting class values; droughtRiskLevel uses conservative maximum and raw values are retained.
NR-MONTHLY-2020-11-302301,2020-11,3023,แก้งสนามนาง,302301,แก้งสนามนาง,NR-RESEARCH-AREA-025,25,Kaeng Sanam Nang,Kaeng Sanam Nang,0;1,0,1,1,CONSERVATIVE_MAX_WITH_CONFLICT_FLAG,4738;4739,Drought risk duplicated with conflicting class values; droughtRiskLevel uses conservative maximum and raw values are retained.
NR-MONTHLY-2020-11-302302,2020-11,3023,แก้งสนามนาง,302302,โนนสำราญ,NR-RESEARCH-AREA-026,26,Kaeng Sanam Nang,Non Samran,0;1,0,1,1,CONSERVATIVE_MAX_WITH_CONFLICT_FLAG,4937;4938,Drought risk duplicated with conflicting class values; droughtRiskLevel uses conservative maximum and raw values are retained.
NR-MONTHLY-2020-11-302303,2020-11,3023,แก้งสนามนาง,302303,บึงพะไล,NR-RESEARCH-AREA-027,27,Kaeng Sanam Nang,Bueng Phalai,0;1,0,1,1,CONSERVATIVE_MAX_WITH_CONFLICT_FLAG,5136;5137,Drought risk duplicated with conflicting class values; droughtRiskLevel uses conservative maximum and raw values are retained.
NR-MONTHLY-2020-11-302305,2020-11,3023,แก้งสนามนาง,302305,บึงสำโรง,NR-RESEARCH-AREA-029,29,Kaeng Sanam Nang,Bueng Samrong,0;1,0,1,1,CONSERVATIVE_MAX_WITH_CONFLICT_FLAG,5538;5539,Drought risk duplicated with conflicting class values; droughtRiskLevel uses conservative maximum and raw values are retained.
NR-MONTHLY-2020-11-302401,2020-11,3024,โนนแดง,302401,โนนแดง,NR-RESEARCH-AREA-116,116,Non Daeng,Non Daeng,0;1,0,1,1,CONSERVATIVE_MAX_WITH_CONFLICT_FLAG,23461;23462,Drought risk duplicated with conflicting class values; droughtRiskLevel uses conservative maximum and raw values are retained.
NR-MONTHLY-2020-11-302402,2020-11,3024,โนนแดง,302402,โนนตาเถร,NR-RESEARCH-AREA-117,117,Non Daeng,Non Ta Then,0;1,0,1,1,CONSERVATIVE_MAX_WITH_CONFLICT_FLAG,23691;23692,Drought risk duplicated with conflicting class values; droughtRiskLevel uses conservative maximum and raw values are retained.
NR-MONTHLY-2020-11-302403,2020-11,3024,โนนแดง,302403,สำพะเนียง,NR-RESEARCH-AREA-118,118,Non Daeng,Sam Phaniang,0;1,0,1,1,CONSERVATIVE_MAX_WITH_CONFLICT_FLAG,23923;23924,Drought risk duplicated with conflicting class values; droughtRiskLevel uses conservative maximum and raw values are retained.
NR-MONTHLY-2020-11-302404,2020-11,3024,โนนแดง,302404,วังหิน,NR-RESEARCH-AREA-119,119,Non Daeng,Wang Hin,0;1,0,1,1,CONSERVATIVE_MAX_WITH_CONFLICT_FLAG,24152;24153,Drought risk duplicated with conflicting class values; droughtRiskLevel uses conservative maximum and raw values are retained.
NR-MONTHLY-2020-11-302405,2020-11,3024,โนนแดง,302405,ดอนยาวใหญ่,NR-RESEARCH-AREA-120,120,Non Daeng,Don Yao Yai,0;1,0,1,1,CONSERVATIVE_MAX_WITH_CONFLICT_FLAG,24382;24383,Drought risk duplicated with conflicting class values; droughtRiskLevel uses conservative maximum and raw values are retained.
NR-MONTHLY-2020-11-302501,2020-11,3025,วังน้ำเขียว,302501,วังน้ำเขียว,NR-RESEARCH-AREA-231,231,Wang Nam Khiao,Wang Nam Khiao,0;1,0,1,1,CONSERVATIVE_MAX_WITH_CONFLICT_FLAG,46857;46858,Drought risk duplicated with conflicting class values; droughtRiskLevel uses conservative maximum and raw values are retained.
NR-MONTHLY-2020-11-302502,2020-11,3025,วังน้ำเขียว,302502,วังหมี,NR-RESEARCH-AREA-232,232,Wang Nam Khiao,Wang Mi,0;1,0,1,1,CONSERVATIVE_MAX_WITH_CONFLICT_FLAG,47047;47048,Drought risk duplicated with conflicting class values; droughtRiskLevel uses conservative maximum and raw values are retained.
NR-MONTHLY-2020-11-302503,2020-11,3025,วังน้ำเขียว,302503,ระเริง,NR-RESEARCH-AREA-233,233,Wang Nam Khiao,Raroeng,0;1,0,1,1,CONSERVATIVE_MAX_WITH_CONFLICT_FLAG,47230;47231,Drought risk duplicated with conflicting class values; droughtRiskLevel uses conservative maximum and raw values are retained.
NR-MONTHLY-2020-11-302504,2020-11,3025,วังน้ำเขียว,302504,อุดมทรัพย์,NR-RESEARCH-AREA-234,234,Wang Nam Khiao,Udom Sap,0;1,0,1,1,CONSERVATIVE_MAX_WITH_CONFLICT_FLAG,47412;47413,Drought risk duplicated with conflicting class values; droughtRiskLevel uses conservative maximum and raw values are retained.
NR-MONTHLY-2020-11-302601,2020-11,3026,เทพารักษ์,302601,สำนักตะคร้อ,NR-RESEARCH-AREA-112,112,Thepharak,Samnak Takhro,0;1,0,1,1,CONSERVATIVE_MAX_WITH_CONFLICT_FLAG,22710;22711,Drought risk duplicated with conflicting class values; droughtRiskLevel uses conservative maximum and raw values are retained.
NR-MONTHLY-2020-11-302602,2020-11,3026,เทพารักษ์,302602,หนองแวง,NR-RESEARCH-AREA-113,113,Thepharak,Nong Waeng,0;1,0,1,1,CONSERVATIVE_MAX_WITH_CONFLICT_FLAG,22896;22897,Drought risk duplicated with conflicting class values; droughtRiskLevel uses conservative maximum and raw values are retained.
NR-MONTHLY-2020-11-302603,2020-11,3026,เทพารักษ์,302603,บึงปรือ,NR-RESEARCH-AREA-114,114,Thepharak,Bueng Prue,0;1,0,1,1,CONSERVATIVE_MAX_WITH_CONFLICT_FLAG,23081;23082,Drought risk duplicated with conflicting class values; droughtRiskLevel uses conservative maximum and raw values are retained.
NR-MONTHLY-2020-11-302604,2020-11,3026,เทพารักษ์,302604,วังยายทอง,NR-RESEARCH-AREA-115,115,Thepharak,Wang Yai Thong,0;1,0,1,1,CONSERVATIVE_MAX_WITH_CONFLICT_FLAG,23266;23267,Drought risk duplicated with conflicting class values; droughtRiskLevel uses conservative maximum and raw values are retained.
NR-MONTHLY-2020-11-302701,2020-11,3027,เมืองยาง,302701,เมืองยาง,NR-RESEARCH-AREA-223,223,Mueang Yang,Mueang Yang,0;1,0,1,1,CONSERVATIVE_MAX_WITH_CONFLICT_FLAG,45220;45221,Drought risk duplicated with conflicting class values; droughtRiskLevel uses conservative maximum and raw values are retained.
NR-MONTHLY-2020-11-302703,2020-11,3027,เมืองยาง,302703,ละหานปลาค้าว,NR-RESEARCH-AREA-225,225,Mueang Yang,Lahan Pla Khao,0;1,0,1,1,CONSERVATIVE_MAX_WITH_CONFLICT_FLAG,45621;45622,Drought risk duplicated with conflicting class values; droughtRiskLevel uses conservative maximum and raw values are retained.
NR-MONTHLY-2020-11-302704,2020-11,3027,เมืองยาง,302704,โนนอุดม,NR-RESEARCH-AREA-226,226,Mueang Yang,Non Udom,0;1,0,1,1,CONSERVATIVE_MAX_WITH_CONFLICT_FLAG,45821;45822,Drought risk duplicated with conflicting class values; droughtRiskLevel uses conservative maximum and raw values are retained.
NR-MONTHLY-2020-11-302801,2020-11,3028,พระทองคำ,302801,สระพระ,NR-RESEARCH-AREA-206,206,Phra Thong Kham,Sa Phra,0;1,0,1,1,CONSERVATIVE_MAX_WITH_CONFLICT_FLAG,41450;41451,Drought risk duplicated with conflicting class values; droughtRiskLevel uses conservative maximum and raw values are retained.
NR-MONTHLY-2020-11-302802,2020-11,3028,พระทองคำ,302802,มาบกราด,NR-RESEARCH-AREA-207,207,Phra Thong Kham,Map Krat,0;1,0,1,1,CONSERVATIVE_MAX_WITH_CONFLICT_FLAG,41647;41648,Drought risk duplicated with conflicting class values; droughtRiskLevel uses conservative maximum and raw values are retained.
NR-MONTHLY-2020-11-302803,2020-11,3028,พระทองคำ,302803,พังเทียม,NR-RESEARCH-AREA-208,208,Phra Thong Kham,Phang Thiam,0;1,0,1,1,CONSERVATIVE_MAX_WITH_CONFLICT_FLAG,41844;41845,Drought risk duplicated with conflicting class values; droughtRiskLevel uses conservative maximum and raw values are retained.
NR-MONTHLY-2020-11-302804,2020-11,3028,พระทองคำ,302804,ทัพรั้ง,NR-RESEARCH-AREA-209,209,Phra Thong Kham,Thap Rang,0;1,0,1,1,CONSERVATIVE_MAX_WITH_CONFLICT_FLAG,42041;42042,Drought risk duplicated with conflicting class values; droughtRiskLevel uses conservative maximum and raw values are retained.
NR-MONTHLY-2020-11-302805,2020-11,3028,พระทองคำ,302805,หนองหอย,NR-RESEARCH-AREA-210,210,Phra Thong Kham,Nong Hoi,0;1,0,1,1,CONSERVATIVE_MAX_WITH_CONFLICT_FLAG,42238;42239,Drought risk duplicated with conflicting class values; droughtRiskLevel uses conservative maximum and raw values are retained.
NR-MONTHLY-2020-11-302901,2020-11,3029,ลำทะเมนชัย,302901,ขุย,NR-RESEARCH-AREA-227,227,Lamtaman Chai,Khui,0;1,0,1,1,CONSERVATIVE_MAX_WITH_CONFLICT_FLAG,46025;46026,Drought risk duplicated with conflicting class values; droughtRiskLevel uses conservative maximum and raw values are retained.
NR-MONTHLY-2020-11-302902,2020-11,3029,ลำทะเมนชัย,302902,บ้านยาง,NR-RESEARCH-AREA-228,228,Lamtaman Chai,Ban Yang,0;1,0,1,1,CONSERVATIVE_MAX_WITH_CONFLICT_FLAG,46240;46241,Drought risk duplicated with conflicting class values; droughtRiskLevel uses conservative maximum and raw values are retained.
NR-MONTHLY-2020-11-302903,2020-11,3029,ลำทะเมนชัย,302903,ช่องแมว,NR-RESEARCH-AREA-229,229,Lamtaman Chai,Chong Maeo,0;1,0,1,1,CONSERVATIVE_MAX_WITH_CONFLICT_FLAG,46452;46453,Drought risk duplicated with conflicting class values; droughtRiskLevel uses conservative maximum and raw values are retained.
NR-MONTHLY-2020-11-302904,2020-11,3029,ลำทะเมนชัย,302904,ไพล,NR-RESEARCH-AREA-230,230,Lamtaman Chai,Phrai,0;1,0,1,1,CONSERVATIVE_MAX_WITH_CONFLICT_FLAG,46665;46666,Drought risk duplicated with conflicting class values; droughtRiskLevel uses conservative maximum and raw values are retained.
NR-MONTHLY-2020-11-303001,2020-11,3030,บัวลาย,303001,เมืองพะไล,NR-RESEARCH-AREA-147,147,Bua Lai,Mueang Phalai,0;1,0,1,1,CONSERVATIVE_MAX_WITH_CONFLICT_FLAG,29962;29963,Drought risk duplicated with conflicting class values; droughtRiskLevel uses conservative maximum and raw values are retained.
NR-MONTHLY-2020-11-303002,2020-11,3030,บัวลาย,303002,โนนจาน,NR-RESEARCH-AREA-148,148,Bua Lai,Non Chan,0;1,0,1,1,CONSERVATIVE_MAX_WITH_CONFLICT_FLAG,30184;30185,Drought risk duplicated with conflicting class values; droughtRiskLevel uses conservative maximum and raw values are retained.
NR-MONTHLY-2020-11-303003,2020-11,3030,บัวลาย,303003,บัวลาย,NR-RESEARCH-AREA-149,149,Bua Lai,Bua Lai,0;1,0,1,1,CONSERVATIVE_MAX_WITH_CONFLICT_FLAG,30406;30407,Drought risk duplicated with conflicting class values; droughtRiskLevel uses conservative maximum and raw values are retained.
NR-MONTHLY-2020-11-303004,2020-11,3030,บัวลาย,303004,หนองหว้า,NR-RESEARCH-AREA-150,150,Bua Lai,Nong Wa,0;1,0,1,1,CONSERVATIVE_MAX_WITH_CONFLICT_FLAG,30629;30630,Drought risk duplicated with conflicting class values; droughtRiskLevel uses conservative maximum and raw values are retained.
NR-MONTHLY-2020-11-303101,2020-11,3031,สีดา,303101,สีดา,NR-RESEARCH-AREA-248,248,Sida,Sida,0;1,0,1,1,CONSERVATIVE_MAX_WITH_CONFLICT_FLAG,50111;50112,Drought risk duplicated with conflicting class values; droughtRiskLevel uses conservative maximum and raw values are retained.
NR-MONTHLY-2020-11-303102,2020-11,3031,สีดา,303102,โพนทอง,NR-RESEARCH-AREA-249,249,Sida,Phon Thong,0;1,0,1,1,CONSERVATIVE_MAX_WITH_CONFLICT_FLAG,50316;50317,Drought risk duplicated with conflicting class values; droughtRiskLevel uses conservative maximum and raw values are retained.
NR-MONTHLY-2020-11-303103,2020-11,3031,สีดา,303103,โนนประดู่,NR-RESEARCH-AREA-250,250,Sida,Non Pradu,0;1,0,1,1,CONSERVATIVE_MAX_WITH_CONFLICT_FLAG,50522;50523,Drought risk duplicated with conflicting class values; droughtRiskLevel uses conservative maximum and raw values are retained.
NR-MONTHLY-2020-11-303104,2020-11,3031,สีดา,303104,สามเมือง,NR-RESEARCH-AREA-251,251,Sida,Sam Mueang,0;1,0,1,1,CONSERVATIVE_MAX_WITH_CONFLICT_FLAG,50729;50730,Drought risk duplicated with conflicting class values; droughtRiskLevel uses conservative maximum and raw values are retained.
NR-MONTHLY-2020-11-303105,2020-11,3031,สีดา,303105,หนองตาดใหญ่,NR-RESEARCH-AREA-252,252,Sida,Nong Tat Yai,0;1,0,1,1,CONSERVATIVE_MAX_WITH_CONFLICT_FLAG,50938;50939,Drought risk duplicated with conflicting class values; droughtRiskLevel uses conservative maximum and raw values are retained.
NR-MONTHLY-2020-11-303201,2020-11,3032,เฉลิมพระเกียรติ,303201,ช้างทอง,NR-RESEARCH-AREA-072,72,Chaloem Phra Kiet,Chang Thong,0;1,0,1,1,CONSERVATIVE_MAX_WITH_CONFLICT_FLAG,14279;14280,Drought risk duplicated with conflicting class values; droughtRiskLevel uses conservative maximum and raw values are retained.
NR-MONTHLY-2020-11-303202,2020-11,3032,เฉลิมพระเกียรติ,303202,ท่าช้าง,NR-RESEARCH-AREA-073,73,Chaloem Phra Kiet,Tha Chang,0;1,0,1,1,CONSERVATIVE_MAX_WITH_CONFLICT_FLAG,14485;14486,Drought risk duplicated with conflicting class values; droughtRiskLevel uses conservative maximum and raw values are retained.
NR-MONTHLY-2020-11-303203,2020-11,3032,เฉลิมพระเกียรติ,303203,พระพุทธ,NR-RESEARCH-AREA-074,74,Chaloem Phra Kiet,Phraphut,0;1,0,1,1,CONSERVATIVE_MAX_WITH_CONFLICT_FLAG,14688;14689,Drought risk duplicated with conflicting class values; droughtRiskLevel uses conservative maximum and raw values are retained.
NR-MONTHLY-2020-11-303204,2020-11,3032,เฉลิมพระเกียรติ,303204,หนองงูเหลือม,NR-RESEARCH-AREA-075,75,Chaloem Phra Kiet,Nong Ngu Lueam,0;1,0,1,1,CONSERVATIVE_MAX_WITH_CONFLICT_FLAG,14892;14893,Drought risk duplicated with conflicting class values; droughtRiskLevel uses conservative maximum and raw values are retained.
NR-MONTHLY-2020-11-303205,2020-11,3032,เฉลิมพระเกียรติ,303205,หนองยาง,NR-RESEARCH-AREA-076,76,Chaloem Phra Kiet,Nong Yang,0;1,0,1,1,CONSERVATIVE_MAX_WITH_CONFLICT_FLAG,15098;15099,Drought risk duplicated with conflicting class values; droughtRiskLevel uses conservative maximum and raw values are retained.
NR-MONTHLY-2020-12-300302,2020-12,3003,เสิงสาง,300302,สระตะเคียน,NR-RESEARCH-AREA-265,265,Soeng Sang,Sa Takhian,0;1,0,1,1,CONSERVATIVE_MAX_WITH_CONFLICT_FLAG,53592;53593,Drought risk duplicated with conflicting class values; droughtRiskLevel uses conservative maximum and raw values are retained.
NR-MONTHLY-2020-12-302105,2020-12,3021,ปากช่อง,302105,หมูสี,NR-RESEARCH-AREA-198,198,Pak Chong,Mu Si,0;1,0,1,1,CONSERVATIVE_MAX_WITH_CONFLICT_FLAG,40054;40055,Drought risk duplicated with conflicting class values; droughtRiskLevel uses conservative maximum and raw values are retained.
NR-MONTHLY-2021-02-301501,2021-02,3015,พิมาย,301501,ในเมือง,NR-RESEARCH-AREA-211,211,Phimai,Nai Mueang,0;1,0,1,1,CONSERVATIVE_MAX_WITH_CONFLICT_FLAG,42447;42448,Drought risk duplicated with conflicting class values; droughtRiskLevel uses conservative maximum and raw values are retained.
NR-MONTHLY-2021-02-303202,2021-02,3032,เฉลิมพระเกียรติ,303202,ท่าช้าง,NR-RESEARCH-AREA-073,73,Chaloem Phra Kiet,Tha Chang,0;1,0,1,1,CONSERVATIVE_MAX_WITH_CONFLICT_FLAG,14491;14492,Drought risk duplicated with conflicting class values; droughtRiskLevel uses conservative maximum and raw values are retained.
NR-MONTHLY-2021-04-300302,2021-04,3003,เสิงสาง,300302,สระตะเคียน,NR-RESEARCH-AREA-265,265,Soeng Sang,Sa Takhian,0;1,0,1,1,CONSERVATIVE_MAX_WITH_CONFLICT_FLAG,53600;53601,Drought risk duplicated with conflicting class values; droughtRiskLevel uses conservative maximum and raw values are retained.
NR-MONTHLY-2021-06-300109,2021-06,3001,เมืองนครราชสีมา,300109,พลกรัง,NR-RESEARCH-AREA-008,8,Mueang Nakhon Ratchasima,Phon Krang,0;1,0,1,1,CONSERVATIVE_MAX_WITH_CONFLICT_FLAG,1562;1563,Drought risk duplicated with conflicting class values; droughtRiskLevel uses conservative maximum and raw values are retained.
NR-MONTHLY-2021-06-300302,2021-06,3003,เสิงสาง,300302,สระตะเคียน,NR-RESEARCH-AREA-265,265,Soeng Sang,Sa Takhian,0;1,0,1,1,CONSERVATIVE_MAX_WITH_CONFLICT_FLAG,53604;53605,Drought risk duplicated with conflicting class values; droughtRiskLevel uses conservative maximum and raw values are retained.
NR-MONTHLY-2021-06-300303,2021-06,3003,เสิงสาง,300303,โนนสมบูรณ์,NR-RESEARCH-AREA-266,266,Soeng Sang,Non Sombun,0;1,0,1,1,CONSERVATIVE_MAX_WITH_CONFLICT_FLAG,53799;53800,Drought risk duplicated with conflicting class values; droughtRiskLevel uses conservative maximum and raw values are retained.
NR-MONTHLY-2021-06-300818,2021-06,3008,ด่านขุนทด,300818,หนองไทร,NR-RESEARCH-AREA-111,111,Dan Khun Thot,Nong Sai,0;1,0,1,1,CONSERVATIVE_MAX_WITH_CONFLICT_FLAG,22515;22516,Drought risk duplicated with conflicting class values; droughtRiskLevel uses conservative maximum and raw values are retained.
NR-MONTHLY-2021-06-301412,2021-06,3014,ปักธงชัย,301412,ลำนางแก้ว,NR-RESEARCH-AREA-188,188,Pak Thong Chai,Lam Nang Kaeo,0;1,0,1,1,CONSERVATIVE_MAX_WITH_CONFLICT_FLAG,38285;38286,Drought risk duplicated with conflicting class values; droughtRiskLevel uses conservative maximum and raw values are retained.
NR-MONTHLY-2021-06-301416,2021-06,3014,ปักธงชัย,301416,ภูหลวง,NR-RESEARCH-AREA-189,189,Pak Thong Chai,Phu Luang,0;1,0,1,1,CONSERVATIVE_MAX_WITH_CONFLICT_FLAG,38493;38494,Drought risk duplicated with conflicting class values; droughtRiskLevel uses conservative maximum and raw values are retained.
NR-MONTHLY-2021-06-302107,2021-06,3021,ปากช่อง,302107,ขนงพระ,NR-RESEARCH-AREA-200,200,Pak Chong,Khanong Phra,0;1,0,1,1,CONSERVATIVE_MAX_WITH_CONFLICT_FLAG,40426;40427,Drought risk duplicated with conflicting class values; droughtRiskLevel uses conservative maximum and raw values are retained.
NR-MONTHLY-2021-06-302301,2021-06,3023,แก้งสนามนาง,302301,แก้งสนามนาง,NR-RESEARCH-AREA-025,25,Kaeng Sanam Nang,Kaeng Sanam Nang,0;1,0,1,1,CONSERVATIVE_MAX_WITH_CONFLICT_FLAG,4747;4748,Drought risk duplicated with conflicting class values; droughtRiskLevel uses conservative maximum and raw values are retained.
NR-MONTHLY-2021-06-302304,2021-06,3023,แก้งสนามนาง,302304,สีสุก,NR-RESEARCH-AREA-028,28,Kaeng Sanam Nang,Si Suk,0;1,0,1,1,CONSERVATIVE_MAX_WITH_CONFLICT_FLAG,5346;5347,Drought risk duplicated with conflicting class values; droughtRiskLevel uses conservative maximum and raw values are retained.
NR-MONTHLY-2021-06-303202,2021-06,3032,เฉลิมพระเกียรติ,303202,ท่าช้าง,NR-RESEARCH-AREA-073,73,Chaloem Phra Kiet,Tha Chang,0;1,0,1,1,CONSERVATIVE_MAX_WITH_CONFLICT_FLAG,14497;14498,Drought risk duplicated with conflicting class values; droughtRiskLevel uses conservative maximum and raw values are retained.
NR-MONTHLY-2021-07-300204,2021-07,3002,ครบุรี,300204,โคกกระชาย,NR-RESEARCH-AREA-055,55,Khon Buri,Khok Krachai,0;1,0,1,1,CONSERVATIVE_MAX_WITH_CONFLICT_FLAG,10917;10918,Drought risk duplicated with conflicting class values; droughtRiskLevel uses conservative maximum and raw values are retained.
NR-MONTHLY-2021-07-301405,2021-07,3014,ปักธงชัย,301405,ตะขบ,NR-RESEARCH-AREA-182,182,Pak Thong Chai,Takhop,0;1,0,1,1,CONSERVATIVE_MAX_WITH_CONFLICT_FLAG,37027;37028,Drought risk duplicated with conflicting class values; droughtRiskLevel uses conservative maximum and raw values are retained.
NR-MONTHLY-2021-07-301412,2021-07,3014,ปักธงชัย,301412,ลำนางแก้ว,NR-RESEARCH-AREA-188,188,Pak Thong Chai,Lam Nang Kaeo,0;1,0,1,1,CONSERVATIVE_MAX_WITH_CONFLICT_FLAG,38287;38288,Drought risk duplicated with conflicting class values; droughtRiskLevel uses conservative maximum and raw values are retained.
NR-MONTHLY-2021-07-301503,2021-07,3015,พิมาย,301503,โบสถ์,NR-RESEARCH-AREA-213,213,Phimai,Bot,0;1,0,1,1,CONSERVATIVE_MAX_WITH_CONFLICT_FLAG,42920;42921,Drought risk duplicated with conflicting class values; droughtRiskLevel uses conservative maximum and raw values are retained.
NR-MONTHLY-2021-07-301602,2021-07,3016,ห้วยแถลง,301602,ทับสวาย,NR-RESEARCH-AREA-280,280,Huai Thalaeng,Thap Sawai,0;1,0,1,1,CONSERVATIVE_MAX_WITH_CONFLICT_FLAG,56706;56707,Drought risk duplicated with conflicting class values; droughtRiskLevel uses conservative maximum and raw values are retained.
NR-MONTHLY-2021-07-302201,2021-07,3022,หนองบุญมาก,302201,หนองบุนนาก,NR-RESEARCH-AREA-270,270,Nong Bunmak,Nong Bunnak,0;1,0,1,1,CONSERVATIVE_MAX_WITH_CONFLICT_FLAG,54556;54557,Drought risk duplicated with conflicting class values; droughtRiskLevel uses conservative maximum and raw values are retained.
NR-MONTHLY-2021-07-302202,2021-07,3022,หนองบุญมาก,302202,สารภี,NR-RESEARCH-AREA-271,271,Nong Bunmak,Saraphi,0;1,0,1,1,CONSERVATIVE_MAX_WITH_CONFLICT_FLAG,54775;54776,Drought risk duplicated with conflicting class values; droughtRiskLevel uses conservative maximum and raw values are retained.
NR-MONTHLY-2021-07-302206,2021-07,3022,หนองบุญมาก,302206,หนองตะไก้,NR-RESEARCH-AREA-275,275,Nong Bunmak,Nong Takai,0;1,0,1,1,CONSERVATIVE_MAX_WITH_CONFLICT_FLAG,55650;55651,Drought risk duplicated with conflicting class values; droughtRiskLevel uses conservative maximum and raw values are retained.
NR-MONTHLY-2021-08-300205,2021-08,3002,ครบุรี,300205,จระเข้หิน,NR-RESEARCH-AREA-056,56,Khon Buri,Chorakhe Hin,0;1,0,1,1,CONSERVATIVE_MAX_WITH_CONFLICT_FLAG,11114;11115,Drought risk duplicated with conflicting class values; droughtRiskLevel uses conservative maximum and raw values are retained.
NR-MONTHLY-2021-08-300301,2021-08,3003,เสิงสาง,300301,เสิงสาง,NR-RESEARCH-AREA-264,264,Soeng Sang,Soeng Sang,0;1,0,1,1,CONSERVATIVE_MAX_WITH_CONFLICT_FLAG,53416;53417,Drought risk duplicated with conflicting class values; droughtRiskLevel uses conservative maximum and raw values are retained.
NR-MONTHLY-2021-08-300503,2021-08,3005,บ้านเหลื่อม,300503,โคกกระเบื้อง,NR-RESEARCH-AREA-163,163,Ban Lueam,Khok Krabueang,0;1,0,1,1,CONSERVATIVE_MAX_WITH_CONFLICT_FLAG,33170;33171,Drought risk duplicated with conflicting class values; droughtRiskLevel uses conservative maximum and raw values are retained.
NR-MONTHLY-2021-08-300601,2021-08,3006,จักราช,300601,จักราช,NR-RESEARCH-AREA-064,64,Chakkarat,Chakkarat,0;1,0,1,1,CONSERVATIVE_MAX_WITH_CONFLICT_FLAG,12633;12634,Drought risk duplicated with conflicting class values; droughtRiskLevel uses conservative maximum and raw values are retained.
NR-MONTHLY-2021-08-300610,2021-08,3006,จักราช,300610,ศรีละกอ,NR-RESEARCH-AREA-069,69,Chakkarat,Si Lako,0;1,0,1,1,CONSERVATIVE_MAX_WITH_CONFLICT_FLAG,13680;13681,Drought risk duplicated with conflicting class values; droughtRiskLevel uses conservative maximum and raw values are retained.
NR-MONTHLY-2021-08-301502,2021-08,3015,พิมาย,301502,สัมฤทธิ์,NR-RESEARCH-AREA-212,212,Phimai,Samrit,0;1,0,1,1,CONSERVATIVE_MAX_WITH_CONFLICT_FLAG,42692;42693,Drought risk duplicated with conflicting class values; droughtRiskLevel uses conservative maximum and raw values are retained.
NR-MONTHLY-2021-08-301506,2021-08,3015,พิมาย,301506,รังกาใหญ่,NR-RESEARCH-AREA-216,216,Phimai,Rang Ka Yai,0;1,0,1,1,CONSERVATIVE_MAX_WITH_CONFLICT_FLAG,43617;43618,Drought risk duplicated with conflicting class values; droughtRiskLevel uses conservative maximum and raw values are retained.
NR-MONTHLY-2021-08-301507,2021-08,3015,พิมาย,301507,ชีวาน,NR-RESEARCH-AREA-217,217,Phimai,Chiwan,0;1,0,1,1,CONSERVATIVE_MAX_WITH_CONFLICT_FLAG,43850;43851,Drought risk duplicated with conflicting class values; droughtRiskLevel uses conservative maximum and raw values are retained.
NR-MONTHLY-2021-08-302901,2021-08,3029,ลำทะเมนชัย,302901,ขุย,NR-RESEARCH-AREA-227,227,Lamtaman Chai,Khui,0;1,0,1,1,CONSERVATIVE_MAX_WITH_CONFLICT_FLAG,46038;46039,Drought risk duplicated with conflicting class values; droughtRiskLevel uses conservative maximum and raw values are retained.
NR-MONTHLY-2021-08-302903,2021-08,3029,ลำทะเมนชัย,302903,ช่องแมว,NR-RESEARCH-AREA-229,229,Lamtaman Chai,Chong Maeo,0;1,0,1,1,CONSERVATIVE_MAX_WITH_CONFLICT_FLAG,46465;46466,Drought risk duplicated with conflicting class values; droughtRiskLevel uses conservative maximum and raw values are retained.
NR-MONTHLY-2021-08-303205,2021-08,3032,เฉลิมพระเกียรติ,303205,หนองยาง,NR-RESEARCH-AREA-076,76,Chaloem Phra Kiet,Nong Yang,0;1,0,1,1,CONSERVATIVE_MAX_WITH_CONFLICT_FLAG,15114;15115,Drought risk duplicated with conflicting class values; droughtRiskLevel uses conservative maximum and raw values are retained.
NR-MONTHLY-2021-09-300905,2021-09,3009,โนนไทย,300905,ค้างพลู,NR-RESEARCH-AREA-125,125,Non Thai,Khang Phlu,0;1,0,1,1,CONSERVATIVE_MAX_WITH_CONFLICT_FLAG,25490;25491,Drought risk duplicated with conflicting class values; droughtRiskLevel uses conservative maximum and raw values are retained.
NR-MONTHLY-2021-09-301006,2021-09,3010,โนนสูง,301006,ธารปราสาท,NR-RESEARCH-AREA-136,136,Non Sung,Than Prasat,0;1,0,1,1,CONSERVATIVE_MAX_WITH_CONFLICT_FLAG,27763;27764,Drought risk duplicated with conflicting class values; droughtRiskLevel uses conservative maximum and raw values are retained.
NR-MONTHLY-2021-09-301102,2021-09,3011,ขามสะแกแสง,301102,โนนเมือง,NR-RESEARCH-AREA-036,36,Kham Sakae Saeng,Non Mueang,0;1,0,1,1,CONSERVATIVE_MAX_WITH_CONFLICT_FLAG,6988;6989,Drought risk duplicated with conflicting class values; droughtRiskLevel uses conservative maximum and raw values are retained.
NR-MONTHLY-2021-09-301307,2021-09,3013,ประทาย,301307,หนองพลวง,NR-RESEARCH-AREA-166,166,Prathai,Nong Phluang,0;1,0,1,1,CONSERVATIVE_MAX_WITH_CONFLICT_FLAG,33764;33765,Drought risk duplicated with conflicting class values; droughtRiskLevel uses conservative maximum and raw values are retained.
NR-MONTHLY-2021-09-301407,2021-09,3014,ปักธงชัย,301407,ดอน,NR-RESEARCH-AREA-184,184,Pak Thong Chai,Don,0;1,0,1,1,CONSERVATIVE_MAX_WITH_CONFLICT_FLAG,37451;37452,Drought risk duplicated with conflicting class values; droughtRiskLevel uses conservative maximum and raw values are retained.
NR-MONTHLY-2021-09-301416,2021-09,3014,ปักธงชัย,301416,ภูหลวง,NR-RESEARCH-AREA-189,189,Pak Thong Chai,Phu Luang,0;1,0,1,1,CONSERVATIVE_MAX_WITH_CONFLICT_FLAG,38499;38500,Drought risk duplicated with conflicting class values; droughtRiskLevel uses conservative maximum and raw values are retained.
NR-MONTHLY-2021-09-301503,2021-09,3015,พิมาย,301503,โบสถ์,NR-RESEARCH-AREA-213,213,Phimai,Bot,0;1,0,1,1,CONSERVATIVE_MAX_WITH_CONFLICT_FLAG,42924;42925,Drought risk duplicated with conflicting class values; droughtRiskLevel uses conservative maximum and raw values are retained.
NR-MONTHLY-2021-09-301510,2021-09,3015,พิมาย,301510,ดงใหญ่,NR-RESEARCH-AREA-220,220,Phimai,Dong Yai,0;1,0,1,1,CONSERVATIVE_MAX_WITH_CONFLICT_FLAG,44546;44547,Drought risk duplicated with conflicting class values; droughtRiskLevel uses conservative maximum and raw values are retained.
NR-MONTHLY-2021-09-301901,2021-09,3019,ขามทะเลสอ,301901,ขามทะเลสอ,NR-RESEARCH-AREA-030,30,Kham Thale So,Kham Thale So,0;1,0,1,1,CONSERVATIVE_MAX_WITH_CONFLICT_FLAG,5749;5750,Drought risk duplicated with conflicting class values; droughtRiskLevel uses conservative maximum and raw values are retained.
NR-MONTHLY-2021-09-302702,2021-09,3027,เมืองยาง,302702,กระเบื้องนอก,NR-RESEARCH-AREA-224,224,Mueang Yang,Krabueang Nok,0;1,0,1,1,CONSERVATIVE_MAX_WITH_CONFLICT_FLAG,45435;45436,Drought risk duplicated with conflicting class values; droughtRiskLevel uses conservative maximum and raw values are retained.
NR-MONTHLY-2021-09-302805,2021-09,3028,พระทองคำ,302805,หนองหอย,NR-RESEARCH-AREA-210,210,Phra Thong Kham,Nong Hoi,0;1,0,1,1,CONSERVATIVE_MAX_WITH_CONFLICT_FLAG,42253;42254,Drought risk duplicated with conflicting class values; droughtRiskLevel uses conservative maximum and raw values are retained.
NR-MONTHLY-2021-09-302902,2021-09,3029,ลำทะเมนชัย,302902,บ้านยาง,NR-RESEARCH-AREA-228,228,Lamtaman Chai,Ban Yang,0;1,0,1,1,CONSERVATIVE_MAX_WITH_CONFLICT_FLAG,46255;46256,Drought risk duplicated with conflicting class values; droughtRiskLevel uses conservative maximum and raw values are retained.
NR-MONTHLY-2021-09-303202,2021-09,3032,เฉลิมพระเกียรติ,303202,ท่าช้าง,NR-RESEARCH-AREA-073,73,Chaloem Phra Kiet,Tha Chang,0;1,0,1,1,CONSERVATIVE_MAX_WITH_CONFLICT_FLAG,14503;14504,Drought risk duplicated with conflicting class values; droughtRiskLevel uses conservative maximum and raw values are retained.
NR-MONTHLY-2021-10-300122,2021-10,3001,เมืองนครราชสีมา,300122,ตลาด,NR-RESEARCH-AREA-021,21,Mueang Nakhon Ratchasima,Talat,0;1,0,1,1,CONSERVATIVE_MAX_WITH_CONFLICT_FLAG,3985;3986,Drought risk duplicated with conflicting class values; droughtRiskLevel uses conservative maximum and raw values are retained.
NR-MONTHLY-2021-10-300202,2021-10,3002,ครบุรี,300202,เฉลียง,NR-RESEARCH-AREA-053,53,Khon Buri,Chaliang,0;1,0,1,1,CONSERVATIVE_MAX_WITH_CONFLICT_FLAG,10546;10547,Drought risk duplicated with conflicting class values; droughtRiskLevel uses conservative maximum and raw values are retained.
NR-MONTHLY-2021-10-300203,2021-10,3002,ครบุรี,300203,ครบุรี,NR-RESEARCH-AREA-054,54,Khon Buri,Khon Buri,0;1,0,1,1,CONSERVATIVE_MAX_WITH_CONFLICT_FLAG,10734;10735,Drought risk duplicated with conflicting class values; droughtRiskLevel uses conservative maximum and raw values are retained.
NR-MONTHLY-2021-10-300207,2021-10,3002,ครบุรี,300207,อรพิมพ์,NR-RESEARCH-AREA-058,58,Khon Buri,Oraphim,0;1,0,1,1,CONSERVATIVE_MAX_WITH_CONFLICT_FLAG,11504;11505,Drought risk duplicated with conflicting class values; droughtRiskLevel uses conservative maximum and raw values are retained.
NR-MONTHLY-2021-10-300210,2021-10,3002,ครบุรี,300210,ครบุรีใต้,NR-RESEARCH-AREA-061,61,Khon Buri,Khon Buri Tai,0;1,0,1,1,CONSERVATIVE_MAX_WITH_CONFLICT_FLAG,12053;12054,Drought risk duplicated with conflicting class values; droughtRiskLevel uses conservative maximum and raw values are retained.
NR-MONTHLY-2021-10-300408,2021-10,3004,คง,300408,โนนเต็ง,NR-RESEARCH-AREA-049,49,Khong,Non Teng,0;1,0,1,1,CONSERVATIVE_MAX_WITH_CONFLICT_FLAG,9772;9773,Drought risk duplicated with conflicting class values; droughtRiskLevel uses conservative maximum and raw values are retained.
NR-MONTHLY-2021-10-300601,2021-10,3006,จักราช,300601,จักราช,NR-RESEARCH-AREA-064,64,Chakkarat,Chakkarat,0;1,0,1,1,CONSERVATIVE_MAX_WITH_CONFLICT_FLAG,12637;12638,Drought risk duplicated with conflicting class values; droughtRiskLevel uses conservative maximum and raw values are retained.
NR-MONTHLY-2021-10-300702,2021-10,3007,โชคชัย,300702,พลับพลา,NR-RESEARCH-AREA-087,87,Chok Chai,Phlapphla,0;1,0,1,1,CONSERVATIVE_MAX_WITH_CONFLICT_FLAG,17580;17581,Drought risk duplicated with conflicting class values; droughtRiskLevel uses conservative maximum and raw values are retained.
NR-MONTHLY-2021-10-300809,2021-10,3008,ด่านขุนทด,300809,สระจรเข้,NR-RESEARCH-AREA-104,104,Dan Khun Thot,Sa Chorakhe,0;1,0,1,1,CONSERVATIVE_MAX_WITH_CONFLICT_FLAG,21058;21059,Drought risk duplicated with conflicting class values; droughtRiskLevel uses conservative maximum and raw values are retained.
NR-MONTHLY-2021-10-300908,2021-10,3009,โนนไทย,300908,สายออ,NR-RESEARCH-AREA-128,128,Non Thai,Sai-O,0;1,0,1,1,CONSERVATIVE_MAX_WITH_CONFLICT_FLAG,26128;26129,Drought risk duplicated with conflicting class values; droughtRiskLevel uses conservative maximum and raw values are retained.
NR-MONTHLY-2021-10-301001,2021-10,3010,โนนสูง,301001,โนนสูง,NR-RESEARCH-AREA-131,131,Non Sung,Non Sung,0;1,0,1,1,CONSERVATIVE_MAX_WITH_CONFLICT_FLAG,26754;26755,Drought risk duplicated with conflicting class values; droughtRiskLevel uses conservative maximum and raw values are retained.
NR-MONTHLY-2021-10-301306,2021-10,3013,ประทาย,301306,ตลาดไทร,NR-RESEARCH-AREA-173,173,Prathai,Talat Sai,0;1,0,1,1,CONSERVATIVE_MAX_WITH_CONFLICT_FLAG,35170;35171,Drought risk duplicated with conflicting class values; droughtRiskLevel uses conservative maximum and raw values are retained.
NR-MONTHLY-2021-10-301403,2021-10,3014,ปักธงชัย,301403,โคกไทย,NR-RESEARCH-AREA-180,180,Pak Thong Chai,Khok Thai,0;1,0,1,1,CONSERVATIVE_MAX_WITH_CONFLICT_FLAG,36609;36610,Drought risk duplicated with conflicting class values; droughtRiskLevel uses conservative maximum and raw values are retained.
NR-MONTHLY-2021-10-301406,2021-10,3014,ปักธงชัย,301406,นกออก,NR-RESEARCH-AREA-183,183,Pak Thong Chai,Nok Ok,0;1,0,1,1,CONSERVATIVE_MAX_WITH_CONFLICT_FLAG,37244;37245,Drought risk duplicated with conflicting class values; droughtRiskLevel uses conservative maximum and raw values are retained.
NR-MONTHLY-2021-10-301410,2021-10,3014,ปักธงชัย,301410,งิ้ว,NR-RESEARCH-AREA-186,186,Pak Thong Chai,Ngio,0;1,0,1,1,CONSERVATIVE_MAX_WITH_CONFLICT_FLAG,37874;37875,Drought risk duplicated with conflicting class values; droughtRiskLevel uses conservative maximum and raw values are retained.
NR-MONTHLY-2021-10-301417,2021-10,3014,ปักธงชัย,301417,ธงชัยเหนือ,NR-RESEARCH-AREA-190,190,Pak Thong Chai,Thong Chai Nuea,0;1,0,1,1,CONSERVATIVE_MAX_WITH_CONFLICT_FLAG,38709;38710,Drought risk duplicated with conflicting class values; droughtRiskLevel uses conservative maximum and raw values are retained.
NR-MONTHLY-2021-10-301418,2021-10,3014,ปักธงชัย,301418,สุขเกษม,NR-RESEARCH-AREA-191,191,Pak Thong Chai,Suk Kasem,0;1,0,1,1,CONSERVATIVE_MAX_WITH_CONFLICT_FLAG,38919;38920,Drought risk duplicated with conflicting class values; droughtRiskLevel uses conservative maximum and raw values are retained.
NR-MONTHLY-2021-10-301419,2021-10,3014,ปักธงชัย,301419,เกษมทรัพย์,NR-RESEARCH-AREA-192,192,Pak Thong Chai,Kasem Sap,0;1,0,1,1,CONSERVATIVE_MAX_WITH_CONFLICT_FLAG,39128;39129,Drought risk duplicated with conflicting class values; droughtRiskLevel uses conservative maximum and raw values are retained.
NR-MONTHLY-2021-10-301502,2021-10,3015,พิมาย,301502,สัมฤทธิ์,NR-RESEARCH-AREA-212,212,Phimai,Samrit,0;1,0,1,1,CONSERVATIVE_MAX_WITH_CONFLICT_FLAG,42696;42697,Drought risk duplicated with conflicting class values; droughtRiskLevel uses conservative maximum and raw values are retained.
NR-MONTHLY-2021-10-301504,2021-10,3015,พิมาย,301504,กระเบื้องใหญ่,NR-RESEARCH-AREA-214,214,Phimai,Krabueang Yai,0;1,0,1,1,CONSERVATIVE_MAX_WITH_CONFLICT_FLAG,43159;43160,Drought risk duplicated with conflicting class values; droughtRiskLevel uses conservative maximum and raw values are retained.
NR-MONTHLY-2021-10-301505,2021-10,3015,พิมาย,301505,ท่าหลวง,NR-RESEARCH-AREA-215,215,Phimai,Tha Luang,0;1,0,1,1,CONSERVATIVE_MAX_WITH_CONFLICT_FLAG,43390;43391,Drought risk duplicated with conflicting class values; droughtRiskLevel uses conservative maximum and raw values are retained.
NR-MONTHLY-2021-10-301701,2021-10,3017,ชุมพวง,301701,ชุมพวง,NR-RESEARCH-AREA-077,77,Chum Phuang,Chum Phuang,0;1,0,1,1,CONSERVATIVE_MAX_WITH_CONFLICT_FLAG,15338;15339,Drought risk duplicated with conflicting class values; droughtRiskLevel uses conservative maximum and raw values are retained.
NR-MONTHLY-2021-10-301717,2021-10,3017,ชุมพวง,301717,โนนยอ,NR-RESEARCH-AREA-085,85,Chum Phuang,Non Yo,0;1,0,1,1,CONSERVATIVE_MAX_WITH_CONFLICT_FLAG,17164;17165,Drought risk duplicated with conflicting class values; droughtRiskLevel uses conservative maximum and raw values are retained.
NR-MONTHLY-2021-10-301807,2021-10,3018,สูงเนิน,301807,มะเกลือเก่า,NR-RESEARCH-AREA-259,259,Sung Noen,Makluea Kao,0;1,0,1,1,CONSERVATIVE_MAX_WITH_CONFLICT_FLAG,52382;52383,Drought risk duplicated with conflicting class values; droughtRiskLevel uses conservative maximum and raw values are retained.
NR-MONTHLY-2021-10-301809,2021-10,3018,สูงเนิน,301809,นากลาง,NR-RESEARCH-AREA-261,261,Sung Noen,Na Klang,0;1,0,1,1,CONSERVATIVE_MAX_WITH_CONFLICT_FLAG,52790;52791,Drought risk duplicated with conflicting class values; droughtRiskLevel uses conservative maximum and raw values are retained.
NR-MONTHLY-2021-10-301810,2021-10,3018,สูงเนิน,301810,หนองตะไก้,NR-RESEARCH-AREA-262,262,Sung Noen,Nong Takai,0;1,0,1,1,CONSERVATIVE_MAX_WITH_CONFLICT_FLAG,52994;52995,Drought risk duplicated with conflicting class values; droughtRiskLevel uses conservative maximum and raw values are retained.
NR-MONTHLY-2021-10-302107,2021-10,3021,ปากช่อง,302107,ขนงพระ,NR-RESEARCH-AREA-200,200,Pak Chong,Khanong Phra,0;1,0,1,1,CONSERVATIVE_MAX_WITH_CONFLICT_FLAG,40434;40435,Drought risk duplicated with conflicting class values; droughtRiskLevel uses conservative maximum and raw values are retained.
NR-MONTHLY-2021-10-302108,2021-10,3021,ปากช่อง,302108,โป่งตาลอง,NR-RESEARCH-AREA-201,201,Pak Chong,Pong Ta Long,0;1,0,1,1,CONSERVATIVE_MAX_WITH_CONFLICT_FLAG,40608;40609,Drought risk duplicated with conflicting class values; droughtRiskLevel uses conservative maximum and raw values are retained.
NR-MONTHLY-2021-10-302503,2021-10,3025,วังน้ำเขียว,302503,ระเริง,NR-RESEARCH-AREA-233,233,Wang Nam Khiao,Raroeng,0;1,0,1,1,CONSERVATIVE_MAX_WITH_CONFLICT_FLAG,47246;47247,Drought risk duplicated with conflicting class values; droughtRiskLevel uses conservative maximum and raw values are retained.
NR-MONTHLY-2021-10-302504,2021-10,3025,วังน้ำเขียว,302504,อุดมทรัพย์,NR-RESEARCH-AREA-234,234,Wang Nam Khiao,Udom Sap,0;1,0,1,1,CONSERVATIVE_MAX_WITH_CONFLICT_FLAG,47428;47429,Drought risk duplicated with conflicting class values; droughtRiskLevel uses conservative maximum and raw values are retained.
NR-MONTHLY-2021-10-302901,2021-10,3029,ลำทะเมนชัย,302901,ขุย,NR-RESEARCH-AREA-227,227,Lamtaman Chai,Khui,0;1,0,1,1,CONSERVATIVE_MAX_WITH_CONFLICT_FLAG,46042;46043,Drought risk duplicated with conflicting class values; droughtRiskLevel uses conservative maximum and raw values are retained.
NR-MONTHLY-2021-11-300102,2021-11,3001,เมืองนครราชสีมา,300102,โพธิ์กลาง,NR-RESEARCH-AREA-001,1,Mueang Nakhon Ratchasima,Pho Klang,0;1,0,1,1,CONSERVATIVE_MAX_WITH_CONFLICT_FLAG,251;252,Drought risk duplicated with conflicting class values; droughtRiskLevel uses conservative maximum and raw values are retained.
NR-MONTHLY-2021-11-300103,2021-11,3001,เมืองนครราชสีมา,300103,หนองจะบก,NR-RESEARCH-AREA-002,2,Mueang Nakhon Ratchasima,Nong Chabok,0;1,0,1,1,CONSERVATIVE_MAX_WITH_CONFLICT_FLAG,436;437,Drought risk duplicated with conflicting class values; droughtRiskLevel uses conservative maximum and raw values are retained.
NR-MONTHLY-2021-11-300104,2021-11,3001,เมืองนครราชสีมา,300104,โคกสูง,NR-RESEARCH-AREA-003,3,Mueang Nakhon Ratchasima,Khok Sung,0;1,0,1,1,CONSERVATIVE_MAX_WITH_CONFLICT_FLAG,622;623,Drought risk duplicated with conflicting class values; droughtRiskLevel uses conservative maximum and raw values are retained.
NR-MONTHLY-2021-11-300105,2021-11,3001,เมืองนครราชสีมา,300105,มะเริง,NR-RESEARCH-AREA-004,4,Mueang Nakhon Ratchasima,Maroeng,0;1,0,1,1,CONSERVATIVE_MAX_WITH_CONFLICT_FLAG,812;813,Drought risk duplicated with conflicting class values; droughtRiskLevel uses conservative maximum and raw values are retained.
NR-MONTHLY-2021-11-300106,2021-11,3001,เมืองนครราชสีมา,300106,หนองระเวียง,NR-RESEARCH-AREA-005,5,Mueang Nakhon Ratchasima,Nong Rawiang,0;1,0,1,1,CONSERVATIVE_MAX_WITH_CONFLICT_FLAG,1003;1004,Drought risk duplicated with conflicting class values; droughtRiskLevel uses conservative maximum and raw values are retained.
NR-MONTHLY-2021-11-300108,2021-11,3001,เมืองนครราชสีมา,300108,หมื่นไวย,NR-RESEARCH-AREA-007,7,Mueang Nakhon Ratchasima,Muen Wai,0;1,0,1,1,CONSERVATIVE_MAX_WITH_CONFLICT_FLAG,1382;1383,Drought risk duplicated with conflicting class values; droughtRiskLevel uses conservative maximum and raw values are retained.
NR-MONTHLY-2021-11-300109,2021-11,3001,เมืองนครราชสีมา,300109,พลกรัง,NR-RESEARCH-AREA-008,8,Mueang Nakhon Ratchasima,Phon Krang,0;1,0,1,1,CONSERVATIVE_MAX_WITH_CONFLICT_FLAG,1572;1573,Drought risk duplicated with conflicting class values; droughtRiskLevel uses conservative maximum and raw values are retained.
NR-MONTHLY-2021-11-300114,2021-11,3001,เมืองนครราชสีมา,300114,พุดซา,NR-RESEARCH-AREA-013,13,Mueang Nakhon Ratchasima,Phut Sa,0;1,0,1,1,CONSERVATIVE_MAX_WITH_CONFLICT_FLAG,2480;2481,Drought risk duplicated with conflicting class values; droughtRiskLevel uses conservative maximum and raw values are retained.
NR-MONTHLY-2021-11-300115,2021-11,3001,เมืองนครราชสีมา,300115,บ้านโพธิ์,NR-RESEARCH-AREA-014,14,Mueang Nakhon Ratchasima,Ban Pho,0;1,0,1,1,CONSERVATIVE_MAX_WITH_CONFLICT_FLAG,2671;2672,Drought risk duplicated with conflicting class values; droughtRiskLevel uses conservative maximum and raw values are retained.
NR-MONTHLY-2021-11-300116,2021-11,3001,เมืองนครราชสีมา,300116,จอหอ,NR-RESEARCH-AREA-015,15,Mueang Nakhon Ratchasima,Cho Ho,0;1,0,1,1,CONSERVATIVE_MAX_WITH_CONFLICT_FLAG,2860;2861,Drought risk duplicated with conflicting class values; droughtRiskLevel uses conservative maximum and raw values are retained.
NR-MONTHLY-2021-11-300117,2021-11,3001,เมืองนครราชสีมา,300117,โคกกรวด,NR-RESEARCH-AREA-016,16,Mueang Nakhon Ratchasima,Khok Kruat,0;1,0,1,1,CONSERVATIVE_MAX_WITH_CONFLICT_FLAG,3050;3051,Drought risk duplicated with conflicting class values; droughtRiskLevel uses conservative maximum and raw values are retained.
NR-MONTHLY-2021-11-300118,2021-11,3001,เมืองนครราชสีมา,300118,ไชยมงคล,NR-RESEARCH-AREA-017,17,Mueang Nakhon Ratchasima,Chai Mongkhon,0;1,0,1,1,CONSERVATIVE_MAX_WITH_CONFLICT_FLAG,3238;3239,Drought risk duplicated with conflicting class values; droughtRiskLevel uses conservative maximum and raw values are retained.
NR-MONTHLY-2021-11-300119,2021-11,3001,เมืองนครราชสีมา,300119,หนองบัวศาลา,NR-RESEARCH-AREA-018,18,Mueang Nakhon Ratchasima,Nong Bua Sala,0;1,0,1,1,CONSERVATIVE_MAX_WITH_CONFLICT_FLAG,3424;3425,Drought risk duplicated with conflicting class values; droughtRiskLevel uses conservative maximum and raw values are retained.
NR-MONTHLY-2021-11-300120,2021-11,3001,เมืองนครราชสีมา,300120,สุรนารี,NR-RESEARCH-AREA-019,19,Mueang Nakhon Ratchasima,Suranari,0;1,0,1,1,CONSERVATIVE_MAX_WITH_CONFLICT_FLAG,3608;3609,Drought risk duplicated with conflicting class values; droughtRiskLevel uses conservative maximum and raw values are retained.
NR-MONTHLY-2021-11-300121,2021-11,3001,เมืองนครราชสีมา,300121,สีมุม,NR-RESEARCH-AREA-020,20,Mueang Nakhon Ratchasima,Si Mum,0;1,0,1,1,CONSERVATIVE_MAX_WITH_CONFLICT_FLAG,3798;3799,Drought risk duplicated with conflicting class values; droughtRiskLevel uses conservative maximum and raw values are retained.
NR-MONTHLY-2021-11-300123,2021-11,3001,เมืองนครราชสีมา,300123,พะเนา,NR-RESEARCH-AREA-022,22,Mueang Nakhon Ratchasima,Phanao,0;1,0,1,1,CONSERVATIVE_MAX_WITH_CONFLICT_FLAG,4179;4180,Drought risk duplicated with conflicting class values; droughtRiskLevel uses conservative maximum and raw values are retained.
NR-MONTHLY-2021-11-300125,2021-11,3001,เมืองนครราชสีมา,300125,หนองไข่น้ำ,NR-RESEARCH-AREA-024,24,Mueang Nakhon Ratchasima,Nong Khai Nam,0;1,0,1,1,CONSERVATIVE_MAX_WITH_CONFLICT_FLAG,4559;4560,Drought risk duplicated with conflicting class values; droughtRiskLevel uses conservative maximum and raw values are retained.
NR-MONTHLY-2021-11-300206,2021-11,3002,ครบุรี,300206,มาบตะโกเอน,NR-RESEARCH-AREA-057,57,Khon Buri,Map Tako En,0;1,0,1,1,CONSERVATIVE_MAX_WITH_CONFLICT_FLAG,11313;11314,Drought risk duplicated with conflicting class values; droughtRiskLevel uses conservative maximum and raw values are retained.
NR-MONTHLY-2021-11-300301,2021-11,3003,เสิงสาง,300301,เสิงสาง,NR-RESEARCH-AREA-264,264,Soeng Sang,Soeng Sang,0;1,0,1,1,CONSERVATIVE_MAX_WITH_CONFLICT_FLAG,53422;53423,Drought risk duplicated with conflicting class values; droughtRiskLevel uses conservative maximum and raw values are retained.
NR-MONTHLY-2021-11-300304,2021-11,3003,เสิงสาง,300304,กุดโบสถ์,NR-RESEARCH-AREA-267,267,Soeng Sang,Kut Bot,0;1,0,1,1,CONSERVATIVE_MAX_WITH_CONFLICT_FLAG,53992;53993,Drought risk duplicated with conflicting class values; droughtRiskLevel uses conservative maximum and raw values are retained.
NR-MONTHLY-2021-11-300401,2021-11,3004,คง,300401,เมืองคง,NR-RESEARCH-AREA-042,42,Khong,Mueang Khong,0;1,0,1,1,CONSERVATIVE_MAX_WITH_CONFLICT_FLAG,8389;8390,Drought risk duplicated with conflicting class values; droughtRiskLevel uses conservative maximum and raw values are retained.
NR-MONTHLY-2021-11-300402,2021-11,3004,คง,300402,คูขาด,NR-RESEARCH-AREA-043,43,Khong,Khu Khat,0;1,0,1,1,CONSERVATIVE_MAX_WITH_CONFLICT_FLAG,8586;8587,Drought risk duplicated with conflicting class values; droughtRiskLevel uses conservative maximum and raw values are retained.
NR-MONTHLY-2021-11-300403,2021-11,3004,คง,300403,เทพาลัย,NR-RESEARCH-AREA-044,44,Khong,Thephalai,0;1,0,1,1,CONSERVATIVE_MAX_WITH_CONFLICT_FLAG,8782;8783,Drought risk duplicated with conflicting class values; droughtRiskLevel uses conservative maximum and raw values are retained.
NR-MONTHLY-2021-11-300404,2021-11,3004,คง,300404,ตาจั่น,NR-RESEARCH-AREA-045,45,Khong,Ta Chan,0;1,0,1,1,CONSERVATIVE_MAX_WITH_CONFLICT_FLAG,8979;8980,Drought risk duplicated with conflicting class values; droughtRiskLevel uses conservative maximum and raw values are retained.
NR-MONTHLY-2021-11-300405,2021-11,3004,คง,300405,บ้านปรางค์,NR-RESEARCH-AREA-046,46,Khong,Ban Prang,0;1,0,1,1,CONSERVATIVE_MAX_WITH_CONFLICT_FLAG,9176;9177,Drought risk duplicated with conflicting class values; droughtRiskLevel uses conservative maximum and raw values are retained.
NR-MONTHLY-2021-11-300406,2021-11,3004,คง,300406,หนองมะนาว,NR-RESEARCH-AREA-047,47,Khong,Nong Manao,0;1,0,1,1,CONSERVATIVE_MAX_WITH_CONFLICT_FLAG,9374;9375,Drought risk duplicated with conflicting class values; droughtRiskLevel uses conservative maximum and raw values are retained.
NR-MONTHLY-2021-11-300407,2021-11,3004,คง,300407,หนองบัว,NR-RESEARCH-AREA-048,48,Khong,Nong Bua,0;1,0,1,1,CONSERVATIVE_MAX_WITH_CONFLICT_FLAG,9576;9577,Drought risk duplicated with conflicting class values; droughtRiskLevel uses conservative maximum and raw values are retained.
NR-MONTHLY-2021-11-300408,2021-11,3004,คง,300408,โนนเต็ง,NR-RESEARCH-AREA-049,49,Khong,Non Teng,0;1,0,1,1,CONSERVATIVE_MAX_WITH_CONFLICT_FLAG,9774;9775,Drought risk duplicated with conflicting class values; droughtRiskLevel uses conservative maximum and raw values are retained.
NR-MONTHLY-2021-11-300409,2021-11,3004,คง,300409,ดอนใหญ่,NR-RESEARCH-AREA-050,50,Khong,Don Yai,0;1,0,1,1,CONSERVATIVE_MAX_WITH_CONFLICT_FLAG,9971;9972,Drought risk duplicated with conflicting class values; droughtRiskLevel uses conservative maximum and raw values are retained.
NR-MONTHLY-2021-11-300410,2021-11,3004,คง,300410,ขามสมบูรณ์,NR-RESEARCH-AREA-051,51,Khong,Kham Sombun,0;1,0,1,1,CONSERVATIVE_MAX_WITH_CONFLICT_FLAG,10169;10170,Drought risk duplicated with conflicting class values; droughtRiskLevel uses conservative maximum and raw values are retained.
NR-MONTHLY-2021-11-300501,2021-11,3005,บ้านเหลื่อม,300501,บ้านเหลื่อม,NR-RESEARCH-AREA-161,161,Ban Lueam,Ban Lueam,0;1,0,1,1,CONSERVATIVE_MAX_WITH_CONFLICT_FLAG,32783;32784,Drought risk duplicated with conflicting class values; droughtRiskLevel uses conservative maximum and raw values are retained.
NR-MONTHLY-2021-11-300502,2021-11,3005,บ้านเหลื่อม,300502,วังโพธิ์,NR-RESEARCH-AREA-162,162,Ban Lueam,Wang Pho,0;1,0,1,1,CONSERVATIVE_MAX_WITH_CONFLICT_FLAG,32980;32981,Drought risk duplicated with conflicting class values; droughtRiskLevel uses conservative maximum and raw values are retained.
NR-MONTHLY-2021-11-300503,2021-11,3005,บ้านเหลื่อม,300503,โคกกระเบื้อง,NR-RESEARCH-AREA-163,163,Ban Lueam,Khok Krabueang,0;1,0,1,1,CONSERVATIVE_MAX_WITH_CONFLICT_FLAG,33176;33177,Drought risk duplicated with conflicting class values; droughtRiskLevel uses conservative maximum and raw values are retained.
NR-MONTHLY-2021-11-300504,2021-11,3005,บ้านเหลื่อม,300504,ช่อระกา,NR-RESEARCH-AREA-164,164,Ban Lueam,Cho Raka,0;1,0,1,1,CONSERVATIVE_MAX_WITH_CONFLICT_FLAG,33371;33372,Drought risk duplicated with conflicting class values; droughtRiskLevel uses conservative maximum and raw values are retained.
NR-MONTHLY-2021-11-300601,2021-11,3006,จักราช,300601,จักราช,NR-RESEARCH-AREA-064,64,Chakkarat,Chakkarat,0;1,0,1,1,CONSERVATIVE_MAX_WITH_CONFLICT_FLAG,12639;12640,Drought risk duplicated with conflicting class values; droughtRiskLevel uses conservative maximum and raw values are retained.
NR-MONTHLY-2021-11-300603,2021-11,3006,จักราช,300603,ทองหลาง,NR-RESEARCH-AREA-065,65,Chakkarat,Thong Lang,0;1,0,1,1,CONSERVATIVE_MAX_WITH_CONFLICT_FLAG,12849;12850,Drought risk duplicated with conflicting class values; droughtRiskLevel uses conservative maximum and raw values are retained.
NR-MONTHLY-2021-11-300604,2021-11,3006,จักราช,300604,สีสุก,NR-RESEARCH-AREA-066,66,Chakkarat,Si Suk,0;1,0,1,1,CONSERVATIVE_MAX_WITH_CONFLICT_FLAG,13058;13059,Drought risk duplicated with conflicting class values; droughtRiskLevel uses conservative maximum and raw values are retained.
NR-MONTHLY-2021-11-300605,2021-11,3006,จักราช,300605,หนองขาม,NR-RESEARCH-AREA-067,67,Chakkarat,Nong Kham,0;1,0,1,1,CONSERVATIVE_MAX_WITH_CONFLICT_FLAG,13268;13269,Drought risk duplicated with conflicting class values; droughtRiskLevel uses conservative maximum and raw values are retained.
NR-MONTHLY-2021-11-300611,2021-11,3006,จักราช,300611,คลองเมือง,NR-RESEARCH-AREA-070,70,Chakkarat,Khlong Mueang,0;1,0,1,1,CONSERVATIVE_MAX_WITH_CONFLICT_FLAG,13894;13895,Drought risk duplicated with conflicting class values; droughtRiskLevel uses conservative maximum and raw values are retained.
NR-MONTHLY-2021-11-300613,2021-11,3006,จักราช,300613,หินโคน,NR-RESEARCH-AREA-071,71,Chakkarat,Hin Khon,0;1,0,1,1,CONSERVATIVE_MAX_WITH_CONFLICT_FLAG,14101;14102,Drought risk duplicated with conflicting class values; droughtRiskLevel uses conservative maximum and raw values are retained.
NR-MONTHLY-2021-11-300701,2021-11,3007,โชคชัย,300701,กระโทก,NR-RESEARCH-AREA-086,86,Chok Chai,Krathok,0;1,0,1,1,CONSERVATIVE_MAX_WITH_CONFLICT_FLAG,17383;17384,Drought risk duplicated with conflicting class values; droughtRiskLevel uses conservative maximum and raw values are retained.
NR-MONTHLY-2021-11-300703,2021-11,3007,โชคชัย,300703,ท่าอ่าง,NR-RESEARCH-AREA-088,88,Chok Chai,Tha Ang,0;1,0,1,1,CONSERVATIVE_MAX_WITH_CONFLICT_FLAG,17781;17782,Drought risk duplicated with conflicting class values; droughtRiskLevel uses conservative maximum and raw values are retained.
NR-MONTHLY-2021-11-300705,2021-11,3007,โชคชัย,300705,ท่าลาดขาว,NR-RESEARCH-AREA-090,90,Chok Chai,Tha Lat Khao,0;1,0,1,1,CONSERVATIVE_MAX_WITH_CONFLICT_FLAG,18175;18176,Drought risk duplicated with conflicting class values; droughtRiskLevel uses conservative maximum and raw values are retained.
NR-MONTHLY-2021-11-300706,2021-11,3007,โชคชัย,300706,ท่าจะหลุง,NR-RESEARCH-AREA-091,91,Chok Chai,Tha Chalung,0;1,0,1,1,CONSERVATIVE_MAX_WITH_CONFLICT_FLAG,18373;18374,Drought risk duplicated with conflicting class values; droughtRiskLevel uses conservative maximum and raw values are retained.
NR-MONTHLY-2021-11-300801,2021-11,3008,ด่านขุนทด,300801,กุดพิมาน,NR-RESEARCH-AREA-096,96,Dan Khun Thot,Kut Phiman,0;1,0,1,1,CONSERVATIVE_MAX_WITH_CONFLICT_FLAG,19370;19371,Drought risk duplicated with conflicting class values; droughtRiskLevel uses conservative maximum and raw values are retained.
NR-MONTHLY-2021-11-300802,2021-11,3008,ด่านขุนทด,300802,ด่านขุนทด,NR-RESEARCH-AREA-097,97,Dan Khun Thot,Dan Khun Thot,0;1,0,1,1,CONSERVATIVE_MAX_WITH_CONFLICT_FLAG,19583;19584,Drought risk duplicated with conflicting class values; droughtRiskLevel uses conservative maximum and raw values are retained.
NR-MONTHLY-2021-11-300803,2021-11,3008,ด่านขุนทด,300803,ด่านนอก,NR-RESEARCH-AREA-098,98,Dan Khun Thot,Dan Nok,0;1,0,1,1,CONSERVATIVE_MAX_WITH_CONFLICT_FLAG,19793;19794,Drought risk duplicated with conflicting class values; droughtRiskLevel uses conservative maximum and raw values are retained.
NR-MONTHLY-2021-11-300804,2021-11,3008,ด่านขุนทด,300804,ด่านใน,NR-RESEARCH-AREA-099,99,Dan Khun Thot,Dan Nai,0;1,0,1,1,CONSERVATIVE_MAX_WITH_CONFLICT_FLAG,20003;20004,Drought risk duplicated with conflicting class values; droughtRiskLevel uses conservative maximum and raw values are retained.
NR-MONTHLY-2021-11-300805,2021-11,3008,ด่านขุนทด,300805,ตะเคียน,NR-RESEARCH-AREA-100,100,Dan Khun Thot,Takhian,0;1,0,1,1,CONSERVATIVE_MAX_WITH_CONFLICT_FLAG,20216;20217,Drought risk duplicated with conflicting class values; droughtRiskLevel uses conservative maximum and raw values are retained.
NR-MONTHLY-2021-11-300806,2021-11,3008,ด่านขุนทด,300806,บ้านเก่า,NR-RESEARCH-AREA-101,101,Dan Khun Thot,Ban Kao,0;1,0,1,1,CONSERVATIVE_MAX_WITH_CONFLICT_FLAG,20427;20428,Drought risk duplicated with conflicting class values; droughtRiskLevel uses conservative maximum and raw values are retained.
NR-MONTHLY-2021-11-300807,2021-11,3008,ด่านขุนทด,300807,บ้านแปรง,NR-RESEARCH-AREA-102,102,Dan Khun Thot,Ban Praeng,0;1,0,1,1,CONSERVATIVE_MAX_WITH_CONFLICT_FLAG,20639;20640,Drought risk duplicated with conflicting class values; droughtRiskLevel uses conservative maximum and raw values are retained.
NR-MONTHLY-2021-11-300808,2021-11,3008,ด่านขุนทด,300808,พันชนะ,NR-RESEARCH-AREA-103,103,Dan Khun Thot,Phan Chana,0;1,0,1,1,CONSERVATIVE_MAX_WITH_CONFLICT_FLAG,20850;20851,Drought risk duplicated with conflicting class values; droughtRiskLevel uses conservative maximum and raw values are retained.
NR-MONTHLY-2021-11-300809,2021-11,3008,ด่านขุนทด,300809,สระจรเข้,NR-RESEARCH-AREA-104,104,Dan Khun Thot,Sa Chorakhe,0;1,0,1,1,CONSERVATIVE_MAX_WITH_CONFLICT_FLAG,21060;21061,Drought risk duplicated with conflicting class values; droughtRiskLevel uses conservative maximum and raw values are retained.
NR-MONTHLY-2021-11-300810,2021-11,3008,ด่านขุนทด,300810,หนองกราด,NR-RESEARCH-AREA-105,105,Dan Khun Thot,Nong Krat,0;1,0,1,1,CONSERVATIVE_MAX_WITH_CONFLICT_FLAG,21267;21268,Drought risk duplicated with conflicting class values; droughtRiskLevel uses conservative maximum and raw values are retained.
NR-MONTHLY-2021-11-300811,2021-11,3008,ด่านขุนทด,300811,หนองบัวตะเกียด,NR-RESEARCH-AREA-106,106,Dan Khun Thot,Nong Bua Takiat,0;1,0,1,1,CONSERVATIVE_MAX_WITH_CONFLICT_FLAG,21476;21477,Drought risk duplicated with conflicting class values; droughtRiskLevel uses conservative maximum and raw values are retained.
NR-MONTHLY-2021-11-300812,2021-11,3008,ด่านขุนทด,300812,หนองบัวละคร,NR-RESEARCH-AREA-107,107,Dan Khun Thot,Nong Bua Lakhon,0;1,0,1,1,CONSERVATIVE_MAX_WITH_CONFLICT_FLAG,21686;21687,Drought risk duplicated with conflicting class values; droughtRiskLevel uses conservative maximum and raw values are retained.
NR-MONTHLY-2021-11-300813,2021-11,3008,ด่านขุนทด,300813,หินดาด,NR-RESEARCH-AREA-108,108,Dan Khun Thot,Hin Dat,0;1,0,1,1,CONSERVATIVE_MAX_WITH_CONFLICT_FLAG,21898;21899,Drought risk duplicated with conflicting class values; droughtRiskLevel uses conservative maximum and raw values are retained.
NR-MONTHLY-2021-11-300815,2021-11,3008,ด่านขุนทด,300815,ห้วยบง,NR-RESEARCH-AREA-109,109,Dan Khun Thot,Huai Bong,0;1,0,1,1,CONSERVATIVE_MAX_WITH_CONFLICT_FLAG,22108;22109,Drought risk duplicated with conflicting class values; droughtRiskLevel uses conservative maximum and raw values are retained.
NR-MONTHLY-2021-11-300817,2021-11,3008,ด่านขุนทด,300817,โนนเมืองพัฒนา,NR-RESEARCH-AREA-110,110,Dan Khun Thot,Non Mueang Phatthana,0;1,0,1,1,CONSERVATIVE_MAX_WITH_CONFLICT_FLAG,22316;22317,Drought risk duplicated with conflicting class values; droughtRiskLevel uses conservative maximum and raw values are retained.
NR-MONTHLY-2021-11-300818,2021-11,3008,ด่านขุนทด,300818,หนองไทร,NR-RESEARCH-AREA-111,111,Dan Khun Thot,Nong Sai,0;1,0,1,1,CONSERVATIVE_MAX_WITH_CONFLICT_FLAG,22525;22526,Drought risk duplicated with conflicting class values; droughtRiskLevel uses conservative maximum and raw values are retained.
NR-MONTHLY-2021-11-300901,2021-11,3009,โนนไทย,300901,โนนไทย,NR-RESEARCH-AREA-121,121,Non Thai,Non Thai,0;1,0,1,1,CONSERVATIVE_MAX_WITH_CONFLICT_FLAG,24641;24642,Drought risk duplicated with conflicting class values; droughtRiskLevel uses conservative maximum and raw values are retained.
NR-MONTHLY-2021-11-300903,2021-11,3009,โนนไทย,300903,กำปัง,NR-RESEARCH-AREA-123,123,Non Thai,Kampang,0;1,0,1,1,CONSERVATIVE_MAX_WITH_CONFLICT_FLAG,25067;25068,Drought risk duplicated with conflicting class values; droughtRiskLevel uses conservative maximum and raw values are retained.
NR-MONTHLY-2021-11-300904,2021-11,3009,โนนไทย,300904,สำโรง,NR-RESEARCH-AREA-124,124,Non Thai,Samrong,0;1,0,1,1,CONSERVATIVE_MAX_WITH_CONFLICT_FLAG,25282;25283,Drought risk duplicated with conflicting class values; droughtRiskLevel uses conservative maximum and raw values are retained.
NR-MONTHLY-2021-11-300905,2021-11,3009,โนนไทย,300905,ค้างพลู,NR-RESEARCH-AREA-125,125,Non Thai,Khang Phlu,0;1,0,1,1,CONSERVATIVE_MAX_WITH_CONFLICT_FLAG,25494;25495,Drought risk duplicated with conflicting class values; droughtRiskLevel uses conservative maximum and raw values are retained.
NR-MONTHLY-2021-11-300906,2021-11,3009,โนนไทย,300906,บ้านวัง,NR-RESEARCH-AREA-126,126,Non Thai,Ban Wang,0;1,0,1,1,CONSERVATIVE_MAX_WITH_CONFLICT_FLAG,25706;25707,Drought risk duplicated with conflicting class values; droughtRiskLevel uses conservative maximum and raw values are retained.
NR-MONTHLY-2021-11-300907,2021-11,3009,โนนไทย,300907,บัลลังก์,NR-RESEARCH-AREA-127,127,Non Thai,Banlang,0;1,0,1,1,CONSERVATIVE_MAX_WITH_CONFLICT_FLAG,25918;25919,Drought risk duplicated with conflicting class values; droughtRiskLevel uses conservative maximum and raw values are retained.
NR-MONTHLY-2021-11-300908,2021-11,3009,โนนไทย,300908,สายออ,NR-RESEARCH-AREA-128,128,Non Thai,Sai-O,0;1,0,1,1,CONSERVATIVE_MAX_WITH_CONFLICT_FLAG,26130;26131,Drought risk duplicated with conflicting class values; droughtRiskLevel uses conservative maximum and raw values are retained.
NR-MONTHLY-2021-11-300909,2021-11,3009,โนนไทย,300909,ถนนโพธิ์,NR-RESEARCH-AREA-129,129,Non Thai,Thanon Pho,0;1,0,1,1,CONSERVATIVE_MAX_WITH_CONFLICT_FLAG,26342;26343,Drought risk duplicated with conflicting class values; droughtRiskLevel uses conservative maximum and raw values are retained.
NR-MONTHLY-2021-11-300914,2021-11,3009,โนนไทย,300914,มะค่า,NR-RESEARCH-AREA-130,130,Non Thai,Makha,0;1,0,1,1,CONSERVATIVE_MAX_WITH_CONFLICT_FLAG,26554;26555,Drought risk duplicated with conflicting class values; droughtRiskLevel uses conservative maximum and raw values are retained.
NR-MONTHLY-2021-11-301002,2021-11,3010,โนนสูง,301002,ใหม่,NR-RESEARCH-AREA-132,132,Non Sung,Mai,0;1,0,1,1,CONSERVATIVE_MAX_WITH_CONFLICT_FLAG,26959;26960,Drought risk duplicated with conflicting class values; droughtRiskLevel uses conservative maximum and raw values are retained.
NR-MONTHLY-2021-11-301004,2021-11,3010,โนนสูง,301004,บิง,NR-RESEARCH-AREA-134,134,Non Sung,Bing,0;1,0,1,1,CONSERVATIVE_MAX_WITH_CONFLICT_FLAG,27360;27361,Drought risk duplicated with conflicting class values; droughtRiskLevel uses conservative maximum and raw values are retained.
NR-MONTHLY-2021-11-301005,2021-11,3010,โนนสูง,301005,ดอนชมพู,NR-RESEARCH-AREA-135,135,Non Sung,Don Chomphu,0;1,0,1,1,CONSERVATIVE_MAX_WITH_CONFLICT_FLAG,27563;27564,Drought risk duplicated with conflicting class values; droughtRiskLevel uses conservative maximum and raw values are retained.
NR-MONTHLY-2021-11-301006,2021-11,3010,โนนสูง,301006,ธารปราสาท,NR-RESEARCH-AREA-136,136,Non Sung,Than Prasat,0;1,0,1,1,CONSERVATIVE_MAX_WITH_CONFLICT_FLAG,27767;27768,Drought risk duplicated with conflicting class values; droughtRiskLevel uses conservative maximum and raw values are retained.
NR-MONTHLY-2021-11-301008,2021-11,3010,โนนสูง,301008,มะค่า,NR-RESEARCH-AREA-138,138,Non Sung,Makha,0;1,0,1,1,CONSERVATIVE_MAX_WITH_CONFLICT_FLAG,28175;28176,Drought risk duplicated with conflicting class values; droughtRiskLevel uses conservative maximum and raw values are retained.
NR-MONTHLY-2021-11-301009,2021-11,3010,โนนสูง,301009,พลสงคราม,NR-RESEARCH-AREA-139,139,Non Sung,Phon Songkhram,0;1,0,1,1,CONSERVATIVE_MAX_WITH_CONFLICT_FLAG,28376;28377,Drought risk duplicated with conflicting class values; droughtRiskLevel uses conservative maximum and raw values are retained.
NR-MONTHLY-2021-11-301010,2021-11,3010,โนนสูง,301010,จันอัด,NR-RESEARCH-AREA-140,140,Non Sung,Chan-At,0;1,0,1,1,CONSERVATIVE_MAX_WITH_CONFLICT_FLAG,28575;28576,Drought risk duplicated with conflicting class values; droughtRiskLevel uses conservative maximum and raw values are retained.
NR-MONTHLY-2021-11-301011,2021-11,3010,โนนสูง,301011,ขามเฒ่า,NR-RESEARCH-AREA-141,141,Non Sung,Kham Thao,0;1,0,1,1,CONSERVATIVE_MAX_WITH_CONFLICT_FLAG,28778;28779,Drought risk duplicated with conflicting class values; droughtRiskLevel uses conservative maximum and raw values are retained.
NR-MONTHLY-2021-11-301012,2021-11,3010,โนนสูง,301012,ด่านคล้า,NR-RESEARCH-AREA-142,142,Non Sung,Dan Khla,0;1,0,1,1,CONSERVATIVE_MAX_WITH_CONFLICT_FLAG,28979;28980,Drought risk duplicated with conflicting class values; droughtRiskLevel uses conservative maximum and raw values are retained.
NR-MONTHLY-2021-11-301013,2021-11,3010,โนนสูง,301013,ลำคอหงษ์,NR-RESEARCH-AREA-143,143,Non Sung,Lam Kho Hong,0;1,0,1,1,CONSERVATIVE_MAX_WITH_CONFLICT_FLAG,29180;29181,Drought risk duplicated with conflicting class values; droughtRiskLevel uses conservative maximum and raw values are retained.
NR-MONTHLY-2021-11-301014,2021-11,3010,โนนสูง,301014,เมืองปราสาท,NR-RESEARCH-AREA-144,144,Non Sung,Mueang Prasat,0;1,0,1,1,CONSERVATIVE_MAX_WITH_CONFLICT_FLAG,29380;29381,Drought risk duplicated with conflicting class values; droughtRiskLevel uses conservative maximum and raw values are retained.
NR-MONTHLY-2021-11-301015,2021-11,3010,โนนสูง,301015,ดอนหวาย,NR-RESEARCH-AREA-145,145,Non Sung,Don Wai,0;1,0,1,1,CONSERVATIVE_MAX_WITH_CONFLICT_FLAG,29579;29580,Drought risk duplicated with conflicting class values; droughtRiskLevel uses conservative maximum and raw values are retained.
NR-MONTHLY-2021-11-301016,2021-11,3010,โนนสูง,301016,ลำมูล,NR-RESEARCH-AREA-146,146,Non Sung,Lammun,0;1,0,1,1,CONSERVATIVE_MAX_WITH_CONFLICT_FLAG,29777;29778,Drought risk duplicated with conflicting class values; droughtRiskLevel uses conservative maximum and raw values are retained.
NR-MONTHLY-2021-11-301101,2021-11,3011,ขามสะแกแสง,301101,ขามสะแกแสง,NR-RESEARCH-AREA-035,35,Kham Sakae Saeng,Kham Sakae Saeng,0;1,0,1,1,CONSERVATIVE_MAX_WITH_CONFLICT_FLAG,6756;6757,Drought risk duplicated with conflicting class values; droughtRiskLevel uses conservative maximum and raw values are retained.
NR-MONTHLY-2021-11-301102,2021-11,3011,ขามสะแกแสง,301102,โนนเมือง,NR-RESEARCH-AREA-036,36,Kham Sakae Saeng,Non Mueang,0;1,0,1,1,CONSERVATIVE_MAX_WITH_CONFLICT_FLAG,6992;6993,Drought risk duplicated with conflicting class values; droughtRiskLevel uses conservative maximum and raw values are retained.
NR-MONTHLY-2021-11-301103,2021-11,3011,ขามสะแกแสง,301103,เมืองนาท,NR-RESEARCH-AREA-037,37,Kham Sakae Saeng,Mueang Nat,0;1,0,1,1,CONSERVATIVE_MAX_WITH_CONFLICT_FLAG,7228;7229,Drought risk duplicated with conflicting class values; droughtRiskLevel uses conservative maximum and raw values are retained.
NR-MONTHLY-2021-11-301104,2021-11,3011,ขามสะแกแสง,301104,ชีวึก,NR-RESEARCH-AREA-038,38,Kham Sakae Saeng,Chiwuek,0;1,0,1,1,CONSERVATIVE_MAX_WITH_CONFLICT_FLAG,7464;7465,Drought risk duplicated with conflicting class values; droughtRiskLevel uses conservative maximum and raw values are retained.
NR-MONTHLY-2021-11-301105,2021-11,3011,ขามสะแกแสง,301105,พะงาด,NR-RESEARCH-AREA-039,39,Kham Sakae Saeng,Phangat,0;1,0,1,1,CONSERVATIVE_MAX_WITH_CONFLICT_FLAG,7700;7701,Drought risk duplicated with conflicting class values; droughtRiskLevel uses conservative maximum and raw values are retained.
NR-MONTHLY-2021-11-301106,2021-11,3011,ขามสะแกแสง,301106,หนองหัวฟาน,NR-RESEARCH-AREA-040,40,Kham Sakae Saeng,Nong Hua Fan,0;1,0,1,1,CONSERVATIVE_MAX_WITH_CONFLICT_FLAG,7936;7937,Drought risk duplicated with conflicting class values; droughtRiskLevel uses conservative maximum and raw values are retained.
NR-MONTHLY-2021-11-301107,2021-11,3011,ขามสะแกแสง,301107,เมืองเกษตร,NR-RESEARCH-AREA-041,41,Kham Sakae Saeng,Mueang Kaset,0;1,0,1,1,CONSERVATIVE_MAX_WITH_CONFLICT_FLAG,8172;8173,Drought risk duplicated with conflicting class values; droughtRiskLevel uses conservative maximum and raw values are retained.
NR-MONTHLY-2021-11-301201,2021-11,3012,บัวใหญ่,301201,บัวใหญ่,NR-RESEARCH-AREA-151,151,Bua Yai,Bua Yai,0;1,0,1,1,CONSERVATIVE_MAX_WITH_CONFLICT_FLAG,30863;30864,Drought risk duplicated with conflicting class values; droughtRiskLevel uses conservative maximum and raw values are retained.
NR-MONTHLY-2021-11-301203,2021-11,3012,บัวใหญ่,301203,ห้วยยาง,NR-RESEARCH-AREA-152,152,Bua Yai,Huai Yang,0;1,0,1,1,CONSERVATIVE_MAX_WITH_CONFLICT_FLAG,31056;31057,Drought risk duplicated with conflicting class values; droughtRiskLevel uses conservative maximum and raw values are retained.
NR-MONTHLY-2021-11-301204,2021-11,3012,บัวใหญ่,301204,เสมาใหญ่,NR-RESEARCH-AREA-153,153,Bua Yai,Sema Yai,0;1,0,1,1,CONSERVATIVE_MAX_WITH_CONFLICT_FLAG,31251;31252,Drought risk duplicated with conflicting class values; droughtRiskLevel uses conservative maximum and raw values are retained.
NR-MONTHLY-2021-11-301206,2021-11,3012,บัวใหญ่,301206,ดอนตะหนิน,NR-RESEARCH-AREA-154,154,Bua Yai,Don Tanin,0;1,0,1,1,CONSERVATIVE_MAX_WITH_CONFLICT_FLAG,31441;31442,Drought risk duplicated with conflicting class values; droughtRiskLevel uses conservative maximum and raw values are retained.
NR-MONTHLY-2021-11-301207,2021-11,3012,บัวใหญ่,301207,หนองบัวสะอาด,NR-RESEARCH-AREA-155,155,Bua Yai,Nong Bua Sa-At,0;1,0,1,1,CONSERVATIVE_MAX_WITH_CONFLICT_FLAG,31632;31633,Drought risk duplicated with conflicting class values; droughtRiskLevel uses conservative maximum and raw values are retained.
NR-MONTHLY-2021-11-301208,2021-11,3012,บัวใหญ่,301208,โนนทองหลาง,NR-RESEARCH-AREA-156,156,Bua Yai,Non Thong Lang,0;1,0,1,1,CONSERVATIVE_MAX_WITH_CONFLICT_FLAG,31823;31824,Drought risk duplicated with conflicting class values; droughtRiskLevel uses conservative maximum and raw values are retained.
NR-MONTHLY-2021-11-301214,2021-11,3012,บัวใหญ่,301214,กุดจอก,NR-RESEARCH-AREA-157,157,Bua Yai,Kut Chok,0;1,0,1,1,CONSERVATIVE_MAX_WITH_CONFLICT_FLAG,32013;32014,Drought risk duplicated with conflicting class values; droughtRiskLevel uses conservative maximum and raw values are retained.
NR-MONTHLY-2021-11-301215,2021-11,3012,บัวใหญ่,301215,ด่านช้าง,NR-RESEARCH-AREA-158,158,Bua Yai,Dan Chang,0;1,0,1,1,CONSERVATIVE_MAX_WITH_CONFLICT_FLAG,32205;32206,Drought risk duplicated with conflicting class values; droughtRiskLevel uses conservative maximum and raw values are retained.
NR-MONTHLY-2021-11-301220,2021-11,3012,บัวใหญ่,301220,ขุนทอง,NR-RESEARCH-AREA-159,159,Bua Yai,Khun Thong,0;1,0,1,1,CONSERVATIVE_MAX_WITH_CONFLICT_FLAG,32396;32397,Drought risk duplicated with conflicting class values; droughtRiskLevel uses conservative maximum and raw values are retained.
NR-MONTHLY-2021-11-301224,2021-11,3012,บัวใหญ่,301224,หนองแจ้งใหญ่,NR-RESEARCH-AREA-160,160,Bua Yai,Nong Chaeng Yai,0;1,0,1,1,CONSERVATIVE_MAX_WITH_CONFLICT_FLAG,32586;32587,Drought risk duplicated with conflicting class values; droughtRiskLevel uses conservative maximum and raw values are retained.
NR-MONTHLY-2021-11-301301,2021-11,3013,ประทาย,301301,ประทาย,NR-RESEARCH-AREA-165,165,Prathai,Prathai,0;1,0,1,1,CONSERVATIVE_MAX_WITH_CONFLICT_FLAG,33568;33569,Drought risk duplicated with conflicting class values; droughtRiskLevel uses conservative maximum and raw values are retained.
NR-MONTHLY-2021-11-301303,2021-11,3013,ประทาย,301303,กระทุ่มราย,NR-RESEARCH-AREA-170,170,Prathai,Krathum Rai,0;1,0,1,1,CONSERVATIVE_MAX_WITH_CONFLICT_FLAG,34573;34574,Drought risk duplicated with conflicting class values; droughtRiskLevel uses conservative maximum and raw values are retained.
NR-MONTHLY-2021-11-301304,2021-11,3013,ประทาย,301304,วังไม้แดง,NR-RESEARCH-AREA-168,168,Prathai,Wang Mai Daeng,0;1,0,1,1,CONSERVATIVE_MAX_WITH_CONFLICT_FLAG,34166;34167,Drought risk duplicated with conflicting class values; droughtRiskLevel uses conservative maximum and raw values are retained.
NR-MONTHLY-2021-11-301306,2021-11,3013,ประทาย,301306,ตลาดไทร,NR-RESEARCH-AREA-173,173,Prathai,Talat Sai,0;1,0,1,1,CONSERVATIVE_MAX_WITH_CONFLICT_FLAG,35172;35173,Drought risk duplicated with conflicting class values; droughtRiskLevel uses conservative maximum and raw values are retained.
NR-MONTHLY-2021-11-301307,2021-11,3013,ประทาย,301307,หนองพลวง,NR-RESEARCH-AREA-166,166,Prathai,Nong Phluang,0;1,0,1,1,CONSERVATIVE_MAX_WITH_CONFLICT_FLAG,33768;33769,Drought risk duplicated with conflicting class values; droughtRiskLevel uses conservative maximum and raw values are retained.
NR-MONTHLY-2021-11-301308,2021-11,3013,ประทาย,301308,หนองค่าย,NR-RESEARCH-AREA-172,172,Prathai,Nong Khai,0;1,0,1,1,CONSERVATIVE_MAX_WITH_CONFLICT_FLAG,34974;34975,Drought risk duplicated with conflicting class values; droughtRiskLevel uses conservative maximum and raw values are retained.
NR-MONTHLY-2021-11-301309,2021-11,3013,ประทาย,301309,หันห้วยทราย,NR-RESEARCH-AREA-167,167,Prathai,Han Huai Sai,0;1,0,1,1,CONSERVATIVE_MAX_WITH_CONFLICT_FLAG,33966;33967,Drought risk duplicated with conflicting class values; droughtRiskLevel uses conservative maximum and raw values are retained.
NR-MONTHLY-2021-11-301310,2021-11,3013,ประทาย,301310,ดอนมัน,NR-RESEARCH-AREA-174,174,Prathai,Don Man,0;1,0,1,1,CONSERVATIVE_MAX_WITH_CONFLICT_FLAG,35372;35373,Drought risk duplicated with conflicting class values; droughtRiskLevel uses conservative maximum and raw values are retained.
NR-MONTHLY-2021-11-301313,2021-11,3013,ประทาย,301313,นางรำ,NR-RESEARCH-AREA-171,171,Prathai,Nang Ram,0;1,0,1,1,CONSERVATIVE_MAX_WITH_CONFLICT_FLAG,34774;34775,Drought risk duplicated with conflicting class values; droughtRiskLevel uses conservative maximum and raw values are retained.
NR-MONTHLY-2021-11-301314,2021-11,3013,ประทาย,301314,โนนเพ็ด,NR-RESEARCH-AREA-169,169,Prathai,Non Phet,0;1,0,1,1,CONSERVATIVE_MAX_WITH_CONFLICT_FLAG,34367;34368,Drought risk duplicated with conflicting class values; droughtRiskLevel uses conservative maximum and raw values are retained.
NR-MONTHLY-2021-11-301315,2021-11,3013,ประทาย,301315,ทุ่งสว่าง,NR-RESEARCH-AREA-175,175,Prathai,Thung Sawang,0;1,0,1,1,CONSERVATIVE_MAX_WITH_CONFLICT_FLAG,35577;35578,Drought risk duplicated with conflicting class values; droughtRiskLevel uses conservative maximum and raw values are retained.
NR-MONTHLY-2021-11-301317,2021-11,3013,ประทาย,301317,โคกกลาง,NR-RESEARCH-AREA-176,176,Prathai,Khok Klang,0;1,0,1,1,CONSERVATIVE_MAX_WITH_CONFLICT_FLAG,35782;35783,Drought risk duplicated with conflicting class values; droughtRiskLevel uses conservative maximum and raw values are retained.
NR-MONTHLY-2021-11-301318,2021-11,3013,ประทาย,301318,เมืองโดน,NR-RESEARCH-AREA-177,177,Prathai,Mueang Don,0;1,0,1,1,CONSERVATIVE_MAX_WITH_CONFLICT_FLAG,35988;35989,Drought risk duplicated with conflicting class values; droughtRiskLevel uses conservative maximum and raw values are retained.
NR-MONTHLY-2021-11-301401,2021-11,3014,ปักธงชัย,301401,เมืองปัก,NR-RESEARCH-AREA-178,178,Pak Thong Chai,Mueang Pak,0;1,0,1,1,CONSERVATIVE_MAX_WITH_CONFLICT_FLAG,36192;36193,Drought risk duplicated with conflicting class values; droughtRiskLevel uses conservative maximum and raw values are retained.
NR-MONTHLY-2021-11-301402,2021-11,3014,ปักธงชัย,301402,ตะคุ,NR-RESEARCH-AREA-179,179,Pak Thong Chai,Takhu,0;1,0,1,1,CONSERVATIVE_MAX_WITH_CONFLICT_FLAG,36402;36403,Drought risk duplicated with conflicting class values; droughtRiskLevel uses conservative maximum and raw values are retained.
NR-MONTHLY-2021-11-301404,2021-11,3014,ปักธงชัย,301404,สำโรง,NR-RESEARCH-AREA-181,181,Pak Thong Chai,Samrong,0;1,0,1,1,CONSERVATIVE_MAX_WITH_CONFLICT_FLAG,36824;36825,Drought risk duplicated with conflicting class values; droughtRiskLevel uses conservative maximum and raw values are retained.
NR-MONTHLY-2021-11-301409,2021-11,3014,ปักธงชัย,301409,ตูม,NR-RESEARCH-AREA-185,185,Pak Thong Chai,Tum,0;1,0,1,1,CONSERVATIVE_MAX_WITH_CONFLICT_FLAG,37666;37667,Drought risk duplicated with conflicting class values; droughtRiskLevel uses conservative maximum and raw values are retained.
NR-MONTHLY-2021-11-301420,2021-11,3014,ปักธงชัย,301420,บ่อปลาทอง,NR-RESEARCH-AREA-193,193,Pak Thong Chai,Bo Pla Thong,0;1,0,1,1,CONSERVATIVE_MAX_WITH_CONFLICT_FLAG,39340;39341,Drought risk duplicated with conflicting class values; droughtRiskLevel uses conservative maximum and raw values are retained.
NR-MONTHLY-2021-11-301503,2021-11,3015,พิมาย,301503,โบสถ์,NR-RESEARCH-AREA-213,213,Phimai,Bot,0;1,0,1,1,CONSERVATIVE_MAX_WITH_CONFLICT_FLAG,42928;42929,Drought risk duplicated with conflicting class values; droughtRiskLevel uses conservative maximum and raw values are retained.
NR-MONTHLY-2021-11-301504,2021-11,3015,พิมาย,301504,กระเบื้องใหญ่,NR-RESEARCH-AREA-214,214,Phimai,Krabueang Yai,0;1,0,1,1,CONSERVATIVE_MAX_WITH_CONFLICT_FLAG,43161;43162,Drought risk duplicated with conflicting class values; droughtRiskLevel uses conservative maximum and raw values are retained.
NR-MONTHLY-2021-11-301505,2021-11,3015,พิมาย,301505,ท่าหลวง,NR-RESEARCH-AREA-215,215,Phimai,Tha Luang,0;1,0,1,1,CONSERVATIVE_MAX_WITH_CONFLICT_FLAG,43392;43393,Drought risk duplicated with conflicting class values; droughtRiskLevel uses conservative maximum and raw values are retained.
NR-MONTHLY-2021-11-301506,2021-11,3015,พิมาย,301506,รังกาใหญ่,NR-RESEARCH-AREA-216,216,Phimai,Rang Ka Yai,0;1,0,1,1,CONSERVATIVE_MAX_WITH_CONFLICT_FLAG,43623;43624,Drought risk duplicated with conflicting class values; droughtRiskLevel uses conservative maximum and raw values are retained.
NR-MONTHLY-2021-11-301507,2021-11,3015,พิมาย,301507,ชีวาน,NR-RESEARCH-AREA-217,217,Phimai,Chiwan,0;1,0,1,1,CONSERVATIVE_MAX_WITH_CONFLICT_FLAG,43856;43857,Drought risk duplicated with conflicting class values; droughtRiskLevel uses conservative maximum and raw values are retained.
NR-MONTHLY-2021-11-301508,2021-11,3015,พิมาย,301508,นิคมสร้างตนเอง,NR-RESEARCH-AREA-218,218,Phimai,Nikhom Sang Ton-Eng,0;1,0,1,1,CONSERVATIVE_MAX_WITH_CONFLICT_FLAG,44086;44087,Drought risk duplicated with conflicting class values; droughtRiskLevel uses conservative maximum and raw values are retained.
NR-MONTHLY-2021-11-301509,2021-11,3015,พิมาย,301509,กระชอน,NR-RESEARCH-AREA-219,219,Phimai,Krachon,0;1,0,1,1,CONSERVATIVE_MAX_WITH_CONFLICT_FLAG,44319;44320,Drought risk duplicated with conflicting class values; droughtRiskLevel uses conservative maximum and raw values are retained.
NR-MONTHLY-2021-11-301510,2021-11,3015,พิมาย,301510,ดงใหญ่,NR-RESEARCH-AREA-220,220,Phimai,Dong Yai,0;1,0,1,1,CONSERVATIVE_MAX_WITH_CONFLICT_FLAG,44550;44551,Drought risk duplicated with conflicting class values; droughtRiskLevel uses conservative maximum and raw values are retained.
NR-MONTHLY-2021-11-301511,2021-11,3015,พิมาย,301511,ธารละหลอด,NR-RESEARCH-AREA-221,221,Phimai,Than Lalot,0;1,0,1,1,CONSERVATIVE_MAX_WITH_CONFLICT_FLAG,44783;44784,Drought risk duplicated with conflicting class values; droughtRiskLevel uses conservative maximum and raw values are retained.
NR-MONTHLY-2021-11-301512,2021-11,3015,พิมาย,301512,หนองระเวียง,NR-RESEARCH-AREA-222,222,Mueang Nakhon Ratchasima,Nong Rawiang,0;1,0,1,1,CONSERVATIVE_MAX_WITH_CONFLICT_FLAG,45016;45017,Drought risk duplicated with conflicting class values; droughtRiskLevel uses conservative maximum and raw values are retained.
NR-MONTHLY-2021-11-301602,2021-11,3016,ห้วยแถลง,301602,ทับสวาย,NR-RESEARCH-AREA-280,280,Huai Thalaeng,Thap Sawai,0;1,0,1,1,CONSERVATIVE_MAX_WITH_CONFLICT_FLAG,56714;56715,Drought risk duplicated with conflicting class values; droughtRiskLevel uses conservative maximum and raw values are retained.
NR-MONTHLY-2021-11-301603,2021-11,3016,ห้วยแถลง,301603,เมืองพลับพลา,NR-RESEARCH-AREA-281,281,Huai Thalaeng,Mueang Phlapphla,0;1,0,1,1,CONSERVATIVE_MAX_WITH_CONFLICT_FLAG,56905;56906,Drought risk duplicated with conflicting class values; droughtRiskLevel uses conservative maximum and raw values are retained.
NR-MONTHLY-2021-11-301604,2021-11,3016,ห้วยแถลง,301604,หลุ่งตะเคียน,NR-RESEARCH-AREA-282,282,Huai Thalaeng,Lung Takhian,0;1,0,1,1,CONSERVATIVE_MAX_WITH_CONFLICT_FLAG,57096;57097,Drought risk duplicated with conflicting class values; droughtRiskLevel uses conservative maximum and raw values are retained.
NR-MONTHLY-2021-11-301605,2021-11,3016,ห้วยแถลง,301605,หินดาด,NR-RESEARCH-AREA-283,283,Huai Thalaeng,Hin Dat,0;1,0,1,1,CONSERVATIVE_MAX_WITH_CONFLICT_FLAG,57287;57288,Drought risk duplicated with conflicting class values; droughtRiskLevel uses conservative maximum and raw values are retained.
NR-MONTHLY-2021-11-301606,2021-11,3016,ห้วยแถลง,301606,งิ้ว,NR-RESEARCH-AREA-284,284,Huai Thalaeng,Ngio,0;1,0,1,1,CONSERVATIVE_MAX_WITH_CONFLICT_FLAG,57478;57479,Drought risk duplicated with conflicting class values; droughtRiskLevel uses conservative maximum and raw values are retained.
NR-MONTHLY-2021-11-301607,2021-11,3016,ห้วยแถลง,301607,กงรถ,NR-RESEARCH-AREA-285,285,Huai Thalaeng,Kong Rot,0;1,0,1,1,CONSERVATIVE_MAX_WITH_CONFLICT_FLAG,57669;57670,Drought risk duplicated with conflicting class values; droughtRiskLevel uses conservative maximum and raw values are retained.
NR-MONTHLY-2021-11-301608,2021-11,3016,ห้วยแถลง,301608,หลุ่งประดู่,NR-RESEARCH-AREA-286,286,Huai Thalaeng,Lung Pradu,0;1,0,1,1,CONSERVATIVE_MAX_WITH_CONFLICT_FLAG,57860;57861,Drought risk duplicated with conflicting class values; droughtRiskLevel uses conservative maximum and raw values are retained.
NR-MONTHLY-2021-11-301609,2021-11,3016,ห้วยแถลง,301609,ตะโก,NR-RESEARCH-AREA-287,287,Huai Thalaeng,Tako,0;1,0,1,1,CONSERVATIVE_MAX_WITH_CONFLICT_FLAG,58050;58051,Drought risk duplicated with conflicting class values; droughtRiskLevel uses conservative maximum and raw values are retained.
NR-MONTHLY-2021-11-301610,2021-11,3016,ห้วยแถลง,301610,ห้วยแคน,NR-RESEARCH-AREA-288,288,Huai Thalaeng,Huai Khaen,0;1,0,1,1,CONSERVATIVE_MAX_WITH_CONFLICT_FLAG,58241;58242,Drought risk duplicated with conflicting class values; droughtRiskLevel uses conservative maximum and raw values are retained.
NR-MONTHLY-2021-11-301702,2021-11,3017,ชุมพวง,301702,ประสุข,NR-RESEARCH-AREA-078,78,Chum Phuang,Prasuk,0;1,0,1,1,CONSERVATIVE_MAX_WITH_CONFLICT_FLAG,15566;15567,Drought risk duplicated with conflicting class values; droughtRiskLevel uses conservative maximum and raw values are retained.
NR-MONTHLY-2021-11-301703,2021-11,3017,ชุมพวง,301703,ท่าลาด,NR-RESEARCH-AREA-079,79,Chum Phuang,Tha Lat,0;1,0,1,1,CONSERVATIVE_MAX_WITH_CONFLICT_FLAG,15797;15798,Drought risk duplicated with conflicting class values; droughtRiskLevel uses conservative maximum and raw values are retained.
NR-MONTHLY-2021-11-301704,2021-11,3017,ชุมพวง,301704,สาหร่าย,NR-RESEARCH-AREA-080,80,Chum Phuang,Sarai,0;1,0,1,1,CONSERVATIVE_MAX_WITH_CONFLICT_FLAG,16028;16029,Drought risk duplicated with conflicting class values; droughtRiskLevel uses conservative maximum and raw values are retained.
NR-MONTHLY-2021-11-301705,2021-11,3017,ชุมพวง,301705,ตลาดไทร,NR-RESEARCH-AREA-081,81,Chum Phuang,Talat Sai,0;1,0,1,1,CONSERVATIVE_MAX_WITH_CONFLICT_FLAG,16253;16254,Drought risk duplicated with conflicting class values; droughtRiskLevel uses conservative maximum and raw values are retained.
NR-MONTHLY-2021-11-301710,2021-11,3017,ชุมพวง,301710,โนนรัง,NR-RESEARCH-AREA-082,82,Chum Phuang,Non Rang,0;1,0,1,1,CONSERVATIVE_MAX_WITH_CONFLICT_FLAG,16482;16483,Drought risk duplicated with conflicting class values; droughtRiskLevel uses conservative maximum and raw values are retained.
NR-MONTHLY-2021-11-301716,2021-11,3017,ชุมพวง,301716,โนนตูม,NR-RESEARCH-AREA-084,84,Chum Phuang,Non Tum,0;1,0,1,1,CONSERVATIVE_MAX_WITH_CONFLICT_FLAG,16937;16938,Drought risk duplicated with conflicting class values; droughtRiskLevel uses conservative maximum and raw values are retained.
NR-MONTHLY-2021-11-301717,2021-11,3017,ชุมพวง,301717,โนนยอ,NR-RESEARCH-AREA-085,85,Chum Phuang,Non Yo,0;1,0,1,1,CONSERVATIVE_MAX_WITH_CONFLICT_FLAG,17166;17167,Drought risk duplicated with conflicting class values; droughtRiskLevel uses conservative maximum and raw values are retained.
NR-MONTHLY-2021-11-301801,2021-11,3018,สูงเนิน,301801,สูงเนิน,NR-RESEARCH-AREA-253,253,Sung Noen,Sung Noen,0;1,0,1,1,CONSERVATIVE_MAX_WITH_CONFLICT_FLAG,51154;51155,Drought risk duplicated with conflicting class values; droughtRiskLevel uses conservative maximum and raw values are retained.
NR-MONTHLY-2021-11-301802,2021-11,3018,สูงเนิน,301802,เสมา,NR-RESEARCH-AREA-254,254,Sung Noen,Sema,0;1,0,1,1,CONSERVATIVE_MAX_WITH_CONFLICT_FLAG,51355;51356,Drought risk duplicated with conflicting class values; droughtRiskLevel uses conservative maximum and raw values are retained.
NR-MONTHLY-2021-11-301803,2021-11,3018,สูงเนิน,301803,โคราช,NR-RESEARCH-AREA-255,255,Sung Noen,Khorat,0;1,0,1,1,CONSERVATIVE_MAX_WITH_CONFLICT_FLAG,51563;51564,Drought risk duplicated with conflicting class values; droughtRiskLevel uses conservative maximum and raw values are retained.
NR-MONTHLY-2021-11-301804,2021-11,3018,สูงเนิน,301804,บุ่งขี้เหล็ก,NR-RESEARCH-AREA-256,256,Sung Noen,Bung Khi Lek,0;1,0,1,1,CONSERVATIVE_MAX_WITH_CONFLICT_FLAG,51767;51768,Drought risk duplicated with conflicting class values; droughtRiskLevel uses conservative maximum and raw values are retained.
NR-MONTHLY-2021-11-301805,2021-11,3018,สูงเนิน,301805,โนนค่า,NR-RESEARCH-AREA-257,257,Sung Noen,Non Kha,0;1,0,1,1,CONSERVATIVE_MAX_WITH_CONFLICT_FLAG,51972;51973,Drought risk duplicated with conflicting class values; droughtRiskLevel uses conservative maximum and raw values are retained.
NR-MONTHLY-2021-11-301808,2021-11,3018,สูงเนิน,301808,มะเกลือใหม่,NR-RESEARCH-AREA-260,260,Sung Noen,Makluea Mai,0;1,0,1,1,CONSERVATIVE_MAX_WITH_CONFLICT_FLAG,52586;52587,Drought risk duplicated with conflicting class values; droughtRiskLevel uses conservative maximum and raw values are retained.
NR-MONTHLY-2021-11-301811,2021-11,3018,สูงเนิน,301811,กุดจิก,NR-RESEARCH-AREA-263,263,Sung Noen,Kut Chik,0;1,0,1,1,CONSERVATIVE_MAX_WITH_CONFLICT_FLAG,53197;53198,Drought risk duplicated with conflicting class values; droughtRiskLevel uses conservative maximum and raw values are retained.
NR-MONTHLY-2021-11-301901,2021-11,3019,ขามทะเลสอ,301901,ขามทะเลสอ,NR-RESEARCH-AREA-030,30,Kham Thale So,Kham Thale So,0;1,0,1,1,CONSERVATIVE_MAX_WITH_CONFLICT_FLAG,5753;5754,Drought risk duplicated with conflicting class values; droughtRiskLevel uses conservative maximum and raw values are retained.
NR-MONTHLY-2021-11-301902,2021-11,3019,ขามทะเลสอ,301902,โป่งแดง,NR-RESEARCH-AREA-031,31,Kham Thale So,Pong Daeng,0;1,0,1,1,CONSERVATIVE_MAX_WITH_CONFLICT_FLAG,5954;5955,Drought risk duplicated with conflicting class values; droughtRiskLevel uses conservative maximum and raw values are retained.
NR-MONTHLY-2021-11-301903,2021-11,3019,ขามทะเลสอ,301903,พันดุง,NR-RESEARCH-AREA-032,32,Kham Thale So,Phan Dung,0;1,0,1,1,CONSERVATIVE_MAX_WITH_CONFLICT_FLAG,6149;6150,Drought risk duplicated with conflicting class values; droughtRiskLevel uses conservative maximum and raw values are retained.
NR-MONTHLY-2021-11-301905,2021-11,3019,ขามทะเลสอ,301905,บึงอ้อ,NR-RESEARCH-AREA-034,34,Kham Thale So,Bueng O,0;1,0,1,1,CONSERVATIVE_MAX_WITH_CONFLICT_FLAG,6543;6544,Drought risk duplicated with conflicting class values; droughtRiskLevel uses conservative maximum and raw values are retained.
NR-MONTHLY-2021-11-302001,2021-11,3020,สีคิ้ว,302001,สีคิ้ว,NR-RESEARCH-AREA-236,236,Si Khio,Sikhio,0;1,0,1,1,CONSERVATIVE_MAX_WITH_CONFLICT_FLAG,47804;47805,Drought risk duplicated with conflicting class values; droughtRiskLevel uses conservative maximum and raw values are retained.
NR-MONTHLY-2021-11-302002,2021-11,3020,สีคิ้ว,302002,บ้านหัน,NR-RESEARCH-AREA-237,237,Si Khio,Ban Han,0;1,0,1,1,CONSERVATIVE_MAX_WITH_CONFLICT_FLAG,48002;48003,Drought risk duplicated with conflicting class values; droughtRiskLevel uses conservative maximum and raw values are retained.
NR-MONTHLY-2021-11-302003,2021-11,3020,สีคิ้ว,302003,กฤษณา,NR-RESEARCH-AREA-238,238,Si Khio,Kritsana,0;1,0,1,1,CONSERVATIVE_MAX_WITH_CONFLICT_FLAG,48196;48197,Drought risk duplicated with conflicting class values; droughtRiskLevel uses conservative maximum and raw values are retained.
NR-MONTHLY-2021-11-302005,2021-11,3020,สีคิ้ว,302005,หนองหญ้าขาว,NR-RESEARCH-AREA-240,240,Si Khio,Nong Ya Khao,0;1,0,1,1,CONSERVATIVE_MAX_WITH_CONFLICT_FLAG,48585;48586,Drought risk duplicated with conflicting class values; droughtRiskLevel uses conservative maximum and raw values are retained.
NR-MONTHLY-2021-11-302006,2021-11,3020,สีคิ้ว,302006,กุดน้อย,NR-RESEARCH-AREA-241,241,Si Khio,Kut Noi,0;1,0,1,1,CONSERVATIVE_MAX_WITH_CONFLICT_FLAG,48778;48779,Drought risk duplicated with conflicting class values; droughtRiskLevel uses conservative maximum and raw values are retained.
NR-MONTHLY-2021-11-302007,2021-11,3020,สีคิ้ว,302007,หนองน้ำใส,NR-RESEARCH-AREA-242,242,Si Khio,Nong Nam Sai,0;1,0,1,1,CONSERVATIVE_MAX_WITH_CONFLICT_FLAG,48973;48974,Drought risk duplicated with conflicting class values; droughtRiskLevel uses conservative maximum and raw values are retained.
NR-MONTHLY-2021-11-302008,2021-11,3020,สีคิ้ว,302008,วังโรงใหญ่,NR-RESEARCH-AREA-243,243,Si Khio,Wang Rong Yai,0;1,0,1,1,CONSERVATIVE_MAX_WITH_CONFLICT_FLAG,49169;49170,Drought risk duplicated with conflicting class values; droughtRiskLevel uses conservative maximum and raw values are retained.
NR-MONTHLY-2021-11-302009,2021-11,3020,สีคิ้ว,302009,มิตรภาพ,NR-RESEARCH-AREA-244,244,Si Khio,Mittraphap,0;1,0,1,1,CONSERVATIVE_MAX_WITH_CONFLICT_FLAG,49362;49363,Drought risk duplicated with conflicting class values; droughtRiskLevel uses conservative maximum and raw values are retained.
NR-MONTHLY-2021-11-302010,2021-11,3020,สีคิ้ว,302010,คลองไผ่,NR-RESEARCH-AREA-245,245,Si Khio,Khlong Phai,0;1,0,1,1,CONSERVATIVE_MAX_WITH_CONFLICT_FLAG,49554;49555,Drought risk duplicated with conflicting class values; droughtRiskLevel uses conservative maximum and raw values are retained.
NR-MONTHLY-2021-11-302011,2021-11,3020,สีคิ้ว,302011,ดอนเมือง,NR-RESEARCH-AREA-246,246,Si Khio,Don Mueang,0;1,0,1,1,CONSERVATIVE_MAX_WITH_CONFLICT_FLAG,49746;49747,Drought risk duplicated with conflicting class values; droughtRiskLevel uses conservative maximum and raw values are retained.
NR-MONTHLY-2021-11-302012,2021-11,3020,สีคิ้ว,302012,หนองบัวน้อย,NR-RESEARCH-AREA-247,247,Si Khio,Nong Bua Noi,0;1,0,1,1,CONSERVATIVE_MAX_WITH_CONFLICT_FLAG,49941;49942,Drought risk duplicated with conflicting class values; droughtRiskLevel uses conservative maximum and raw values are retained.
NR-MONTHLY-2021-11-302201,2021-11,3022,หนองบุญมาก,302201,หนองบุนนาก,NR-RESEARCH-AREA-270,270,Nong Bunmak,Nong Bunnak,0;1,0,1,1,CONSERVATIVE_MAX_WITH_CONFLICT_FLAG,54564;54565,Drought risk duplicated with conflicting class values; droughtRiskLevel uses conservative maximum and raw values are retained.
NR-MONTHLY-2021-11-302202,2021-11,3022,หนองบุญมาก,302202,สารภี,NR-RESEARCH-AREA-271,271,Nong Bunmak,Saraphi,0;1,0,1,1,CONSERVATIVE_MAX_WITH_CONFLICT_FLAG,54783;54784,Drought risk duplicated with conflicting class values; droughtRiskLevel uses conservative maximum and raw values are retained.
NR-MONTHLY-2021-11-302203,2021-11,3022,หนองบุญมาก,302203,ไทยเจริญ,NR-RESEARCH-AREA-272,272,Nong Bunmak,Thai Charoen,0;1,0,1,1,CONSERVATIVE_MAX_WITH_CONFLICT_FLAG,55001;55002,Drought risk duplicated with conflicting class values; droughtRiskLevel uses conservative maximum and raw values are retained.
NR-MONTHLY-2021-11-302204,2021-11,3022,หนองบุญมาก,302204,หนองหัวแรต,NR-RESEARCH-AREA-273,273,Nong Bunmak,Nong Hua Raet,0;1,0,1,1,CONSERVATIVE_MAX_WITH_CONFLICT_FLAG,55221;55222,Drought risk duplicated with conflicting class values; droughtRiskLevel uses conservative maximum and raw values are retained.
NR-MONTHLY-2021-11-302205,2021-11,3022,หนองบุญมาก,302205,แหลมทอง,NR-RESEARCH-AREA-274,274,Nong Bunmak,Laem Thong,0;1,0,1,1,CONSERVATIVE_MAX_WITH_CONFLICT_FLAG,55440;55441,Drought risk duplicated with conflicting class values; droughtRiskLevel uses conservative maximum and raw values are retained.
NR-MONTHLY-2021-11-302206,2021-11,3022,หนองบุญมาก,302206,หนองตะไก้,NR-RESEARCH-AREA-275,275,Nong Bunmak,Nong Takai,0;1,0,1,1,CONSERVATIVE_MAX_WITH_CONFLICT_FLAG,55658;55659,Drought risk duplicated with conflicting class values; droughtRiskLevel uses conservative maximum and raw values are retained.
NR-MONTHLY-2021-11-302207,2021-11,3022,หนองบุญมาก,302207,ลุงเขว้า,NR-RESEARCH-AREA-276,276,Nong Bunmak,Lung Khwao,0;1,0,1,1,CONSERVATIVE_MAX_WITH_CONFLICT_FLAG,55877;55878,Drought risk duplicated with conflicting class values; droughtRiskLevel uses conservative maximum and raw values are retained.
NR-MONTHLY-2021-11-302208,2021-11,3022,หนองบุญมาก,302208,หนองไม้ไผ่,NR-RESEARCH-AREA-277,277,Nong Bunmak,Nong Mai Phai,0;1,0,1,1,CONSERVATIVE_MAX_WITH_CONFLICT_FLAG,56087;56088,Drought risk duplicated with conflicting class values; droughtRiskLevel uses conservative maximum and raw values are retained.
NR-MONTHLY-2021-11-302209,2021-11,3022,หนองบุญมาก,302209,บ้านใหม่,NR-RESEARCH-AREA-278,278,Nong Bunmak,Ban Mai,0;1,0,1,1,CONSERVATIVE_MAX_WITH_CONFLICT_FLAG,56305;56306,Drought risk duplicated with conflicting class values; droughtRiskLevel uses conservative maximum and raw values are retained.
NR-MONTHLY-2021-11-302301,2021-11,3023,แก้งสนามนาง,302301,แก้งสนามนาง,NR-RESEARCH-AREA-025,25,Kaeng Sanam Nang,Kaeng Sanam Nang,0;1,0,1,1,CONSERVATIVE_MAX_WITH_CONFLICT_FLAG,4757;4758,Drought risk duplicated with conflicting class values; droughtRiskLevel uses conservative maximum and raw values are retained.
NR-MONTHLY-2021-11-302302,2021-11,3023,แก้งสนามนาง,302302,โนนสำราญ,NR-RESEARCH-AREA-026,26,Kaeng Sanam Nang,Non Samran,0;1,0,1,1,CONSERVATIVE_MAX_WITH_CONFLICT_FLAG,4956;4957,Drought risk duplicated with conflicting class values; droughtRiskLevel uses conservative maximum and raw values are retained.
NR-MONTHLY-2021-11-302303,2021-11,3023,แก้งสนามนาง,302303,บึงพะไล,NR-RESEARCH-AREA-027,27,Kaeng Sanam Nang,Bueng Phalai,0;1,0,1,1,CONSERVATIVE_MAX_WITH_CONFLICT_FLAG,5155;5156,Drought risk duplicated with conflicting class values; droughtRiskLevel uses conservative maximum and raw values are retained.
NR-MONTHLY-2021-11-302304,2021-11,3023,แก้งสนามนาง,302304,สีสุก,NR-RESEARCH-AREA-028,28,Kaeng Sanam Nang,Si Suk,0;1,0,1,1,CONSERVATIVE_MAX_WITH_CONFLICT_FLAG,5356;5357,Drought risk duplicated with conflicting class values; droughtRiskLevel uses conservative maximum and raw values are retained.
NR-MONTHLY-2021-11-302305,2021-11,3023,แก้งสนามนาง,302305,บึงสำโรง,NR-RESEARCH-AREA-029,29,Kaeng Sanam Nang,Bueng Samrong,0;1,0,1,1,CONSERVATIVE_MAX_WITH_CONFLICT_FLAG,5557;5558,Drought risk duplicated with conflicting class values; droughtRiskLevel uses conservative maximum and raw values are retained.
NR-MONTHLY-2021-11-302401,2021-11,3024,โนนแดง,302401,โนนแดง,NR-RESEARCH-AREA-116,116,Non Daeng,Non Daeng,0;1,0,1,1,CONSERVATIVE_MAX_WITH_CONFLICT_FLAG,23485;23486,Drought risk duplicated with conflicting class values; droughtRiskLevel uses conservative maximum and raw values are retained.
NR-MONTHLY-2021-11-302402,2021-11,3024,โนนแดง,302402,โนนตาเถร,NR-RESEARCH-AREA-117,117,Non Daeng,Non Ta Then,0;1,0,1,1,CONSERVATIVE_MAX_WITH_CONFLICT_FLAG,23715;23716,Drought risk duplicated with conflicting class values; droughtRiskLevel uses conservative maximum and raw values are retained.
NR-MONTHLY-2021-11-302404,2021-11,3024,โนนแดง,302404,วังหิน,NR-RESEARCH-AREA-119,119,Non Daeng,Wang Hin,0;1,0,1,1,CONSERVATIVE_MAX_WITH_CONFLICT_FLAG,24176;24177,Drought risk duplicated with conflicting class values; droughtRiskLevel uses conservative maximum and raw values are retained.
NR-MONTHLY-2021-11-302405,2021-11,3024,โนนแดง,302405,ดอนยาวใหญ่,NR-RESEARCH-AREA-120,120,Non Daeng,Don Yao Yai,0;1,0,1,1,CONSERVATIVE_MAX_WITH_CONFLICT_FLAG,24406;24407,Drought risk duplicated with conflicting class values; droughtRiskLevel uses conservative maximum and raw values are retained.
NR-MONTHLY-2021-11-302501,2021-11,3025,วังน้ำเขียว,302501,วังน้ำเขียว,NR-RESEARCH-AREA-231,231,Wang Nam Khiao,Wang Nam Khiao,0;1,0,1,1,CONSERVATIVE_MAX_WITH_CONFLICT_FLAG,46875;46876,Drought risk duplicated with conflicting class values; droughtRiskLevel uses conservative maximum and raw values are retained.
NR-MONTHLY-2021-11-302502,2021-11,3025,วังน้ำเขียว,302502,วังหมี,NR-RESEARCH-AREA-232,232,Wang Nam Khiao,Wang Mi,0;1,0,1,1,CONSERVATIVE_MAX_WITH_CONFLICT_FLAG,47065;47066,Drought risk duplicated with conflicting class values; droughtRiskLevel uses conservative maximum and raw values are retained.
NR-MONTHLY-2021-11-302601,2021-11,3026,เทพารักษ์,302601,สำนักตะคร้อ,NR-RESEARCH-AREA-112,112,Thepharak,Samnak Takhro,0;1,0,1,1,CONSERVATIVE_MAX_WITH_CONFLICT_FLAG,22727;22728,Drought risk duplicated with conflicting class values; droughtRiskLevel uses conservative maximum and raw values are retained.
NR-MONTHLY-2021-11-302602,2021-11,3026,เทพารักษ์,302602,หนองแวง,NR-RESEARCH-AREA-113,113,Thepharak,Nong Waeng,0;1,0,1,1,CONSERVATIVE_MAX_WITH_CONFLICT_FLAG,22913;22914,Drought risk duplicated with conflicting class values; droughtRiskLevel uses conservative maximum and raw values are retained.
NR-MONTHLY-2021-11-302603,2021-11,3026,เทพารักษ์,302603,บึงปรือ,NR-RESEARCH-AREA-114,114,Thepharak,Bueng Prue,0;1,0,1,1,CONSERVATIVE_MAX_WITH_CONFLICT_FLAG,23098;23099,Drought risk duplicated with conflicting class values; droughtRiskLevel uses conservative maximum and raw values are retained.
NR-MONTHLY-2021-11-302701,2021-11,3027,เมืองยาง,302701,เมืองยาง,NR-RESEARCH-AREA-223,223,Mueang Yang,Mueang Yang,0;1,0,1,1,CONSERVATIVE_MAX_WITH_CONFLICT_FLAG,45239;45240,Drought risk duplicated with conflicting class values; droughtRiskLevel uses conservative maximum and raw values are retained.
NR-MONTHLY-2021-11-302702,2021-11,3027,เมืองยาง,302702,กระเบื้องนอก,NR-RESEARCH-AREA-224,224,Mueang Yang,Krabueang Nok,0;1,0,1,1,CONSERVATIVE_MAX_WITH_CONFLICT_FLAG,45439;45440,Drought risk duplicated with conflicting class values; droughtRiskLevel uses conservative maximum and raw values are retained.
NR-MONTHLY-2021-11-302703,2021-11,3027,เมืองยาง,302703,ละหานปลาค้าว,NR-RESEARCH-AREA-225,225,Mueang Yang,Lahan Pla Khao,0;1,0,1,1,CONSERVATIVE_MAX_WITH_CONFLICT_FLAG,45640;45641,Drought risk duplicated with conflicting class values; droughtRiskLevel uses conservative maximum and raw values are retained.
NR-MONTHLY-2021-11-302704,2021-11,3027,เมืองยาง,302704,โนนอุดม,NR-RESEARCH-AREA-226,226,Mueang Yang,Non Udom,0;1,0,1,1,CONSERVATIVE_MAX_WITH_CONFLICT_FLAG,45840;45841,Drought risk duplicated with conflicting class values; droughtRiskLevel uses conservative maximum and raw values are retained.
NR-MONTHLY-2021-11-302801,2021-11,3028,พระทองคำ,302801,สระพระ,NR-RESEARCH-AREA-206,206,Phra Thong Kham,Sa Phra,0;1,0,1,1,CONSERVATIVE_MAX_WITH_CONFLICT_FLAG,41469;41470,Drought risk duplicated with conflicting class values; droughtRiskLevel uses conservative maximum and raw values are retained.
NR-MONTHLY-2021-11-302802,2021-11,3028,พระทองคำ,302802,มาบกราด,NR-RESEARCH-AREA-207,207,Phra Thong Kham,Map Krat,0;1,0,1,1,CONSERVATIVE_MAX_WITH_CONFLICT_FLAG,41666;41667,Drought risk duplicated with conflicting class values; droughtRiskLevel uses conservative maximum and raw values are retained.
NR-MONTHLY-2021-11-302803,2021-11,3028,พระทองคำ,302803,พังเทียม,NR-RESEARCH-AREA-208,208,Phra Thong Kham,Phang Thiam,0;1,0,1,1,CONSERVATIVE_MAX_WITH_CONFLICT_FLAG,41863;41864,Drought risk duplicated with conflicting class values; droughtRiskLevel uses conservative maximum and raw values are retained.
NR-MONTHLY-2021-11-302804,2021-11,3028,พระทองคำ,302804,ทัพรั้ง,NR-RESEARCH-AREA-209,209,Phra Thong Kham,Thap Rang,0;1,0,1,1,CONSERVATIVE_MAX_WITH_CONFLICT_FLAG,42060;42061,Drought risk duplicated with conflicting class values; droughtRiskLevel uses conservative maximum and raw values are retained.
NR-MONTHLY-2021-11-302805,2021-11,3028,พระทองคำ,302805,หนองหอย,NR-RESEARCH-AREA-210,210,Phra Thong Kham,Nong Hoi,0;1,0,1,1,CONSERVATIVE_MAX_WITH_CONFLICT_FLAG,42257;42258,Drought risk duplicated with conflicting class values; droughtRiskLevel uses conservative maximum and raw values are retained.
NR-MONTHLY-2021-11-302902,2021-11,3029,ลำทะเมนชัย,302902,บ้านยาง,NR-RESEARCH-AREA-228,228,Lamtaman Chai,Ban Yang,0;1,0,1,1,CONSERVATIVE_MAX_WITH_CONFLICT_FLAG,46259;46260,Drought risk duplicated with conflicting class values; droughtRiskLevel uses conservative maximum and raw values are retained.
NR-MONTHLY-2021-11-302903,2021-11,3029,ลำทะเมนชัย,302903,ช่องแมว,NR-RESEARCH-AREA-229,229,Lamtaman Chai,Chong Maeo,0;1,0,1,1,CONSERVATIVE_MAX_WITH_CONFLICT_FLAG,46471;46472,Drought risk duplicated with conflicting class values; droughtRiskLevel uses conservative maximum and raw values are retained.
NR-MONTHLY-2021-11-302904,2021-11,3029,ลำทะเมนชัย,302904,ไพล,NR-RESEARCH-AREA-230,230,Lamtaman Chai,Phrai,0;1,0,1,1,CONSERVATIVE_MAX_WITH_CONFLICT_FLAG,46684;46685,Drought risk duplicated with conflicting class values; droughtRiskLevel uses conservative maximum and raw values are retained.
NR-MONTHLY-2021-11-303001,2021-11,3030,บัวลาย,303001,เมืองพะไล,NR-RESEARCH-AREA-147,147,Bua Lai,Mueang Phalai,0;1,0,1,1,CONSERVATIVE_MAX_WITH_CONFLICT_FLAG,29986;29987,Drought risk duplicated with conflicting class values; droughtRiskLevel uses conservative maximum and raw values are retained.
NR-MONTHLY-2021-11-303002,2021-11,3030,บัวลาย,303002,โนนจาน,NR-RESEARCH-AREA-148,148,Bua Lai,Non Chan,0;1,0,1,1,CONSERVATIVE_MAX_WITH_CONFLICT_FLAG,30208;30209,Drought risk duplicated with conflicting class values; droughtRiskLevel uses conservative maximum and raw values are retained.
NR-MONTHLY-2021-11-303003,2021-11,3030,บัวลาย,303003,บัวลาย,NR-RESEARCH-AREA-149,149,Bua Lai,Bua Lai,0;1,0,1,1,CONSERVATIVE_MAX_WITH_CONFLICT_FLAG,30430;30431,Drought risk duplicated with conflicting class values; droughtRiskLevel uses conservative maximum and raw values are retained.
NR-MONTHLY-2021-11-303004,2021-11,3030,บัวลาย,303004,หนองหว้า,NR-RESEARCH-AREA-150,150,Bua Lai,Nong Wa,0;1,0,1,1,CONSERVATIVE_MAX_WITH_CONFLICT_FLAG,30653;30654,Drought risk duplicated with conflicting class values; droughtRiskLevel uses conservative maximum and raw values are retained.
NR-MONTHLY-2021-11-303101,2021-11,3031,สีดา,303101,สีดา,NR-RESEARCH-AREA-248,248,Sida,Sida,0;1,0,1,1,CONSERVATIVE_MAX_WITH_CONFLICT_FLAG,50135;50136,Drought risk duplicated with conflicting class values; droughtRiskLevel uses conservative maximum and raw values are retained.
NR-MONTHLY-2021-11-303103,2021-11,3031,สีดา,303103,โนนประดู่,NR-RESEARCH-AREA-250,250,Sida,Non Pradu,0;1,0,1,1,CONSERVATIVE_MAX_WITH_CONFLICT_FLAG,50546;50547,Drought risk duplicated with conflicting class values; droughtRiskLevel uses conservative maximum and raw values are retained.
NR-MONTHLY-2021-11-303104,2021-11,3031,สีดา,303104,สามเมือง,NR-RESEARCH-AREA-251,251,Sida,Sam Mueang,0;1,0,1,1,CONSERVATIVE_MAX_WITH_CONFLICT_FLAG,50753;50754,Drought risk duplicated with conflicting class values; droughtRiskLevel uses conservative maximum and raw values are retained.
NR-MONTHLY-2021-11-303105,2021-11,3031,สีดา,303105,หนองตาดใหญ่,NR-RESEARCH-AREA-252,252,Sida,Nong Tat Yai,0;1,0,1,1,CONSERVATIVE_MAX_WITH_CONFLICT_FLAG,50962;50963,Drought risk duplicated with conflicting class values; droughtRiskLevel uses conservative maximum and raw values are retained.
NR-MONTHLY-2021-11-303201,2021-11,3032,เฉลิมพระเกียรติ,303201,ช้างทอง,NR-RESEARCH-AREA-072,72,Chaloem Phra Kiet,Chang Thong,0;1,0,1,1,CONSERVATIVE_MAX_WITH_CONFLICT_FLAG,14301;14302,Drought risk duplicated with conflicting class values; droughtRiskLevel uses conservative maximum and raw values are retained.
NR-MONTHLY-2021-11-303202,2021-11,3032,เฉลิมพระเกียรติ,303202,ท่าช้าง,NR-RESEARCH-AREA-073,73,Chaloem Phra Kiet,Tha Chang,0;1,0,1,1,CONSERVATIVE_MAX_WITH_CONFLICT_FLAG,14507;14508,Drought risk duplicated with conflicting class values; droughtRiskLevel uses conservative maximum and raw values are retained.
NR-MONTHLY-2021-11-303203,2021-11,3032,เฉลิมพระเกียรติ,303203,พระพุทธ,NR-RESEARCH-AREA-074,74,Chaloem Phra Kiet,Phraphut,0;1,0,1,1,CONSERVATIVE_MAX_WITH_CONFLICT_FLAG,14710;14711,Drought risk duplicated with conflicting class values; droughtRiskLevel uses conservative maximum and raw values are retained.
NR-MONTHLY-2021-11-303204,2021-11,3032,เฉลิมพระเกียรติ,303204,หนองงูเหลือม,NR-RESEARCH-AREA-075,75,Chaloem Phra Kiet,Nong Ngu Lueam,0;1,0,1,1,CONSERVATIVE_MAX_WITH_CONFLICT_FLAG,14914;14915,Drought risk duplicated with conflicting class values; droughtRiskLevel uses conservative maximum and raw values are retained.
NR-MONTHLY-2021-11-303205,2021-11,3032,เฉลิมพระเกียรติ,303205,หนองยาง,NR-RESEARCH-AREA-076,76,Chaloem Phra Kiet,Nong Yang,0;1,0,1,1,CONSERVATIVE_MAX_WITH_CONFLICT_FLAG,15120;15121,Drought risk duplicated with conflicting class values; droughtRiskLevel uses conservative maximum and raw values are retained.
NR-MONTHLY-2021-12-300201,2021-12,3002,ครบุรี,300201,แชะ,NR-RESEARCH-AREA-052,52,Khon Buri,Chae,0;1,0,1,1,CONSERVATIVE_MAX_WITH_CONFLICT_FLAG,10356;10357,Drought risk duplicated with conflicting class values; droughtRiskLevel uses conservative maximum and raw values are retained.
NR-MONTHLY-2021-12-300202,2021-12,3002,ครบุรี,300202,เฉลียง,NR-RESEARCH-AREA-053,53,Khon Buri,Chaliang,0;1,0,1,1,CONSERVATIVE_MAX_WITH_CONFLICT_FLAG,10550;10551,Drought risk duplicated with conflicting class values; droughtRiskLevel uses conservative maximum and raw values are retained.
NR-MONTHLY-2021-12-300208,2021-12,3002,ครบุรี,300208,บ้านใหม่,NR-RESEARCH-AREA-059,59,Khon Buri,Ban Mai,0;1,0,1,1,CONSERVATIVE_MAX_WITH_CONFLICT_FLAG,11697;11698,Drought risk duplicated with conflicting class values; droughtRiskLevel uses conservative maximum and raw values are retained.
NR-MONTHLY-2021-12-300211,2021-12,3002,ครบุรี,300211,ตะแบกบาน,NR-RESEARCH-AREA-062,62,Khon Buri,Tabaek Ban,0;1,0,1,1,CONSERVATIVE_MAX_WITH_CONFLICT_FLAG,12251;12252,Drought risk duplicated with conflicting class values; droughtRiskLevel uses conservative maximum and raw values are retained.
NR-MONTHLY-2021-12-300301,2021-12,3003,เสิงสาง,300301,เสิงสาง,NR-RESEARCH-AREA-264,264,Soeng Sang,Soeng Sang,0;1,0,1,1,CONSERVATIVE_MAX_WITH_CONFLICT_FLAG,53424;53425,Drought risk duplicated with conflicting class values; droughtRiskLevel uses conservative maximum and raw values are retained.
NR-MONTHLY-2021-12-300302,2021-12,3003,เสิงสาง,300302,สระตะเคียน,NR-RESEARCH-AREA-265,265,Soeng Sang,Sa Takhian,0;1,0,1,1,CONSERVATIVE_MAX_WITH_CONFLICT_FLAG,53616;53617,Drought risk duplicated with conflicting class values; droughtRiskLevel uses conservative maximum and raw values are retained.
NR-MONTHLY-2021-12-300304,2021-12,3003,เสิงสาง,300304,กุดโบสถ์,NR-RESEARCH-AREA-267,267,Soeng Sang,Kut Bot,0;1,0,1,1,CONSERVATIVE_MAX_WITH_CONFLICT_FLAG,53994;53995,Drought risk duplicated with conflicting class values; droughtRiskLevel uses conservative maximum and raw values are retained.
NR-MONTHLY-2021-12-301605,2021-12,3016,ห้วยแถลง,301605,หินดาด,NR-RESEARCH-AREA-283,283,Huai Thalaeng,Hin Dat,0;1,0,1,1,CONSERVATIVE_MAX_WITH_CONFLICT_FLAG,57289;57290,Drought risk duplicated with conflicting class values; droughtRiskLevel uses conservative maximum and raw values are retained.
NR-MONTHLY-2021-12-302206,2021-12,3022,หนองบุญมาก,302206,หนองตะไก้,NR-RESEARCH-AREA-275,275,Nong Bunmak,Nong Takai,0;1,0,1,1,CONSERVATIVE_MAX_WITH_CONFLICT_FLAG,55660;55661,Drought risk duplicated with conflicting class values; droughtRiskLevel uses conservative maximum and raw values are retained.
NR-MONTHLY-2022-01-301801,2022-01,3018,สูงเนิน,301801,สูงเนิน,NR-RESEARCH-AREA-253,253,Sung Noen,Sung Noen,0;1,0,1,1,CONSERVATIVE_MAX_WITH_CONFLICT_FLAG,51158;51159,Drought risk duplicated with conflicting class values; droughtRiskLevel uses conservative maximum and raw values are retained.
NR-MONTHLY-2022-01-301805,2022-01,3018,สูงเนิน,301805,โนนค่า,NR-RESEARCH-AREA-257,257,Sung Noen,Non Kha,0;1,0,1,1,CONSERVATIVE_MAX_WITH_CONFLICT_FLAG,51976;51977,Drought risk duplicated with conflicting class values; droughtRiskLevel uses conservative maximum and raw values are retained.
NR-MONTHLY-2022-01-301807,2022-01,3018,สูงเนิน,301807,มะเกลือเก่า,NR-RESEARCH-AREA-259,259,Sung Noen,Makluea Kao,0;1,0,1,1,CONSERVATIVE_MAX_WITH_CONFLICT_FLAG,52388;52389,Drought risk duplicated with conflicting class values; droughtRiskLevel uses conservative maximum and raw values are retained.
NR-MONTHLY-2022-01-301811,2022-01,3018,สูงเนิน,301811,กุดจิก,NR-RESEARCH-AREA-263,263,Sung Noen,Kut Chik,0;1,0,1,1,CONSERVATIVE_MAX_WITH_CONFLICT_FLAG,53201;53202,Drought risk duplicated with conflicting class values; droughtRiskLevel uses conservative maximum and raw values are retained.
NR-MONTHLY-2022-01-302011,2022-01,3020,สีคิ้ว,302011,ดอนเมือง,NR-RESEARCH-AREA-246,246,Si Khio,Don Mueang,0;1,0,1,1,CONSERVATIVE_MAX_WITH_CONFLICT_FLAG,49750;49751,Drought risk duplicated with conflicting class values; droughtRiskLevel uses conservative maximum and raw values are retained.
NR-MONTHLY-2022-02-300303,2022-02,3003,เสิงสาง,300303,โนนสมบูรณ์,NR-RESEARCH-AREA-266,266,Soeng Sang,Non Sombun,0;1,0,1,1,CONSERVATIVE_MAX_WITH_CONFLICT_FLAG,53815;53816,Drought risk duplicated with conflicting class values; droughtRiskLevel uses conservative maximum and raw values are retained.
NR-MONTHLY-2022-02-301417,2022-02,3014,ปักธงชัย,301417,ธงชัยเหนือ,NR-RESEARCH-AREA-190,190,Pak Thong Chai,Thong Chai Nuea,0;1,0,1,1,CONSERVATIVE_MAX_WITH_CONFLICT_FLAG,38717;38718,Drought risk duplicated with conflicting class values; droughtRiskLevel uses conservative maximum and raw values are retained.
NR-MONTHLY-2022-02-301418,2022-02,3014,ปักธงชัย,301418,สุขเกษม,NR-RESEARCH-AREA-191,191,Pak Thong Chai,Suk Kasem,0;1,0,1,1,CONSERVATIVE_MAX_WITH_CONFLICT_FLAG,38927;38928,Drought risk duplicated with conflicting class values; droughtRiskLevel uses conservative maximum and raw values are retained.
NR-MONTHLY-2022-03-301405,2022-03,3014,ปักธงชัย,301405,ตะขบ,NR-RESEARCH-AREA-182,182,Pak Thong Chai,Takhop,0;1,0,1,1,CONSERVATIVE_MAX_WITH_CONFLICT_FLAG,37043;37044,Drought risk duplicated with conflicting class values; droughtRiskLevel uses conservative maximum and raw values are retained.
NR-MONTHLY-2022-03-301412,2022-03,3014,ปักธงชัย,301412,ลำนางแก้ว,NR-RESEARCH-AREA-188,188,Pak Thong Chai,Lam Nang Kaeo,0;1,0,1,1,CONSERVATIVE_MAX_WITH_CONFLICT_FLAG,38303;38304,Drought risk duplicated with conflicting class values; droughtRiskLevel uses conservative maximum and raw values are retained.
NR-MONTHLY-2022-03-301416,2022-03,3014,ปักธงชัย,301416,ภูหลวง,NR-RESEARCH-AREA-189,189,Pak Thong Chai,Phu Luang,0;1,0,1,1,CONSERVATIVE_MAX_WITH_CONFLICT_FLAG,38511;38512,Drought risk duplicated with conflicting class values; droughtRiskLevel uses conservative maximum and raw values are retained.
NR-MONTHLY-2022-05-301412,2022-05,3014,ปักธงชัย,301412,ลำนางแก้ว,NR-RESEARCH-AREA-188,188,Pak Thong Chai,Lam Nang Kaeo,0;1,0,1,1,CONSERVATIVE_MAX_WITH_CONFLICT_FLAG,38307;38308,Drought risk duplicated with conflicting class values; droughtRiskLevel uses conservative maximum and raw values are retained.
NR-MONTHLY-2022-06-300119,2022-06,3001,เมืองนครราชสีมา,300119,หนองบัวศาลา,NR-RESEARCH-AREA-018,18,Mueang Nakhon Ratchasima,Nong Bua Sala,0;1,0,1,1,CONSERVATIVE_MAX_WITH_CONFLICT_FLAG,3432;3433,Drought risk duplicated with conflicting class values; droughtRiskLevel uses conservative maximum and raw values are retained.
NR-MONTHLY-2022-06-300121,2022-06,3001,เมืองนครราชสีมา,300121,สีมุม,NR-RESEARCH-AREA-020,20,Mueang Nakhon Ratchasima,Si Mum,0;1,0,1,1,CONSERVATIVE_MAX_WITH_CONFLICT_FLAG,3806;3807,Drought risk duplicated with conflicting class values; droughtRiskLevel uses conservative maximum and raw values are retained.
NR-MONTHLY-2022-06-300205,2022-06,3002,ครบุรี,300205,จระเข้หิน,NR-RESEARCH-AREA-056,56,Khon Buri,Chorakhe Hin,0;1,0,1,1,CONSERVATIVE_MAX_WITH_CONFLICT_FLAG,11129;11130,Drought risk duplicated with conflicting class values; droughtRiskLevel uses conservative maximum and raw values are retained.
NR-MONTHLY-2022-06-300209,2022-06,3002,ครบุรี,300209,ลำเพียก,NR-RESEARCH-AREA-060,60,Khon Buri,Lamphiak,0;1,0,1,1,CONSERVATIVE_MAX_WITH_CONFLICT_FLAG,11884;11885,Drought risk duplicated with conflicting class values; droughtRiskLevel uses conservative maximum and raw values are retained.
NR-MONTHLY-2022-06-300908,2022-06,3009,โนนไทย,300908,สายออ,NR-RESEARCH-AREA-128,128,Non Thai,Sai-O,0;1,0,1,1,CONSERVATIVE_MAX_WITH_CONFLICT_FLAG,26138;26139,Drought risk duplicated with conflicting class values; droughtRiskLevel uses conservative maximum and raw values are retained.
NR-MONTHLY-2022-06-301416,2022-06,3014,ปักธงชัย,301416,ภูหลวง,NR-RESEARCH-AREA-189,189,Pak Thong Chai,Phu Luang,0;1,0,1,1,CONSERVATIVE_MAX_WITH_CONFLICT_FLAG,38517;38518,Drought risk duplicated with conflicting class values; droughtRiskLevel uses conservative maximum and raw values are retained.
NR-MONTHLY-2022-06-301417,2022-06,3014,ปักธงชัย,301417,ธงชัยเหนือ,NR-RESEARCH-AREA-190,190,Pak Thong Chai,Thong Chai Nuea,0;1,0,1,1,CONSERVATIVE_MAX_WITH_CONFLICT_FLAG,38725;38726,Drought risk duplicated with conflicting class values; droughtRiskLevel uses conservative maximum and raw values are retained.
NR-MONTHLY-2022-07-300211,2022-07,3002,ครบุรี,300211,ตะแบกบาน,NR-RESEARCH-AREA-062,62,Khon Buri,Tabaek Ban,0;1,0,1,1,CONSERVATIVE_MAX_WITH_CONFLICT_FLAG,12260;12261,Drought risk duplicated with conflicting class values; droughtRiskLevel uses conservative maximum and raw values are retained.
NR-MONTHLY-2022-08-300118,2022-08,3001,เมืองนครราชสีมา,300118,ไชยมงคล,NR-RESEARCH-AREA-017,17,Mueang Nakhon Ratchasima,Chai Mongkhon,0;1,0,1,1,CONSERVATIVE_MAX_WITH_CONFLICT_FLAG,3250;3251,Drought risk duplicated with conflicting class values; droughtRiskLevel uses conservative maximum and raw values are retained.
NR-MONTHLY-2022-08-301301,2022-08,3013,ประทาย,301301,ประทาย,NR-RESEARCH-AREA-165,165,Prathai,Prathai,0;1,0,1,1,CONSERVATIVE_MAX_WITH_CONFLICT_FLAG,33579;33580,Drought risk duplicated with conflicting class values; droughtRiskLevel uses conservative maximum and raw values are retained.
NR-MONTHLY-2022-08-301306,2022-08,3013,ประทาย,301306,ตลาดไทร,NR-RESEARCH-AREA-173,173,Prathai,Talat Sai,0;1,0,1,1,CONSERVATIVE_MAX_WITH_CONFLICT_FLAG,35183;35184,Drought risk duplicated with conflicting class values; droughtRiskLevel uses conservative maximum and raw values are retained.
NR-MONTHLY-2022-08-301317,2022-08,3013,ประทาย,301317,โคกกลาง,NR-RESEARCH-AREA-176,176,Prathai,Khok Klang,0;1,0,1,1,CONSERVATIVE_MAX_WITH_CONFLICT_FLAG,35793;35794,Drought risk duplicated with conflicting class values; droughtRiskLevel uses conservative maximum and raw values are retained.
NR-MONTHLY-2022-08-301503,2022-08,3015,พิมาย,301503,โบสถ์,NR-RESEARCH-AREA-213,213,Phimai,Bot,0;1,0,1,1,CONSERVATIVE_MAX_WITH_CONFLICT_FLAG,42946;42947,Drought risk duplicated with conflicting class values; droughtRiskLevel uses conservative maximum and raw values are retained.
NR-MONTHLY-2022-08-301607,2022-08,3016,ห้วยแถลง,301607,กงรถ,NR-RESEARCH-AREA-285,285,Huai Thalaeng,Kong Rot,0;1,0,1,1,CONSERVATIVE_MAX_WITH_CONFLICT_FLAG,57680;57681,Drought risk duplicated with conflicting class values; droughtRiskLevel uses conservative maximum and raw values are retained.
NR-MONTHLY-2022-08-301704,2022-08,3017,ชุมพวง,301704,สาหร่าย,NR-RESEARCH-AREA-080,80,Chum Phuang,Sarai,0;1,0,1,1,CONSERVATIVE_MAX_WITH_CONFLICT_FLAG,16046;16047,Drought risk duplicated with conflicting class values; droughtRiskLevel uses conservative maximum and raw values are retained.
NR-MONTHLY-2022-08-302010,2022-08,3020,สีคิ้ว,302010,คลองไผ่,NR-RESEARCH-AREA-245,245,Si Khio,Khlong Phai,0;1,0,1,1,CONSERVATIVE_MAX_WITH_CONFLICT_FLAG,49567;49568,Drought risk duplicated with conflicting class values; droughtRiskLevel uses conservative maximum and raw values are retained.
NR-MONTHLY-2022-08-302402,2022-08,3024,โนนแดง,302402,โนนตาเถร,NR-RESEARCH-AREA-117,117,Non Daeng,Non Ta Then,0;1,0,1,1,CONSERVATIVE_MAX_WITH_CONFLICT_FLAG,23733;23734,Drought risk duplicated with conflicting class values; droughtRiskLevel uses conservative maximum and raw values are retained.
NR-MONTHLY-2022-08-302405,2022-08,3024,โนนแดง,302405,ดอนยาวใหญ่,NR-RESEARCH-AREA-120,120,Non Daeng,Don Yao Yai,0;1,0,1,1,CONSERVATIVE_MAX_WITH_CONFLICT_FLAG,24424;24425,Drought risk duplicated with conflicting class values; droughtRiskLevel uses conservative maximum and raw values are retained.
NR-MONTHLY-2022-09-300207,2022-09,3002,ครบุรี,300207,อรพิมพ์,NR-RESEARCH-AREA-058,58,Khon Buri,Oraphim,0;1,0,1,1,CONSERVATIVE_MAX_WITH_CONFLICT_FLAG,11521;11522,Drought risk duplicated with conflicting class values; droughtRiskLevel uses conservative maximum and raw values are retained.
NR-MONTHLY-2022-09-300402,2022-09,3004,คง,300402,คูขาด,NR-RESEARCH-AREA-043,43,Khong,Khu Khat,0;1,0,1,1,CONSERVATIVE_MAX_WITH_CONFLICT_FLAG,8599;8600,Drought risk duplicated with conflicting class values; droughtRiskLevel uses conservative maximum and raw values are retained.
NR-MONTHLY-2022-09-300405,2022-09,3004,คง,300405,บ้านปรางค์,NR-RESEARCH-AREA-046,46,Khong,Ban Prang,0;1,0,1,1,CONSERVATIVE_MAX_WITH_CONFLICT_FLAG,9189;9190,Drought risk duplicated with conflicting class values; droughtRiskLevel uses conservative maximum and raw values are retained.
NR-MONTHLY-2022-09-300407,2022-09,3004,คง,300407,หนองบัว,NR-RESEARCH-AREA-048,48,Khong,Nong Bua,0;1,0,1,1,CONSERVATIVE_MAX_WITH_CONFLICT_FLAG,9589;9590,Drought risk duplicated with conflicting class values; droughtRiskLevel uses conservative maximum and raw values are retained.
NR-MONTHLY-2022-09-300408,2022-09,3004,คง,300408,โนนเต็ง,NR-RESEARCH-AREA-049,49,Khong,Non Teng,0;1,0,1,1,CONSERVATIVE_MAX_WITH_CONFLICT_FLAG,9787;9788,Drought risk duplicated with conflicting class values; droughtRiskLevel uses conservative maximum and raw values are retained.
NR-MONTHLY-2022-09-300501,2022-09,3005,บ้านเหลื่อม,300501,บ้านเหลื่อม,NR-RESEARCH-AREA-161,161,Ban Lueam,Ban Lueam,0;1,0,1,1,CONSERVATIVE_MAX_WITH_CONFLICT_FLAG,32796;32797,Drought risk duplicated with conflicting class values; droughtRiskLevel uses conservative maximum and raw values are retained.
NR-MONTHLY-2022-09-300502,2022-09,3005,บ้านเหลื่อม,300502,วังโพธิ์,NR-RESEARCH-AREA-162,162,Ban Lueam,Wang Pho,0;1,0,1,1,CONSERVATIVE_MAX_WITH_CONFLICT_FLAG,32993;32994,Drought risk duplicated with conflicting class values; droughtRiskLevel uses conservative maximum and raw values are retained.
NR-MONTHLY-2022-09-300504,2022-09,3005,บ้านเหลื่อม,300504,ช่อระกา,NR-RESEARCH-AREA-164,164,Ban Lueam,Cho Raka,0;1,0,1,1,CONSERVATIVE_MAX_WITH_CONFLICT_FLAG,33384;33385,Drought risk duplicated with conflicting class values; droughtRiskLevel uses conservative maximum and raw values are retained.
NR-MONTHLY-2022-09-300603,2022-09,3006,จักราช,300603,ทองหลาง,NR-RESEARCH-AREA-065,65,Chakkarat,Thong Lang,0;1,0,1,1,CONSERVATIVE_MAX_WITH_CONFLICT_FLAG,12865;12866,Drought risk duplicated with conflicting class values; droughtRiskLevel uses conservative maximum and raw values are retained.
NR-MONTHLY-2022-09-300607,2022-09,3006,จักราช,300607,หนองพลวง,NR-RESEARCH-AREA-068,68,Chakkarat,Nong Phluang,0;1,0,1,1,CONSERVATIVE_MAX_WITH_CONFLICT_FLAG,13493;13494,Drought risk duplicated with conflicting class values; droughtRiskLevel uses conservative maximum and raw values are retained.
NR-MONTHLY-2022-09-300803,2022-09,3008,ด่านขุนทด,300803,ด่านนอก,NR-RESEARCH-AREA-098,98,Dan Khun Thot,Dan Nok,0;1,0,1,1,CONSERVATIVE_MAX_WITH_CONFLICT_FLAG,19806;19807,Drought risk duplicated with conflicting class values; droughtRiskLevel uses conservative maximum and raw values are retained.
NR-MONTHLY-2022-09-300807,2022-09,3008,ด่านขุนทด,300807,บ้านแปรง,NR-RESEARCH-AREA-102,102,Dan Khun Thot,Ban Praeng,0;1,0,1,1,CONSERVATIVE_MAX_WITH_CONFLICT_FLAG,20652;20653,Drought risk duplicated with conflicting class values; droughtRiskLevel uses conservative maximum and raw values are retained.
NR-MONTHLY-2022-09-300810,2022-09,3008,ด่านขุนทด,300810,หนองกราด,NR-RESEARCH-AREA-105,105,Dan Khun Thot,Nong Krat,0;1,0,1,1,CONSERVATIVE_MAX_WITH_CONFLICT_FLAG,21279;21280,Drought risk duplicated with conflicting class values; droughtRiskLevel uses conservative maximum and raw values are retained.
NR-MONTHLY-2022-09-300812,2022-09,3008,ด่านขุนทด,300812,หนองบัวละคร,NR-RESEARCH-AREA-107,107,Dan Khun Thot,Nong Bua Lakhon,0;1,0,1,1,CONSERVATIVE_MAX_WITH_CONFLICT_FLAG,21698;21699,Drought risk duplicated with conflicting class values; droughtRiskLevel uses conservative maximum and raw values are retained.
NR-MONTHLY-2022-09-300815,2022-09,3008,ด่านขุนทด,300815,ห้วยบง,NR-RESEARCH-AREA-109,109,Dan Khun Thot,Huai Bong,0;1,0,1,1,CONSERVATIVE_MAX_WITH_CONFLICT_FLAG,22120;22121,Drought risk duplicated with conflicting class values; droughtRiskLevel uses conservative maximum and raw values are retained.
NR-MONTHLY-2022-09-300817,2022-09,3008,ด่านขุนทด,300817,โนนเมืองพัฒนา,NR-RESEARCH-AREA-110,110,Dan Khun Thot,Non Mueang Phatthana,0;1,0,1,1,CONSERVATIVE_MAX_WITH_CONFLICT_FLAG,22328;22329,Drought risk duplicated with conflicting class values; droughtRiskLevel uses conservative maximum and raw values are retained.
NR-MONTHLY-2022-09-300903,2022-09,3009,โนนไทย,300903,กำปัง,NR-RESEARCH-AREA-123,123,Non Thai,Kampang,0;1,0,1,1,CONSERVATIVE_MAX_WITH_CONFLICT_FLAG,25082;25083,Drought risk duplicated with conflicting class values; droughtRiskLevel uses conservative maximum and raw values are retained.
NR-MONTHLY-2022-09-300904,2022-09,3009,โนนไทย,300904,สำโรง,NR-RESEARCH-AREA-124,124,Non Thai,Samrong,0;1,0,1,1,CONSERVATIVE_MAX_WITH_CONFLICT_FLAG,25296;25297,Drought risk duplicated with conflicting class values; droughtRiskLevel uses conservative maximum and raw values are retained.
NR-MONTHLY-2022-09-300905,2022-09,3009,โนนไทย,300905,ค้างพลู,NR-RESEARCH-AREA-125,125,Non Thai,Khang Phlu,0;1,0,1,1,CONSERVATIVE_MAX_WITH_CONFLICT_FLAG,25508;25509,Drought risk duplicated with conflicting class values; droughtRiskLevel uses conservative maximum and raw values are retained.
NR-MONTHLY-2022-09-300907,2022-09,3009,โนนไทย,300907,บัลลังก์,NR-RESEARCH-AREA-127,127,Non Thai,Banlang,0;1,0,1,1,CONSERVATIVE_MAX_WITH_CONFLICT_FLAG,25932;25933,Drought risk duplicated with conflicting class values; droughtRiskLevel uses conservative maximum and raw values are retained.
NR-MONTHLY-2022-09-300909,2022-09,3009,โนนไทย,300909,ถนนโพธิ์,NR-RESEARCH-AREA-129,129,Non Thai,Thanon Pho,0;1,0,1,1,CONSERVATIVE_MAX_WITH_CONFLICT_FLAG,26356;26357,Drought risk duplicated with conflicting class values; droughtRiskLevel uses conservative maximum and raw values are retained.
NR-MONTHLY-2022-09-300914,2022-09,3009,โนนไทย,300914,มะค่า,NR-RESEARCH-AREA-130,130,Non Thai,Makha,0;1,0,1,1,CONSERVATIVE_MAX_WITH_CONFLICT_FLAG,26568;26569,Drought risk duplicated with conflicting class values; droughtRiskLevel uses conservative maximum and raw values are retained.
NR-MONTHLY-2022-09-301003,2022-09,3010,โนนสูง,301003,โตนด,NR-RESEARCH-AREA-133,133,Non Sung,Tanot,0;1,0,1,1,CONSERVATIVE_MAX_WITH_CONFLICT_FLAG,27172;27173,Drought risk duplicated with conflicting class values; droughtRiskLevel uses conservative maximum and raw values are retained.
NR-MONTHLY-2022-09-301004,2022-09,3010,โนนสูง,301004,บิง,NR-RESEARCH-AREA-134,134,Non Sung,Bing,0;1,0,1,1,CONSERVATIVE_MAX_WITH_CONFLICT_FLAG,27374;27375,Drought risk duplicated with conflicting class values; droughtRiskLevel uses conservative maximum and raw values are retained.
NR-MONTHLY-2022-09-301010,2022-09,3010,โนนสูง,301010,จันอัด,NR-RESEARCH-AREA-140,140,Non Sung,Chan-At,0;1,0,1,1,CONSERVATIVE_MAX_WITH_CONFLICT_FLAG,28589;28590,Drought risk duplicated with conflicting class values; droughtRiskLevel uses conservative maximum and raw values are retained.
NR-MONTHLY-2022-09-301011,2022-09,3010,โนนสูง,301011,ขามเฒ่า,NR-RESEARCH-AREA-141,141,Non Sung,Kham Thao,0;1,0,1,1,CONSERVATIVE_MAX_WITH_CONFLICT_FLAG,28792;28793,Drought risk duplicated with conflicting class values; droughtRiskLevel uses conservative maximum and raw values are retained.
NR-MONTHLY-2022-09-301012,2022-09,3010,โนนสูง,301012,ด่านคล้า,NR-RESEARCH-AREA-142,142,Non Sung,Dan Khla,0;1,0,1,1,CONSERVATIVE_MAX_WITH_CONFLICT_FLAG,28993;28994,Drought risk duplicated with conflicting class values; droughtRiskLevel uses conservative maximum and raw values are retained.
NR-MONTHLY-2022-09-301016,2022-09,3010,โนนสูง,301016,ลำมูล,NR-RESEARCH-AREA-146,146,Non Sung,Lammun,0;1,0,1,1,CONSERVATIVE_MAX_WITH_CONFLICT_FLAG,29791;29792,Drought risk duplicated with conflicting class values; droughtRiskLevel uses conservative maximum and raw values are retained.
NR-MONTHLY-2022-09-301103,2022-09,3011,ขามสะแกแสง,301103,เมืองนาท,NR-RESEARCH-AREA-037,37,Kham Sakae Saeng,Mueang Nat,0;1,0,1,1,CONSERVATIVE_MAX_WITH_CONFLICT_FLAG,7248;7249,Drought risk duplicated with conflicting class values; droughtRiskLevel uses conservative maximum and raw values are retained.
NR-MONTHLY-2022-09-301106,2022-09,3011,ขามสะแกแสง,301106,หนองหัวฟาน,NR-RESEARCH-AREA-040,40,Kham Sakae Saeng,Nong Hua Fan,0;1,0,1,1,CONSERVATIVE_MAX_WITH_CONFLICT_FLAG,7956;7957,Drought risk duplicated with conflicting class values; droughtRiskLevel uses conservative maximum and raw values are retained.
NR-MONTHLY-2022-09-301204,2022-09,3012,บัวใหญ่,301204,เสมาใหญ่,NR-RESEARCH-AREA-153,153,Bua Yai,Sema Yai,0;1,0,1,1,CONSERVATIVE_MAX_WITH_CONFLICT_FLAG,31265;31266,Drought risk duplicated with conflicting class values; droughtRiskLevel uses conservative maximum and raw values are retained.
NR-MONTHLY-2022-09-301206,2022-09,3012,บัวใหญ่,301206,ดอนตะหนิน,NR-RESEARCH-AREA-154,154,Bua Yai,Don Tanin,0;1,0,1,1,CONSERVATIVE_MAX_WITH_CONFLICT_FLAG,31455;31456,Drought risk duplicated with conflicting class values; droughtRiskLevel uses conservative maximum and raw values are retained.
NR-MONTHLY-2022-09-301208,2022-09,3012,บัวใหญ่,301208,โนนทองหลาง,NR-RESEARCH-AREA-156,156,Bua Yai,Non Thong Lang,0;1,0,1,1,CONSERVATIVE_MAX_WITH_CONFLICT_FLAG,31837;31838,Drought risk duplicated with conflicting class values; droughtRiskLevel uses conservative maximum and raw values are retained.
NR-MONTHLY-2022-09-301304,2022-09,3013,ประทาย,301304,วังไม้แดง,NR-RESEARCH-AREA-168,168,Prathai,Wang Mai Daeng,0;1,0,1,1,CONSERVATIVE_MAX_WITH_CONFLICT_FLAG,34180;34181,Drought risk duplicated with conflicting class values; droughtRiskLevel uses conservative maximum and raw values are retained.
NR-MONTHLY-2022-09-301307,2022-09,3013,ประทาย,301307,หนองพลวง,NR-RESEARCH-AREA-166,166,Prathai,Nong Phluang,0;1,0,1,1,CONSERVATIVE_MAX_WITH_CONFLICT_FLAG,33782;33783,Drought risk duplicated with conflicting class values; droughtRiskLevel uses conservative maximum and raw values are retained.
NR-MONTHLY-2022-09-301308,2022-09,3013,ประทาย,301308,หนองค่าย,NR-RESEARCH-AREA-172,172,Prathai,Nong Khai,0;1,0,1,1,CONSERVATIVE_MAX_WITH_CONFLICT_FLAG,34988;34989,Drought risk duplicated with conflicting class values; droughtRiskLevel uses conservative maximum and raw values are retained.
NR-MONTHLY-2022-09-301309,2022-09,3013,ประทาย,301309,หันห้วยทราย,NR-RESEARCH-AREA-167,167,Prathai,Han Huai Sai,0;1,0,1,1,CONSERVATIVE_MAX_WITH_CONFLICT_FLAG,33980;33981,Drought risk duplicated with conflicting class values; droughtRiskLevel uses conservative maximum and raw values are retained.
NR-MONTHLY-2022-09-301313,2022-09,3013,ประทาย,301313,นางรำ,NR-RESEARCH-AREA-171,171,Prathai,Nang Ram,0;1,0,1,1,CONSERVATIVE_MAX_WITH_CONFLICT_FLAG,34788;34789,Drought risk duplicated with conflicting class values; droughtRiskLevel uses conservative maximum and raw values are retained.
NR-MONTHLY-2022-09-301314,2022-09,3013,ประทาย,301314,โนนเพ็ด,NR-RESEARCH-AREA-169,169,Prathai,Non Phet,0;1,0,1,1,CONSERVATIVE_MAX_WITH_CONFLICT_FLAG,34380;34381,Drought risk duplicated with conflicting class values; droughtRiskLevel uses conservative maximum and raw values are retained.
NR-MONTHLY-2022-09-301318,2022-09,3013,ประทาย,301318,เมืองโดน,NR-RESEARCH-AREA-177,177,Prathai,Mueang Don,0;1,0,1,1,CONSERVATIVE_MAX_WITH_CONFLICT_FLAG,36002;36003,Drought risk duplicated with conflicting class values; droughtRiskLevel uses conservative maximum and raw values are retained.
NR-MONTHLY-2022-09-301402,2022-09,3014,ปักธงชัย,301402,ตะคุ,NR-RESEARCH-AREA-179,179,Pak Thong Chai,Takhu,0;1,0,1,1,CONSERVATIVE_MAX_WITH_CONFLICT_FLAG,36422;36423,Drought risk duplicated with conflicting class values; droughtRiskLevel uses conservative maximum and raw values are retained.
NR-MONTHLY-2022-09-301404,2022-09,3014,ปักธงชัย,301404,สำโรง,NR-RESEARCH-AREA-181,181,Pak Thong Chai,Samrong,0;1,0,1,1,CONSERVATIVE_MAX_WITH_CONFLICT_FLAG,36844;36845,Drought risk duplicated with conflicting class values; droughtRiskLevel uses conservative maximum and raw values are retained.
NR-MONTHLY-2022-09-301407,2022-09,3014,ปักธงชัย,301407,ดอน,NR-RESEARCH-AREA-184,184,Pak Thong Chai,Don,0;1,0,1,1,CONSERVATIVE_MAX_WITH_CONFLICT_FLAG,37475;37476,Drought risk duplicated with conflicting class values; droughtRiskLevel uses conservative maximum and raw values are retained.
NR-MONTHLY-2022-09-301411,2022-09,3014,ปักธงชัย,301411,สะแกราช,NR-RESEARCH-AREA-187,187,Pak Thong Chai,Sakae Rat,0;1,0,1,1,CONSERVATIVE_MAX_WITH_CONFLICT_FLAG,38106;38107,Drought risk duplicated with conflicting class values; droughtRiskLevel uses conservative maximum and raw values are retained.
NR-MONTHLY-2022-09-301416,2022-09,3014,ปักธงชัย,301416,ภูหลวง,NR-RESEARCH-AREA-189,189,Pak Thong Chai,Phu Luang,0;1,0,1,1,CONSERVATIVE_MAX_WITH_CONFLICT_FLAG,38522;38523,Drought risk duplicated with conflicting class values; droughtRiskLevel uses conservative maximum and raw values are retained.
NR-MONTHLY-2022-09-301417,2022-09,3014,ปักธงชัย,301417,ธงชัยเหนือ,NR-RESEARCH-AREA-190,190,Pak Thong Chai,Thong Chai Nuea,0;1,0,1,1,CONSERVATIVE_MAX_WITH_CONFLICT_FLAG,38731;38732,Drought risk duplicated with conflicting class values; droughtRiskLevel uses conservative maximum and raw values are retained.
NR-MONTHLY-2022-09-301504,2022-09,3015,พิมาย,301504,กระเบื้องใหญ่,NR-RESEARCH-AREA-214,214,Phimai,Krabueang Yai,0;1,0,1,1,CONSERVATIVE_MAX_WITH_CONFLICT_FLAG,43181;43182,Drought risk duplicated with conflicting class values; droughtRiskLevel uses conservative maximum and raw values are retained.
NR-MONTHLY-2022-09-301508,2022-09,3015,พิมาย,301508,นิคมสร้างตนเอง,NR-RESEARCH-AREA-218,218,Phimai,Nikhom Sang Ton-Eng,0;1,0,1,1,CONSERVATIVE_MAX_WITH_CONFLICT_FLAG,44106;44107,Drought risk duplicated with conflicting class values; droughtRiskLevel uses conservative maximum and raw values are retained.
NR-MONTHLY-2022-09-301509,2022-09,3015,พิมาย,301509,กระชอน,NR-RESEARCH-AREA-219,219,Phimai,Krachon,0;1,0,1,1,CONSERVATIVE_MAX_WITH_CONFLICT_FLAG,44339;44340,Drought risk duplicated with conflicting class values; droughtRiskLevel uses conservative maximum and raw values are retained.
NR-MONTHLY-2022-09-301512,2022-09,3015,พิมาย,301512,หนองระเวียง,NR-RESEARCH-AREA-222,222,Mueang Nakhon Ratchasima,Nong Rawiang,0;1,0,1,1,CONSERVATIVE_MAX_WITH_CONFLICT_FLAG,45036;45037,Drought risk duplicated with conflicting class values; droughtRiskLevel uses conservative maximum and raw values are retained.
NR-MONTHLY-2022-09-301703,2022-09,3017,ชุมพวง,301703,ท่าลาด,NR-RESEARCH-AREA-079,79,Chum Phuang,Tha Lat,0;1,0,1,1,CONSERVATIVE_MAX_WITH_CONFLICT_FLAG,15817;15818,Drought risk duplicated with conflicting class values; droughtRiskLevel uses conservative maximum and raw values are retained.
NR-MONTHLY-2022-09-301717,2022-09,3017,ชุมพวง,301717,โนนยอ,NR-RESEARCH-AREA-085,85,Chum Phuang,Non Yo,0;1,0,1,1,CONSERVATIVE_MAX_WITH_CONFLICT_FLAG,17186;17187,Drought risk duplicated with conflicting class values; droughtRiskLevel uses conservative maximum and raw values are retained.
NR-MONTHLY-2022-09-301803,2022-09,3018,สูงเนิน,301803,โคราช,NR-RESEARCH-AREA-255,255,Sung Noen,Khorat,0;1,0,1,1,CONSERVATIVE_MAX_WITH_CONFLICT_FLAG,51579;51580,Drought risk duplicated with conflicting class values; droughtRiskLevel uses conservative maximum and raw values are retained.
NR-MONTHLY-2022-09-301804,2022-09,3018,สูงเนิน,301804,บุ่งขี้เหล็ก,NR-RESEARCH-AREA-256,256,Sung Noen,Bung Khi Lek,0;1,0,1,1,CONSERVATIVE_MAX_WITH_CONFLICT_FLAG,51783;51784,Drought risk duplicated with conflicting class values; droughtRiskLevel uses conservative maximum and raw values are retained.
NR-MONTHLY-2022-09-301806,2022-09,3018,สูงเนิน,301806,โค้งยาง,NR-RESEARCH-AREA-258,258,Sung Noen,Khong Yang,0;1,0,1,1,CONSERVATIVE_MAX_WITH_CONFLICT_FLAG,52194;52195,Drought risk duplicated with conflicting class values; droughtRiskLevel uses conservative maximum and raw values are retained.
NR-MONTHLY-2022-09-301807,2022-09,3018,สูงเนิน,301807,มะเกลือเก่า,NR-RESEARCH-AREA-259,259,Sung Noen,Makluea Kao,0;1,0,1,1,CONSERVATIVE_MAX_WITH_CONFLICT_FLAG,52400;52401,Drought risk duplicated with conflicting class values; droughtRiskLevel uses conservative maximum and raw values are retained.
NR-MONTHLY-2022-09-301808,2022-09,3018,สูงเนิน,301808,มะเกลือใหม่,NR-RESEARCH-AREA-260,260,Sung Noen,Makluea Mai,0;1,0,1,1,CONSERVATIVE_MAX_WITH_CONFLICT_FLAG,52602;52603,Drought risk duplicated with conflicting class values; droughtRiskLevel uses conservative maximum and raw values are retained.
NR-MONTHLY-2022-09-301809,2022-09,3018,สูงเนิน,301809,นากลาง,NR-RESEARCH-AREA-261,261,Sung Noen,Na Klang,0;1,0,1,1,CONSERVATIVE_MAX_WITH_CONFLICT_FLAG,52808;52809,Drought risk duplicated with conflicting class values; droughtRiskLevel uses conservative maximum and raw values are retained.
NR-MONTHLY-2022-09-301810,2022-09,3018,สูงเนิน,301810,หนองตะไก้,NR-RESEARCH-AREA-262,262,Sung Noen,Nong Takai,0;1,0,1,1,CONSERVATIVE_MAX_WITH_CONFLICT_FLAG,53012;53013,Drought risk duplicated with conflicting class values; droughtRiskLevel uses conservative maximum and raw values are retained.
NR-MONTHLY-2022-09-301901,2022-09,3019,ขามทะเลสอ,301901,ขามทะเลสอ,NR-RESEARCH-AREA-030,30,Kham Thale So,Kham Thale So,0;1,0,1,1,CONSERVATIVE_MAX_WITH_CONFLICT_FLAG,5767;5768,Drought risk duplicated with conflicting class values; droughtRiskLevel uses conservative maximum and raw values are retained.
NR-MONTHLY-2022-09-301905,2022-09,3019,ขามทะเลสอ,301905,บึงอ้อ,NR-RESEARCH-AREA-034,34,Kham Thale So,Bueng O,0;1,0,1,1,CONSERVATIVE_MAX_WITH_CONFLICT_FLAG,6557;6558,Drought risk duplicated with conflicting class values; droughtRiskLevel uses conservative maximum and raw values are retained.
NR-MONTHLY-2022-09-302009,2022-09,3020,สีคิ้ว,302009,มิตรภาพ,NR-RESEARCH-AREA-244,244,Si Khio,Mittraphap,0;1,0,1,1,CONSERVATIVE_MAX_WITH_CONFLICT_FLAG,49377;49378,Drought risk duplicated with conflicting class values; droughtRiskLevel uses conservative maximum and raw values are retained.
NR-MONTHLY-2022-09-302012,2022-09,3020,สีคิ้ว,302012,หนองบัวน้อย,NR-RESEARCH-AREA-247,247,Si Khio,Nong Bua Noi,0;1,0,1,1,CONSERVATIVE_MAX_WITH_CONFLICT_FLAG,49956;49957,Drought risk duplicated with conflicting class values; droughtRiskLevel uses conservative maximum and raw values are retained.
NR-MONTHLY-2022-09-302105,2022-09,3021,ปากช่อง,302105,หมูสี,NR-RESEARCH-AREA-198,198,Pak Chong,Mu Si,0;1,0,1,1,CONSERVATIVE_MAX_WITH_CONFLICT_FLAG,40082;40083,Drought risk duplicated with conflicting class values; droughtRiskLevel uses conservative maximum and raw values are retained.
NR-MONTHLY-2022-09-302108,2022-09,3021,ปากช่อง,302108,โป่งตาลอง,NR-RESEARCH-AREA-201,201,Pak Chong,Pong Ta Long,0;1,0,1,1,CONSERVATIVE_MAX_WITH_CONFLICT_FLAG,40623;40624,Drought risk duplicated with conflicting class values; droughtRiskLevel uses conservative maximum and raw values are retained.
NR-MONTHLY-2022-09-302110,2022-09,3021,ปากช่อง,302110,หนองน้ำแดง,NR-RESEARCH-AREA-203,203,Pak Chong,Nong Nam Daeng,0;1,0,1,1,CONSERVATIVE_MAX_WITH_CONFLICT_FLAG,40977;40978,Drought risk duplicated with conflicting class values; droughtRiskLevel uses conservative maximum and raw values are retained.
NR-MONTHLY-2022-09-302111,2022-09,3021,ปากช่อง,302111,วังไทร,NR-RESEARCH-AREA-204,204,Pak Chong,Wang Sai,0;1,0,1,1,CONSERVATIVE_MAX_WITH_CONFLICT_FLAG,41159;41160,Drought risk duplicated with conflicting class values; droughtRiskLevel uses conservative maximum and raw values are retained.
NR-MONTHLY-2022-09-302301,2022-09,3023,แก้งสนามนาง,302301,แก้งสนามนาง,NR-RESEARCH-AREA-025,25,Kaeng Sanam Nang,Kaeng Sanam Nang,0;1,0,1,1,CONSERVATIVE_MAX_WITH_CONFLICT_FLAG,4772;4773,Drought risk duplicated with conflicting class values; droughtRiskLevel uses conservative maximum and raw values are retained.
NR-MONTHLY-2022-09-302302,2022-09,3023,แก้งสนามนาง,302302,โนนสำราญ,NR-RESEARCH-AREA-026,26,Kaeng Sanam Nang,Non Samran,0;1,0,1,1,CONSERVATIVE_MAX_WITH_CONFLICT_FLAG,4971;4972,Drought risk duplicated with conflicting class values; droughtRiskLevel uses conservative maximum and raw values are retained.
NR-MONTHLY-2022-09-302303,2022-09,3023,แก้งสนามนาง,302303,บึงพะไล,NR-RESEARCH-AREA-027,27,Kaeng Sanam Nang,Bueng Phalai,0;1,0,1,1,CONSERVATIVE_MAX_WITH_CONFLICT_FLAG,5170;5171,Drought risk duplicated with conflicting class values; droughtRiskLevel uses conservative maximum and raw values are retained.
NR-MONTHLY-2022-09-302304,2022-09,3023,แก้งสนามนาง,302304,สีสุก,NR-RESEARCH-AREA-028,28,Kaeng Sanam Nang,Si Suk,0;1,0,1,1,CONSERVATIVE_MAX_WITH_CONFLICT_FLAG,5371;5372,Drought risk duplicated with conflicting class values; droughtRiskLevel uses conservative maximum and raw values are retained.
NR-MONTHLY-2022-09-302404,2022-09,3024,โนนแดง,302404,วังหิน,NR-RESEARCH-AREA-119,119,Non Daeng,Wang Hin,0;1,0,1,1,CONSERVATIVE_MAX_WITH_CONFLICT_FLAG,24196;24197,Drought risk duplicated with conflicting class values; droughtRiskLevel uses conservative maximum and raw values are retained.
NR-MONTHLY-2022-09-302503,2022-09,3025,วังน้ำเขียว,302503,ระเริง,NR-RESEARCH-AREA-233,233,Wang Nam Khiao,Raroeng,0;1,0,1,1,CONSERVATIVE_MAX_WITH_CONFLICT_FLAG,47262;47263,Drought risk duplicated with conflicting class values; droughtRiskLevel uses conservative maximum and raw values are retained.
NR-MONTHLY-2022-09-302701,2022-09,3027,เมืองยาง,302701,เมืองยาง,NR-RESEARCH-AREA-223,223,Mueang Yang,Mueang Yang,0;1,0,1,1,CONSERVATIVE_MAX_WITH_CONFLICT_FLAG,45253;45254,Drought risk duplicated with conflicting class values; droughtRiskLevel uses conservative maximum and raw values are retained.
NR-MONTHLY-2022-09-302702,2022-09,3027,เมืองยาง,302702,กระเบื้องนอก,NR-RESEARCH-AREA-224,224,Mueang Yang,Krabueang Nok,0;1,0,1,1,CONSERVATIVE_MAX_WITH_CONFLICT_FLAG,45453;45454,Drought risk duplicated with conflicting class values; droughtRiskLevel uses conservative maximum and raw values are retained.
NR-MONTHLY-2022-09-302704,2022-09,3027,เมืองยาง,302704,โนนอุดม,NR-RESEARCH-AREA-226,226,Mueang Yang,Non Udom,0;1,0,1,1,CONSERVATIVE_MAX_WITH_CONFLICT_FLAG,45854;45855,Drought risk duplicated with conflicting class values; droughtRiskLevel uses conservative maximum and raw values are retained.
NR-MONTHLY-2022-09-302803,2022-09,3028,พระทองคำ,302803,พังเทียม,NR-RESEARCH-AREA-208,208,Phra Thong Kham,Phang Thiam,0;1,0,1,1,CONSERVATIVE_MAX_WITH_CONFLICT_FLAG,41877;41878,Drought risk duplicated with conflicting class values; droughtRiskLevel uses conservative maximum and raw values are retained.
NR-MONTHLY-2022-09-302903,2022-09,3029,ลำทะเมนชัย,302903,ช่องแมว,NR-RESEARCH-AREA-229,229,Lamtaman Chai,Chong Maeo,0;1,0,1,1,CONSERVATIVE_MAX_WITH_CONFLICT_FLAG,46486;46487,Drought risk duplicated with conflicting class values; droughtRiskLevel uses conservative maximum and raw values are retained.
NR-MONTHLY-2022-09-302904,2022-09,3029,ลำทะเมนชัย,302904,ไพล,NR-RESEARCH-AREA-230,230,Lamtaman Chai,Phrai,0;1,0,1,1,CONSERVATIVE_MAX_WITH_CONFLICT_FLAG,46699;46700,Drought risk duplicated with conflicting class values; droughtRiskLevel uses conservative maximum and raw values are retained.
NR-MONTHLY-2022-09-303001,2022-09,3030,บัวลาย,303001,เมืองพะไล,NR-RESEARCH-AREA-147,147,Bua Lai,Mueang Phalai,0;1,0,1,1,CONSERVATIVE_MAX_WITH_CONFLICT_FLAG,30006;30007,Drought risk duplicated with conflicting class values; droughtRiskLevel uses conservative maximum and raw values are retained.
NR-MONTHLY-2022-09-303002,2022-09,3030,บัวลาย,303002,โนนจาน,NR-RESEARCH-AREA-148,148,Bua Lai,Non Chan,0;1,0,1,1,CONSERVATIVE_MAX_WITH_CONFLICT_FLAG,30228;30229,Drought risk duplicated with conflicting class values; droughtRiskLevel uses conservative maximum and raw values are retained.
NR-MONTHLY-2022-09-303004,2022-09,3030,บัวลาย,303004,หนองหว้า,NR-RESEARCH-AREA-150,150,Bua Lai,Nong Wa,0;1,0,1,1,CONSERVATIVE_MAX_WITH_CONFLICT_FLAG,30673;30674,Drought risk duplicated with conflicting class values; droughtRiskLevel uses conservative maximum and raw values are retained.
NR-MONTHLY-2022-09-303101,2022-09,3031,สีดา,303101,สีดา,NR-RESEARCH-AREA-248,248,Sida,Sida,0;1,0,1,1,CONSERVATIVE_MAX_WITH_CONFLICT_FLAG,50155;50156,Drought risk duplicated with conflicting class values; droughtRiskLevel uses conservative maximum and raw values are retained.
NR-MONTHLY-2022-09-303102,2022-09,3031,สีดา,303102,โพนทอง,NR-RESEARCH-AREA-249,249,Sida,Phon Thong,0;1,0,1,1,CONSERVATIVE_MAX_WITH_CONFLICT_FLAG,50358;50359,Drought risk duplicated with conflicting class values; droughtRiskLevel uses conservative maximum and raw values are retained.
NR-MONTHLY-2022-09-303202,2022-09,3032,เฉลิมพระเกียรติ,303202,ท่าช้าง,NR-RESEARCH-AREA-073,73,Chaloem Phra Kiet,Tha Chang,0;1,0,1,1,CONSERVATIVE_MAX_WITH_CONFLICT_FLAG,14521;14522,Drought risk duplicated with conflicting class values; droughtRiskLevel uses conservative maximum and raw values are retained.
NR-MONTHLY-2022-10-300107,2022-10,3001,เมืองนครราชสีมา,300107,ปรุใหญ่,NR-RESEARCH-AREA-006,6,Mueang Nakhon Ratchasima,Pru Yai,0;1,0,1,1,CONSERVATIVE_MAX_WITH_CONFLICT_FLAG,1207;1208,Drought risk duplicated with conflicting class values; droughtRiskLevel uses conservative maximum and raw values are retained.
NR-MONTHLY-2022-10-300201,2022-10,3002,ครบุรี,300201,แชะ,NR-RESEARCH-AREA-052,52,Khon Buri,Chae,0;1,0,1,1,CONSERVATIVE_MAX_WITH_CONFLICT_FLAG,10371;10372,Drought risk duplicated with conflicting class values; droughtRiskLevel uses conservative maximum and raw values are retained.
NR-MONTHLY-2022-10-300803,2022-10,3008,ด่านขุนทด,300803,ด่านนอก,NR-RESEARCH-AREA-098,98,Dan Khun Thot,Dan Nok,0;1,0,1,1,CONSERVATIVE_MAX_WITH_CONFLICT_FLAG,19808;19809,Drought risk duplicated with conflicting class values; droughtRiskLevel uses conservative maximum and raw values are retained.
NR-MONTHLY-2022-10-301224,2022-10,3012,บัวใหญ่,301224,หนองแจ้งใหญ่,NR-RESEARCH-AREA-160,160,Bua Yai,Nong Chaeng Yai,0;1,0,1,1,CONSERVATIVE_MAX_WITH_CONFLICT_FLAG,32602;32603,Drought risk duplicated with conflicting class values; droughtRiskLevel uses conservative maximum and raw values are retained.
NR-MONTHLY-2022-10-301310,2022-10,3013,ประทาย,301310,ดอนมัน,NR-RESEARCH-AREA-174,174,Prathai,Don Man,0;1,0,1,1,CONSERVATIVE_MAX_WITH_CONFLICT_FLAG,35387;35388,Drought risk duplicated with conflicting class values; droughtRiskLevel uses conservative maximum and raw values are retained.
NR-MONTHLY-2022-10-301503,2022-10,3015,พิมาย,301503,โบสถ์,NR-RESEARCH-AREA-213,213,Phimai,Bot,0;1,0,1,1,CONSERVATIVE_MAX_WITH_CONFLICT_FLAG,42950;42951,Drought risk duplicated with conflicting class values; droughtRiskLevel uses conservative maximum and raw values are retained.
NR-MONTHLY-2022-10-301710,2022-10,3017,ชุมพวง,301710,โนนรัง,NR-RESEARCH-AREA-082,82,Chum Phuang,Non Rang,0;1,0,1,1,CONSERVATIVE_MAX_WITH_CONFLICT_FLAG,16504;16505,Drought risk duplicated with conflicting class values; droughtRiskLevel uses conservative maximum and raw values are retained.
NR-MONTHLY-2022-10-301717,2022-10,3017,ชุมพวง,301717,โนนยอ,NR-RESEARCH-AREA-085,85,Chum Phuang,Non Yo,0;1,0,1,1,CONSERVATIVE_MAX_WITH_CONFLICT_FLAG,17188;17189,Drought risk duplicated with conflicting class values; droughtRiskLevel uses conservative maximum and raw values are retained.
NR-MONTHLY-2022-10-301902,2022-10,3019,ขามทะเลสอ,301902,โป่งแดง,NR-RESEARCH-AREA-031,31,Kham Thale So,Pong Daeng,0;1,0,1,1,CONSERVATIVE_MAX_WITH_CONFLICT_FLAG,5970;5971,Drought risk duplicated with conflicting class values; droughtRiskLevel uses conservative maximum and raw values are retained.
NR-MONTHLY-2022-10-301903,2022-10,3019,ขามทะเลสอ,301903,พันดุง,NR-RESEARCH-AREA-032,32,Kham Thale So,Phan Dung,0;1,0,1,1,CONSERVATIVE_MAX_WITH_CONFLICT_FLAG,6165;6166,Drought risk duplicated with conflicting class values; droughtRiskLevel uses conservative maximum and raw values are retained.
NR-MONTHLY-2022-10-302402,2022-10,3024,โนนแดง,302402,โนนตาเถร,NR-RESEARCH-AREA-117,117,Non Daeng,Non Ta Then,0;1,0,1,1,CONSERVATIVE_MAX_WITH_CONFLICT_FLAG,23737;23738,Drought risk duplicated with conflicting class values; droughtRiskLevel uses conservative maximum and raw values are retained.
NR-MONTHLY-2022-10-302703,2022-10,3027,เมืองยาง,302703,ละหานปลาค้าว,NR-RESEARCH-AREA-225,225,Mueang Yang,Lahan Pla Khao,0;1,0,1,1,CONSERVATIVE_MAX_WITH_CONFLICT_FLAG,45656;45657,Drought risk duplicated with conflicting class values; droughtRiskLevel uses conservative maximum and raw values are retained.
NR-MONTHLY-2022-10-302902,2022-10,3029,ลำทะเมนชัย,302902,บ้านยาง,NR-RESEARCH-AREA-228,228,Lamtaman Chai,Ban Yang,0;1,0,1,1,CONSERVATIVE_MAX_WITH_CONFLICT_FLAG,46276;46277,Drought risk duplicated with conflicting class values; droughtRiskLevel uses conservative maximum and raw values are retained.
NR-MONTHLY-2022-10-302903,2022-10,3029,ลำทะเมนชัย,302903,ช่องแมว,NR-RESEARCH-AREA-229,229,Lamtaman Chai,Chong Maeo,0;1,0,1,1,CONSERVATIVE_MAX_WITH_CONFLICT_FLAG,46488;46489,Drought risk duplicated with conflicting class values; droughtRiskLevel uses conservative maximum and raw values are retained.
NR-MONTHLY-2022-11-300104,2022-11,3001,เมืองนครราชสีมา,300104,โคกสูง,NR-RESEARCH-AREA-003,3,Mueang Nakhon Ratchasima,Khok Sung,0;1,0,1,1,CONSERVATIVE_MAX_WITH_CONFLICT_FLAG,640;641,Drought risk duplicated with conflicting class values; droughtRiskLevel uses conservative maximum and raw values are retained.
NR-MONTHLY-2022-11-300108,2022-11,3001,เมืองนครราชสีมา,300108,หมื่นไวย,NR-RESEARCH-AREA-007,7,Mueang Nakhon Ratchasima,Muen Wai,0;1,0,1,1,CONSERVATIVE_MAX_WITH_CONFLICT_FLAG,1400;1401,Drought risk duplicated with conflicting class values; droughtRiskLevel uses conservative maximum and raw values are retained.
NR-MONTHLY-2022-11-300111,2022-11,3001,เมืองนครราชสีมา,300111,หัวทะเล,NR-RESEARCH-AREA-010,10,Mueang Nakhon Ratchasima,Hua Thale,0;1,0,1,1,CONSERVATIVE_MAX_WITH_CONFLICT_FLAG,1919;1920,Drought risk duplicated with conflicting class values; droughtRiskLevel uses conservative maximum and raw values are retained.
NR-MONTHLY-2022-11-300112,2022-11,3001,เมืองนครราชสีมา,300112,บ้านเกาะ,NR-RESEARCH-AREA-011,11,Mueang Nakhon Ratchasima,Ban Ko,0;1,0,1,1,CONSERVATIVE_MAX_WITH_CONFLICT_FLAG,2110;2111,Drought risk duplicated with conflicting class values; droughtRiskLevel uses conservative maximum and raw values are retained.
NR-MONTHLY-2022-11-300114,2022-11,3001,เมืองนครราชสีมา,300114,พุดซา,NR-RESEARCH-AREA-013,13,Mueang Nakhon Ratchasima,Phut Sa,0;1,0,1,1,CONSERVATIVE_MAX_WITH_CONFLICT_FLAG,2498;2499,Drought risk duplicated with conflicting class values; droughtRiskLevel uses conservative maximum and raw values are retained.
NR-MONTHLY-2022-11-300117,2022-11,3001,เมืองนครราชสีมา,300117,โคกกรวด,NR-RESEARCH-AREA-016,16,Mueang Nakhon Ratchasima,Khok Kruat,0;1,0,1,1,CONSERVATIVE_MAX_WITH_CONFLICT_FLAG,3068;3069,Drought risk duplicated with conflicting class values; droughtRiskLevel uses conservative maximum and raw values are retained.
NR-MONTHLY-2022-11-300118,2022-11,3001,เมืองนครราชสีมา,300118,ไชยมงคล,NR-RESEARCH-AREA-017,17,Mueang Nakhon Ratchasima,Chai Mongkhon,0;1,0,1,1,CONSERVATIVE_MAX_WITH_CONFLICT_FLAG,3256;3257,Drought risk duplicated with conflicting class values; droughtRiskLevel uses conservative maximum and raw values are retained.
NR-MONTHLY-2022-11-300122,2022-11,3001,เมืองนครราชสีมา,300122,ตลาด,NR-RESEARCH-AREA-021,21,Mueang Nakhon Ratchasima,Talat,0;1,0,1,1,CONSERVATIVE_MAX_WITH_CONFLICT_FLAG,4005;4006,Drought risk duplicated with conflicting class values; droughtRiskLevel uses conservative maximum and raw values are retained.
NR-MONTHLY-2022-11-300123,2022-11,3001,เมืองนครราชสีมา,300123,พะเนา,NR-RESEARCH-AREA-022,22,Mueang Nakhon Ratchasima,Phanao,0;1,0,1,1,CONSERVATIVE_MAX_WITH_CONFLICT_FLAG,4197;4198,Drought risk duplicated with conflicting class values; droughtRiskLevel uses conservative maximum and raw values are retained.
NR-MONTHLY-2022-11-300124,2022-11,3001,เมืองนครราชสีมา,300124,หนองกระทุ่ม,NR-RESEARCH-AREA-023,23,Mueang Nakhon Ratchasima,Nong Krathum,0;1,0,1,1,CONSERVATIVE_MAX_WITH_CONFLICT_FLAG,4388;4389,Drought risk duplicated with conflicting class values; droughtRiskLevel uses conservative maximum and raw values are retained.
NR-MONTHLY-2022-11-300125,2022-11,3001,เมืองนครราชสีมา,300125,หนองไข่น้ำ,NR-RESEARCH-AREA-024,24,Mueang Nakhon Ratchasima,Nong Khai Nam,0;1,0,1,1,CONSERVATIVE_MAX_WITH_CONFLICT_FLAG,4577;4578,Drought risk duplicated with conflicting class values; droughtRiskLevel uses conservative maximum and raw values are retained.
NR-MONTHLY-2022-11-300203,2022-11,3002,ครบุรี,300203,ครบุรี,NR-RESEARCH-AREA-054,54,Khon Buri,Khon Buri,0;1,0,1,1,CONSERVATIVE_MAX_WITH_CONFLICT_FLAG,10755;10756,Drought risk duplicated with conflicting class values; droughtRiskLevel uses conservative maximum and raw values are retained.
NR-MONTHLY-2022-11-300204,2022-11,3002,ครบุรี,300204,โคกกระชาย,NR-RESEARCH-AREA-055,55,Khon Buri,Khok Krachai,0;1,0,1,1,CONSERVATIVE_MAX_WITH_CONFLICT_FLAG,10944;10945,Drought risk duplicated with conflicting class values; droughtRiskLevel uses conservative maximum and raw values are retained.
NR-MONTHLY-2022-11-300207,2022-11,3002,ครบุรี,300207,อรพิมพ์,NR-RESEARCH-AREA-058,58,Khon Buri,Oraphim,0;1,0,1,1,CONSERVATIVE_MAX_WITH_CONFLICT_FLAG,11525;11526,Drought risk duplicated with conflicting class values; droughtRiskLevel uses conservative maximum and raw values are retained.
NR-MONTHLY-2022-11-300208,2022-11,3002,ครบุรี,300208,บ้านใหม่,NR-RESEARCH-AREA-059,59,Khon Buri,Ban Mai,0;1,0,1,1,CONSERVATIVE_MAX_WITH_CONFLICT_FLAG,11714;11715,Drought risk duplicated with conflicting class values; droughtRiskLevel uses conservative maximum and raw values are retained.
NR-MONTHLY-2022-11-300209,2022-11,3002,ครบุรี,300209,ลำเพียก,NR-RESEARCH-AREA-060,60,Khon Buri,Lamphiak,0;1,0,1,1,CONSERVATIVE_MAX_WITH_CONFLICT_FLAG,11894;11895,Drought risk duplicated with conflicting class values; droughtRiskLevel uses conservative maximum and raw values are retained.
NR-MONTHLY-2022-11-300210,2022-11,3002,ครบุรี,300210,ครบุรีใต้,NR-RESEARCH-AREA-061,61,Khon Buri,Khon Buri Tai,0;1,0,1,1,CONSERVATIVE_MAX_WITH_CONFLICT_FLAG,12074;12075,Drought risk duplicated with conflicting class values; droughtRiskLevel uses conservative maximum and raw values are retained.
NR-MONTHLY-2022-11-300212,2022-11,3002,ครบุรี,300212,สระว่านพระยา,NR-RESEARCH-AREA-063,63,Khon Buri,Sa Wan Phraya,0;1,0,1,1,CONSERVATIVE_MAX_WITH_CONFLICT_FLAG,12453;12454,Drought risk duplicated with conflicting class values; droughtRiskLevel uses conservative maximum and raw values are retained.
NR-MONTHLY-2022-11-300401,2022-11,3004,คง,300401,เมืองคง,NR-RESEARCH-AREA-042,42,Khong,Mueang Khong,0;1,0,1,1,CONSERVATIVE_MAX_WITH_CONFLICT_FLAG,8406;8407,Drought risk duplicated with conflicting class values; droughtRiskLevel uses conservative maximum and raw values are retained.
NR-MONTHLY-2022-11-300402,2022-11,3004,คง,300402,คูขาด,NR-RESEARCH-AREA-043,43,Khong,Khu Khat,0;1,0,1,1,CONSERVATIVE_MAX_WITH_CONFLICT_FLAG,8603;8604,Drought risk duplicated with conflicting class values; droughtRiskLevel uses conservative maximum and raw values are retained.
NR-MONTHLY-2022-11-300403,2022-11,3004,คง,300403,เทพาลัย,NR-RESEARCH-AREA-044,44,Khong,Thephalai,0;1,0,1,1,CONSERVATIVE_MAX_WITH_CONFLICT_FLAG,8799;8800,Drought risk duplicated with conflicting class values; droughtRiskLevel uses conservative maximum and raw values are retained.
NR-MONTHLY-2022-11-300404,2022-11,3004,คง,300404,ตาจั่น,NR-RESEARCH-AREA-045,45,Khong,Ta Chan,0;1,0,1,1,CONSERVATIVE_MAX_WITH_CONFLICT_FLAG,8996;8997,Drought risk duplicated with conflicting class values; droughtRiskLevel uses conservative maximum and raw values are retained.
NR-MONTHLY-2022-11-300405,2022-11,3004,คง,300405,บ้านปรางค์,NR-RESEARCH-AREA-046,46,Khong,Ban Prang,0;1,0,1,1,CONSERVATIVE_MAX_WITH_CONFLICT_FLAG,9193;9194,Drought risk duplicated with conflicting class values; droughtRiskLevel uses conservative maximum and raw values are retained.
NR-MONTHLY-2022-11-300406,2022-11,3004,คง,300406,หนองมะนาว,NR-RESEARCH-AREA-047,47,Khong,Nong Manao,0;1,0,1,1,CONSERVATIVE_MAX_WITH_CONFLICT_FLAG,9391;9392,Drought risk duplicated with conflicting class values; droughtRiskLevel uses conservative maximum and raw values are retained.
NR-MONTHLY-2022-11-300408,2022-11,3004,คง,300408,โนนเต็ง,NR-RESEARCH-AREA-049,49,Khong,Non Teng,0;1,0,1,1,CONSERVATIVE_MAX_WITH_CONFLICT_FLAG,9791;9792,Drought risk duplicated with conflicting class values; droughtRiskLevel uses conservative maximum and raw values are retained.
NR-MONTHLY-2022-11-300409,2022-11,3004,คง,300409,ดอนใหญ่,NR-RESEARCH-AREA-050,50,Khong,Don Yai,0;1,0,1,1,CONSERVATIVE_MAX_WITH_CONFLICT_FLAG,9988;9989,Drought risk duplicated with conflicting class values; droughtRiskLevel uses conservative maximum and raw values are retained.
NR-MONTHLY-2022-11-300410,2022-11,3004,คง,300410,ขามสมบูรณ์,NR-RESEARCH-AREA-051,51,Khong,Kham Sombun,0;1,0,1,1,CONSERVATIVE_MAX_WITH_CONFLICT_FLAG,10186;10187,Drought risk duplicated with conflicting class values; droughtRiskLevel uses conservative maximum and raw values are retained.
NR-MONTHLY-2022-11-300501,2022-11,3005,บ้านเหลื่อม,300501,บ้านเหลื่อม,NR-RESEARCH-AREA-161,161,Ban Lueam,Ban Lueam,0;1,0,1,1,CONSERVATIVE_MAX_WITH_CONFLICT_FLAG,32800;32801,Drought risk duplicated with conflicting class values; droughtRiskLevel uses conservative maximum and raw values are retained.
NR-MONTHLY-2022-11-300502,2022-11,3005,บ้านเหลื่อม,300502,วังโพธิ์,NR-RESEARCH-AREA-162,162,Ban Lueam,Wang Pho,0;1,0,1,1,CONSERVATIVE_MAX_WITH_CONFLICT_FLAG,32997;32998,Drought risk duplicated with conflicting class values; droughtRiskLevel uses conservative maximum and raw values are retained.
NR-MONTHLY-2022-11-300504,2022-11,3005,บ้านเหลื่อม,300504,ช่อระกา,NR-RESEARCH-AREA-164,164,Ban Lueam,Cho Raka,0;1,0,1,1,CONSERVATIVE_MAX_WITH_CONFLICT_FLAG,33388;33389,Drought risk duplicated with conflicting class values; droughtRiskLevel uses conservative maximum and raw values are retained.
NR-MONTHLY-2022-11-300603,2022-11,3006,จักราช,300603,ทองหลาง,NR-RESEARCH-AREA-065,65,Chakkarat,Thong Lang,0;1,0,1,1,CONSERVATIVE_MAX_WITH_CONFLICT_FLAG,12869;12870,Drought risk duplicated with conflicting class values; droughtRiskLevel uses conservative maximum and raw values are retained.
NR-MONTHLY-2022-11-300604,2022-11,3006,จักราช,300604,สีสุก,NR-RESEARCH-AREA-066,66,Chakkarat,Si Suk,0;1,0,1,1,CONSERVATIVE_MAX_WITH_CONFLICT_FLAG,13078;13079,Drought risk duplicated with conflicting class values; droughtRiskLevel uses conservative maximum and raw values are retained.
NR-MONTHLY-2022-11-300605,2022-11,3006,จักราช,300605,หนองขาม,NR-RESEARCH-AREA-067,67,Chakkarat,Nong Kham,0;1,0,1,1,CONSERVATIVE_MAX_WITH_CONFLICT_FLAG,13288;13289,Drought risk duplicated with conflicting class values; droughtRiskLevel uses conservative maximum and raw values are retained.
NR-MONTHLY-2022-11-300610,2022-11,3006,จักราช,300610,ศรีละกอ,NR-RESEARCH-AREA-069,69,Chakkarat,Si Lako,0;1,0,1,1,CONSERVATIVE_MAX_WITH_CONFLICT_FLAG,13706;13707,Drought risk duplicated with conflicting class values; droughtRiskLevel uses conservative maximum and raw values are retained.
NR-MONTHLY-2022-11-300611,2022-11,3006,จักราช,300611,คลองเมือง,NR-RESEARCH-AREA-070,70,Chakkarat,Khlong Mueang,0;1,0,1,1,CONSERVATIVE_MAX_WITH_CONFLICT_FLAG,13914;13915,Drought risk duplicated with conflicting class values; droughtRiskLevel uses conservative maximum and raw values are retained.
NR-MONTHLY-2022-11-300613,2022-11,3006,จักราช,300613,หินโคน,NR-RESEARCH-AREA-071,71,Chakkarat,Hin Khon,0;1,0,1,1,CONSERVATIVE_MAX_WITH_CONFLICT_FLAG,14120;14121,Drought risk duplicated with conflicting class values; droughtRiskLevel uses conservative maximum and raw values are retained.
NR-MONTHLY-2022-11-300701,2022-11,3007,โชคชัย,300701,กระโทก,NR-RESEARCH-AREA-086,86,Chok Chai,Krathok,0;1,0,1,1,CONSERVATIVE_MAX_WITH_CONFLICT_FLAG,17401;17402,Drought risk duplicated with conflicting class values; droughtRiskLevel uses conservative maximum and raw values are retained.
NR-MONTHLY-2022-11-300702,2022-11,3007,โชคชัย,300702,พลับพลา,NR-RESEARCH-AREA-087,87,Chok Chai,Phlapphla,0;1,0,1,1,CONSERVATIVE_MAX_WITH_CONFLICT_FLAG,17601;17602,Drought risk duplicated with conflicting class values; droughtRiskLevel uses conservative maximum and raw values are retained.
NR-MONTHLY-2022-11-300703,2022-11,3007,โชคชัย,300703,ท่าอ่าง,NR-RESEARCH-AREA-088,88,Chok Chai,Tha Ang,0;1,0,1,1,CONSERVATIVE_MAX_WITH_CONFLICT_FLAG,17799;17800,Drought risk duplicated with conflicting class values; droughtRiskLevel uses conservative maximum and raw values are retained.
NR-MONTHLY-2022-11-300705,2022-11,3007,โชคชัย,300705,ท่าลาดขาว,NR-RESEARCH-AREA-090,90,Chok Chai,Tha Lat Khao,0;1,0,1,1,CONSERVATIVE_MAX_WITH_CONFLICT_FLAG,18193;18194,Drought risk duplicated with conflicting class values; droughtRiskLevel uses conservative maximum and raw values are retained.
NR-MONTHLY-2022-11-300707,2022-11,3007,โชคชัย,300707,ท่าเยี่ยม,NR-RESEARCH-AREA-092,92,Chok Chai,Tha Yiam,0;1,0,1,1,CONSERVATIVE_MAX_WITH_CONFLICT_FLAG,18591;18592,Drought risk duplicated with conflicting class values; droughtRiskLevel uses conservative maximum and raw values are retained.
NR-MONTHLY-2022-11-300708,2022-11,3007,โชคชัย,300708,โชคชัย,NR-RESEARCH-AREA-093,93,Chok Chai,Chok Chai,0;1,0,1,1,CONSERVATIVE_MAX_WITH_CONFLICT_FLAG,18787;18788,Drought risk duplicated with conflicting class values; droughtRiskLevel uses conservative maximum and raw values are retained.
NR-MONTHLY-2022-11-300709,2022-11,3007,โชคชัย,300709,ละลมใหม่พัฒนา,NR-RESEARCH-AREA-094,94,Chok Chai,Lalom Mai Phatthana,0;1,0,1,1,CONSERVATIVE_MAX_WITH_CONFLICT_FLAG,18985;18986,Drought risk duplicated with conflicting class values; droughtRiskLevel uses conservative maximum and raw values are retained.
NR-MONTHLY-2022-11-300801,2022-11,3008,ด่านขุนทด,300801,กุดพิมาน,NR-RESEARCH-AREA-096,96,Dan Khun Thot,Kut Phiman,0;1,0,1,1,CONSERVATIVE_MAX_WITH_CONFLICT_FLAG,19387;19388,Drought risk duplicated with conflicting class values; droughtRiskLevel uses conservative maximum and raw values are retained.
NR-MONTHLY-2022-11-300809,2022-11,3008,ด่านขุนทด,300809,สระจรเข้,NR-RESEARCH-AREA-104,104,Dan Khun Thot,Sa Chorakhe,0;1,0,1,1,CONSERVATIVE_MAX_WITH_CONFLICT_FLAG,21076;21077,Drought risk duplicated with conflicting class values; droughtRiskLevel uses conservative maximum and raw values are retained.
NR-MONTHLY-2022-11-300810,2022-11,3008,ด่านขุนทด,300810,หนองกราด,NR-RESEARCH-AREA-105,105,Dan Khun Thot,Nong Krat,0;1,0,1,1,CONSERVATIVE_MAX_WITH_CONFLICT_FLAG,21283;21284,Drought risk duplicated with conflicting class values; droughtRiskLevel uses conservative maximum and raw values are retained.
NR-MONTHLY-2022-11-300811,2022-11,3008,ด่านขุนทด,300811,หนองบัวตะเกียด,NR-RESEARCH-AREA-106,106,Dan Khun Thot,Nong Bua Takiat,0;1,0,1,1,CONSERVATIVE_MAX_WITH_CONFLICT_FLAG,21492;21493,Drought risk duplicated with conflicting class values; droughtRiskLevel uses conservative maximum and raw values are retained.
NR-MONTHLY-2022-11-300812,2022-11,3008,ด่านขุนทด,300812,หนองบัวละคร,NR-RESEARCH-AREA-107,107,Dan Khun Thot,Nong Bua Lakhon,0;1,0,1,1,CONSERVATIVE_MAX_WITH_CONFLICT_FLAG,21702;21703,Drought risk duplicated with conflicting class values; droughtRiskLevel uses conservative maximum and raw values are retained.
NR-MONTHLY-2022-11-300813,2022-11,3008,ด่านขุนทด,300813,หินดาด,NR-RESEARCH-AREA-108,108,Dan Khun Thot,Hin Dat,0;1,0,1,1,CONSERVATIVE_MAX_WITH_CONFLICT_FLAG,21914;21915,Drought risk duplicated with conflicting class values; droughtRiskLevel uses conservative maximum and raw values are retained.
NR-MONTHLY-2022-11-300817,2022-11,3008,ด่านขุนทด,300817,โนนเมืองพัฒนา,NR-RESEARCH-AREA-110,110,Dan Khun Thot,Non Mueang Phatthana,0;1,0,1,1,CONSERVATIVE_MAX_WITH_CONFLICT_FLAG,22332;22333,Drought risk duplicated with conflicting class values; droughtRiskLevel uses conservative maximum and raw values are retained.
NR-MONTHLY-2022-11-300818,2022-11,3008,ด่านขุนทด,300818,หนองไทร,NR-RESEARCH-AREA-111,111,Dan Khun Thot,Nong Sai,0;1,0,1,1,CONSERVATIVE_MAX_WITH_CONFLICT_FLAG,22541;22542,Drought risk duplicated with conflicting class values; droughtRiskLevel uses conservative maximum and raw values are retained.
NR-MONTHLY-2022-11-300904,2022-11,3009,โนนไทย,300904,สำโรง,NR-RESEARCH-AREA-124,124,Non Thai,Samrong,0;1,0,1,1,CONSERVATIVE_MAX_WITH_CONFLICT_FLAG,25300;25301,Drought risk duplicated with conflicting class values; droughtRiskLevel uses conservative maximum and raw values are retained.
NR-MONTHLY-2022-11-300905,2022-11,3009,โนนไทย,300905,ค้างพลู,NR-RESEARCH-AREA-125,125,Non Thai,Khang Phlu,0;1,0,1,1,CONSERVATIVE_MAX_WITH_CONFLICT_FLAG,25512;25513,Drought risk duplicated with conflicting class values; droughtRiskLevel uses conservative maximum and raw values are retained.
NR-MONTHLY-2022-11-300906,2022-11,3009,โนนไทย,300906,บ้านวัง,NR-RESEARCH-AREA-126,126,Non Thai,Ban Wang,0;1,0,1,1,CONSERVATIVE_MAX_WITH_CONFLICT_FLAG,25724;25725,Drought risk duplicated with conflicting class values; droughtRiskLevel uses conservative maximum and raw values are retained.
NR-MONTHLY-2022-11-300907,2022-11,3009,โนนไทย,300907,บัลลังก์,NR-RESEARCH-AREA-127,127,Non Thai,Banlang,0;1,0,1,1,CONSERVATIVE_MAX_WITH_CONFLICT_FLAG,25936;25937,Drought risk duplicated with conflicting class values; droughtRiskLevel uses conservative maximum and raw values are retained.
NR-MONTHLY-2022-11-300909,2022-11,3009,โนนไทย,300909,ถนนโพธิ์,NR-RESEARCH-AREA-129,129,Non Thai,Thanon Pho,0;1,0,1,1,CONSERVATIVE_MAX_WITH_CONFLICT_FLAG,26360;26361,Drought risk duplicated with conflicting class values; droughtRiskLevel uses conservative maximum and raw values are retained.
NR-MONTHLY-2022-11-300914,2022-11,3009,โนนไทย,300914,มะค่า,NR-RESEARCH-AREA-130,130,Non Thai,Makha,0;1,0,1,1,CONSERVATIVE_MAX_WITH_CONFLICT_FLAG,26572;26573,Drought risk duplicated with conflicting class values; droughtRiskLevel uses conservative maximum and raw values are retained.
NR-MONTHLY-2022-11-301002,2022-11,3010,โนนสูง,301002,ใหม่,NR-RESEARCH-AREA-132,132,Non Sung,Mai,0;1,0,1,1,CONSERVATIVE_MAX_WITH_CONFLICT_FLAG,26977;26978,Drought risk duplicated with conflicting class values; droughtRiskLevel uses conservative maximum and raw values are retained.
NR-MONTHLY-2022-11-301003,2022-11,3010,โนนสูง,301003,โตนด,NR-RESEARCH-AREA-133,133,Non Sung,Tanot,0;1,0,1,1,CONSERVATIVE_MAX_WITH_CONFLICT_FLAG,27176;27177,Drought risk duplicated with conflicting class values; droughtRiskLevel uses conservative maximum and raw values are retained.
NR-MONTHLY-2022-11-301004,2022-11,3010,โนนสูง,301004,บิง,NR-RESEARCH-AREA-134,134,Non Sung,Bing,0;1,0,1,1,CONSERVATIVE_MAX_WITH_CONFLICT_FLAG,27378;27379,Drought risk duplicated with conflicting class values; droughtRiskLevel uses conservative maximum and raw values are retained.
NR-MONTHLY-2022-11-301005,2022-11,3010,โนนสูง,301005,ดอนชมพู,NR-RESEARCH-AREA-135,135,Non Sung,Don Chomphu,0;1,0,1,1,CONSERVATIVE_MAX_WITH_CONFLICT_FLAG,27581;27582,Drought risk duplicated with conflicting class values; droughtRiskLevel uses conservative maximum and raw values are retained.
NR-MONTHLY-2022-11-301006,2022-11,3010,โนนสูง,301006,ธารปราสาท,NR-RESEARCH-AREA-136,136,Non Sung,Than Prasat,0;1,0,1,1,CONSERVATIVE_MAX_WITH_CONFLICT_FLAG,27785;27786,Drought risk duplicated with conflicting class values; droughtRiskLevel uses conservative maximum and raw values are retained.
NR-MONTHLY-2022-11-301007,2022-11,3010,โนนสูง,301007,หลุมข้าว,NR-RESEARCH-AREA-137,137,Non Sung,Lum Khao,0;1,0,1,1,CONSERVATIVE_MAX_WITH_CONFLICT_FLAG,27991;27992,Drought risk duplicated with conflicting class values; droughtRiskLevel uses conservative maximum and raw values are retained.
NR-MONTHLY-2022-11-301008,2022-11,3010,โนนสูง,301008,มะค่า,NR-RESEARCH-AREA-138,138,Non Sung,Makha,0;1,0,1,1,CONSERVATIVE_MAX_WITH_CONFLICT_FLAG,28193;28194,Drought risk duplicated with conflicting class values; droughtRiskLevel uses conservative maximum and raw values are retained.
NR-MONTHLY-2022-11-301009,2022-11,3010,โนนสูง,301009,พลสงคราม,NR-RESEARCH-AREA-139,139,Non Sung,Phon Songkhram,0;1,0,1,1,CONSERVATIVE_MAX_WITH_CONFLICT_FLAG,28393;28394,Drought risk duplicated with conflicting class values; droughtRiskLevel uses conservative maximum and raw values are retained.
NR-MONTHLY-2022-11-301010,2022-11,3010,โนนสูง,301010,จันอัด,NR-RESEARCH-AREA-140,140,Non Sung,Chan-At,0;1,0,1,1,CONSERVATIVE_MAX_WITH_CONFLICT_FLAG,28593;28594,Drought risk duplicated with conflicting class values; droughtRiskLevel uses conservative maximum and raw values are retained.
NR-MONTHLY-2022-11-301011,2022-11,3010,โนนสูง,301011,ขามเฒ่า,NR-RESEARCH-AREA-141,141,Non Sung,Kham Thao,0;1,0,1,1,CONSERVATIVE_MAX_WITH_CONFLICT_FLAG,28796;28797,Drought risk duplicated with conflicting class values; droughtRiskLevel uses conservative maximum and raw values are retained.
NR-MONTHLY-2022-11-301012,2022-11,3010,โนนสูง,301012,ด่านคล้า,NR-RESEARCH-AREA-142,142,Non Sung,Dan Khla,0;1,0,1,1,CONSERVATIVE_MAX_WITH_CONFLICT_FLAG,28997;28998,Drought risk duplicated with conflicting class values; droughtRiskLevel uses conservative maximum and raw values are retained.
NR-MONTHLY-2022-11-301013,2022-11,3010,โนนสูง,301013,ลำคอหงษ์,NR-RESEARCH-AREA-143,143,Non Sung,Lam Kho Hong,0;1,0,1,1,CONSERVATIVE_MAX_WITH_CONFLICT_FLAG,29198;29199,Drought risk duplicated with conflicting class values; droughtRiskLevel uses conservative maximum and raw values are retained.
NR-MONTHLY-2022-11-301014,2022-11,3010,โนนสูง,301014,เมืองปราสาท,NR-RESEARCH-AREA-144,144,Non Sung,Mueang Prasat,0;1,0,1,1,CONSERVATIVE_MAX_WITH_CONFLICT_FLAG,29398;29399,Drought risk duplicated with conflicting class values; droughtRiskLevel uses conservative maximum and raw values are retained.
NR-MONTHLY-2022-11-301016,2022-11,3010,โนนสูง,301016,ลำมูล,NR-RESEARCH-AREA-146,146,Non Sung,Lammun,0;1,0,1,1,CONSERVATIVE_MAX_WITH_CONFLICT_FLAG,29795;29796,Drought risk duplicated with conflicting class values; droughtRiskLevel uses conservative maximum and raw values are retained.
NR-MONTHLY-2022-11-301101,2022-11,3011,ขามสะแกแสง,301101,ขามสะแกแสง,NR-RESEARCH-AREA-035,35,Kham Sakae Saeng,Kham Sakae Saeng,0;1,0,1,1,CONSERVATIVE_MAX_WITH_CONFLICT_FLAG,6780;6781,Drought risk duplicated with conflicting class values; droughtRiskLevel uses conservative maximum and raw values are retained.
NR-MONTHLY-2022-11-301103,2022-11,3011,ขามสะแกแสง,301103,เมืองนาท,NR-RESEARCH-AREA-037,37,Kham Sakae Saeng,Mueang Nat,0;1,0,1,1,CONSERVATIVE_MAX_WITH_CONFLICT_FLAG,7252;7253,Drought risk duplicated with conflicting class values; droughtRiskLevel uses conservative maximum and raw values are retained.
NR-MONTHLY-2022-11-301104,2022-11,3011,ขามสะแกแสง,301104,ชีวึก,NR-RESEARCH-AREA-038,38,Kham Sakae Saeng,Chiwuek,0;1,0,1,1,CONSERVATIVE_MAX_WITH_CONFLICT_FLAG,7488;7489,Drought risk duplicated with conflicting class values; droughtRiskLevel uses conservative maximum and raw values are retained.
NR-MONTHLY-2022-11-301105,2022-11,3011,ขามสะแกแสง,301105,พะงาด,NR-RESEARCH-AREA-039,39,Kham Sakae Saeng,Phangat,0;1,0,1,1,CONSERVATIVE_MAX_WITH_CONFLICT_FLAG,7724;7725,Drought risk duplicated with conflicting class values; droughtRiskLevel uses conservative maximum and raw values are retained.
NR-MONTHLY-2022-11-301106,2022-11,3011,ขามสะแกแสง,301106,หนองหัวฟาน,NR-RESEARCH-AREA-040,40,Kham Sakae Saeng,Nong Hua Fan,0;1,0,1,1,CONSERVATIVE_MAX_WITH_CONFLICT_FLAG,7960;7961,Drought risk duplicated with conflicting class values; droughtRiskLevel uses conservative maximum and raw values are retained.
NR-MONTHLY-2022-11-301107,2022-11,3011,ขามสะแกแสง,301107,เมืองเกษตร,NR-RESEARCH-AREA-041,41,Kham Sakae Saeng,Mueang Kaset,0;1,0,1,1,CONSERVATIVE_MAX_WITH_CONFLICT_FLAG,8196;8197,Drought risk duplicated with conflicting class values; droughtRiskLevel uses conservative maximum and raw values are retained.
NR-MONTHLY-2022-11-301201,2022-11,3012,บัวใหญ่,301201,บัวใหญ่,NR-RESEARCH-AREA-151,151,Bua Yai,Bua Yai,0;1,0,1,1,CONSERVATIVE_MAX_WITH_CONFLICT_FLAG,30881;30882,Drought risk duplicated with conflicting class values; droughtRiskLevel uses conservative maximum and raw values are retained.
NR-MONTHLY-2022-11-301203,2022-11,3012,บัวใหญ่,301203,ห้วยยาง,NR-RESEARCH-AREA-152,152,Bua Yai,Huai Yang,0;1,0,1,1,CONSERVATIVE_MAX_WITH_CONFLICT_FLAG,31075;31076,Drought risk duplicated with conflicting class values; droughtRiskLevel uses conservative maximum and raw values are retained.
NR-MONTHLY-2022-11-301204,2022-11,3012,บัวใหญ่,301204,เสมาใหญ่,NR-RESEARCH-AREA-153,153,Bua Yai,Sema Yai,0;1,0,1,1,CONSERVATIVE_MAX_WITH_CONFLICT_FLAG,31269;31270,Drought risk duplicated with conflicting class values; droughtRiskLevel uses conservative maximum and raw values are retained.
NR-MONTHLY-2022-11-301206,2022-11,3012,บัวใหญ่,301206,ดอนตะหนิน,NR-RESEARCH-AREA-154,154,Bua Yai,Don Tanin,0;1,0,1,1,CONSERVATIVE_MAX_WITH_CONFLICT_FLAG,31459;31460,Drought risk duplicated with conflicting class values; droughtRiskLevel uses conservative maximum and raw values are retained.
NR-MONTHLY-2022-11-301207,2022-11,3012,บัวใหญ่,301207,หนองบัวสะอาด,NR-RESEARCH-AREA-155,155,Bua Yai,Nong Bua Sa-At,0;1,0,1,1,CONSERVATIVE_MAX_WITH_CONFLICT_FLAG,31650;31651,Drought risk duplicated with conflicting class values; droughtRiskLevel uses conservative maximum and raw values are retained.
NR-MONTHLY-2022-11-301208,2022-11,3012,บัวใหญ่,301208,โนนทองหลาง,NR-RESEARCH-AREA-156,156,Bua Yai,Non Thong Lang,0;1,0,1,1,CONSERVATIVE_MAX_WITH_CONFLICT_FLAG,31841;31842,Drought risk duplicated with conflicting class values; droughtRiskLevel uses conservative maximum and raw values are retained.
NR-MONTHLY-2022-11-301214,2022-11,3012,บัวใหญ่,301214,กุดจอก,NR-RESEARCH-AREA-157,157,Bua Yai,Kut Chok,0;1,0,1,1,CONSERVATIVE_MAX_WITH_CONFLICT_FLAG,32031;32032,Drought risk duplicated with conflicting class values; droughtRiskLevel uses conservative maximum and raw values are retained.
NR-MONTHLY-2022-11-301215,2022-11,3012,บัวใหญ่,301215,ด่านช้าง,NR-RESEARCH-AREA-158,158,Bua Yai,Dan Chang,0;1,0,1,1,CONSERVATIVE_MAX_WITH_CONFLICT_FLAG,32223;32224,Drought risk duplicated with conflicting class values; droughtRiskLevel uses conservative maximum and raw values are retained.
NR-MONTHLY-2022-11-301220,2022-11,3012,บัวใหญ่,301220,ขุนทอง,NR-RESEARCH-AREA-159,159,Bua Yai,Khun Thong,0;1,0,1,1,CONSERVATIVE_MAX_WITH_CONFLICT_FLAG,32414;32415,Drought risk duplicated with conflicting class values; droughtRiskLevel uses conservative maximum and raw values are retained.
NR-MONTHLY-2022-11-301224,2022-11,3012,บัวใหญ่,301224,หนองแจ้งใหญ่,NR-RESEARCH-AREA-160,160,Bua Yai,Nong Chaeng Yai,0;1,0,1,1,CONSERVATIVE_MAX_WITH_CONFLICT_FLAG,32604;32605,Drought risk duplicated with conflicting class values; droughtRiskLevel uses conservative maximum and raw values are retained.
NR-MONTHLY-2022-11-301301,2022-11,3013,ประทาย,301301,ประทาย,NR-RESEARCH-AREA-165,165,Prathai,Prathai,0;1,0,1,1,CONSERVATIVE_MAX_WITH_CONFLICT_FLAG,33585;33586,Drought risk duplicated with conflicting class values; droughtRiskLevel uses conservative maximum and raw values are retained.
NR-MONTHLY-2022-11-301303,2022-11,3013,ประทาย,301303,กระทุ่มราย,NR-RESEARCH-AREA-170,170,Prathai,Krathum Rai,0;1,0,1,1,CONSERVATIVE_MAX_WITH_CONFLICT_FLAG,34591;34592,Drought risk duplicated with conflicting class values; droughtRiskLevel uses conservative maximum and raw values are retained.
NR-MONTHLY-2022-11-301304,2022-11,3013,ประทาย,301304,วังไม้แดง,NR-RESEARCH-AREA-168,168,Prathai,Wang Mai Daeng,0;1,0,1,1,CONSERVATIVE_MAX_WITH_CONFLICT_FLAG,34184;34185,Drought risk duplicated with conflicting class values; droughtRiskLevel uses conservative maximum and raw values are retained.
NR-MONTHLY-2022-11-301307,2022-11,3013,ประทาย,301307,หนองพลวง,NR-RESEARCH-AREA-166,166,Prathai,Nong Phluang,0;1,0,1,1,CONSERVATIVE_MAX_WITH_CONFLICT_FLAG,33786;33787,Drought risk duplicated with conflicting class values; droughtRiskLevel uses conservative maximum and raw values are retained.
NR-MONTHLY-2022-11-301308,2022-11,3013,ประทาย,301308,หนองค่าย,NR-RESEARCH-AREA-172,172,Prathai,Nong Khai,0;1,0,1,1,CONSERVATIVE_MAX_WITH_CONFLICT_FLAG,34992;34993,Drought risk duplicated with conflicting class values; droughtRiskLevel uses conservative maximum and raw values are retained.
NR-MONTHLY-2022-11-301309,2022-11,3013,ประทาย,301309,หันห้วยทราย,NR-RESEARCH-AREA-167,167,Prathai,Han Huai Sai,0;1,0,1,1,CONSERVATIVE_MAX_WITH_CONFLICT_FLAG,33984;33985,Drought risk duplicated with conflicting class values; droughtRiskLevel uses conservative maximum and raw values are retained.
NR-MONTHLY-2022-11-301310,2022-11,3013,ประทาย,301310,ดอนมัน,NR-RESEARCH-AREA-174,174,Prathai,Don Man,0;1,0,1,1,CONSERVATIVE_MAX_WITH_CONFLICT_FLAG,35389;35390,Drought risk duplicated with conflicting class values; droughtRiskLevel uses conservative maximum and raw values are retained.
NR-MONTHLY-2022-11-301313,2022-11,3013,ประทาย,301313,นางรำ,NR-RESEARCH-AREA-171,171,Prathai,Nang Ram,0;1,0,1,1,CONSERVATIVE_MAX_WITH_CONFLICT_FLAG,34792;34793,Drought risk duplicated with conflicting class values; droughtRiskLevel uses conservative maximum and raw values are retained.
NR-MONTHLY-2022-11-301314,2022-11,3013,ประทาย,301314,โนนเพ็ด,NR-RESEARCH-AREA-169,169,Prathai,Non Phet,0;1,0,1,1,CONSERVATIVE_MAX_WITH_CONFLICT_FLAG,34384;34385,Drought risk duplicated with conflicting class values; droughtRiskLevel uses conservative maximum and raw values are retained.
NR-MONTHLY-2022-11-301315,2022-11,3013,ประทาย,301315,ทุ่งสว่าง,NR-RESEARCH-AREA-175,175,Prathai,Thung Sawang,0;1,0,1,1,CONSERVATIVE_MAX_WITH_CONFLICT_FLAG,35594;35595,Drought risk duplicated with conflicting class values; droughtRiskLevel uses conservative maximum and raw values are retained.
NR-MONTHLY-2022-11-301317,2022-11,3013,ประทาย,301317,โคกกลาง,NR-RESEARCH-AREA-176,176,Prathai,Khok Klang,0;1,0,1,1,CONSERVATIVE_MAX_WITH_CONFLICT_FLAG,35799;35800,Drought risk duplicated with conflicting class values; droughtRiskLevel uses conservative maximum and raw values are retained.
NR-MONTHLY-2022-11-301318,2022-11,3013,ประทาย,301318,เมืองโดน,NR-RESEARCH-AREA-177,177,Prathai,Mueang Don,0;1,0,1,1,CONSERVATIVE_MAX_WITH_CONFLICT_FLAG,36006;36007,Drought risk duplicated with conflicting class values; droughtRiskLevel uses conservative maximum and raw values are retained.
NR-MONTHLY-2022-11-301401,2022-11,3014,ปักธงชัย,301401,เมืองปัก,NR-RESEARCH-AREA-178,178,Pak Thong Chai,Mueang Pak,0;1,0,1,1,CONSERVATIVE_MAX_WITH_CONFLICT_FLAG,36216;36217,Drought risk duplicated with conflicting class values; droughtRiskLevel uses conservative maximum and raw values are retained.
NR-MONTHLY-2022-11-301402,2022-11,3014,ปักธงชัย,301402,ตะคุ,NR-RESEARCH-AREA-179,179,Pak Thong Chai,Takhu,0;1,0,1,1,CONSERVATIVE_MAX_WITH_CONFLICT_FLAG,36426;36427,Drought risk duplicated with conflicting class values; droughtRiskLevel uses conservative maximum and raw values are retained.
NR-MONTHLY-2022-11-301403,2022-11,3014,ปักธงชัย,301403,โคกไทย,NR-RESEARCH-AREA-180,180,Pak Thong Chai,Khok Thai,0;1,0,1,1,CONSERVATIVE_MAX_WITH_CONFLICT_FLAG,36635;36636,Drought risk duplicated with conflicting class values; droughtRiskLevel uses conservative maximum and raw values are retained.
NR-MONTHLY-2022-11-301404,2022-11,3014,ปักธงชัย,301404,สำโรง,NR-RESEARCH-AREA-181,181,Pak Thong Chai,Samrong,0;1,0,1,1,CONSERVATIVE_MAX_WITH_CONFLICT_FLAG,36848;36849,Drought risk duplicated with conflicting class values; droughtRiskLevel uses conservative maximum and raw values are retained.
NR-MONTHLY-2022-11-301405,2022-11,3014,ปักธงชัย,301405,ตะขบ,NR-RESEARCH-AREA-182,182,Pak Thong Chai,Takhop,0;1,0,1,1,CONSERVATIVE_MAX_WITH_CONFLICT_FLAG,37058;37059,Drought risk duplicated with conflicting class values; droughtRiskLevel uses conservative maximum and raw values are retained.
NR-MONTHLY-2022-11-301406,2022-11,3014,ปักธงชัย,301406,นกออก,NR-RESEARCH-AREA-183,183,Pak Thong Chai,Nok Ok,0;1,0,1,1,CONSERVATIVE_MAX_WITH_CONFLICT_FLAG,37269;37270,Drought risk duplicated with conflicting class values; droughtRiskLevel uses conservative maximum and raw values are retained.
NR-MONTHLY-2022-11-301409,2022-11,3014,ปักธงชัย,301409,ตูม,NR-RESEARCH-AREA-185,185,Pak Thong Chai,Tum,0;1,0,1,1,CONSERVATIVE_MAX_WITH_CONFLICT_FLAG,37690;37691,Drought risk duplicated with conflicting class values; droughtRiskLevel uses conservative maximum and raw values are retained.
NR-MONTHLY-2022-11-301417,2022-11,3014,ปักธงชัย,301417,ธงชัยเหนือ,NR-RESEARCH-AREA-190,190,Pak Thong Chai,Thong Chai Nuea,0;1,0,1,1,CONSERVATIVE_MAX_WITH_CONFLICT_FLAG,38735;38736,Drought risk duplicated with conflicting class values; droughtRiskLevel uses conservative maximum and raw values are retained.
NR-MONTHLY-2022-11-301419,2022-11,3014,ปักธงชัย,301419,เกษมทรัพย์,NR-RESEARCH-AREA-192,192,Pak Thong Chai,Kasem Sap,0;1,0,1,1,CONSERVATIVE_MAX_WITH_CONFLICT_FLAG,39154;39155,Drought risk duplicated with conflicting class values; droughtRiskLevel uses conservative maximum and raw values are retained.
NR-MONTHLY-2022-11-301420,2022-11,3014,ปักธงชัย,301420,บ่อปลาทอง,NR-RESEARCH-AREA-193,193,Pak Thong Chai,Bo Pla Thong,0;1,0,1,1,CONSERVATIVE_MAX_WITH_CONFLICT_FLAG,39363;39364,Drought risk duplicated with conflicting class values; droughtRiskLevel uses conservative maximum and raw values are retained.
NR-MONTHLY-2022-11-301501,2022-11,3015,พิมาย,301501,ในเมือง,NR-RESEARCH-AREA-211,211,Phimai,Nai Mueang,0;1,0,1,1,CONSERVATIVE_MAX_WITH_CONFLICT_FLAG,42489;42490,Drought risk duplicated with conflicting class values; droughtRiskLevel uses conservative maximum and raw values are retained.
NR-MONTHLY-2022-11-301503,2022-11,3015,พิมาย,301503,โบสถ์,NR-RESEARCH-AREA-213,213,Phimai,Bot,0;1,0,1,1,CONSERVATIVE_MAX_WITH_CONFLICT_FLAG,42952;42953,Drought risk duplicated with conflicting class values; droughtRiskLevel uses conservative maximum and raw values are retained.
NR-MONTHLY-2022-11-301504,2022-11,3015,พิมาย,301504,กระเบื้องใหญ่,NR-RESEARCH-AREA-214,214,Phimai,Krabueang Yai,0;1,0,1,1,CONSERVATIVE_MAX_WITH_CONFLICT_FLAG,43185;43186,Drought risk duplicated with conflicting class values; droughtRiskLevel uses conservative maximum and raw values are retained.
NR-MONTHLY-2022-11-301505,2022-11,3015,พิมาย,301505,ท่าหลวง,NR-RESEARCH-AREA-215,215,Phimai,Tha Luang,0;1,0,1,1,CONSERVATIVE_MAX_WITH_CONFLICT_FLAG,43416;43417,Drought risk duplicated with conflicting class values; droughtRiskLevel uses conservative maximum and raw values are retained.
NR-MONTHLY-2022-11-301506,2022-11,3015,พิมาย,301506,รังกาใหญ่,NR-RESEARCH-AREA-216,216,Phimai,Rang Ka Yai,0;1,0,1,1,CONSERVATIVE_MAX_WITH_CONFLICT_FLAG,43647;43648,Drought risk duplicated with conflicting class values; droughtRiskLevel uses conservative maximum and raw values are retained.
NR-MONTHLY-2022-11-301507,2022-11,3015,พิมาย,301507,ชีวาน,NR-RESEARCH-AREA-217,217,Phimai,Chiwan,0;1,0,1,1,CONSERVATIVE_MAX_WITH_CONFLICT_FLAG,43880;43881,Drought risk duplicated with conflicting class values; droughtRiskLevel uses conservative maximum and raw values are retained.
NR-MONTHLY-2022-11-301508,2022-11,3015,พิมาย,301508,นิคมสร้างตนเอง,NR-RESEARCH-AREA-218,218,Phimai,Nikhom Sang Ton-Eng,0;1,0,1,1,CONSERVATIVE_MAX_WITH_CONFLICT_FLAG,44110;44111,Drought risk duplicated with conflicting class values; droughtRiskLevel uses conservative maximum and raw values are retained.
NR-MONTHLY-2022-11-301509,2022-11,3015,พิมาย,301509,กระชอน,NR-RESEARCH-AREA-219,219,Phimai,Krachon,0;1,0,1,1,CONSERVATIVE_MAX_WITH_CONFLICT_FLAG,44343;44344,Drought risk duplicated with conflicting class values; droughtRiskLevel uses conservative maximum and raw values are retained.
NR-MONTHLY-2022-11-301510,2022-11,3015,พิมาย,301510,ดงใหญ่,NR-RESEARCH-AREA-220,220,Phimai,Dong Yai,0;1,0,1,1,CONSERVATIVE_MAX_WITH_CONFLICT_FLAG,44574;44575,Drought risk duplicated with conflicting class values; droughtRiskLevel uses conservative maximum and raw values are retained.
NR-MONTHLY-2022-11-301511,2022-11,3015,พิมาย,301511,ธารละหลอด,NR-RESEARCH-AREA-221,221,Phimai,Than Lalot,0;1,0,1,1,CONSERVATIVE_MAX_WITH_CONFLICT_FLAG,44807;44808,Drought risk duplicated with conflicting class values; droughtRiskLevel uses conservative maximum and raw values are retained.
NR-MONTHLY-2022-11-301512,2022-11,3015,พิมาย,301512,หนองระเวียง,NR-RESEARCH-AREA-222,222,Mueang Nakhon Ratchasima,Nong Rawiang,0;1,0,1,1,CONSERVATIVE_MAX_WITH_CONFLICT_FLAG,45040;45041,Drought risk duplicated with conflicting class values; droughtRiskLevel uses conservative maximum and raw values are retained.
NR-MONTHLY-2022-11-301602,2022-11,3016,ห้วยแถลง,301602,ทับสวาย,NR-RESEARCH-AREA-280,280,Huai Thalaeng,Thap Sawai,0;1,0,1,1,CONSERVATIVE_MAX_WITH_CONFLICT_FLAG,56731;56732,Drought risk duplicated with conflicting class values; droughtRiskLevel uses conservative maximum and raw values are retained.
NR-MONTHLY-2022-11-301603,2022-11,3016,ห้วยแถลง,301603,เมืองพลับพลา,NR-RESEARCH-AREA-281,281,Huai Thalaeng,Mueang Phlapphla,0;1,0,1,1,CONSERVATIVE_MAX_WITH_CONFLICT_FLAG,56922;56923,Drought risk duplicated with conflicting class values; droughtRiskLevel uses conservative maximum and raw values are retained.
NR-MONTHLY-2022-11-301604,2022-11,3016,ห้วยแถลง,301604,หลุ่งตะเคียน,NR-RESEARCH-AREA-282,282,Huai Thalaeng,Lung Takhian,0;1,0,1,1,CONSERVATIVE_MAX_WITH_CONFLICT_FLAG,57113;57114,Drought risk duplicated with conflicting class values; droughtRiskLevel uses conservative maximum and raw values are retained.
NR-MONTHLY-2022-11-301605,2022-11,3016,ห้วยแถลง,301605,หินดาด,NR-RESEARCH-AREA-283,283,Huai Thalaeng,Hin Dat,0;1,0,1,1,CONSERVATIVE_MAX_WITH_CONFLICT_FLAG,57304;57305,Drought risk duplicated with conflicting class values; droughtRiskLevel uses conservative maximum and raw values are retained.
NR-MONTHLY-2022-11-301606,2022-11,3016,ห้วยแถลง,301606,งิ้ว,NR-RESEARCH-AREA-284,284,Huai Thalaeng,Ngio,0;1,0,1,1,CONSERVATIVE_MAX_WITH_CONFLICT_FLAG,57495;57496,Drought risk duplicated with conflicting class values; droughtRiskLevel uses conservative maximum and raw values are retained.
NR-MONTHLY-2022-11-301607,2022-11,3016,ห้วยแถลง,301607,กงรถ,NR-RESEARCH-AREA-285,285,Huai Thalaeng,Kong Rot,0;1,0,1,1,CONSERVATIVE_MAX_WITH_CONFLICT_FLAG,57686;57687,Drought risk duplicated with conflicting class values; droughtRiskLevel uses conservative maximum and raw values are retained.
NR-MONTHLY-2022-11-301608,2022-11,3016,ห้วยแถลง,301608,หลุ่งประดู่,NR-RESEARCH-AREA-286,286,Huai Thalaeng,Lung Pradu,0;1,0,1,1,CONSERVATIVE_MAX_WITH_CONFLICT_FLAG,57877;57878,Drought risk duplicated with conflicting class values; droughtRiskLevel uses conservative maximum and raw values are retained.
NR-MONTHLY-2022-11-301609,2022-11,3016,ห้วยแถลง,301609,ตะโก,NR-RESEARCH-AREA-287,287,Huai Thalaeng,Tako,0;1,0,1,1,CONSERVATIVE_MAX_WITH_CONFLICT_FLAG,58067;58068,Drought risk duplicated with conflicting class values; droughtRiskLevel uses conservative maximum and raw values are retained.
NR-MONTHLY-2022-11-301610,2022-11,3016,ห้วยแถลง,301610,ห้วยแคน,NR-RESEARCH-AREA-288,288,Huai Thalaeng,Huai Khaen,0;1,0,1,1,CONSERVATIVE_MAX_WITH_CONFLICT_FLAG,58258;58259,Drought risk duplicated with conflicting class values; droughtRiskLevel uses conservative maximum and raw values are retained.
NR-MONTHLY-2022-11-301702,2022-11,3017,ชุมพวง,301702,ประสุข,NR-RESEARCH-AREA-078,78,Chum Phuang,Prasuk,0;1,0,1,1,CONSERVATIVE_MAX_WITH_CONFLICT_FLAG,15590;15591,Drought risk duplicated with conflicting class values; droughtRiskLevel uses conservative maximum and raw values are retained.
NR-MONTHLY-2022-11-301703,2022-11,3017,ชุมพวง,301703,ท่าลาด,NR-RESEARCH-AREA-079,79,Chum Phuang,Tha Lat,0;1,0,1,1,CONSERVATIVE_MAX_WITH_CONFLICT_FLAG,15821;15822,Drought risk duplicated with conflicting class values; droughtRiskLevel uses conservative maximum and raw values are retained.
NR-MONTHLY-2022-11-301704,2022-11,3017,ชุมพวง,301704,สาหร่าย,NR-RESEARCH-AREA-080,80,Chum Phuang,Sarai,0;1,0,1,1,CONSERVATIVE_MAX_WITH_CONFLICT_FLAG,16052;16053,Drought risk duplicated with conflicting class values; droughtRiskLevel uses conservative maximum and raw values are retained.
NR-MONTHLY-2022-11-301705,2022-11,3017,ชุมพวง,301705,ตลาดไทร,NR-RESEARCH-AREA-081,81,Chum Phuang,Talat Sai,0;1,0,1,1,CONSERVATIVE_MAX_WITH_CONFLICT_FLAG,16277;16278,Drought risk duplicated with conflicting class values; droughtRiskLevel uses conservative maximum and raw values are retained.
NR-MONTHLY-2022-11-301710,2022-11,3017,ชุมพวง,301710,โนนรัง,NR-RESEARCH-AREA-082,82,Chum Phuang,Non Rang,0;1,0,1,1,CONSERVATIVE_MAX_WITH_CONFLICT_FLAG,16506;16507,Drought risk duplicated with conflicting class values; droughtRiskLevel uses conservative maximum and raw values are retained.
NR-MONTHLY-2022-11-301714,2022-11,3017,ชุมพวง,301714,หนองหลัก,NR-RESEARCH-AREA-083,83,Chum Phuang,Nong Lak,0;1,0,1,1,CONSERVATIVE_MAX_WITH_CONFLICT_FLAG,16737;16738,Drought risk duplicated with conflicting class values; droughtRiskLevel uses conservative maximum and raw values are retained.
NR-MONTHLY-2022-11-301716,2022-11,3017,ชุมพวง,301716,โนนตูม,NR-RESEARCH-AREA-084,84,Chum Phuang,Non Tum,0;1,0,1,1,CONSERVATIVE_MAX_WITH_CONFLICT_FLAG,16961;16962,Drought risk duplicated with conflicting class values; droughtRiskLevel uses conservative maximum and raw values are retained.
NR-MONTHLY-2022-11-301801,2022-11,3018,สูงเนิน,301801,สูงเนิน,NR-RESEARCH-AREA-253,253,Sung Noen,Sung Noen,0;1,0,1,1,CONSERVATIVE_MAX_WITH_CONFLICT_FLAG,51174;51175,Drought risk duplicated with conflicting class values; droughtRiskLevel uses conservative maximum and raw values are retained.
NR-MONTHLY-2022-11-301803,2022-11,3018,สูงเนิน,301803,โคราช,NR-RESEARCH-AREA-255,255,Sung Noen,Khorat,0;1,0,1,1,CONSERVATIVE_MAX_WITH_CONFLICT_FLAG,51583;51584,Drought risk duplicated with conflicting class values; droughtRiskLevel uses conservative maximum and raw values are retained.
NR-MONTHLY-2022-11-301806,2022-11,3018,สูงเนิน,301806,โค้งยาง,NR-RESEARCH-AREA-258,258,Sung Noen,Khong Yang,0;1,0,1,1,CONSERVATIVE_MAX_WITH_CONFLICT_FLAG,52198;52199,Drought risk duplicated with conflicting class values; droughtRiskLevel uses conservative maximum and raw values are retained.
NR-MONTHLY-2022-11-301807,2022-11,3018,สูงเนิน,301807,มะเกลือเก่า,NR-RESEARCH-AREA-259,259,Sung Noen,Makluea Kao,0;1,0,1,1,CONSERVATIVE_MAX_WITH_CONFLICT_FLAG,52404;52405,Drought risk duplicated with conflicting class values; droughtRiskLevel uses conservative maximum and raw values are retained.
NR-MONTHLY-2022-11-301808,2022-11,3018,สูงเนิน,301808,มะเกลือใหม่,NR-RESEARCH-AREA-260,260,Sung Noen,Makluea Mai,0;1,0,1,1,CONSERVATIVE_MAX_WITH_CONFLICT_FLAG,52606;52607,Drought risk duplicated with conflicting class values; droughtRiskLevel uses conservative maximum and raw values are retained.
NR-MONTHLY-2022-11-301809,2022-11,3018,สูงเนิน,301809,นากลาง,NR-RESEARCH-AREA-261,261,Sung Noen,Na Klang,0;1,0,1,1,CONSERVATIVE_MAX_WITH_CONFLICT_FLAG,52812;52813,Drought risk duplicated with conflicting class values; droughtRiskLevel uses conservative maximum and raw values are retained.
NR-MONTHLY-2022-11-301810,2022-11,3018,สูงเนิน,301810,หนองตะไก้,NR-RESEARCH-AREA-262,262,Sung Noen,Nong Takai,0;1,0,1,1,CONSERVATIVE_MAX_WITH_CONFLICT_FLAG,53016;53017,Drought risk duplicated with conflicting class values; droughtRiskLevel uses conservative maximum and raw values are retained.
NR-MONTHLY-2022-11-301811,2022-11,3018,สูงเนิน,301811,กุดจิก,NR-RESEARCH-AREA-263,263,Sung Noen,Kut Chik,0;1,0,1,1,CONSERVATIVE_MAX_WITH_CONFLICT_FLAG,53217;53218,Drought risk duplicated with conflicting class values; droughtRiskLevel uses conservative maximum and raw values are retained.
NR-MONTHLY-2022-11-301904,2022-11,3019,ขามทะเลสอ,301904,หนองสรวง,NR-RESEARCH-AREA-033,33,Kham Thale So,Nong Suang,0;1,0,1,1,CONSERVATIVE_MAX_WITH_CONFLICT_FLAG,6365;6366,Drought risk duplicated with conflicting class values; droughtRiskLevel uses conservative maximum and raw values are retained.
NR-MONTHLY-2022-11-302004,2022-11,3020,สีคิ้ว,302004,ลาดบัวขาว,NR-RESEARCH-AREA-239,239,Si Khio,Lat Bua Khao,0;1,0,1,1,CONSERVATIVE_MAX_WITH_CONFLICT_FLAG,48409;48410,Drought risk duplicated with conflicting class values; droughtRiskLevel uses conservative maximum and raw values are retained.
NR-MONTHLY-2022-11-302006,2022-11,3020,สีคิ้ว,302006,กุดน้อย,NR-RESEARCH-AREA-241,241,Si Khio,Kut Noi,0;1,0,1,1,CONSERVATIVE_MAX_WITH_CONFLICT_FLAG,48797;48798,Drought risk duplicated with conflicting class values; droughtRiskLevel uses conservative maximum and raw values are retained.
NR-MONTHLY-2022-11-302008,2022-11,3020,สีคิ้ว,302008,วังโรงใหญ่,NR-RESEARCH-AREA-243,243,Si Khio,Wang Rong Yai,0;1,0,1,1,CONSERVATIVE_MAX_WITH_CONFLICT_FLAG,49188;49189,Drought risk duplicated with conflicting class values; droughtRiskLevel uses conservative maximum and raw values are retained.
NR-MONTHLY-2022-11-302009,2022-11,3020,สีคิ้ว,302009,มิตรภาพ,NR-RESEARCH-AREA-244,244,Si Khio,Mittraphap,0;1,0,1,1,CONSERVATIVE_MAX_WITH_CONFLICT_FLAG,49381;49382,Drought risk duplicated with conflicting class values; droughtRiskLevel uses conservative maximum and raw values are retained.
NR-MONTHLY-2022-11-302010,2022-11,3020,สีคิ้ว,302010,คลองไผ่,NR-RESEARCH-AREA-245,245,Si Khio,Khlong Phai,0;1,0,1,1,CONSERVATIVE_MAX_WITH_CONFLICT_FLAG,49573;49574,Drought risk duplicated with conflicting class values; droughtRiskLevel uses conservative maximum and raw values are retained.
NR-MONTHLY-2022-11-302011,2022-11,3020,สีคิ้ว,302011,ดอนเมือง,NR-RESEARCH-AREA-246,246,Si Khio,Don Mueang,0;1,0,1,1,CONSERVATIVE_MAX_WITH_CONFLICT_FLAG,49765;49766,Drought risk duplicated with conflicting class values; droughtRiskLevel uses conservative maximum and raw values are retained.
NR-MONTHLY-2022-11-302105,2022-11,3021,ปากช่อง,302105,หมูสี,NR-RESEARCH-AREA-198,198,Pak Chong,Mu Si,0;1,0,1,1,CONSERVATIVE_MAX_WITH_CONFLICT_FLAG,40086;40087,Drought risk duplicated with conflicting class values; droughtRiskLevel uses conservative maximum and raw values are retained.
NR-MONTHLY-2022-11-302106,2022-11,3021,ปากช่อง,302106,หนองสาหร่าย,NR-RESEARCH-AREA-199,199,Pak Chong,Nong Sarai,0;1,0,1,1,CONSERVATIVE_MAX_WITH_CONFLICT_FLAG,40261;40262,Drought risk duplicated with conflicting class values; droughtRiskLevel uses conservative maximum and raw values are retained.
NR-MONTHLY-2022-11-302107,2022-11,3021,ปากช่อง,302107,ขนงพระ,NR-RESEARCH-AREA-200,200,Pak Chong,Khanong Phra,0;1,0,1,1,CONSERVATIVE_MAX_WITH_CONFLICT_FLAG,40453;40454,Drought risk duplicated with conflicting class values; droughtRiskLevel uses conservative maximum and raw values are retained.
NR-MONTHLY-2022-11-302108,2022-11,3021,ปากช่อง,302108,โป่งตาลอง,NR-RESEARCH-AREA-201,201,Pak Chong,Pong Ta Long,0;1,0,1,1,CONSERVATIVE_MAX_WITH_CONFLICT_FLAG,40627;40628,Drought risk duplicated with conflicting class values; droughtRiskLevel uses conservative maximum and raw values are retained.
NR-MONTHLY-2022-11-302109,2022-11,3021,ปากช่อง,302109,คลองม่วง,NR-RESEARCH-AREA-202,202,Pak Chong,Khlong Muang,0;1,0,1,1,CONSERVATIVE_MAX_WITH_CONFLICT_FLAG,40804;40805,Drought risk duplicated with conflicting class values; droughtRiskLevel uses conservative maximum and raw values are retained.
NR-MONTHLY-2022-11-302110,2022-11,3021,ปากช่อง,302110,หนองน้ำแดง,NR-RESEARCH-AREA-203,203,Pak Chong,Nong Nam Daeng,0;1,0,1,1,CONSERVATIVE_MAX_WITH_CONFLICT_FLAG,40981;40982,Drought risk duplicated with conflicting class values; droughtRiskLevel uses conservative maximum and raw values are retained.
NR-MONTHLY-2022-11-302111,2022-11,3021,ปากช่อง,302111,วังไทร,NR-RESEARCH-AREA-204,204,Pak Chong,Wang Sai,0;1,0,1,1,CONSERVATIVE_MAX_WITH_CONFLICT_FLAG,41163;41164,Drought risk duplicated with conflicting class values; droughtRiskLevel uses conservative maximum and raw values are retained.
NR-MONTHLY-2022-11-302203,2022-11,3022,หนองบุญมาก,302203,ไทยเจริญ,NR-RESEARCH-AREA-272,272,Nong Bunmak,Thai Charoen,0;1,0,1,1,CONSERVATIVE_MAX_WITH_CONFLICT_FLAG,55025;55026,Drought risk duplicated with conflicting class values; droughtRiskLevel uses conservative maximum and raw values are retained.
NR-MONTHLY-2022-11-302204,2022-11,3022,หนองบุญมาก,302204,หนองหัวแรต,NR-RESEARCH-AREA-273,273,Nong Bunmak,Nong Hua Raet,0;1,0,1,1,CONSERVATIVE_MAX_WITH_CONFLICT_FLAG,55245;55246,Drought risk duplicated with conflicting class values; droughtRiskLevel uses conservative maximum and raw values are retained.
NR-MONTHLY-2022-11-302205,2022-11,3022,หนองบุญมาก,302205,แหลมทอง,NR-RESEARCH-AREA-274,274,Nong Bunmak,Laem Thong,0;1,0,1,1,CONSERVATIVE_MAX_WITH_CONFLICT_FLAG,55464;55465,Drought risk duplicated with conflicting class values; droughtRiskLevel uses conservative maximum and raw values are retained.
NR-MONTHLY-2022-11-302207,2022-11,3022,หนองบุญมาก,302207,ลุงเขว้า,NR-RESEARCH-AREA-276,276,Nong Bunmak,Lung Khwao,0;1,0,1,1,CONSERVATIVE_MAX_WITH_CONFLICT_FLAG,55901;55902,Drought risk duplicated with conflicting class values; droughtRiskLevel uses conservative maximum and raw values are retained.
NR-MONTHLY-2022-11-302208,2022-11,3022,หนองบุญมาก,302208,หนองไม้ไผ่,NR-RESEARCH-AREA-277,277,Nong Bunmak,Nong Mai Phai,0;1,0,1,1,CONSERVATIVE_MAX_WITH_CONFLICT_FLAG,56111;56112,Drought risk duplicated with conflicting class values; droughtRiskLevel uses conservative maximum and raw values are retained.
NR-MONTHLY-2022-11-302302,2022-11,3023,แก้งสนามนาง,302302,โนนสำราญ,NR-RESEARCH-AREA-026,26,Kaeng Sanam Nang,Non Samran,0;1,0,1,1,CONSERVATIVE_MAX_WITH_CONFLICT_FLAG,4975;4976,Drought risk duplicated with conflicting class values; droughtRiskLevel uses conservative maximum and raw values are retained.
NR-MONTHLY-2022-11-302303,2022-11,3023,แก้งสนามนาง,302303,บึงพะไล,NR-RESEARCH-AREA-027,27,Kaeng Sanam Nang,Bueng Phalai,0;1,0,1,1,CONSERVATIVE_MAX_WITH_CONFLICT_FLAG,5174;5175,Drought risk duplicated with conflicting class values; droughtRiskLevel uses conservative maximum and raw values are retained.
NR-MONTHLY-2022-11-302305,2022-11,3023,แก้งสนามนาง,302305,บึงสำโรง,NR-RESEARCH-AREA-029,29,Kaeng Sanam Nang,Bueng Samrong,0;1,0,1,1,CONSERVATIVE_MAX_WITH_CONFLICT_FLAG,5576;5577,Drought risk duplicated with conflicting class values; droughtRiskLevel uses conservative maximum and raw values are retained.
NR-MONTHLY-2022-11-302401,2022-11,3024,โนนแดง,302401,โนนแดง,NR-RESEARCH-AREA-116,116,Non Daeng,Non Daeng,0;1,0,1,1,CONSERVATIVE_MAX_WITH_CONFLICT_FLAG,23509;23510,Drought risk duplicated with conflicting class values; droughtRiskLevel uses conservative maximum and raw values are retained.
NR-MONTHLY-2022-11-302403,2022-11,3024,โนนแดง,302403,สำพะเนียง,NR-RESEARCH-AREA-118,118,Non Daeng,Sam Phaniang,0;1,0,1,1,CONSERVATIVE_MAX_WITH_CONFLICT_FLAG,23971;23972,Drought risk duplicated with conflicting class values; droughtRiskLevel uses conservative maximum and raw values are retained.
NR-MONTHLY-2022-11-302404,2022-11,3024,โนนแดง,302404,วังหิน,NR-RESEARCH-AREA-119,119,Non Daeng,Wang Hin,0;1,0,1,1,CONSERVATIVE_MAX_WITH_CONFLICT_FLAG,24200;24201,Drought risk duplicated with conflicting class values; droughtRiskLevel uses conservative maximum and raw values are retained.
NR-MONTHLY-2022-11-302405,2022-11,3024,โนนแดง,302405,ดอนยาวใหญ่,NR-RESEARCH-AREA-120,120,Non Daeng,Don Yao Yai,0;1,0,1,1,CONSERVATIVE_MAX_WITH_CONFLICT_FLAG,24430;24431,Drought risk duplicated with conflicting class values; droughtRiskLevel uses conservative maximum and raw values are retained.
NR-MONTHLY-2022-11-302502,2022-11,3025,วังน้ำเขียว,302502,วังหมี,NR-RESEARCH-AREA-232,232,Wang Nam Khiao,Wang Mi,0;1,0,1,1,CONSERVATIVE_MAX_WITH_CONFLICT_FLAG,47084;47085,Drought risk duplicated with conflicting class values; droughtRiskLevel uses conservative maximum and raw values are retained.
NR-MONTHLY-2022-11-302503,2022-11,3025,วังน้ำเขียว,302503,ระเริง,NR-RESEARCH-AREA-233,233,Wang Nam Khiao,Raroeng,0;1,0,1,1,CONSERVATIVE_MAX_WITH_CONFLICT_FLAG,47266;47267,Drought risk duplicated with conflicting class values; droughtRiskLevel uses conservative maximum and raw values are retained.
NR-MONTHLY-2022-11-302504,2022-11,3025,วังน้ำเขียว,302504,อุดมทรัพย์,NR-RESEARCH-AREA-234,234,Wang Nam Khiao,Udom Sap,0;1,0,1,1,CONSERVATIVE_MAX_WITH_CONFLICT_FLAG,47448;47449,Drought risk duplicated with conflicting class values; droughtRiskLevel uses conservative maximum and raw values are retained.
NR-MONTHLY-2022-11-302505,2022-11,3025,วังน้ำเขียว,302505,ไทยสามัคคี,NR-RESEARCH-AREA-235,235,Wang Nam Khiao,Thai Samakkhi,0;1,0,1,1,CONSERVATIVE_MAX_WITH_CONFLICT_FLAG,47634;47635,Drought risk duplicated with conflicting class values; droughtRiskLevel uses conservative maximum and raw values are retained.
NR-MONTHLY-2022-11-302704,2022-11,3027,เมืองยาง,302704,โนนอุดม,NR-RESEARCH-AREA-226,226,Mueang Yang,Non Udom,0;1,0,1,1,CONSERVATIVE_MAX_WITH_CONFLICT_FLAG,45858;45859,Drought risk duplicated with conflicting class values; droughtRiskLevel uses conservative maximum and raw values are retained.
NR-MONTHLY-2022-11-302801,2022-11,3028,พระทองคำ,302801,สระพระ,NR-RESEARCH-AREA-206,206,Phra Thong Kham,Sa Phra,0;1,0,1,1,CONSERVATIVE_MAX_WITH_CONFLICT_FLAG,41487;41488,Drought risk duplicated with conflicting class values; droughtRiskLevel uses conservative maximum and raw values are retained.
NR-MONTHLY-2022-11-302803,2022-11,3028,พระทองคำ,302803,พังเทียม,NR-RESEARCH-AREA-208,208,Phra Thong Kham,Phang Thiam,0;1,0,1,1,CONSERVATIVE_MAX_WITH_CONFLICT_FLAG,41881;41882,Drought risk duplicated with conflicting class values; droughtRiskLevel uses conservative maximum and raw values are retained.
NR-MONTHLY-2022-11-302804,2022-11,3028,พระทองคำ,302804,ทัพรั้ง,NR-RESEARCH-AREA-209,209,Phra Thong Kham,Thap Rang,0;1,0,1,1,CONSERVATIVE_MAX_WITH_CONFLICT_FLAG,42078;42079,Drought risk duplicated with conflicting class values; droughtRiskLevel uses conservative maximum and raw values are retained.
NR-MONTHLY-2022-11-302901,2022-11,3029,ลำทะเมนชัย,302901,ขุย,NR-RESEARCH-AREA-227,227,Lamtaman Chai,Khui,0;1,0,1,1,CONSERVATIVE_MAX_WITH_CONFLICT_FLAG,46063;46064,Drought risk duplicated with conflicting class values; droughtRiskLevel uses conservative maximum and raw values are retained.
NR-MONTHLY-2022-11-302902,2022-11,3029,ลำทะเมนชัย,302902,บ้านยาง,NR-RESEARCH-AREA-228,228,Lamtaman Chai,Ban Yang,0;1,0,1,1,CONSERVATIVE_MAX_WITH_CONFLICT_FLAG,46278;46279,Drought risk duplicated with conflicting class values; droughtRiskLevel uses conservative maximum and raw values are retained.
NR-MONTHLY-2022-11-302903,2022-11,3029,ลำทะเมนชัย,302903,ช่องแมว,NR-RESEARCH-AREA-229,229,Lamtaman Chai,Chong Maeo,0;1,0,1,1,CONSERVATIVE_MAX_WITH_CONFLICT_FLAG,46490;46491,Drought risk duplicated with conflicting class values; droughtRiskLevel uses conservative maximum and raw values are retained.
NR-MONTHLY-2022-11-302904,2022-11,3029,ลำทะเมนชัย,302904,ไพล,NR-RESEARCH-AREA-230,230,Lamtaman Chai,Phrai,0;1,0,1,1,CONSERVATIVE_MAX_WITH_CONFLICT_FLAG,46703;46704,Drought risk duplicated with conflicting class values; droughtRiskLevel uses conservative maximum and raw values are retained.
NR-MONTHLY-2022-11-303001,2022-11,3030,บัวลาย,303001,เมืองพะไล,NR-RESEARCH-AREA-147,147,Bua Lai,Mueang Phalai,0;1,0,1,1,CONSERVATIVE_MAX_WITH_CONFLICT_FLAG,30010;30011,Drought risk duplicated with conflicting class values; droughtRiskLevel uses conservative maximum and raw values are retained.
NR-MONTHLY-2022-11-303002,2022-11,3030,บัวลาย,303002,โนนจาน,NR-RESEARCH-AREA-148,148,Bua Lai,Non Chan,0;1,0,1,1,CONSERVATIVE_MAX_WITH_CONFLICT_FLAG,30232;30233,Drought risk duplicated with conflicting class values; droughtRiskLevel uses conservative maximum and raw values are retained.
NR-MONTHLY-2022-11-303003,2022-11,3030,บัวลาย,303003,บัวลาย,NR-RESEARCH-AREA-149,149,Bua Lai,Bua Lai,0;1,0,1,1,CONSERVATIVE_MAX_WITH_CONFLICT_FLAG,30454;30455,Drought risk duplicated with conflicting class values; droughtRiskLevel uses conservative maximum and raw values are retained.
NR-MONTHLY-2022-11-303004,2022-11,3030,บัวลาย,303004,หนองหว้า,NR-RESEARCH-AREA-150,150,Bua Lai,Nong Wa,0;1,0,1,1,CONSERVATIVE_MAX_WITH_CONFLICT_FLAG,30677;30678,Drought risk duplicated with conflicting class values; droughtRiskLevel uses conservative maximum and raw values are retained.
NR-MONTHLY-2022-11-303101,2022-11,3031,สีดา,303101,สีดา,NR-RESEARCH-AREA-248,248,Sida,Sida,0;1,0,1,1,CONSERVATIVE_MAX_WITH_CONFLICT_FLAG,50159;50160,Drought risk duplicated with conflicting class values; droughtRiskLevel uses conservative maximum and raw values are retained.
NR-MONTHLY-2022-11-303102,2022-11,3031,สีดา,303102,โพนทอง,NR-RESEARCH-AREA-249,249,Sida,Phon Thong,0;1,0,1,1,CONSERVATIVE_MAX_WITH_CONFLICT_FLAG,50362;50363,Drought risk duplicated with conflicting class values; droughtRiskLevel uses conservative maximum and raw values are retained.
NR-MONTHLY-2022-11-303103,2022-11,3031,สีดา,303103,โนนประดู่,NR-RESEARCH-AREA-250,250,Sida,Non Pradu,0;1,0,1,1,CONSERVATIVE_MAX_WITH_CONFLICT_FLAG,50568;50569,Drought risk duplicated with conflicting class values; droughtRiskLevel uses conservative maximum and raw values are retained.
NR-MONTHLY-2022-11-303104,2022-11,3031,สีดา,303104,สามเมือง,NR-RESEARCH-AREA-251,251,Sida,Sam Mueang,0;1,0,1,1,CONSERVATIVE_MAX_WITH_CONFLICT_FLAG,50775;50776,Drought risk duplicated with conflicting class values; droughtRiskLevel uses conservative maximum and raw values are retained.
NR-MONTHLY-2022-11-303105,2022-11,3031,สีดา,303105,หนองตาดใหญ่,NR-RESEARCH-AREA-252,252,Sida,Nong Tat Yai,0;1,0,1,1,CONSERVATIVE_MAX_WITH_CONFLICT_FLAG,50984;50985,Drought risk duplicated with conflicting class values; droughtRiskLevel uses conservative maximum and raw values are retained.
NR-MONTHLY-2022-11-303201,2022-11,3032,เฉลิมพระเกียรติ,303201,ช้างทอง,NR-RESEARCH-AREA-072,72,Chaloem Phra Kiet,Chang Thong,0;1,0,1,1,CONSERVATIVE_MAX_WITH_CONFLICT_FLAG,14320;14321,Drought risk duplicated with conflicting class values; droughtRiskLevel uses conservative maximum and raw values are retained.
NR-MONTHLY-2022-11-303202,2022-11,3032,เฉลิมพระเกียรติ,303202,ท่าช้าง,NR-RESEARCH-AREA-073,73,Chaloem Phra Kiet,Tha Chang,0;1,0,1,1,CONSERVATIVE_MAX_WITH_CONFLICT_FLAG,14525;14526,Drought risk duplicated with conflicting class values; droughtRiskLevel uses conservative maximum and raw values are retained.
NR-MONTHLY-2022-11-303203,2022-11,3032,เฉลิมพระเกียรติ,303203,พระพุทธ,NR-RESEARCH-AREA-074,74,Chaloem Phra Kiet,Phraphut,0;1,0,1,1,CONSERVATIVE_MAX_WITH_CONFLICT_FLAG,14729;14730,Drought risk duplicated with conflicting class values; droughtRiskLevel uses conservative maximum and raw values are retained.
NR-MONTHLY-2022-11-303204,2022-11,3032,เฉลิมพระเกียรติ,303204,หนองงูเหลือม,NR-RESEARCH-AREA-075,75,Chaloem Phra Kiet,Nong Ngu Lueam,0;1,0,1,1,CONSERVATIVE_MAX_WITH_CONFLICT_FLAG,14933;14934,Drought risk duplicated with conflicting class values; droughtRiskLevel uses conservative maximum and raw values are retained.
NR-MONTHLY-2022-11-303205,2022-11,3032,เฉลิมพระเกียรติ,303205,หนองยาง,NR-RESEARCH-AREA-076,76,Chaloem Phra Kiet,Nong Yang,0;1,0,1,1,CONSERVATIVE_MAX_WITH_CONFLICT_FLAG,15139;15140,Drought risk duplicated with conflicting class values; droughtRiskLevel uses conservative maximum and raw values are retained.
NR-MONTHLY-2022-12-300102,2022-12,3001,เมืองนครราชสีมา,300102,โพธิ์กลาง,NR-RESEARCH-AREA-001,1,Mueang Nakhon Ratchasima,Pho Klang,0;1,0,1,1,CONSERVATIVE_MAX_WITH_CONFLICT_FLAG,271;272,Drought risk duplicated with conflicting class values; droughtRiskLevel uses conservative maximum and raw values are retained.
NR-MONTHLY-2022-12-300103,2022-12,3001,เมืองนครราชสีมา,300103,หนองจะบก,NR-RESEARCH-AREA-002,2,Mueang Nakhon Ratchasima,Nong Chabok,0;1,0,1,1,CONSERVATIVE_MAX_WITH_CONFLICT_FLAG,456;457,Drought risk duplicated with conflicting class values; droughtRiskLevel uses conservative maximum and raw values are retained.
NR-MONTHLY-2022-12-300104,2022-12,3001,เมืองนครราชสีมา,300104,โคกสูง,NR-RESEARCH-AREA-003,3,Mueang Nakhon Ratchasima,Khok Sung,0;1,0,1,1,CONSERVATIVE_MAX_WITH_CONFLICT_FLAG,642;643,Drought risk duplicated with conflicting class values; droughtRiskLevel uses conservative maximum and raw values are retained.
NR-MONTHLY-2022-12-300105,2022-12,3001,เมืองนครราชสีมา,300105,มะเริง,NR-RESEARCH-AREA-004,4,Mueang Nakhon Ratchasima,Maroeng,0;1,0,1,1,CONSERVATIVE_MAX_WITH_CONFLICT_FLAG,832;833,Drought risk duplicated with conflicting class values; droughtRiskLevel uses conservative maximum and raw values are retained.
NR-MONTHLY-2022-12-300106,2022-12,3001,เมืองนครราชสีมา,300106,หนองระเวียง,NR-RESEARCH-AREA-005,5,Mueang Nakhon Ratchasima,Nong Rawiang,0;1,0,1,1,CONSERVATIVE_MAX_WITH_CONFLICT_FLAG,1023;1024,Drought risk duplicated with conflicting class values; droughtRiskLevel uses conservative maximum and raw values are retained.
NR-MONTHLY-2022-12-300107,2022-12,3001,เมืองนครราชสีมา,300107,ปรุใหญ่,NR-RESEARCH-AREA-006,6,Mueang Nakhon Ratchasima,Pru Yai,0;1,0,1,1,CONSERVATIVE_MAX_WITH_CONFLICT_FLAG,1211;1212,Drought risk duplicated with conflicting class values; droughtRiskLevel uses conservative maximum and raw values are retained.
NR-MONTHLY-2022-12-300108,2022-12,3001,เมืองนครราชสีมา,300108,หมื่นไวย,NR-RESEARCH-AREA-007,7,Mueang Nakhon Ratchasima,Muen Wai,0;1,0,1,1,CONSERVATIVE_MAX_WITH_CONFLICT_FLAG,1402;1403,Drought risk duplicated with conflicting class values; droughtRiskLevel uses conservative maximum and raw values are retained.
NR-MONTHLY-2022-12-300109,2022-12,3001,เมืองนครราชสีมา,300109,พลกรัง,NR-RESEARCH-AREA-008,8,Mueang Nakhon Ratchasima,Phon Krang,0;1,0,1,1,CONSERVATIVE_MAX_WITH_CONFLICT_FLAG,1592;1593,Drought risk duplicated with conflicting class values; droughtRiskLevel uses conservative maximum and raw values are retained.
NR-MONTHLY-2022-12-300111,2022-12,3001,เมืองนครราชสีมา,300111,หัวทะเล,NR-RESEARCH-AREA-010,10,Mueang Nakhon Ratchasima,Hua Thale,0;1,0,1,1,CONSERVATIVE_MAX_WITH_CONFLICT_FLAG,1921;1922,Drought risk duplicated with conflicting class values; droughtRiskLevel uses conservative maximum and raw values are retained.
NR-MONTHLY-2022-12-300112,2022-12,3001,เมืองนครราชสีมา,300112,บ้านเกาะ,NR-RESEARCH-AREA-011,11,Mueang Nakhon Ratchasima,Ban Ko,0;1,0,1,1,CONSERVATIVE_MAX_WITH_CONFLICT_FLAG,2112;2113,Drought risk duplicated with conflicting class values; droughtRiskLevel uses conservative maximum and raw values are retained.
NR-MONTHLY-2022-12-300113,2022-12,3001,เมืองนครราชสีมา,300113,บ้านใหม่,NR-RESEARCH-AREA-012,12,Mueang Nakhon Ratchasima,Ban Mai,0;1,0,1,1,CONSERVATIVE_MAX_WITH_CONFLICT_FLAG,2309;2310,Drought risk duplicated with conflicting class values; droughtRiskLevel uses conservative maximum and raw values are retained.
NR-MONTHLY-2022-12-300114,2022-12,3001,เมืองนครราชสีมา,300114,พุดซา,NR-RESEARCH-AREA-013,13,Mueang Nakhon Ratchasima,Phut Sa,0;1,0,1,1,CONSERVATIVE_MAX_WITH_CONFLICT_FLAG,2500;2501,Drought risk duplicated with conflicting class values; droughtRiskLevel uses conservative maximum and raw values are retained.
NR-MONTHLY-2022-12-300115,2022-12,3001,เมืองนครราชสีมา,300115,บ้านโพธิ์,NR-RESEARCH-AREA-014,14,Mueang Nakhon Ratchasima,Ban Pho,0;1,0,1,1,CONSERVATIVE_MAX_WITH_CONFLICT_FLAG,2691;2692,Drought risk duplicated with conflicting class values; droughtRiskLevel uses conservative maximum and raw values are retained.
NR-MONTHLY-2022-12-300116,2022-12,3001,เมืองนครราชสีมา,300116,จอหอ,NR-RESEARCH-AREA-015,15,Mueang Nakhon Ratchasima,Cho Ho,0;1,0,1,1,CONSERVATIVE_MAX_WITH_CONFLICT_FLAG,2880;2881,Drought risk duplicated with conflicting class values; droughtRiskLevel uses conservative maximum and raw values are retained.
NR-MONTHLY-2022-12-300117,2022-12,3001,เมืองนครราชสีมา,300117,โคกกรวด,NR-RESEARCH-AREA-016,16,Mueang Nakhon Ratchasima,Khok Kruat,0;1,0,1,1,CONSERVATIVE_MAX_WITH_CONFLICT_FLAG,3070;3071,Drought risk duplicated with conflicting class values; droughtRiskLevel uses conservative maximum and raw values are retained.
NR-MONTHLY-2022-12-300118,2022-12,3001,เมืองนครราชสีมา,300118,ไชยมงคล,NR-RESEARCH-AREA-017,17,Mueang Nakhon Ratchasima,Chai Mongkhon,0;1,0,1,1,CONSERVATIVE_MAX_WITH_CONFLICT_FLAG,3258;3259,Drought risk duplicated with conflicting class values; droughtRiskLevel uses conservative maximum and raw values are retained.
NR-MONTHLY-2022-12-300119,2022-12,3001,เมืองนครราชสีมา,300119,หนองบัวศาลา,NR-RESEARCH-AREA-018,18,Mueang Nakhon Ratchasima,Nong Bua Sala,0;1,0,1,1,CONSERVATIVE_MAX_WITH_CONFLICT_FLAG,3444;3445,Drought risk duplicated with conflicting class values; droughtRiskLevel uses conservative maximum and raw values are retained.
NR-MONTHLY-2022-12-300120,2022-12,3001,เมืองนครราชสีมา,300120,สุรนารี,NR-RESEARCH-AREA-019,19,Mueang Nakhon Ratchasima,Suranari,0;1,0,1,1,CONSERVATIVE_MAX_WITH_CONFLICT_FLAG,3628;3629,Drought risk duplicated with conflicting class values; droughtRiskLevel uses conservative maximum and raw values are retained.
NR-MONTHLY-2022-12-300121,2022-12,3001,เมืองนครราชสีมา,300121,สีมุม,NR-RESEARCH-AREA-020,20,Mueang Nakhon Ratchasima,Si Mum,0;1,0,1,1,CONSERVATIVE_MAX_WITH_CONFLICT_FLAG,3818;3819,Drought risk duplicated with conflicting class values; droughtRiskLevel uses conservative maximum and raw values are retained.
NR-MONTHLY-2022-12-300122,2022-12,3001,เมืองนครราชสีมา,300122,ตลาด,NR-RESEARCH-AREA-021,21,Mueang Nakhon Ratchasima,Talat,0;1,0,1,1,CONSERVATIVE_MAX_WITH_CONFLICT_FLAG,4007;4008,Drought risk duplicated with conflicting class values; droughtRiskLevel uses conservative maximum and raw values are retained.
NR-MONTHLY-2022-12-300123,2022-12,3001,เมืองนครราชสีมา,300123,พะเนา,NR-RESEARCH-AREA-022,22,Mueang Nakhon Ratchasima,Phanao,0;1,0,1,1,CONSERVATIVE_MAX_WITH_CONFLICT_FLAG,4199;4200,Drought risk duplicated with conflicting class values; droughtRiskLevel uses conservative maximum and raw values are retained.
NR-MONTHLY-2022-12-300124,2022-12,3001,เมืองนครราชสีมา,300124,หนองกระทุ่ม,NR-RESEARCH-AREA-023,23,Mueang Nakhon Ratchasima,Nong Krathum,0;1,0,1,1,CONSERVATIVE_MAX_WITH_CONFLICT_FLAG,4390;4391,Drought risk duplicated with conflicting class values; droughtRiskLevel uses conservative maximum and raw values are retained.
NR-MONTHLY-2022-12-300125,2022-12,3001,เมืองนครราชสีมา,300125,หนองไข่น้ำ,NR-RESEARCH-AREA-024,24,Mueang Nakhon Ratchasima,Nong Khai Nam,0;1,0,1,1,CONSERVATIVE_MAX_WITH_CONFLICT_FLAG,4579;4580,Drought risk duplicated with conflicting class values; droughtRiskLevel uses conservative maximum and raw values are retained.
NR-MONTHLY-2022-12-300201,2022-12,3002,ครบุรี,300201,แชะ,NR-RESEARCH-AREA-052,52,Khon Buri,Chae,0;1,0,1,1,CONSERVATIVE_MAX_WITH_CONFLICT_FLAG,10375;10376,Drought risk duplicated with conflicting class values; droughtRiskLevel uses conservative maximum and raw values are retained.
NR-MONTHLY-2022-12-300202,2022-12,3002,ครบุรี,300202,เฉลียง,NR-RESEARCH-AREA-053,53,Khon Buri,Chaliang,0;1,0,1,1,CONSERVATIVE_MAX_WITH_CONFLICT_FLAG,10569;10570,Drought risk duplicated with conflicting class values; droughtRiskLevel uses conservative maximum and raw values are retained.
NR-MONTHLY-2022-12-300204,2022-12,3002,ครบุรี,300204,โคกกระชาย,NR-RESEARCH-AREA-055,55,Khon Buri,Khok Krachai,0;1,0,1,1,CONSERVATIVE_MAX_WITH_CONFLICT_FLAG,10946;10947,Drought risk duplicated with conflicting class values; droughtRiskLevel uses conservative maximum and raw values are retained.
NR-MONTHLY-2022-12-300205,2022-12,3002,ครบุรี,300205,จระเข้หิน,NR-RESEARCH-AREA-056,56,Khon Buri,Chorakhe Hin,0;1,0,1,1,CONSERVATIVE_MAX_WITH_CONFLICT_FLAG,11141;11142,Drought risk duplicated with conflicting class values; droughtRiskLevel uses conservative maximum and raw values are retained.
NR-MONTHLY-2022-12-300206,2022-12,3002,ครบุรี,300206,มาบตะโกเอน,NR-RESEARCH-AREA-057,57,Khon Buri,Map Tako En,0;1,0,1,1,CONSERVATIVE_MAX_WITH_CONFLICT_FLAG,11334;11335,Drought risk duplicated with conflicting class values; droughtRiskLevel uses conservative maximum and raw values are retained.
NR-MONTHLY-2022-12-300207,2022-12,3002,ครบุรี,300207,อรพิมพ์,NR-RESEARCH-AREA-058,58,Khon Buri,Oraphim,0;1,0,1,1,CONSERVATIVE_MAX_WITH_CONFLICT_FLAG,11527;11528,Drought risk duplicated with conflicting class values; droughtRiskLevel uses conservative maximum and raw values are retained.
NR-MONTHLY-2022-12-300208,2022-12,3002,ครบุรี,300208,บ้านใหม่,NR-RESEARCH-AREA-059,59,Khon Buri,Ban Mai,0;1,0,1,1,CONSERVATIVE_MAX_WITH_CONFLICT_FLAG,11716;11717,Drought risk duplicated with conflicting class values; droughtRiskLevel uses conservative maximum and raw values are retained.
NR-MONTHLY-2022-12-300209,2022-12,3002,ครบุรี,300209,ลำเพียก,NR-RESEARCH-AREA-060,60,Khon Buri,Lamphiak,0;1,0,1,1,CONSERVATIVE_MAX_WITH_CONFLICT_FLAG,11896;11897,Drought risk duplicated with conflicting class values; droughtRiskLevel uses conservative maximum and raw values are retained.
NR-MONTHLY-2022-12-300211,2022-12,3002,ครบุรี,300211,ตะแบกบาน,NR-RESEARCH-AREA-062,62,Khon Buri,Tabaek Ban,0;1,0,1,1,CONSERVATIVE_MAX_WITH_CONFLICT_FLAG,12270;12271,Drought risk duplicated with conflicting class values; droughtRiskLevel uses conservative maximum and raw values are retained.
NR-MONTHLY-2022-12-300212,2022-12,3002,ครบุรี,300212,สระว่านพระยา,NR-RESEARCH-AREA-063,63,Khon Buri,Sa Wan Phraya,0;1,0,1,1,CONSERVATIVE_MAX_WITH_CONFLICT_FLAG,12455;12456,Drought risk duplicated with conflicting class values; droughtRiskLevel uses conservative maximum and raw values are retained.
NR-MONTHLY-2022-12-300407,2022-12,3004,คง,300407,หนองบัว,NR-RESEARCH-AREA-048,48,Khong,Nong Bua,0;1,0,1,1,CONSERVATIVE_MAX_WITH_CONFLICT_FLAG,9595;9596,Drought risk duplicated with conflicting class values; droughtRiskLevel uses conservative maximum and raw values are retained.
NR-MONTHLY-2022-12-300501,2022-12,3005,บ้านเหลื่อม,300501,บ้านเหลื่อม,NR-RESEARCH-AREA-161,161,Ban Lueam,Ban Lueam,0;1,0,1,1,CONSERVATIVE_MAX_WITH_CONFLICT_FLAG,32802;32803,Drought risk duplicated with conflicting class values; droughtRiskLevel uses conservative maximum and raw values are retained.
NR-MONTHLY-2022-12-300502,2022-12,3005,บ้านเหลื่อม,300502,วังโพธิ์,NR-RESEARCH-AREA-162,162,Ban Lueam,Wang Pho,0;1,0,1,1,CONSERVATIVE_MAX_WITH_CONFLICT_FLAG,32999;33000,Drought risk duplicated with conflicting class values; droughtRiskLevel uses conservative maximum and raw values are retained.
NR-MONTHLY-2022-12-300503,2022-12,3005,บ้านเหลื่อม,300503,โคกกระเบื้อง,NR-RESEARCH-AREA-163,163,Ban Lueam,Khok Krabueang,0;1,0,1,1,CONSERVATIVE_MAX_WITH_CONFLICT_FLAG,33195;33196,Drought risk duplicated with conflicting class values; droughtRiskLevel uses conservative maximum and raw values are retained.
NR-MONTHLY-2022-12-300504,2022-12,3005,บ้านเหลื่อม,300504,ช่อระกา,NR-RESEARCH-AREA-164,164,Ban Lueam,Cho Raka,0;1,0,1,1,CONSERVATIVE_MAX_WITH_CONFLICT_FLAG,33390;33391,Drought risk duplicated with conflicting class values; droughtRiskLevel uses conservative maximum and raw values are retained.
NR-MONTHLY-2022-12-300604,2022-12,3006,จักราช,300604,สีสุก,NR-RESEARCH-AREA-066,66,Chakkarat,Si Suk,0;1,0,1,1,CONSERVATIVE_MAX_WITH_CONFLICT_FLAG,13080;13081,Drought risk duplicated with conflicting class values; droughtRiskLevel uses conservative maximum and raw values are retained.
NR-MONTHLY-2022-12-300605,2022-12,3006,จักราช,300605,หนองขาม,NR-RESEARCH-AREA-067,67,Chakkarat,Nong Kham,0;1,0,1,1,CONSERVATIVE_MAX_WITH_CONFLICT_FLAG,13290;13291,Drought risk duplicated with conflicting class values; droughtRiskLevel uses conservative maximum and raw values are retained.
NR-MONTHLY-2022-12-300607,2022-12,3006,จักราช,300607,หนองพลวง,NR-RESEARCH-AREA-068,68,Chakkarat,Nong Phluang,0;1,0,1,1,CONSERVATIVE_MAX_WITH_CONFLICT_FLAG,13499;13500,Drought risk duplicated with conflicting class values; droughtRiskLevel uses conservative maximum and raw values are retained.
NR-MONTHLY-2022-12-300610,2022-12,3006,จักราช,300610,ศรีละกอ,NR-RESEARCH-AREA-069,69,Chakkarat,Si Lako,0;1,0,1,1,CONSERVATIVE_MAX_WITH_CONFLICT_FLAG,13708;13709,Drought risk duplicated with conflicting class values; droughtRiskLevel uses conservative maximum and raw values are retained.
NR-MONTHLY-2022-12-300702,2022-12,3007,โชคชัย,300702,พลับพลา,NR-RESEARCH-AREA-087,87,Chok Chai,Phlapphla,0;1,0,1,1,CONSERVATIVE_MAX_WITH_CONFLICT_FLAG,17603;17604,Drought risk duplicated with conflicting class values; droughtRiskLevel uses conservative maximum and raw values are retained.
NR-MONTHLY-2022-12-300703,2022-12,3007,โชคชัย,300703,ท่าอ่าง,NR-RESEARCH-AREA-088,88,Chok Chai,Tha Ang,0;1,0,1,1,CONSERVATIVE_MAX_WITH_CONFLICT_FLAG,17801;17802,Drought risk duplicated with conflicting class values; droughtRiskLevel uses conservative maximum and raw values are retained.
NR-MONTHLY-2022-12-300704,2022-12,3007,โชคชัย,300704,ทุ่งอรุณ,NR-RESEARCH-AREA-089,89,Chok Chai,Thung Arun,0;1,0,1,1,CONSERVATIVE_MAX_WITH_CONFLICT_FLAG,17996;17997,Drought risk duplicated with conflicting class values; droughtRiskLevel uses conservative maximum and raw values are retained.
NR-MONTHLY-2022-12-300705,2022-12,3007,โชคชัย,300705,ท่าลาดขาว,NR-RESEARCH-AREA-090,90,Chok Chai,Tha Lat Khao,0;1,0,1,1,CONSERVATIVE_MAX_WITH_CONFLICT_FLAG,18195;18196,Drought risk duplicated with conflicting class values; droughtRiskLevel uses conservative maximum and raw values are retained.
NR-MONTHLY-2022-12-300706,2022-12,3007,โชคชัย,300706,ท่าจะหลุง,NR-RESEARCH-AREA-091,91,Chok Chai,Tha Chalung,0;1,0,1,1,CONSERVATIVE_MAX_WITH_CONFLICT_FLAG,18394;18395,Drought risk duplicated with conflicting class values; droughtRiskLevel uses conservative maximum and raw values are retained.
NR-MONTHLY-2022-12-300708,2022-12,3007,โชคชัย,300708,โชคชัย,NR-RESEARCH-AREA-093,93,Chok Chai,Chok Chai,0;1,0,1,1,CONSERVATIVE_MAX_WITH_CONFLICT_FLAG,18789;18790,Drought risk duplicated with conflicting class values; droughtRiskLevel uses conservative maximum and raw values are retained.
NR-MONTHLY-2022-12-300709,2022-12,3007,โชคชัย,300709,ละลมใหม่พัฒนา,NR-RESEARCH-AREA-094,94,Chok Chai,Lalom Mai Phatthana,0;1,0,1,1,CONSERVATIVE_MAX_WITH_CONFLICT_FLAG,18987;18988,Drought risk duplicated with conflicting class values; droughtRiskLevel uses conservative maximum and raw values are retained.
NR-MONTHLY-2022-12-300710,2022-12,3007,โชคชัย,300710,ด่านเกวียน,NR-RESEARCH-AREA-095,95,Chok Chai,Dan Kwian,0;1,0,1,1,CONSERVATIVE_MAX_WITH_CONFLICT_FLAG,19186;19187,Drought risk duplicated with conflicting class values; droughtRiskLevel uses conservative maximum and raw values are retained.
NR-MONTHLY-2022-12-300801,2022-12,3008,ด่านขุนทด,300801,กุดพิมาน,NR-RESEARCH-AREA-096,96,Dan Khun Thot,Kut Phiman,0;1,0,1,1,CONSERVATIVE_MAX_WITH_CONFLICT_FLAG,19389;19390,Drought risk duplicated with conflicting class values; droughtRiskLevel uses conservative maximum and raw values are retained.
NR-MONTHLY-2022-12-300802,2022-12,3008,ด่านขุนทด,300802,ด่านขุนทด,NR-RESEARCH-AREA-097,97,Dan Khun Thot,Dan Khun Thot,0;1,0,1,1,CONSERVATIVE_MAX_WITH_CONFLICT_FLAG,19602;19603,Drought risk duplicated with conflicting class values; droughtRiskLevel uses conservative maximum and raw values are retained.
NR-MONTHLY-2022-12-300803,2022-12,3008,ด่านขุนทด,300803,ด่านนอก,NR-RESEARCH-AREA-098,98,Dan Khun Thot,Dan Nok,0;1,0,1,1,CONSERVATIVE_MAX_WITH_CONFLICT_FLAG,19812;19813,Drought risk duplicated with conflicting class values; droughtRiskLevel uses conservative maximum and raw values are retained.
NR-MONTHLY-2022-12-300804,2022-12,3008,ด่านขุนทด,300804,ด่านใน,NR-RESEARCH-AREA-099,99,Dan Khun Thot,Dan Nai,0;1,0,1,1,CONSERVATIVE_MAX_WITH_CONFLICT_FLAG,20022;20023,Drought risk duplicated with conflicting class values; droughtRiskLevel uses conservative maximum and raw values are retained.
NR-MONTHLY-2022-12-300805,2022-12,3008,ด่านขุนทด,300805,ตะเคียน,NR-RESEARCH-AREA-100,100,Dan Khun Thot,Takhian,0;1,0,1,1,CONSERVATIVE_MAX_WITH_CONFLICT_FLAG,20235;20236,Drought risk duplicated with conflicting class values; droughtRiskLevel uses conservative maximum and raw values are retained.
NR-MONTHLY-2022-12-300806,2022-12,3008,ด่านขุนทด,300806,บ้านเก่า,NR-RESEARCH-AREA-101,101,Dan Khun Thot,Ban Kao,0;1,0,1,1,CONSERVATIVE_MAX_WITH_CONFLICT_FLAG,20446;20447,Drought risk duplicated with conflicting class values; droughtRiskLevel uses conservative maximum and raw values are retained.
NR-MONTHLY-2022-12-300807,2022-12,3008,ด่านขุนทด,300807,บ้านแปรง,NR-RESEARCH-AREA-102,102,Dan Khun Thot,Ban Praeng,0;1,0,1,1,CONSERVATIVE_MAX_WITH_CONFLICT_FLAG,20658;20659,Drought risk duplicated with conflicting class values; droughtRiskLevel uses conservative maximum and raw values are retained.
NR-MONTHLY-2022-12-300808,2022-12,3008,ด่านขุนทด,300808,พันชนะ,NR-RESEARCH-AREA-103,103,Dan Khun Thot,Phan Chana,0;1,0,1,1,CONSERVATIVE_MAX_WITH_CONFLICT_FLAG,20868;20869,Drought risk duplicated with conflicting class values; droughtRiskLevel uses conservative maximum and raw values are retained.
NR-MONTHLY-2022-12-300809,2022-12,3008,ด่านขุนทด,300809,สระจรเข้,NR-RESEARCH-AREA-104,104,Dan Khun Thot,Sa Chorakhe,0;1,0,1,1,CONSERVATIVE_MAX_WITH_CONFLICT_FLAG,21078;21079,Drought risk duplicated with conflicting class values; droughtRiskLevel uses conservative maximum and raw values are retained.
NR-MONTHLY-2022-12-300810,2022-12,3008,ด่านขุนทด,300810,หนองกราด,NR-RESEARCH-AREA-105,105,Dan Khun Thot,Nong Krat,0;1,0,1,1,CONSERVATIVE_MAX_WITH_CONFLICT_FLAG,21285;21286,Drought risk duplicated with conflicting class values; droughtRiskLevel uses conservative maximum and raw values are retained.
NR-MONTHLY-2022-12-300811,2022-12,3008,ด่านขุนทด,300811,หนองบัวตะเกียด,NR-RESEARCH-AREA-106,106,Dan Khun Thot,Nong Bua Takiat,0;1,0,1,1,CONSERVATIVE_MAX_WITH_CONFLICT_FLAG,21494;21495,Drought risk duplicated with conflicting class values; droughtRiskLevel uses conservative maximum and raw values are retained.
NR-MONTHLY-2022-12-300813,2022-12,3008,ด่านขุนทด,300813,หินดาด,NR-RESEARCH-AREA-108,108,Dan Khun Thot,Hin Dat,0;1,0,1,1,CONSERVATIVE_MAX_WITH_CONFLICT_FLAG,21916;21917,Drought risk duplicated with conflicting class values; droughtRiskLevel uses conservative maximum and raw values are retained.
NR-MONTHLY-2022-12-300817,2022-12,3008,ด่านขุนทด,300817,โนนเมืองพัฒนา,NR-RESEARCH-AREA-110,110,Dan Khun Thot,Non Mueang Phatthana,0;1,0,1,1,CONSERVATIVE_MAX_WITH_CONFLICT_FLAG,22334;22335,Drought risk duplicated with conflicting class values; droughtRiskLevel uses conservative maximum and raw values are retained.
NR-MONTHLY-2022-12-300818,2022-12,3008,ด่านขุนทด,300818,หนองไทร,NR-RESEARCH-AREA-111,111,Dan Khun Thot,Nong Sai,0;1,0,1,1,CONSERVATIVE_MAX_WITH_CONFLICT_FLAG,22543;22544,Drought risk duplicated with conflicting class values; droughtRiskLevel uses conservative maximum and raw values are retained.
NR-MONTHLY-2022-12-300902,2022-12,3009,โนนไทย,300902,ด่านจาก,NR-RESEARCH-AREA-122,122,Non Thai,Dan Chak,0;1,0,1,1,CONSERVATIVE_MAX_WITH_CONFLICT_FLAG,24873;24874,Drought risk duplicated with conflicting class values; droughtRiskLevel uses conservative maximum and raw values are retained.
NR-MONTHLY-2022-12-300903,2022-12,3009,โนนไทย,300903,กำปัง,NR-RESEARCH-AREA-123,123,Non Thai,Kampang,0;1,0,1,1,CONSERVATIVE_MAX_WITH_CONFLICT_FLAG,25088;25089,Drought risk duplicated with conflicting class values; droughtRiskLevel uses conservative maximum and raw values are retained.
NR-MONTHLY-2022-12-301003,2022-12,3010,โนนสูง,301003,โตนด,NR-RESEARCH-AREA-133,133,Non Sung,Tanot,0;1,0,1,1,CONSERVATIVE_MAX_WITH_CONFLICT_FLAG,27178;27179,Drought risk duplicated with conflicting class values; droughtRiskLevel uses conservative maximum and raw values are retained.
NR-MONTHLY-2022-12-301005,2022-12,3010,โนนสูง,301005,ดอนชมพู,NR-RESEARCH-AREA-135,135,Non Sung,Don Chomphu,0;1,0,1,1,CONSERVATIVE_MAX_WITH_CONFLICT_FLAG,27583;27584,Drought risk duplicated with conflicting class values; droughtRiskLevel uses conservative maximum and raw values are retained.
NR-MONTHLY-2022-12-301008,2022-12,3010,โนนสูง,301008,มะค่า,NR-RESEARCH-AREA-138,138,Non Sung,Makha,0;1,0,1,1,CONSERVATIVE_MAX_WITH_CONFLICT_FLAG,28195;28196,Drought risk duplicated with conflicting class values; droughtRiskLevel uses conservative maximum and raw values are retained.
NR-MONTHLY-2022-12-301009,2022-12,3010,โนนสูง,301009,พลสงคราม,NR-RESEARCH-AREA-139,139,Non Sung,Phon Songkhram,0;1,0,1,1,CONSERVATIVE_MAX_WITH_CONFLICT_FLAG,28395;28396,Drought risk duplicated with conflicting class values; droughtRiskLevel uses conservative maximum and raw values are retained.
NR-MONTHLY-2022-12-301016,2022-12,3010,โนนสูง,301016,ลำมูล,NR-RESEARCH-AREA-146,146,Non Sung,Lammun,0;1,0,1,1,CONSERVATIVE_MAX_WITH_CONFLICT_FLAG,29797;29798,Drought risk duplicated with conflicting class values; droughtRiskLevel uses conservative maximum and raw values are retained.
NR-MONTHLY-2022-12-301104,2022-12,3011,ขามสะแกแสง,301104,ชีวึก,NR-RESEARCH-AREA-038,38,Kham Sakae Saeng,Chiwuek,0;1,0,1,1,CONSERVATIVE_MAX_WITH_CONFLICT_FLAG,7490;7491,Drought risk duplicated with conflicting class values; droughtRiskLevel uses conservative maximum and raw values are retained.
NR-MONTHLY-2022-12-301106,2022-12,3011,ขามสะแกแสง,301106,หนองหัวฟาน,NR-RESEARCH-AREA-040,40,Kham Sakae Saeng,Nong Hua Fan,0;1,0,1,1,CONSERVATIVE_MAX_WITH_CONFLICT_FLAG,7962;7963,Drought risk duplicated with conflicting class values; droughtRiskLevel uses conservative maximum and raw values are retained.
NR-MONTHLY-2022-12-301107,2022-12,3011,ขามสะแกแสง,301107,เมืองเกษตร,NR-RESEARCH-AREA-041,41,Kham Sakae Saeng,Mueang Kaset,0;1,0,1,1,CONSERVATIVE_MAX_WITH_CONFLICT_FLAG,8198;8199,Drought risk duplicated with conflicting class values; droughtRiskLevel uses conservative maximum and raw values are retained.
NR-MONTHLY-2022-12-301402,2022-12,3014,ปักธงชัย,301402,ตะคุ,NR-RESEARCH-AREA-179,179,Pak Thong Chai,Takhu,0;1,0,1,1,CONSERVATIVE_MAX_WITH_CONFLICT_FLAG,36428;36429,Drought risk duplicated with conflicting class values; droughtRiskLevel uses conservative maximum and raw values are retained.
NR-MONTHLY-2022-12-301410,2022-12,3014,ปักธงชัย,301410,งิ้ว,NR-RESEARCH-AREA-186,186,Pak Thong Chai,Ngio,0;1,0,1,1,CONSERVATIVE_MAX_WITH_CONFLICT_FLAG,37902;37903,Drought risk duplicated with conflicting class values; droughtRiskLevel uses conservative maximum and raw values are retained.
NR-MONTHLY-2022-12-301416,2022-12,3014,ปักธงชัย,301416,ภูหลวง,NR-RESEARCH-AREA-189,189,Pak Thong Chai,Phu Luang,0;1,0,1,1,CONSERVATIVE_MAX_WITH_CONFLICT_FLAG,38528;38529,Drought risk duplicated with conflicting class values; droughtRiskLevel uses conservative maximum and raw values are retained.
NR-MONTHLY-2022-12-301417,2022-12,3014,ปักธงชัย,301417,ธงชัยเหนือ,NR-RESEARCH-AREA-190,190,Pak Thong Chai,Thong Chai Nuea,0;1,0,1,1,CONSERVATIVE_MAX_WITH_CONFLICT_FLAG,38737;38738,Drought risk duplicated with conflicting class values; droughtRiskLevel uses conservative maximum and raw values are retained.
NR-MONTHLY-2022-12-301418,2022-12,3014,ปักธงชัย,301418,สุขเกษม,NR-RESEARCH-AREA-191,191,Pak Thong Chai,Suk Kasem,0;1,0,1,1,CONSERVATIVE_MAX_WITH_CONFLICT_FLAG,38946;38947,Drought risk duplicated with conflicting class values; droughtRiskLevel uses conservative maximum and raw values are retained.
NR-MONTHLY-2022-12-301419,2022-12,3014,ปักธงชัย,301419,เกษมทรัพย์,NR-RESEARCH-AREA-192,192,Pak Thong Chai,Kasem Sap,0;1,0,1,1,CONSERVATIVE_MAX_WITH_CONFLICT_FLAG,39156;39157,Drought risk duplicated with conflicting class values; droughtRiskLevel uses conservative maximum and raw values are retained.
NR-MONTHLY-2022-12-301420,2022-12,3014,ปักธงชัย,301420,บ่อปลาทอง,NR-RESEARCH-AREA-193,193,Pak Thong Chai,Bo Pla Thong,0;1,0,1,1,CONSERVATIVE_MAX_WITH_CONFLICT_FLAG,39365;39366,Drought risk duplicated with conflicting class values; droughtRiskLevel uses conservative maximum and raw values are retained.
NR-MONTHLY-2022-12-301501,2022-12,3015,พิมาย,301501,ในเมือง,NR-RESEARCH-AREA-211,211,Phimai,Nai Mueang,0;1,0,1,1,CONSERVATIVE_MAX_WITH_CONFLICT_FLAG,42491;42492,Drought risk duplicated with conflicting class values; droughtRiskLevel uses conservative maximum and raw values are retained.
NR-MONTHLY-2022-12-301502,2022-12,3015,พิมาย,301502,สัมฤทธิ์,NR-RESEARCH-AREA-212,212,Phimai,Samrit,0;1,0,1,1,CONSERVATIVE_MAX_WITH_CONFLICT_FLAG,42724;42725,Drought risk duplicated with conflicting class values; droughtRiskLevel uses conservative maximum and raw values are retained.
NR-MONTHLY-2022-12-301505,2022-12,3015,พิมาย,301505,ท่าหลวง,NR-RESEARCH-AREA-215,215,Phimai,Tha Luang,0;1,0,1,1,CONSERVATIVE_MAX_WITH_CONFLICT_FLAG,43418;43419,Drought risk duplicated with conflicting class values; droughtRiskLevel uses conservative maximum and raw values are retained.
NR-MONTHLY-2022-12-301506,2022-12,3015,พิมาย,301506,รังกาใหญ่,NR-RESEARCH-AREA-216,216,Phimai,Rang Ka Yai,0;1,0,1,1,CONSERVATIVE_MAX_WITH_CONFLICT_FLAG,43649;43650,Drought risk duplicated with conflicting class values; droughtRiskLevel uses conservative maximum and raw values are retained.
NR-MONTHLY-2022-12-301507,2022-12,3015,พิมาย,301507,ชีวาน,NR-RESEARCH-AREA-217,217,Phimai,Chiwan,0;1,0,1,1,CONSERVATIVE_MAX_WITH_CONFLICT_FLAG,43882;43883,Drought risk duplicated with conflicting class values; droughtRiskLevel uses conservative maximum and raw values are retained.
NR-MONTHLY-2022-12-301508,2022-12,3015,พิมาย,301508,นิคมสร้างตนเอง,NR-RESEARCH-AREA-218,218,Phimai,Nikhom Sang Ton-Eng,0;1,0,1,1,CONSERVATIVE_MAX_WITH_CONFLICT_FLAG,44112;44113,Drought risk duplicated with conflicting class values; droughtRiskLevel uses conservative maximum and raw values are retained.
NR-MONTHLY-2022-12-301509,2022-12,3015,พิมาย,301509,กระชอน,NR-RESEARCH-AREA-219,219,Phimai,Krachon,0;1,0,1,1,CONSERVATIVE_MAX_WITH_CONFLICT_FLAG,44345;44346,Drought risk duplicated with conflicting class values; droughtRiskLevel uses conservative maximum and raw values are retained.
NR-MONTHLY-2022-12-301510,2022-12,3015,พิมาย,301510,ดงใหญ่,NR-RESEARCH-AREA-220,220,Phimai,Dong Yai,0;1,0,1,1,CONSERVATIVE_MAX_WITH_CONFLICT_FLAG,44576;44577,Drought risk duplicated with conflicting class values; droughtRiskLevel uses conservative maximum and raw values are retained.
NR-MONTHLY-2022-12-301511,2022-12,3015,พิมาย,301511,ธารละหลอด,NR-RESEARCH-AREA-221,221,Phimai,Than Lalot,0;1,0,1,1,CONSERVATIVE_MAX_WITH_CONFLICT_FLAG,44809;44810,Drought risk duplicated with conflicting class values; droughtRiskLevel uses conservative maximum and raw values are retained.
NR-MONTHLY-2022-12-301512,2022-12,3015,พิมาย,301512,หนองระเวียง,NR-RESEARCH-AREA-222,222,Mueang Nakhon Ratchasima,Nong Rawiang,0;1,0,1,1,CONSERVATIVE_MAX_WITH_CONFLICT_FLAG,45042;45043,Drought risk duplicated with conflicting class values; droughtRiskLevel uses conservative maximum and raw values are retained.
NR-MONTHLY-2022-12-301701,2022-12,3017,ชุมพวง,301701,ชุมพวง,NR-RESEARCH-AREA-077,77,Chum Phuang,Chum Phuang,0;1,0,1,1,CONSERVATIVE_MAX_WITH_CONFLICT_FLAG,15366;15367,Drought risk duplicated with conflicting class values; droughtRiskLevel uses conservative maximum and raw values are retained.
NR-MONTHLY-2022-12-301702,2022-12,3017,ชุมพวง,301702,ประสุข,NR-RESEARCH-AREA-078,78,Chum Phuang,Prasuk,0;1,0,1,1,CONSERVATIVE_MAX_WITH_CONFLICT_FLAG,15592;15593,Drought risk duplicated with conflicting class values; droughtRiskLevel uses conservative maximum and raw values are retained.
NR-MONTHLY-2022-12-301716,2022-12,3017,ชุมพวง,301716,โนนตูม,NR-RESEARCH-AREA-084,84,Chum Phuang,Non Tum,0;1,0,1,1,CONSERVATIVE_MAX_WITH_CONFLICT_FLAG,16963;16964,Drought risk duplicated with conflicting class values; droughtRiskLevel uses conservative maximum and raw values are retained.
NR-MONTHLY-2022-12-301717,2022-12,3017,ชุมพวง,301717,โนนยอ,NR-RESEARCH-AREA-085,85,Chum Phuang,Non Yo,0;1,0,1,1,CONSERVATIVE_MAX_WITH_CONFLICT_FLAG,17192;17193,Drought risk duplicated with conflicting class values; droughtRiskLevel uses conservative maximum and raw values are retained.
NR-MONTHLY-2022-12-301801,2022-12,3018,สูงเนิน,301801,สูงเนิน,NR-RESEARCH-AREA-253,253,Sung Noen,Sung Noen,0;1,0,1,1,CONSERVATIVE_MAX_WITH_CONFLICT_FLAG,51176;51177,Drought risk duplicated with conflicting class values; droughtRiskLevel uses conservative maximum and raw values are retained.
NR-MONTHLY-2022-12-301803,2022-12,3018,สูงเนิน,301803,โคราช,NR-RESEARCH-AREA-255,255,Sung Noen,Khorat,0;1,0,1,1,CONSERVATIVE_MAX_WITH_CONFLICT_FLAG,51585;51586,Drought risk duplicated with conflicting class values; droughtRiskLevel uses conservative maximum and raw values are retained.
NR-MONTHLY-2022-12-301804,2022-12,3018,สูงเนิน,301804,บุ่งขี้เหล็ก,NR-RESEARCH-AREA-256,256,Sung Noen,Bung Khi Lek,0;1,0,1,1,CONSERVATIVE_MAX_WITH_CONFLICT_FLAG,51789;51790,Drought risk duplicated with conflicting class values; droughtRiskLevel uses conservative maximum and raw values are retained.
NR-MONTHLY-2022-12-301805,2022-12,3018,สูงเนิน,301805,โนนค่า,NR-RESEARCH-AREA-257,257,Sung Noen,Non Kha,0;1,0,1,1,CONSERVATIVE_MAX_WITH_CONFLICT_FLAG,51994;51995,Drought risk duplicated with conflicting class values; droughtRiskLevel uses conservative maximum and raw values are retained.
NR-MONTHLY-2022-12-301806,2022-12,3018,สูงเนิน,301806,โค้งยาง,NR-RESEARCH-AREA-258,258,Sung Noen,Khong Yang,0;1,0,1,1,CONSERVATIVE_MAX_WITH_CONFLICT_FLAG,52200;52201,Drought risk duplicated with conflicting class values; droughtRiskLevel uses conservative maximum and raw values are retained.
NR-MONTHLY-2022-12-301809,2022-12,3018,สูงเนิน,301809,นากลาง,NR-RESEARCH-AREA-261,261,Sung Noen,Na Klang,0;1,0,1,1,CONSERVATIVE_MAX_WITH_CONFLICT_FLAG,52814;52815,Drought risk duplicated with conflicting class values; droughtRiskLevel uses conservative maximum and raw values are retained.
NR-MONTHLY-2022-12-301810,2022-12,3018,สูงเนิน,301810,หนองตะไก้,NR-RESEARCH-AREA-262,262,Sung Noen,Nong Takai,0;1,0,1,1,CONSERVATIVE_MAX_WITH_CONFLICT_FLAG,53018;53019,Drought risk duplicated with conflicting class values; droughtRiskLevel uses conservative maximum and raw values are retained.
NR-MONTHLY-2022-12-301811,2022-12,3018,สูงเนิน,301811,กุดจิก,NR-RESEARCH-AREA-263,263,Sung Noen,Kut Chik,0;1,0,1,1,CONSERVATIVE_MAX_WITH_CONFLICT_FLAG,53219;53220,Drought risk duplicated with conflicting class values; droughtRiskLevel uses conservative maximum and raw values are retained.
NR-MONTHLY-2022-12-301901,2022-12,3019,ขามทะเลสอ,301901,ขามทะเลสอ,NR-RESEARCH-AREA-030,30,Kham Thale So,Kham Thale So,0;1,0,1,1,CONSERVATIVE_MAX_WITH_CONFLICT_FLAG,5773;5774,Drought risk duplicated with conflicting class values; droughtRiskLevel uses conservative maximum and raw values are retained.
NR-MONTHLY-2022-12-301902,2022-12,3019,ขามทะเลสอ,301902,โป่งแดง,NR-RESEARCH-AREA-031,31,Kham Thale So,Pong Daeng,0;1,0,1,1,CONSERVATIVE_MAX_WITH_CONFLICT_FLAG,5974;5975,Drought risk duplicated with conflicting class values; droughtRiskLevel uses conservative maximum and raw values are retained.
NR-MONTHLY-2022-12-301903,2022-12,3019,ขามทะเลสอ,301903,พันดุง,NR-RESEARCH-AREA-032,32,Kham Thale So,Phan Dung,0;1,0,1,1,CONSERVATIVE_MAX_WITH_CONFLICT_FLAG,6169;6170,Drought risk duplicated with conflicting class values; droughtRiskLevel uses conservative maximum and raw values are retained.
NR-MONTHLY-2022-12-301904,2022-12,3019,ขามทะเลสอ,301904,หนองสรวง,NR-RESEARCH-AREA-033,33,Kham Thale So,Nong Suang,0;1,0,1,1,CONSERVATIVE_MAX_WITH_CONFLICT_FLAG,6367;6368,Drought risk duplicated with conflicting class values; droughtRiskLevel uses conservative maximum and raw values are retained.
NR-MONTHLY-2022-12-302002,2022-12,3020,สีคิ้ว,302002,บ้านหัน,NR-RESEARCH-AREA-237,237,Si Khio,Ban Han,0;1,0,1,1,CONSERVATIVE_MAX_WITH_CONFLICT_FLAG,48024;48025,Drought risk duplicated with conflicting class values; droughtRiskLevel uses conservative maximum and raw values are retained.
NR-MONTHLY-2022-12-302006,2022-12,3020,สีคิ้ว,302006,กุดน้อย,NR-RESEARCH-AREA-241,241,Si Khio,Kut Noi,0;1,0,1,1,CONSERVATIVE_MAX_WITH_CONFLICT_FLAG,48799;48800,Drought risk duplicated with conflicting class values; droughtRiskLevel uses conservative maximum and raw values are retained.
NR-MONTHLY-2022-12-302008,2022-12,3020,สีคิ้ว,302008,วังโรงใหญ่,NR-RESEARCH-AREA-243,243,Si Khio,Wang Rong Yai,0;1,0,1,1,CONSERVATIVE_MAX_WITH_CONFLICT_FLAG,49190;49191,Drought risk duplicated with conflicting class values; droughtRiskLevel uses conservative maximum and raw values are retained.
NR-MONTHLY-2022-12-302012,2022-12,3020,สีคิ้ว,302012,หนองบัวน้อย,NR-RESEARCH-AREA-247,247,Si Khio,Nong Bua Noi,0;1,0,1,1,CONSERVATIVE_MAX_WITH_CONFLICT_FLAG,49962;49963,Drought risk duplicated with conflicting class values; droughtRiskLevel uses conservative maximum and raw values are retained.
NR-MONTHLY-2022-12-302201,2022-12,3022,หนองบุญมาก,302201,หนองบุนนาก,NR-RESEARCH-AREA-270,270,Nong Bunmak,Nong Bunnak,0;1,0,1,1,CONSERVATIVE_MAX_WITH_CONFLICT_FLAG,54590;54591,Drought risk duplicated with conflicting class values; droughtRiskLevel uses conservative maximum and raw values are retained.
NR-MONTHLY-2022-12-302202,2022-12,3022,หนองบุญมาก,302202,สารภี,NR-RESEARCH-AREA-271,271,Nong Bunmak,Saraphi,0;1,0,1,1,CONSERVATIVE_MAX_WITH_CONFLICT_FLAG,54809;54810,Drought risk duplicated with conflicting class values; droughtRiskLevel uses conservative maximum and raw values are retained.
NR-MONTHLY-2022-12-302203,2022-12,3022,หนองบุญมาก,302203,ไทยเจริญ,NR-RESEARCH-AREA-272,272,Nong Bunmak,Thai Charoen,0;1,0,1,1,CONSERVATIVE_MAX_WITH_CONFLICT_FLAG,55027;55028,Drought risk duplicated with conflicting class values; droughtRiskLevel uses conservative maximum and raw values are retained.
NR-MONTHLY-2022-12-302204,2022-12,3022,หนองบุญมาก,302204,หนองหัวแรต,NR-RESEARCH-AREA-273,273,Nong Bunmak,Nong Hua Raet,0;1,0,1,1,CONSERVATIVE_MAX_WITH_CONFLICT_FLAG,55247;55248,Drought risk duplicated with conflicting class values; droughtRiskLevel uses conservative maximum and raw values are retained.
NR-MONTHLY-2022-12-302205,2022-12,3022,หนองบุญมาก,302205,แหลมทอง,NR-RESEARCH-AREA-274,274,Nong Bunmak,Laem Thong,0;1,0,1,1,CONSERVATIVE_MAX_WITH_CONFLICT_FLAG,55466;55467,Drought risk duplicated with conflicting class values; droughtRiskLevel uses conservative maximum and raw values are retained.
NR-MONTHLY-2022-12-302206,2022-12,3022,หนองบุญมาก,302206,หนองตะไก้,NR-RESEARCH-AREA-275,275,Nong Bunmak,Nong Takai,0;1,0,1,1,CONSERVATIVE_MAX_WITH_CONFLICT_FLAG,55684;55685,Drought risk duplicated with conflicting class values; droughtRiskLevel uses conservative maximum and raw values are retained.
NR-MONTHLY-2022-12-302208,2022-12,3022,หนองบุญมาก,302208,หนองไม้ไผ่,NR-RESEARCH-AREA-277,277,Nong Bunmak,Nong Mai Phai,0;1,0,1,1,CONSERVATIVE_MAX_WITH_CONFLICT_FLAG,56113;56114,Drought risk duplicated with conflicting class values; droughtRiskLevel uses conservative maximum and raw values are retained.
NR-MONTHLY-2022-12-302209,2022-12,3022,หนองบุญมาก,302209,บ้านใหม่,NR-RESEARCH-AREA-278,278,Nong Bunmak,Ban Mai,0;1,0,1,1,CONSERVATIVE_MAX_WITH_CONFLICT_FLAG,56331;56332,Drought risk duplicated with conflicting class values; droughtRiskLevel uses conservative maximum and raw values are retained.
NR-MONTHLY-2022-12-302304,2022-12,3023,แก้งสนามนาง,302304,สีสุก,NR-RESEARCH-AREA-028,28,Kaeng Sanam Nang,Si Suk,0;1,0,1,1,CONSERVATIVE_MAX_WITH_CONFLICT_FLAG,5377;5378,Drought risk duplicated with conflicting class values; droughtRiskLevel uses conservative maximum and raw values are retained.
NR-MONTHLY-2022-12-302401,2022-12,3024,โนนแดง,302401,โนนแดง,NR-RESEARCH-AREA-116,116,Non Daeng,Non Daeng,0;1,0,1,1,CONSERVATIVE_MAX_WITH_CONFLICT_FLAG,23511;23512,Drought risk duplicated with conflicting class values; droughtRiskLevel uses conservative maximum and raw values are retained.
NR-MONTHLY-2022-12-302402,2022-12,3024,โนนแดง,302402,โนนตาเถร,NR-RESEARCH-AREA-117,117,Non Daeng,Non Ta Then,0;1,0,1,1,CONSERVATIVE_MAX_WITH_CONFLICT_FLAG,23741;23742,Drought risk duplicated with conflicting class values; droughtRiskLevel uses conservative maximum and raw values are retained.
NR-MONTHLY-2022-12-302403,2022-12,3024,โนนแดง,302403,สำพะเนียง,NR-RESEARCH-AREA-118,118,Non Daeng,Sam Phaniang,0;1,0,1,1,CONSERVATIVE_MAX_WITH_CONFLICT_FLAG,23973;23974,Drought risk duplicated with conflicting class values; droughtRiskLevel uses conservative maximum and raw values are retained.
NR-MONTHLY-2022-12-302404,2022-12,3024,โนนแดง,302404,วังหิน,NR-RESEARCH-AREA-119,119,Non Daeng,Wang Hin,0;1,0,1,1,CONSERVATIVE_MAX_WITH_CONFLICT_FLAG,24202;24203,Drought risk duplicated with conflicting class values; droughtRiskLevel uses conservative maximum and raw values are retained.
NR-MONTHLY-2022-12-302405,2022-12,3024,โนนแดง,302405,ดอนยาวใหญ่,NR-RESEARCH-AREA-120,120,Non Daeng,Don Yao Yai,0;1,0,1,1,CONSERVATIVE_MAX_WITH_CONFLICT_FLAG,24432;24433,Drought risk duplicated with conflicting class values; droughtRiskLevel uses conservative maximum and raw values are retained.
NR-MONTHLY-2022-12-303001,2022-12,3030,บัวลาย,303001,เมืองพะไล,NR-RESEARCH-AREA-147,147,Bua Lai,Mueang Phalai,0;1,0,1,1,CONSERVATIVE_MAX_WITH_CONFLICT_FLAG,30012;30013,Drought risk duplicated with conflicting class values; droughtRiskLevel uses conservative maximum and raw values are retained.
NR-MONTHLY-2022-12-303003,2022-12,3030,บัวลาย,303003,บัวลาย,NR-RESEARCH-AREA-149,149,Bua Lai,Bua Lai,0;1,0,1,1,CONSERVATIVE_MAX_WITH_CONFLICT_FLAG,30456;30457,Drought risk duplicated with conflicting class values; droughtRiskLevel uses conservative maximum and raw values are retained.
NR-MONTHLY-2022-12-303004,2022-12,3030,บัวลาย,303004,หนองหว้า,NR-RESEARCH-AREA-150,150,Bua Lai,Nong Wa,0;1,0,1,1,CONSERVATIVE_MAX_WITH_CONFLICT_FLAG,30679;30680,Drought risk duplicated with conflicting class values; droughtRiskLevel uses conservative maximum and raw values are retained.
NR-MONTHLY-2022-12-303201,2022-12,3032,เฉลิมพระเกียรติ,303201,ช้างทอง,NR-RESEARCH-AREA-072,72,Chaloem Phra Kiet,Chang Thong,0;1,0,1,1,CONSERVATIVE_MAX_WITH_CONFLICT_FLAG,14322;14323,Drought risk duplicated with conflicting class values; droughtRiskLevel uses conservative maximum and raw values are retained.
NR-MONTHLY-2022-12-303202,2022-12,3032,เฉลิมพระเกียรติ,303202,ท่าช้าง,NR-RESEARCH-AREA-073,73,Chaloem Phra Kiet,Tha Chang,0;1,0,1,1,CONSERVATIVE_MAX_WITH_CONFLICT_FLAG,14527;14528,Drought risk duplicated with conflicting class values; droughtRiskLevel uses conservative maximum and raw values are retained.
NR-MONTHLY-2022-12-303203,2022-12,3032,เฉลิมพระเกียรติ,303203,พระพุทธ,NR-RESEARCH-AREA-074,74,Chaloem Phra Kiet,Phraphut,0;1,0,1,1,CONSERVATIVE_MAX_WITH_CONFLICT_FLAG,14731;14732,Drought risk duplicated with conflicting class values; droughtRiskLevel uses conservative maximum and raw values are retained.
NR-MONTHLY-2022-12-303204,2022-12,3032,เฉลิมพระเกียรติ,303204,หนองงูเหลือม,NR-RESEARCH-AREA-075,75,Chaloem Phra Kiet,Nong Ngu Lueam,0;1,0,1,1,CONSERVATIVE_MAX_WITH_CONFLICT_FLAG,14935;14936,Drought risk duplicated with conflicting class values; droughtRiskLevel uses conservative maximum and raw values are retained.
NR-MONTHLY-2022-12-303205,2022-12,3032,เฉลิมพระเกียรติ,303205,หนองยาง,NR-RESEARCH-AREA-076,76,Chaloem Phra Kiet,Nong Yang,0;1,0,1,1,CONSERVATIVE_MAX_WITH_CONFLICT_FLAG,15141;15142,Drought risk duplicated with conflicting class values; droughtRiskLevel uses conservative maximum and raw values are retained.
NR-MONTHLY-2023-01-302201,2023-01,3022,หนองบุญมาก,302201,หนองบุนนาก,NR-RESEARCH-AREA-270,270,Nong Bunmak,Nong Bunnak,0;1,0,1,1,CONSERVATIVE_MAX_WITH_CONFLICT_FLAG,54592;54593,Drought risk duplicated with conflicting class values; droughtRiskLevel uses conservative maximum and raw values are retained.
NR-MONTHLY-2023-01-302202,2023-01,3022,หนองบุญมาก,302202,สารภี,NR-RESEARCH-AREA-271,271,Nong Bunmak,Saraphi,0;1,0,1,1,CONSERVATIVE_MAX_WITH_CONFLICT_FLAG,54811;54812,Drought risk duplicated with conflicting class values; droughtRiskLevel uses conservative maximum and raw values are retained.
NR-MONTHLY-2023-01-302203,2023-01,3022,หนองบุญมาก,302203,ไทยเจริญ,NR-RESEARCH-AREA-272,272,Nong Bunmak,Thai Charoen,0;1,0,1,1,CONSERVATIVE_MAX_WITH_CONFLICT_FLAG,55029;55030,Drought risk duplicated with conflicting class values; droughtRiskLevel uses conservative maximum and raw values are retained.
NR-MONTHLY-2023-01-302204,2023-01,3022,หนองบุญมาก,302204,หนองหัวแรต,NR-RESEARCH-AREA-273,273,Nong Bunmak,Nong Hua Raet,0;1,0,1,1,CONSERVATIVE_MAX_WITH_CONFLICT_FLAG,55249;55250,Drought risk duplicated with conflicting class values; droughtRiskLevel uses conservative maximum and raw values are retained.
NR-MONTHLY-2023-01-302205,2023-01,3022,หนองบุญมาก,302205,แหลมทอง,NR-RESEARCH-AREA-274,274,Nong Bunmak,Laem Thong,0;1,0,1,1,CONSERVATIVE_MAX_WITH_CONFLICT_FLAG,55468;55469,Drought risk duplicated with conflicting class values; droughtRiskLevel uses conservative maximum and raw values are retained.
NR-MONTHLY-2023-01-302206,2023-01,3022,หนองบุญมาก,302206,หนองตะไก้,NR-RESEARCH-AREA-275,275,Nong Bunmak,Nong Takai,0;1,0,1,1,CONSERVATIVE_MAX_WITH_CONFLICT_FLAG,55686;55687,Drought risk duplicated with conflicting class values; droughtRiskLevel uses conservative maximum and raw values are retained.
NR-MONTHLY-2023-01-302207,2023-01,3022,หนองบุญมาก,302207,ลุงเขว้า,NR-RESEARCH-AREA-276,276,Nong Bunmak,Lung Khwao,0;1,0,1,1,CONSERVATIVE_MAX_WITH_CONFLICT_FLAG,55905;55906,Drought risk duplicated with conflicting class values; droughtRiskLevel uses conservative maximum and raw values are retained.
NR-MONTHLY-2023-01-302208,2023-01,3022,หนองบุญมาก,302208,หนองไม้ไผ่,NR-RESEARCH-AREA-277,277,Nong Bunmak,Nong Mai Phai,0;1,0,1,1,CONSERVATIVE_MAX_WITH_CONFLICT_FLAG,56115;56116,Drought risk duplicated with conflicting class values; droughtRiskLevel uses conservative maximum and raw values are retained.
NR-MONTHLY-2023-01-302209,2023-01,3022,หนองบุญมาก,302209,บ้านใหม่,NR-RESEARCH-AREA-278,278,Nong Bunmak,Ban Mai,0;1,0,1,1,CONSERVATIVE_MAX_WITH_CONFLICT_FLAG,56333;56334,Drought risk duplicated with conflicting class values; droughtRiskLevel uses conservative maximum and raw values are retained.
NR-MONTHLY-2023-03-301405,2023-03,3014,ปักธงชัย,301405,ตะขบ,NR-RESEARCH-AREA-182,182,Pak Thong Chai,Takhop,0;1,0,1,1,CONSERVATIVE_MAX_WITH_CONFLICT_FLAG,37066;37067,Drought risk duplicated with conflicting class values; droughtRiskLevel uses conservative maximum and raw values are retained.
NR-MONTHLY-2023-03-301412,2023-03,3014,ปักธงชัย,301412,ลำนางแก้ว,NR-RESEARCH-AREA-188,188,Pak Thong Chai,Lam Nang Kaeo,0;1,0,1,1,CONSERVATIVE_MAX_WITH_CONFLICT_FLAG,38326;38327,Drought risk duplicated with conflicting class values; droughtRiskLevel uses conservative maximum and raw values are retained.
NR-MONTHLY-2023-03-301806,2023-03,3018,สูงเนิน,301806,โค้งยาง,NR-RESEARCH-AREA-258,258,Sung Noen,Khong Yang,0;1,0,1,1,CONSERVATIVE_MAX_WITH_CONFLICT_FLAG,52206;52207,Drought risk duplicated with conflicting class values; droughtRiskLevel uses conservative maximum and raw values are retained.
NR-MONTHLY-2023-04-301405,2023-04,3014,ปักธงชัย,301405,ตะขบ,NR-RESEARCH-AREA-182,182,Pak Thong Chai,Takhop,0;1,0,1,1,CONSERVATIVE_MAX_WITH_CONFLICT_FLAG,37068;37069,Drought risk duplicated with conflicting class values; droughtRiskLevel uses conservative maximum and raw values are retained.
NR-MONTHLY-2023-06-300121,2023-06,3001,เมืองนครราชสีมา,300121,สีมุม,NR-RESEARCH-AREA-020,20,Mueang Nakhon Ratchasima,Si Mum,0;1,0,1,1,CONSERVATIVE_MAX_WITH_CONFLICT_FLAG,3825;3826,Drought risk duplicated with conflicting class values; droughtRiskLevel uses conservative maximum and raw values are retained.
NR-MONTHLY-2023-06-300406,2023-06,3004,คง,300406,หนองมะนาว,NR-RESEARCH-AREA-047,47,Khong,Nong Manao,0;1,0,1,1,CONSERVATIVE_MAX_WITH_CONFLICT_FLAG,9399;9400,Drought risk duplicated with conflicting class values; droughtRiskLevel uses conservative maximum and raw values are retained.
NR-MONTHLY-2023-06-301409,2023-06,3014,ปักธงชัย,301409,ตูม,NR-RESEARCH-AREA-185,185,Pak Thong Chai,Tum,0;1,0,1,1,CONSERVATIVE_MAX_WITH_CONFLICT_FLAG,37704;37705,Drought risk duplicated with conflicting class values; droughtRiskLevel uses conservative maximum and raw values are retained.
NR-MONTHLY-2023-07-300106,2023-07,3001,เมืองนครราชสีมา,300106,หนองระเวียง,NR-RESEARCH-AREA-005,5,Mueang Nakhon Ratchasima,Nong Rawiang,0;1,0,1,1,CONSERVATIVE_MAX_WITH_CONFLICT_FLAG,1034;1035,Drought risk duplicated with conflicting class values; droughtRiskLevel uses conservative maximum and raw values are retained.
NR-MONTHLY-2023-07-300118,2023-07,3001,เมืองนครราชสีมา,300118,ไชยมงคล,NR-RESEARCH-AREA-017,17,Mueang Nakhon Ratchasima,Chai Mongkhon,0;1,0,1,1,CONSERVATIVE_MAX_WITH_CONFLICT_FLAG,3268;3269,Drought risk duplicated with conflicting class values; droughtRiskLevel uses conservative maximum and raw values are retained.
NR-MONTHLY-2023-07-301405,2023-07,3014,ปักธงชัย,301405,ตะขบ,NR-RESEARCH-AREA-182,182,Pak Thong Chai,Takhop,0;1,0,1,1,CONSERVATIVE_MAX_WITH_CONFLICT_FLAG,37074;37075,Drought risk duplicated with conflicting class values; droughtRiskLevel uses conservative maximum and raw values are retained.
NR-MONTHLY-2023-07-302504,2023-07,3025,วังน้ำเขียว,302504,อุดมทรัพย์,NR-RESEARCH-AREA-234,234,Wang Nam Khiao,Udom Sap,0;1,0,1,1,CONSERVATIVE_MAX_WITH_CONFLICT_FLAG,47458;47459,Drought risk duplicated with conflicting class values; droughtRiskLevel uses conservative maximum and raw values are retained.
NR-MONTHLY-2023-07-303202,2023-07,3032,เฉลิมพระเกียรติ,303202,ท่าช้าง,NR-RESEARCH-AREA-073,73,Chaloem Phra Kiet,Tha Chang,0;1,0,1,1,CONSERVATIVE_MAX_WITH_CONFLICT_FLAG,14535;14536,Drought risk duplicated with conflicting class values; droughtRiskLevel uses conservative maximum and raw values are retained.
NR-MONTHLY-2023-08-300108,2023-08,3001,เมืองนครราชสีมา,300108,หมื่นไวย,NR-RESEARCH-AREA-007,7,Mueang Nakhon Ratchasima,Muen Wai,0;1,0,1,1,CONSERVATIVE_MAX_WITH_CONFLICT_FLAG,1413;1414,Drought risk duplicated with conflicting class values; droughtRiskLevel uses conservative maximum and raw values are retained.
NR-MONTHLY-2023-08-300125,2023-08,3001,เมืองนครราชสีมา,300125,หนองไข่น้ำ,NR-RESEARCH-AREA-024,24,Mueang Nakhon Ratchasima,Nong Khai Nam,0;1,0,1,1,CONSERVATIVE_MAX_WITH_CONFLICT_FLAG,4590;4591,Drought risk duplicated with conflicting class values; droughtRiskLevel uses conservative maximum and raw values are retained.
NR-MONTHLY-2023-08-300403,2023-08,3004,คง,300403,เทพาลัย,NR-RESEARCH-AREA-044,44,Khong,Thephalai,0;1,0,1,1,CONSERVATIVE_MAX_WITH_CONFLICT_FLAG,8811;8812,Drought risk duplicated with conflicting class values; droughtRiskLevel uses conservative maximum and raw values are retained.
NR-MONTHLY-2023-08-300405,2023-08,3004,คง,300405,บ้านปรางค์,NR-RESEARCH-AREA-046,46,Khong,Ban Prang,0;1,0,1,1,CONSERVATIVE_MAX_WITH_CONFLICT_FLAG,9205;9206,Drought risk duplicated with conflicting class values; droughtRiskLevel uses conservative maximum and raw values are retained.
NR-MONTHLY-2023-08-300408,2023-08,3004,คง,300408,โนนเต็ง,NR-RESEARCH-AREA-049,49,Khong,Non Teng,0;1,0,1,1,CONSERVATIVE_MAX_WITH_CONFLICT_FLAG,9803;9804,Drought risk duplicated with conflicting class values; droughtRiskLevel uses conservative maximum and raw values are retained.
NR-MONTHLY-2023-08-300503,2023-08,3005,บ้านเหลื่อม,300503,โคกกระเบื้อง,NR-RESEARCH-AREA-163,163,Ban Lueam,Khok Krabueang,0;1,0,1,1,CONSERVATIVE_MAX_WITH_CONFLICT_FLAG,33205;33206,Drought risk duplicated with conflicting class values; droughtRiskLevel uses conservative maximum and raw values are retained.
NR-MONTHLY-2023-08-300504,2023-08,3005,บ้านเหลื่อม,300504,ช่อระกา,NR-RESEARCH-AREA-164,164,Ban Lueam,Cho Raka,0;1,0,1,1,CONSERVATIVE_MAX_WITH_CONFLICT_FLAG,33401;33402,Drought risk duplicated with conflicting class values; droughtRiskLevel uses conservative maximum and raw values are retained.
NR-MONTHLY-2023-08-300603,2023-08,3006,จักราช,300603,ทองหลาง,NR-RESEARCH-AREA-065,65,Chakkarat,Thong Lang,0;1,0,1,1,CONSERVATIVE_MAX_WITH_CONFLICT_FLAG,12882;12883,Drought risk duplicated with conflicting class values; droughtRiskLevel uses conservative maximum and raw values are retained.
NR-MONTHLY-2023-08-300607,2023-08,3006,จักราช,300607,หนองพลวง,NR-RESEARCH-AREA-068,68,Chakkarat,Nong Phluang,0;1,0,1,1,CONSERVATIVE_MAX_WITH_CONFLICT_FLAG,13511;13512,Drought risk duplicated with conflicting class values; droughtRiskLevel uses conservative maximum and raw values are retained.
NR-MONTHLY-2023-08-300610,2023-08,3006,จักราช,300610,ศรีละกอ,NR-RESEARCH-AREA-069,69,Chakkarat,Si Lako,0;1,0,1,1,CONSERVATIVE_MAX_WITH_CONFLICT_FLAG,13720;13721,Drought risk duplicated with conflicting class values; droughtRiskLevel uses conservative maximum and raw values are retained.
NR-MONTHLY-2023-08-301016,2023-08,3010,โนนสูง,301016,ลำมูล,NR-RESEARCH-AREA-146,146,Non Sung,Lammun,0;1,0,1,1,CONSERVATIVE_MAX_WITH_CONFLICT_FLAG,29808;29809,Drought risk duplicated with conflicting class values; droughtRiskLevel uses conservative maximum and raw values are retained.
NR-MONTHLY-2023-08-301502,2023-08,3015,พิมาย,301502,สัมฤทธิ์,NR-RESEARCH-AREA-212,212,Phimai,Samrit,0;1,0,1,1,CONSERVATIVE_MAX_WITH_CONFLICT_FLAG,42740;42741,Drought risk duplicated with conflicting class values; droughtRiskLevel uses conservative maximum and raw values are retained.
NR-MONTHLY-2023-08-301806,2023-08,3018,สูงเนิน,301806,โค้งยาง,NR-RESEARCH-AREA-258,258,Sung Noen,Khong Yang,0;1,0,1,1,CONSERVATIVE_MAX_WITH_CONFLICT_FLAG,52216;52217,Drought risk duplicated with conflicting class values; droughtRiskLevel uses conservative maximum and raw values are retained.
NR-MONTHLY-2023-08-302110,2023-08,3021,ปากช่อง,302110,หนองน้ำแดง,NR-RESEARCH-AREA-203,203,Pak Chong,Nong Nam Daeng,0;1,0,1,1,CONSERVATIVE_MAX_WITH_CONFLICT_FLAG,40992;40993,Drought risk duplicated with conflicting class values; droughtRiskLevel uses conservative maximum and raw values are retained.
NR-MONTHLY-2023-08-302201,2023-08,3022,หนองบุญมาก,302201,หนองบุนนาก,NR-RESEARCH-AREA-270,270,Nong Bunmak,Nong Bunnak,0;1,0,1,1,CONSERVATIVE_MAX_WITH_CONFLICT_FLAG,54606;54607,Drought risk duplicated with conflicting class values; droughtRiskLevel uses conservative maximum and raw values are retained.
NR-MONTHLY-2023-08-302208,2023-08,3022,หนองบุญมาก,302208,หนองไม้ไผ่,NR-RESEARCH-AREA-277,277,Nong Bunmak,Nong Mai Phai,0;1,0,1,1,CONSERVATIVE_MAX_WITH_CONFLICT_FLAG,56129;56130,Drought risk duplicated with conflicting class values; droughtRiskLevel uses conservative maximum and raw values are retained.
NR-MONTHLY-2023-08-302801,2023-08,3028,พระทองคำ,302801,สระพระ,NR-RESEARCH-AREA-206,206,Phra Thong Kham,Sa Phra,0;1,0,1,1,CONSERVATIVE_MAX_WITH_CONFLICT_FLAG,41499;41500,Drought risk duplicated with conflicting class values; droughtRiskLevel uses conservative maximum and raw values are retained.
NR-MONTHLY-2023-08-302805,2023-08,3028,พระทองคำ,302805,หนองหอย,NR-RESEARCH-AREA-210,210,Phra Thong Kham,Nong Hoi,0;1,0,1,1,CONSERVATIVE_MAX_WITH_CONFLICT_FLAG,42287;42288,Drought risk duplicated with conflicting class values; droughtRiskLevel uses conservative maximum and raw values are retained.
NR-MONTHLY-2023-09-300208,2023-09,3002,ครบุรี,300208,บ้านใหม่,NR-RESEARCH-AREA-059,59,Khon Buri,Ban Mai,0;1,0,1,1,CONSERVATIVE_MAX_WITH_CONFLICT_FLAG,11729;11730,Drought risk duplicated with conflicting class values; droughtRiskLevel uses conservative maximum and raw values are retained.
NR-MONTHLY-2023-09-301501,2023-09,3015,พิมาย,301501,ในเมือง,NR-RESEARCH-AREA-211,211,Phimai,Nai Mueang,0;1,0,1,1,CONSERVATIVE_MAX_WITH_CONFLICT_FLAG,42509;42510,Drought risk duplicated with conflicting class values; droughtRiskLevel uses conservative maximum and raw values are retained.
NR-MONTHLY-2023-09-301503,2023-09,3015,พิมาย,301503,โบสถ์,NR-RESEARCH-AREA-213,213,Phimai,Bot,0;1,0,1,1,CONSERVATIVE_MAX_WITH_CONFLICT_FLAG,42972;42973,Drought risk duplicated with conflicting class values; droughtRiskLevel uses conservative maximum and raw values are retained.
NR-MONTHLY-2023-09-301602,2023-09,3016,ห้วยแถลง,301602,ทับสวาย,NR-RESEARCH-AREA-280,280,Huai Thalaeng,Thap Sawai,0;1,0,1,1,CONSERVATIVE_MAX_WITH_CONFLICT_FLAG,56744;56745,Drought risk duplicated with conflicting class values; droughtRiskLevel uses conservative maximum and raw values are retained.
NR-MONTHLY-2023-09-301607,2023-09,3016,ห้วยแถลง,301607,กงรถ,NR-RESEARCH-AREA-285,285,Huai Thalaeng,Kong Rot,0;1,0,1,1,CONSERVATIVE_MAX_WITH_CONFLICT_FLAG,57699;57700,Drought risk duplicated with conflicting class values; droughtRiskLevel uses conservative maximum and raw values are retained.
NR-MONTHLY-2023-09-301806,2023-09,3018,สูงเนิน,301806,โค้งยาง,NR-RESEARCH-AREA-258,258,Sung Noen,Khong Yang,0;1,0,1,1,CONSERVATIVE_MAX_WITH_CONFLICT_FLAG,52218;52219,Drought risk duplicated with conflicting class values; droughtRiskLevel uses conservative maximum and raw values are retained.
NR-MONTHLY-2023-09-302704,2023-09,3027,เมืองยาง,302704,โนนอุดม,NR-RESEARCH-AREA-226,226,Mueang Yang,Non Udom,0;1,0,1,1,CONSERVATIVE_MAX_WITH_CONFLICT_FLAG,45872;45873,Drought risk duplicated with conflicting class values; droughtRiskLevel uses conservative maximum and raw values are retained.
NR-MONTHLY-2023-10-300402,2023-10,3004,คง,300402,คูขาด,NR-RESEARCH-AREA-043,43,Khong,Khu Khat,0;1,0,1,1,CONSERVATIVE_MAX_WITH_CONFLICT_FLAG,8619;8620,Drought risk duplicated with conflicting class values; droughtRiskLevel uses conservative maximum and raw values are retained.
NR-MONTHLY-2023-10-300704,2023-10,3007,โชคชัย,300704,ทุ่งอรุณ,NR-RESEARCH-AREA-089,89,Chok Chai,Thung Arun,0;1,0,1,1,CONSERVATIVE_MAX_WITH_CONFLICT_FLAG,18010;18011,Drought risk duplicated with conflicting class values; droughtRiskLevel uses conservative maximum and raw values are retained.
NR-MONTHLY-2023-10-300709,2023-10,3007,โชคชัย,300709,ละลมใหม่พัฒนา,NR-RESEARCH-AREA-094,94,Chok Chai,Lalom Mai Phatthana,0;1,0,1,1,CONSERVATIVE_MAX_WITH_CONFLICT_FLAG,19001;19002,Drought risk duplicated with conflicting class values; droughtRiskLevel uses conservative maximum and raw values are retained.
NR-MONTHLY-2023-10-300810,2023-10,3008,ด่านขุนทด,300810,หนองกราด,NR-RESEARCH-AREA-105,105,Dan Khun Thot,Nong Krat,0;1,0,1,1,CONSERVATIVE_MAX_WITH_CONFLICT_FLAG,21305;21306,Drought risk duplicated with conflicting class values; droughtRiskLevel uses conservative maximum and raw values are retained.
NR-MONTHLY-2023-10-301102,2023-10,3011,ขามสะแกแสง,301102,โนนเมือง,NR-RESEARCH-AREA-036,36,Kham Sakae Saeng,Non Mueang,0;1,0,1,1,CONSERVATIVE_MAX_WITH_CONFLICT_FLAG,7038;7039,Drought risk duplicated with conflicting class values; droughtRiskLevel uses conservative maximum and raw values are retained.
NR-MONTHLY-2023-10-301411,2023-10,3014,ปักธงชัย,301411,สะแกราช,NR-RESEARCH-AREA-187,187,Pak Thong Chai,Sakae Rat,0;1,0,1,1,CONSERVATIVE_MAX_WITH_CONFLICT_FLAG,38132;38133,Drought risk duplicated with conflicting class values; droughtRiskLevel uses conservative maximum and raw values are retained.
NR-MONTHLY-2023-10-302110,2023-10,3021,ปากช่อง,302110,หนองน้ำแดง,NR-RESEARCH-AREA-203,203,Pak Chong,Nong Nam Daeng,0;1,0,1,1,CONSERVATIVE_MAX_WITH_CONFLICT_FLAG,40996;40997,Drought risk duplicated with conflicting class values; droughtRiskLevel uses conservative maximum and raw values are retained.
NR-MONTHLY-2023-10-302303,2023-10,3023,แก้งสนามนาง,302303,บึงพะไล,NR-RESEARCH-AREA-027,27,Kaeng Sanam Nang,Bueng Phalai,0;1,0,1,1,CONSERVATIVE_MAX_WITH_CONFLICT_FLAG,5191;5192,Drought risk duplicated with conflicting class values; droughtRiskLevel uses conservative maximum and raw values are retained.
NR-MONTHLY-2023-10-302502,2023-10,3025,วังน้ำเขียว,302502,วังหมี,NR-RESEARCH-AREA-232,232,Wang Nam Khiao,Wang Mi,0;1,0,1,1,CONSERVATIVE_MAX_WITH_CONFLICT_FLAG,47100;47101,Drought risk duplicated with conflicting class values; droughtRiskLevel uses conservative maximum and raw values are retained.
NR-MONTHLY-2023-10-302602,2023-10,3026,เทพารักษ์,302602,หนองแวง,NR-RESEARCH-AREA-113,113,Thepharak,Nong Waeng,0;1,0,1,1,CONSERVATIVE_MAX_WITH_CONFLICT_FLAG,22941;22942,Drought risk duplicated with conflicting class values; droughtRiskLevel uses conservative maximum and raw values are retained.
NR-MONTHLY-2023-10-302603,2023-10,3026,เทพารักษ์,302603,บึงปรือ,NR-RESEARCH-AREA-114,114,Thepharak,Bueng Prue,0;1,0,1,1,CONSERVATIVE_MAX_WITH_CONFLICT_FLAG,23125;23126,Drought risk duplicated with conflicting class values; droughtRiskLevel uses conservative maximum and raw values are retained.
NR-MONTHLY-2023-10-302604,2023-10,3026,เทพารักษ์,302604,วังยายทอง,NR-RESEARCH-AREA-115,115,Thepharak,Wang Yai Thong,0;1,0,1,1,CONSERVATIVE_MAX_WITH_CONFLICT_FLAG,23311;23312,Drought risk duplicated with conflicting class values; droughtRiskLevel uses conservative maximum and raw values are retained.
NR-MONTHLY-2023-10-303201,2023-10,3032,เฉลิมพระเกียรติ,303201,ช้างทอง,NR-RESEARCH-AREA-072,72,Chaloem Phra Kiet,Chang Thong,0;1,0,1,1,CONSERVATIVE_MAX_WITH_CONFLICT_FLAG,14338;14339,Drought risk duplicated with conflicting class values; droughtRiskLevel uses conservative maximum and raw values are retained.
NR-MONTHLY-2023-11-300103,2023-11,3001,เมืองนครราชสีมา,300103,หนองจะบก,NR-RESEARCH-AREA-002,2,Mueang Nakhon Ratchasima,Nong Chabok,0;1,0,1,1,CONSERVATIVE_MAX_WITH_CONFLICT_FLAG,473;474,Drought risk duplicated with conflicting class values; droughtRiskLevel uses conservative maximum and raw values are retained.
NR-MONTHLY-2023-11-300104,2023-11,3001,เมืองนครราชสีมา,300104,โคกสูง,NR-RESEARCH-AREA-003,3,Mueang Nakhon Ratchasima,Khok Sung,0;1,0,1,1,CONSERVATIVE_MAX_WITH_CONFLICT_FLAG,659;660,Drought risk duplicated with conflicting class values; droughtRiskLevel uses conservative maximum and raw values are retained.
NR-MONTHLY-2023-11-300114,2023-11,3001,เมืองนครราชสีมา,300114,พุดซา,NR-RESEARCH-AREA-013,13,Mueang Nakhon Ratchasima,Phut Sa,0;1,0,1,1,CONSERVATIVE_MAX_WITH_CONFLICT_FLAG,2517;2518,Drought risk duplicated with conflicting class values; droughtRiskLevel uses conservative maximum and raw values are retained.
NR-MONTHLY-2023-11-300115,2023-11,3001,เมืองนครราชสีมา,300115,บ้านโพธิ์,NR-RESEARCH-AREA-014,14,Mueang Nakhon Ratchasima,Ban Pho,0;1,0,1,1,CONSERVATIVE_MAX_WITH_CONFLICT_FLAG,2708;2709,Drought risk duplicated with conflicting class values; droughtRiskLevel uses conservative maximum and raw values are retained.
NR-MONTHLY-2023-11-300120,2023-11,3001,เมืองนครราชสีมา,300120,สุรนารี,NR-RESEARCH-AREA-019,19,Mueang Nakhon Ratchasima,Suranari,0;1,0,1,1,CONSERVATIVE_MAX_WITH_CONFLICT_FLAG,3646;3647,Drought risk duplicated with conflicting class values; droughtRiskLevel uses conservative maximum and raw values are retained.
NR-MONTHLY-2023-11-300121,2023-11,3001,เมืองนครราชสีมา,300121,สีมุม,NR-RESEARCH-AREA-020,20,Mueang Nakhon Ratchasima,Si Mum,0;1,0,1,1,CONSERVATIVE_MAX_WITH_CONFLICT_FLAG,3835;3836,Drought risk duplicated with conflicting class values; droughtRiskLevel uses conservative maximum and raw values are retained.
NR-MONTHLY-2023-11-300122,2023-11,3001,เมืองนครราชสีมา,300122,ตลาด,NR-RESEARCH-AREA-021,21,Mueang Nakhon Ratchasima,Talat,0;1,0,1,1,CONSERVATIVE_MAX_WITH_CONFLICT_FLAG,4026;4027,Drought risk duplicated with conflicting class values; droughtRiskLevel uses conservative maximum and raw values are retained.
NR-MONTHLY-2023-11-300124,2023-11,3001,เมืองนครราชสีมา,300124,หนองกระทุ่ม,NR-RESEARCH-AREA-023,23,Mueang Nakhon Ratchasima,Nong Krathum,0;1,0,1,1,CONSERVATIVE_MAX_WITH_CONFLICT_FLAG,4407;4408,Drought risk duplicated with conflicting class values; droughtRiskLevel uses conservative maximum and raw values are retained.
NR-MONTHLY-2023-11-300125,2023-11,3001,เมืองนครราชสีมา,300125,หนองไข่น้ำ,NR-RESEARCH-AREA-024,24,Mueang Nakhon Ratchasima,Nong Khai Nam,0;1,0,1,1,CONSERVATIVE_MAX_WITH_CONFLICT_FLAG,4596;4597,Drought risk duplicated with conflicting class values; droughtRiskLevel uses conservative maximum and raw values are retained.
NR-MONTHLY-2023-11-300203,2023-11,3002,ครบุรี,300203,ครบุรี,NR-RESEARCH-AREA-054,54,Khon Buri,Khon Buri,0;1,0,1,1,CONSERVATIVE_MAX_WITH_CONFLICT_FLAG,10774;10775,Drought risk duplicated with conflicting class values; droughtRiskLevel uses conservative maximum and raw values are retained.
NR-MONTHLY-2023-11-300401,2023-11,3004,คง,300401,เมืองคง,NR-RESEARCH-AREA-042,42,Khong,Mueang Khong,0;1,0,1,1,CONSERVATIVE_MAX_WITH_CONFLICT_FLAG,8424;8425,Drought risk duplicated with conflicting class values; droughtRiskLevel uses conservative maximum and raw values are retained.
NR-MONTHLY-2023-11-300402,2023-11,3004,คง,300402,คูขาด,NR-RESEARCH-AREA-043,43,Khong,Khu Khat,0;1,0,1,1,CONSERVATIVE_MAX_WITH_CONFLICT_FLAG,8621;8622,Drought risk duplicated with conflicting class values; droughtRiskLevel uses conservative maximum and raw values are retained.
NR-MONTHLY-2023-11-300403,2023-11,3004,คง,300403,เทพาลัย,NR-RESEARCH-AREA-044,44,Khong,Thephalai,0;1,0,1,1,CONSERVATIVE_MAX_WITH_CONFLICT_FLAG,8817;8818,Drought risk duplicated with conflicting class values; droughtRiskLevel uses conservative maximum and raw values are retained.
NR-MONTHLY-2023-11-300404,2023-11,3004,คง,300404,ตาจั่น,NR-RESEARCH-AREA-045,45,Khong,Ta Chan,0;1,0,1,1,CONSERVATIVE_MAX_WITH_CONFLICT_FLAG,9014;9015,Drought risk duplicated with conflicting class values; droughtRiskLevel uses conservative maximum and raw values are retained.
NR-MONTHLY-2023-11-300405,2023-11,3004,คง,300405,บ้านปรางค์,NR-RESEARCH-AREA-046,46,Khong,Ban Prang,0;1,0,1,1,CONSERVATIVE_MAX_WITH_CONFLICT_FLAG,9211;9212,Drought risk duplicated with conflicting class values; droughtRiskLevel uses conservative maximum and raw values are retained.
NR-MONTHLY-2023-11-300406,2023-11,3004,คง,300406,หนองมะนาว,NR-RESEARCH-AREA-047,47,Khong,Nong Manao,0;1,0,1,1,CONSERVATIVE_MAX_WITH_CONFLICT_FLAG,9409;9410,Drought risk duplicated with conflicting class values; droughtRiskLevel uses conservative maximum and raw values are retained.
NR-MONTHLY-2023-11-300407,2023-11,3004,คง,300407,หนองบัว,NR-RESEARCH-AREA-048,48,Khong,Nong Bua,0;1,0,1,1,CONSERVATIVE_MAX_WITH_CONFLICT_FLAG,9612;9613,Drought risk duplicated with conflicting class values; droughtRiskLevel uses conservative maximum and raw values are retained.
NR-MONTHLY-2023-11-300408,2023-11,3004,คง,300408,โนนเต็ง,NR-RESEARCH-AREA-049,49,Khong,Non Teng,0;1,0,1,1,CONSERVATIVE_MAX_WITH_CONFLICT_FLAG,9809;9810,Drought risk duplicated with conflicting class values; droughtRiskLevel uses conservative maximum and raw values are retained.
NR-MONTHLY-2023-11-300409,2023-11,3004,คง,300409,ดอนใหญ่,NR-RESEARCH-AREA-050,50,Khong,Don Yai,0;1,0,1,1,CONSERVATIVE_MAX_WITH_CONFLICT_FLAG,10006;10007,Drought risk duplicated with conflicting class values; droughtRiskLevel uses conservative maximum and raw values are retained.
NR-MONTHLY-2023-11-300410,2023-11,3004,คง,300410,ขามสมบูรณ์,NR-RESEARCH-AREA-051,51,Khong,Kham Sombun,0;1,0,1,1,CONSERVATIVE_MAX_WITH_CONFLICT_FLAG,10204;10205,Drought risk duplicated with conflicting class values; droughtRiskLevel uses conservative maximum and raw values are retained.
NR-MONTHLY-2023-11-300501,2023-11,3005,บ้านเหลื่อม,300501,บ้านเหลื่อม,NR-RESEARCH-AREA-161,161,Ban Lueam,Ban Lueam,0;1,0,1,1,CONSERVATIVE_MAX_WITH_CONFLICT_FLAG,32818;32819,Drought risk duplicated with conflicting class values; droughtRiskLevel uses conservative maximum and raw values are retained.
NR-MONTHLY-2023-11-300502,2023-11,3005,บ้านเหลื่อม,300502,วังโพธิ์,NR-RESEARCH-AREA-162,162,Ban Lueam,Wang Pho,0;1,0,1,1,CONSERVATIVE_MAX_WITH_CONFLICT_FLAG,33015;33016,Drought risk duplicated with conflicting class values; droughtRiskLevel uses conservative maximum and raw values are retained.
NR-MONTHLY-2023-11-300504,2023-11,3005,บ้านเหลื่อม,300504,ช่อระกา,NR-RESEARCH-AREA-164,164,Ban Lueam,Cho Raka,0;1,0,1,1,CONSERVATIVE_MAX_WITH_CONFLICT_FLAG,33407;33408,Drought risk duplicated with conflicting class values; droughtRiskLevel uses conservative maximum and raw values are retained.
NR-MONTHLY-2023-11-300601,2023-11,3006,จักราช,300601,จักราช,NR-RESEARCH-AREA-064,64,Chakkarat,Chakkarat,0;1,0,1,1,CONSERVATIVE_MAX_WITH_CONFLICT_FLAG,12678;12679,Drought risk duplicated with conflicting class values; droughtRiskLevel uses conservative maximum and raw values are retained.
NR-MONTHLY-2023-11-300603,2023-11,3006,จักราช,300603,ทองหลาง,NR-RESEARCH-AREA-065,65,Chakkarat,Thong Lang,0;1,0,1,1,CONSERVATIVE_MAX_WITH_CONFLICT_FLAG,12888;12889,Drought risk duplicated with conflicting class values; droughtRiskLevel uses conservative maximum and raw values are retained.
NR-MONTHLY-2023-11-300605,2023-11,3006,จักราช,300605,หนองขาม,NR-RESEARCH-AREA-067,67,Chakkarat,Nong Kham,0;1,0,1,1,CONSERVATIVE_MAX_WITH_CONFLICT_FLAG,13308;13309,Drought risk duplicated with conflicting class values; droughtRiskLevel uses conservative maximum and raw values are retained.
NR-MONTHLY-2023-11-300610,2023-11,3006,จักราช,300610,ศรีละกอ,NR-RESEARCH-AREA-069,69,Chakkarat,Si Lako,0;1,0,1,1,CONSERVATIVE_MAX_WITH_CONFLICT_FLAG,13726;13727,Drought risk duplicated with conflicting class values; droughtRiskLevel uses conservative maximum and raw values are retained.
NR-MONTHLY-2023-11-300611,2023-11,3006,จักราช,300611,คลองเมือง,NR-RESEARCH-AREA-070,70,Chakkarat,Khlong Mueang,0;1,0,1,1,CONSERVATIVE_MAX_WITH_CONFLICT_FLAG,13933;13934,Drought risk duplicated with conflicting class values; droughtRiskLevel uses conservative maximum and raw values are retained.
NR-MONTHLY-2023-11-300613,2023-11,3006,จักราช,300613,หินโคน,NR-RESEARCH-AREA-071,71,Chakkarat,Hin Khon,0;1,0,1,1,CONSERVATIVE_MAX_WITH_CONFLICT_FLAG,14139;14140,Drought risk duplicated with conflicting class values; droughtRiskLevel uses conservative maximum and raw values are retained.
NR-MONTHLY-2023-11-300707,2023-11,3007,โชคชัย,300707,ท่าเยี่ยม,NR-RESEARCH-AREA-092,92,Chok Chai,Tha Yiam,0;1,0,1,1,CONSERVATIVE_MAX_WITH_CONFLICT_FLAG,18609;18610,Drought risk duplicated with conflicting class values; droughtRiskLevel uses conservative maximum and raw values are retained.
NR-MONTHLY-2023-11-300802,2023-11,3008,ด่านขุนทด,300802,ด่านขุนทด,NR-RESEARCH-AREA-097,97,Dan Khun Thot,Dan Khun Thot,0;1,0,1,1,CONSERVATIVE_MAX_WITH_CONFLICT_FLAG,19624;19625,Drought risk duplicated with conflicting class values; droughtRiskLevel uses conservative maximum and raw values are retained.
NR-MONTHLY-2023-11-300804,2023-11,3008,ด่านขุนทด,300804,ด่านใน,NR-RESEARCH-AREA-099,99,Dan Khun Thot,Dan Nai,0;1,0,1,1,CONSERVATIVE_MAX_WITH_CONFLICT_FLAG,20044;20045,Drought risk duplicated with conflicting class values; droughtRiskLevel uses conservative maximum and raw values are retained.
NR-MONTHLY-2023-11-300806,2023-11,3008,ด่านขุนทด,300806,บ้านเก่า,NR-RESEARCH-AREA-101,101,Dan Khun Thot,Ban Kao,0;1,0,1,1,CONSERVATIVE_MAX_WITH_CONFLICT_FLAG,20468;20469,Drought risk duplicated with conflicting class values; droughtRiskLevel uses conservative maximum and raw values are retained.
NR-MONTHLY-2023-11-300817,2023-11,3008,ด่านขุนทด,300817,โนนเมืองพัฒนา,NR-RESEARCH-AREA-110,110,Dan Khun Thot,Non Mueang Phatthana,0;1,0,1,1,CONSERVATIVE_MAX_WITH_CONFLICT_FLAG,22356;22357,Drought risk duplicated with conflicting class values; droughtRiskLevel uses conservative maximum and raw values are retained.
NR-MONTHLY-2023-11-300901,2023-11,3009,โนนไทย,300901,โนนไทย,NR-RESEARCH-AREA-121,121,Non Thai,Non Thai,0;1,0,1,1,CONSERVATIVE_MAX_WITH_CONFLICT_FLAG,24677;24678,Drought risk duplicated with conflicting class values; droughtRiskLevel uses conservative maximum and raw values are retained.
NR-MONTHLY-2023-11-300904,2023-11,3009,โนนไทย,300904,สำโรง,NR-RESEARCH-AREA-124,124,Non Thai,Samrong,0;1,0,1,1,CONSERVATIVE_MAX_WITH_CONFLICT_FLAG,25318;25319,Drought risk duplicated with conflicting class values; droughtRiskLevel uses conservative maximum and raw values are retained.
NR-MONTHLY-2023-11-300905,2023-11,3009,โนนไทย,300905,ค้างพลู,NR-RESEARCH-AREA-125,125,Non Thai,Khang Phlu,0;1,0,1,1,CONSERVATIVE_MAX_WITH_CONFLICT_FLAG,25530;25531,Drought risk duplicated with conflicting class values; droughtRiskLevel uses conservative maximum and raw values are retained.
NR-MONTHLY-2023-11-300907,2023-11,3009,โนนไทย,300907,บัลลังก์,NR-RESEARCH-AREA-127,127,Non Thai,Banlang,0;1,0,1,1,CONSERVATIVE_MAX_WITH_CONFLICT_FLAG,25954;25955,Drought risk duplicated with conflicting class values; droughtRiskLevel uses conservative maximum and raw values are retained.
NR-MONTHLY-2023-11-300909,2023-11,3009,โนนไทย,300909,ถนนโพธิ์,NR-RESEARCH-AREA-129,129,Non Thai,Thanon Pho,0;1,0,1,1,CONSERVATIVE_MAX_WITH_CONFLICT_FLAG,26378;26379,Drought risk duplicated with conflicting class values; droughtRiskLevel uses conservative maximum and raw values are retained.
NR-MONTHLY-2023-11-300914,2023-11,3009,โนนไทย,300914,มะค่า,NR-RESEARCH-AREA-130,130,Non Thai,Makha,0;1,0,1,1,CONSERVATIVE_MAX_WITH_CONFLICT_FLAG,26590;26591,Drought risk duplicated with conflicting class values; droughtRiskLevel uses conservative maximum and raw values are retained.
NR-MONTHLY-2023-11-301001,2023-11,3010,โนนสูง,301001,โนนสูง,NR-RESEARCH-AREA-131,131,Non Sung,Non Sung,0;1,0,1,1,CONSERVATIVE_MAX_WITH_CONFLICT_FLAG,26791;26792,Drought risk duplicated with conflicting class values; droughtRiskLevel uses conservative maximum and raw values are retained.
NR-MONTHLY-2023-11-301002,2023-11,3010,โนนสูง,301002,ใหม่,NR-RESEARCH-AREA-132,132,Non Sung,Mai,0;1,0,1,1,CONSERVATIVE_MAX_WITH_CONFLICT_FLAG,26996;26997,Drought risk duplicated with conflicting class values; droughtRiskLevel uses conservative maximum and raw values are retained.
NR-MONTHLY-2023-11-301003,2023-11,3010,โนนสูง,301003,โตนด,NR-RESEARCH-AREA-133,133,Non Sung,Tanot,0;1,0,1,1,CONSERVATIVE_MAX_WITH_CONFLICT_FLAG,27196;27197,Drought risk duplicated with conflicting class values; droughtRiskLevel uses conservative maximum and raw values are retained.
NR-MONTHLY-2023-11-301004,2023-11,3010,โนนสูง,301004,บิง,NR-RESEARCH-AREA-134,134,Non Sung,Bing,0;1,0,1,1,CONSERVATIVE_MAX_WITH_CONFLICT_FLAG,27397;27398,Drought risk duplicated with conflicting class values; droughtRiskLevel uses conservative maximum and raw values are retained.
NR-MONTHLY-2023-11-301005,2023-11,3010,โนนสูง,301005,ดอนชมพู,NR-RESEARCH-AREA-135,135,Non Sung,Don Chomphu,0;1,0,1,1,CONSERVATIVE_MAX_WITH_CONFLICT_FLAG,27601;27602,Drought risk duplicated with conflicting class values; droughtRiskLevel uses conservative maximum and raw values are retained.
NR-MONTHLY-2023-11-301006,2023-11,3010,โนนสูง,301006,ธารปราสาท,NR-RESEARCH-AREA-136,136,Non Sung,Than Prasat,0;1,0,1,1,CONSERVATIVE_MAX_WITH_CONFLICT_FLAG,27804;27805,Drought risk duplicated with conflicting class values; droughtRiskLevel uses conservative maximum and raw values are retained.
NR-MONTHLY-2023-11-301007,2023-11,3010,โนนสูง,301007,หลุมข้าว,NR-RESEARCH-AREA-137,137,Non Sung,Lum Khao,0;1,0,1,1,CONSERVATIVE_MAX_WITH_CONFLICT_FLAG,28010;28011,Drought risk duplicated with conflicting class values; droughtRiskLevel uses conservative maximum and raw values are retained.
NR-MONTHLY-2023-11-301008,2023-11,3010,โนนสูง,301008,มะค่า,NR-RESEARCH-AREA-138,138,Non Sung,Makha,0;1,0,1,1,CONSERVATIVE_MAX_WITH_CONFLICT_FLAG,28213;28214,Drought risk duplicated with conflicting class values; droughtRiskLevel uses conservative maximum and raw values are retained.
NR-MONTHLY-2023-11-301009,2023-11,3010,โนนสูง,301009,พลสงคราม,NR-RESEARCH-AREA-139,139,Non Sung,Phon Songkhram,0;1,0,1,1,CONSERVATIVE_MAX_WITH_CONFLICT_FLAG,28412;28413,Drought risk duplicated with conflicting class values; droughtRiskLevel uses conservative maximum and raw values are retained.
NR-MONTHLY-2023-11-301010,2023-11,3010,โนนสูง,301010,จันอัด,NR-RESEARCH-AREA-140,140,Non Sung,Chan-At,0;1,0,1,1,CONSERVATIVE_MAX_WITH_CONFLICT_FLAG,28612;28613,Drought risk duplicated with conflicting class values; droughtRiskLevel uses conservative maximum and raw values are retained.
NR-MONTHLY-2023-11-301011,2023-11,3010,โนนสูง,301011,ขามเฒ่า,NR-RESEARCH-AREA-141,141,Non Sung,Kham Thao,0;1,0,1,1,CONSERVATIVE_MAX_WITH_CONFLICT_FLAG,28813;28814,Drought risk duplicated with conflicting class values; droughtRiskLevel uses conservative maximum and raw values are retained.
NR-MONTHLY-2023-11-301012,2023-11,3010,โนนสูง,301012,ด่านคล้า,NR-RESEARCH-AREA-142,142,Non Sung,Dan Khla,0;1,0,1,1,CONSERVATIVE_MAX_WITH_CONFLICT_FLAG,29015;29016,Drought risk duplicated with conflicting class values; droughtRiskLevel uses conservative maximum and raw values are retained.
NR-MONTHLY-2023-11-301013,2023-11,3010,โนนสูง,301013,ลำคอหงษ์,NR-RESEARCH-AREA-143,143,Non Sung,Lam Kho Hong,0;1,0,1,1,CONSERVATIVE_MAX_WITH_CONFLICT_FLAG,29216;29217,Drought risk duplicated with conflicting class values; droughtRiskLevel uses conservative maximum and raw values are retained.
NR-MONTHLY-2023-11-301014,2023-11,3010,โนนสูง,301014,เมืองปราสาท,NR-RESEARCH-AREA-144,144,Non Sung,Mueang Prasat,0;1,0,1,1,CONSERVATIVE_MAX_WITH_CONFLICT_FLAG,29416;29417,Drought risk duplicated with conflicting class values; droughtRiskLevel uses conservative maximum and raw values are retained.
NR-MONTHLY-2023-11-301016,2023-11,3010,โนนสูง,301016,ลำมูล,NR-RESEARCH-AREA-146,146,Non Sung,Lammun,0;1,0,1,1,CONSERVATIVE_MAX_WITH_CONFLICT_FLAG,29814;29815,Drought risk duplicated with conflicting class values; droughtRiskLevel uses conservative maximum and raw values are retained.
NR-MONTHLY-2023-11-301101,2023-11,3011,ขามสะแกแสง,301101,ขามสะแกแสง,NR-RESEARCH-AREA-035,35,Kham Sakae Saeng,Kham Sakae Saeng,0;1,0,1,1,CONSERVATIVE_MAX_WITH_CONFLICT_FLAG,6804;6805,Drought risk duplicated with conflicting class values; droughtRiskLevel uses conservative maximum and raw values are retained.
NR-MONTHLY-2023-11-301103,2023-11,3011,ขามสะแกแสง,301103,เมืองนาท,NR-RESEARCH-AREA-037,37,Kham Sakae Saeng,Mueang Nat,0;1,0,1,1,CONSERVATIVE_MAX_WITH_CONFLICT_FLAG,7276;7277,Drought risk duplicated with conflicting class values; droughtRiskLevel uses conservative maximum and raw values are retained.
NR-MONTHLY-2023-11-301104,2023-11,3011,ขามสะแกแสง,301104,ชีวึก,NR-RESEARCH-AREA-038,38,Kham Sakae Saeng,Chiwuek,0;1,0,1,1,CONSERVATIVE_MAX_WITH_CONFLICT_FLAG,7512;7513,Drought risk duplicated with conflicting class values; droughtRiskLevel uses conservative maximum and raw values are retained.
NR-MONTHLY-2023-11-301105,2023-11,3011,ขามสะแกแสง,301105,พะงาด,NR-RESEARCH-AREA-039,39,Kham Sakae Saeng,Phangat,0;1,0,1,1,CONSERVATIVE_MAX_WITH_CONFLICT_FLAG,7748;7749,Drought risk duplicated with conflicting class values; droughtRiskLevel uses conservative maximum and raw values are retained.
NR-MONTHLY-2023-11-301106,2023-11,3011,ขามสะแกแสง,301106,หนองหัวฟาน,NR-RESEARCH-AREA-040,40,Kham Sakae Saeng,Nong Hua Fan,0;1,0,1,1,CONSERVATIVE_MAX_WITH_CONFLICT_FLAG,7984;7985,Drought risk duplicated with conflicting class values; droughtRiskLevel uses conservative maximum and raw values are retained.
NR-MONTHLY-2023-11-301203,2023-11,3012,บัวใหญ่,301203,ห้วยยาง,NR-RESEARCH-AREA-152,152,Bua Yai,Huai Yang,0;1,0,1,1,CONSERVATIVE_MAX_WITH_CONFLICT_FLAG,31093;31094,Drought risk duplicated with conflicting class values; droughtRiskLevel uses conservative maximum and raw values are retained.
NR-MONTHLY-2023-11-301204,2023-11,3012,บัวใหญ่,301204,เสมาใหญ่,NR-RESEARCH-AREA-153,153,Bua Yai,Sema Yai,0;1,0,1,1,CONSERVATIVE_MAX_WITH_CONFLICT_FLAG,31286;31287,Drought risk duplicated with conflicting class values; droughtRiskLevel uses conservative maximum and raw values are retained.
NR-MONTHLY-2023-11-301206,2023-11,3012,บัวใหญ่,301206,ดอนตะหนิน,NR-RESEARCH-AREA-154,154,Bua Yai,Don Tanin,0;1,0,1,1,CONSERVATIVE_MAX_WITH_CONFLICT_FLAG,31476;31477,Drought risk duplicated with conflicting class values; droughtRiskLevel uses conservative maximum and raw values are retained.
NR-MONTHLY-2023-11-301207,2023-11,3012,บัวใหญ่,301207,หนองบัวสะอาด,NR-RESEARCH-AREA-155,155,Bua Yai,Nong Bua Sa-At,0;1,0,1,1,CONSERVATIVE_MAX_WITH_CONFLICT_FLAG,31667;31668,Drought risk duplicated with conflicting class values; droughtRiskLevel uses conservative maximum and raw values are retained.
NR-MONTHLY-2023-11-301208,2023-11,3012,บัวใหญ่,301208,โนนทองหลาง,NR-RESEARCH-AREA-156,156,Bua Yai,Non Thong Lang,0;1,0,1,1,CONSERVATIVE_MAX_WITH_CONFLICT_FLAG,31858;31859,Drought risk duplicated with conflicting class values; droughtRiskLevel uses conservative maximum and raw values are retained.
NR-MONTHLY-2023-11-301214,2023-11,3012,บัวใหญ่,301214,กุดจอก,NR-RESEARCH-AREA-157,157,Bua Yai,Kut Chok,0;1,0,1,1,CONSERVATIVE_MAX_WITH_CONFLICT_FLAG,32048;32049,Drought risk duplicated with conflicting class values; droughtRiskLevel uses conservative maximum and raw values are retained.
NR-MONTHLY-2023-11-301215,2023-11,3012,บัวใหญ่,301215,ด่านช้าง,NR-RESEARCH-AREA-158,158,Bua Yai,Dan Chang,0;1,0,1,1,CONSERVATIVE_MAX_WITH_CONFLICT_FLAG,32240;32241,Drought risk duplicated with conflicting class values; droughtRiskLevel uses conservative maximum and raw values are retained.
NR-MONTHLY-2023-11-301220,2023-11,3012,บัวใหญ่,301220,ขุนทอง,NR-RESEARCH-AREA-159,159,Bua Yai,Khun Thong,0;1,0,1,1,CONSERVATIVE_MAX_WITH_CONFLICT_FLAG,32431;32432,Drought risk duplicated with conflicting class values; droughtRiskLevel uses conservative maximum and raw values are retained.
NR-MONTHLY-2023-11-301224,2023-11,3012,บัวใหญ่,301224,หนองแจ้งใหญ่,NR-RESEARCH-AREA-160,160,Bua Yai,Nong Chaeng Yai,0;1,0,1,1,CONSERVATIVE_MAX_WITH_CONFLICT_FLAG,32621;32622,Drought risk duplicated with conflicting class values; droughtRiskLevel uses conservative maximum and raw values are retained.
NR-MONTHLY-2023-11-301301,2023-11,3013,ประทาย,301301,ประทาย,NR-RESEARCH-AREA-165,165,Prathai,Prathai,0;1,0,1,1,CONSERVATIVE_MAX_WITH_CONFLICT_FLAG,33603;33604,Drought risk duplicated with conflicting class values; droughtRiskLevel uses conservative maximum and raw values are retained.
NR-MONTHLY-2023-11-301303,2023-11,3013,ประทาย,301303,กระทุ่มราย,NR-RESEARCH-AREA-170,170,Prathai,Krathum Rai,0;1,0,1,1,CONSERVATIVE_MAX_WITH_CONFLICT_FLAG,34609;34610,Drought risk duplicated with conflicting class values; droughtRiskLevel uses conservative maximum and raw values are retained.
NR-MONTHLY-2023-11-301304,2023-11,3013,ประทาย,301304,วังไม้แดง,NR-RESEARCH-AREA-168,168,Prathai,Wang Mai Daeng,0;1,0,1,1,CONSERVATIVE_MAX_WITH_CONFLICT_FLAG,34202;34203,Drought risk duplicated with conflicting class values; droughtRiskLevel uses conservative maximum and raw values are retained.
NR-MONTHLY-2023-11-301306,2023-11,3013,ประทาย,301306,ตลาดไทร,NR-RESEARCH-AREA-173,173,Prathai,Talat Sai,0;1,0,1,1,CONSERVATIVE_MAX_WITH_CONFLICT_FLAG,35207;35208,Drought risk duplicated with conflicting class values; droughtRiskLevel uses conservative maximum and raw values are retained.
NR-MONTHLY-2023-11-301307,2023-11,3013,ประทาย,301307,หนองพลวง,NR-RESEARCH-AREA-166,166,Prathai,Nong Phluang,0;1,0,1,1,CONSERVATIVE_MAX_WITH_CONFLICT_FLAG,33804;33805,Drought risk duplicated with conflicting class values; droughtRiskLevel uses conservative maximum and raw values are retained.
NR-MONTHLY-2023-11-301308,2023-11,3013,ประทาย,301308,หนองค่าย,NR-RESEARCH-AREA-172,172,Prathai,Nong Khai,0;1,0,1,1,CONSERVATIVE_MAX_WITH_CONFLICT_FLAG,35010;35011,Drought risk duplicated with conflicting class values; droughtRiskLevel uses conservative maximum and raw values are retained.
NR-MONTHLY-2023-11-301309,2023-11,3013,ประทาย,301309,หันห้วยทราย,NR-RESEARCH-AREA-167,167,Prathai,Han Huai Sai,0;1,0,1,1,CONSERVATIVE_MAX_WITH_CONFLICT_FLAG,34002;34003,Drought risk duplicated with conflicting class values; droughtRiskLevel uses conservative maximum and raw values are retained.
NR-MONTHLY-2023-11-301310,2023-11,3013,ประทาย,301310,ดอนมัน,NR-RESEARCH-AREA-174,174,Prathai,Don Man,0;1,0,1,1,CONSERVATIVE_MAX_WITH_CONFLICT_FLAG,35408;35409,Drought risk duplicated with conflicting class values; droughtRiskLevel uses conservative maximum and raw values are retained.
NR-MONTHLY-2023-11-301313,2023-11,3013,ประทาย,301313,นางรำ,NR-RESEARCH-AREA-171,171,Prathai,Nang Ram,0;1,0,1,1,CONSERVATIVE_MAX_WITH_CONFLICT_FLAG,34811;34812,Drought risk duplicated with conflicting class values; droughtRiskLevel uses conservative maximum and raw values are retained.
NR-MONTHLY-2023-11-301314,2023-11,3013,ประทาย,301314,โนนเพ็ด,NR-RESEARCH-AREA-169,169,Prathai,Non Phet,0;1,0,1,1,CONSERVATIVE_MAX_WITH_CONFLICT_FLAG,34402;34403,Drought risk duplicated with conflicting class values; droughtRiskLevel uses conservative maximum and raw values are retained.
NR-MONTHLY-2023-11-301315,2023-11,3013,ประทาย,301315,ทุ่งสว่าง,NR-RESEARCH-AREA-175,175,Prathai,Thung Sawang,0;1,0,1,1,CONSERVATIVE_MAX_WITH_CONFLICT_FLAG,35613;35614,Drought risk duplicated with conflicting class values; droughtRiskLevel uses conservative maximum and raw values are retained.
NR-MONTHLY-2023-11-301317,2023-11,3013,ประทาย,301317,โคกกลาง,NR-RESEARCH-AREA-176,176,Prathai,Khok Klang,0;1,0,1,1,CONSERVATIVE_MAX_WITH_CONFLICT_FLAG,35818;35819,Drought risk duplicated with conflicting class values; droughtRiskLevel uses conservative maximum and raw values are retained.
NR-MONTHLY-2023-11-301318,2023-11,3013,ประทาย,301318,เมืองโดน,NR-RESEARCH-AREA-177,177,Prathai,Mueang Don,0;1,0,1,1,CONSERVATIVE_MAX_WITH_CONFLICT_FLAG,36024;36025,Drought risk duplicated with conflicting class values; droughtRiskLevel uses conservative maximum and raw values are retained.
NR-MONTHLY-2023-11-301410,2023-11,3014,ปักธงชัย,301410,งิ้ว,NR-RESEARCH-AREA-186,186,Pak Thong Chai,Ngio,0;1,0,1,1,CONSERVATIVE_MAX_WITH_CONFLICT_FLAG,37924;37925,Drought risk duplicated with conflicting class values; droughtRiskLevel uses conservative maximum and raw values are retained.
NR-MONTHLY-2023-11-301503,2023-11,3015,พิมาย,301503,โบสถ์,NR-RESEARCH-AREA-213,213,Phimai,Bot,0;1,0,1,1,CONSERVATIVE_MAX_WITH_CONFLICT_FLAG,42976;42977,Drought risk duplicated with conflicting class values; droughtRiskLevel uses conservative maximum and raw values are retained.
NR-MONTHLY-2023-11-301504,2023-11,3015,พิมาย,301504,กระเบื้องใหญ่,NR-RESEARCH-AREA-214,214,Phimai,Krabueang Yai,0;1,0,1,1,CONSERVATIVE_MAX_WITH_CONFLICT_FLAG,43209;43210,Drought risk duplicated with conflicting class values; droughtRiskLevel uses conservative maximum and raw values are retained.
NR-MONTHLY-2023-11-301505,2023-11,3015,พิมาย,301505,ท่าหลวง,NR-RESEARCH-AREA-215,215,Phimai,Tha Luang,0;1,0,1,1,CONSERVATIVE_MAX_WITH_CONFLICT_FLAG,43440;43441,Drought risk duplicated with conflicting class values; droughtRiskLevel uses conservative maximum and raw values are retained.
NR-MONTHLY-2023-11-301507,2023-11,3015,พิมาย,301507,ชีวาน,NR-RESEARCH-AREA-217,217,Phimai,Chiwan,0;1,0,1,1,CONSERVATIVE_MAX_WITH_CONFLICT_FLAG,43904;43905,Drought risk duplicated with conflicting class values; droughtRiskLevel uses conservative maximum and raw values are retained.
NR-MONTHLY-2023-11-301509,2023-11,3015,พิมาย,301509,กระชอน,NR-RESEARCH-AREA-219,219,Phimai,Krachon,0;1,0,1,1,CONSERVATIVE_MAX_WITH_CONFLICT_FLAG,44367;44368,Drought risk duplicated with conflicting class values; droughtRiskLevel uses conservative maximum and raw values are retained.
NR-MONTHLY-2023-11-301510,2023-11,3015,พิมาย,301510,ดงใหญ่,NR-RESEARCH-AREA-220,220,Phimai,Dong Yai,0;1,0,1,1,CONSERVATIVE_MAX_WITH_CONFLICT_FLAG,44598;44599,Drought risk duplicated with conflicting class values; droughtRiskLevel uses conservative maximum and raw values are retained.
NR-MONTHLY-2023-11-301512,2023-11,3015,พิมาย,301512,หนองระเวียง,NR-RESEARCH-AREA-222,222,Mueang Nakhon Ratchasima,Nong Rawiang,0;1,0,1,1,CONSERVATIVE_MAX_WITH_CONFLICT_FLAG,45064;45065,Drought risk duplicated with conflicting class values; droughtRiskLevel uses conservative maximum and raw values are retained.
NR-MONTHLY-2023-11-301602,2023-11,3016,ห้วยแถลง,301602,ทับสวาย,NR-RESEARCH-AREA-280,280,Huai Thalaeng,Thap Sawai,0;1,0,1,1,CONSERVATIVE_MAX_WITH_CONFLICT_FLAG,56748;56749,Drought risk duplicated with conflicting class values; droughtRiskLevel uses conservative maximum and raw values are retained.
NR-MONTHLY-2023-11-301604,2023-11,3016,ห้วยแถลง,301604,หลุ่งตะเคียน,NR-RESEARCH-AREA-282,282,Huai Thalaeng,Lung Takhian,0;1,0,1,1,CONSERVATIVE_MAX_WITH_CONFLICT_FLAG,57130;57131,Drought risk duplicated with conflicting class values; droughtRiskLevel uses conservative maximum and raw values are retained.
NR-MONTHLY-2023-11-301605,2023-11,3016,ห้วยแถลง,301605,หินดาด,NR-RESEARCH-AREA-283,283,Huai Thalaeng,Hin Dat,0;1,0,1,1,CONSERVATIVE_MAX_WITH_CONFLICT_FLAG,57321;57322,Drought risk duplicated with conflicting class values; droughtRiskLevel uses conservative maximum and raw values are retained.
NR-MONTHLY-2023-11-301606,2023-11,3016,ห้วยแถลง,301606,งิ้ว,NR-RESEARCH-AREA-284,284,Huai Thalaeng,Ngio,0;1,0,1,1,CONSERVATIVE_MAX_WITH_CONFLICT_FLAG,57512;57513,Drought risk duplicated with conflicting class values; droughtRiskLevel uses conservative maximum and raw values are retained.
NR-MONTHLY-2023-11-301607,2023-11,3016,ห้วยแถลง,301607,กงรถ,NR-RESEARCH-AREA-285,285,Huai Thalaeng,Kong Rot,0;1,0,1,1,CONSERVATIVE_MAX_WITH_CONFLICT_FLAG,57703;57704,Drought risk duplicated with conflicting class values; droughtRiskLevel uses conservative maximum and raw values are retained.
NR-MONTHLY-2023-11-301608,2023-11,3016,ห้วยแถลง,301608,หลุ่งประดู่,NR-RESEARCH-AREA-286,286,Huai Thalaeng,Lung Pradu,0;1,0,1,1,CONSERVATIVE_MAX_WITH_CONFLICT_FLAG,57894;57895,Drought risk duplicated with conflicting class values; droughtRiskLevel uses conservative maximum and raw values are retained.
NR-MONTHLY-2023-11-301609,2023-11,3016,ห้วยแถลง,301609,ตะโก,NR-RESEARCH-AREA-287,287,Huai Thalaeng,Tako,0;1,0,1,1,CONSERVATIVE_MAX_WITH_CONFLICT_FLAG,58084;58085,Drought risk duplicated with conflicting class values; droughtRiskLevel uses conservative maximum and raw values are retained.
NR-MONTHLY-2023-11-301610,2023-11,3016,ห้วยแถลง,301610,ห้วยแคน,NR-RESEARCH-AREA-288,288,Huai Thalaeng,Huai Khaen,0;1,0,1,1,CONSERVATIVE_MAX_WITH_CONFLICT_FLAG,58275;58276,Drought risk duplicated with conflicting class values; droughtRiskLevel uses conservative maximum and raw values are retained.
NR-MONTHLY-2023-11-301701,2023-11,3017,ชุมพวง,301701,ชุมพวง,NR-RESEARCH-AREA-077,77,Chum Phuang,Chum Phuang,0;1,0,1,1,CONSERVATIVE_MAX_WITH_CONFLICT_FLAG,15383;15384,Drought risk duplicated with conflicting class values; droughtRiskLevel uses conservative maximum and raw values are retained.
NR-MONTHLY-2023-11-301702,2023-11,3017,ชุมพวง,301702,ประสุข,NR-RESEARCH-AREA-078,78,Chum Phuang,Prasuk,0;1,0,1,1,CONSERVATIVE_MAX_WITH_CONFLICT_FLAG,15610;15611,Drought risk duplicated with conflicting class values; droughtRiskLevel uses conservative maximum and raw values are retained.
NR-MONTHLY-2023-11-301703,2023-11,3017,ชุมพวง,301703,ท่าลาด,NR-RESEARCH-AREA-079,79,Chum Phuang,Tha Lat,0;1,0,1,1,CONSERVATIVE_MAX_WITH_CONFLICT_FLAG,15840;15841,Drought risk duplicated with conflicting class values; droughtRiskLevel uses conservative maximum and raw values are retained.
NR-MONTHLY-2023-11-301704,2023-11,3017,ชุมพวง,301704,สาหร่าย,NR-RESEARCH-AREA-080,80,Chum Phuang,Sarai,0;1,0,1,1,CONSERVATIVE_MAX_WITH_CONFLICT_FLAG,16070;16071,Drought risk duplicated with conflicting class values; droughtRiskLevel uses conservative maximum and raw values are retained.
NR-MONTHLY-2023-11-301705,2023-11,3017,ชุมพวง,301705,ตลาดไทร,NR-RESEARCH-AREA-081,81,Chum Phuang,Talat Sai,0;1,0,1,1,CONSERVATIVE_MAX_WITH_CONFLICT_FLAG,16296;16297,Drought risk duplicated with conflicting class values; droughtRiskLevel uses conservative maximum and raw values are retained.
NR-MONTHLY-2023-11-301710,2023-11,3017,ชุมพวง,301710,โนนรัง,NR-RESEARCH-AREA-082,82,Chum Phuang,Non Rang,0;1,0,1,1,CONSERVATIVE_MAX_WITH_CONFLICT_FLAG,16524;16525,Drought risk duplicated with conflicting class values; droughtRiskLevel uses conservative maximum and raw values are retained.
NR-MONTHLY-2023-11-301714,2023-11,3017,ชุมพวง,301714,หนองหลัก,NR-RESEARCH-AREA-083,83,Chum Phuang,Nong Lak,0;1,0,1,1,CONSERVATIVE_MAX_WITH_CONFLICT_FLAG,16755;16756,Drought risk duplicated with conflicting class values; droughtRiskLevel uses conservative maximum and raw values are retained.
NR-MONTHLY-2023-11-301716,2023-11,3017,ชุมพวง,301716,โนนตูม,NR-RESEARCH-AREA-084,84,Chum Phuang,Non Tum,0;1,0,1,1,CONSERVATIVE_MAX_WITH_CONFLICT_FLAG,16980;16981,Drought risk duplicated with conflicting class values; droughtRiskLevel uses conservative maximum and raw values are retained.
NR-MONTHLY-2023-11-301717,2023-11,3017,ชุมพวง,301717,โนนยอ,NR-RESEARCH-AREA-085,85,Chum Phuang,Non Yo,0;1,0,1,1,CONSERVATIVE_MAX_WITH_CONFLICT_FLAG,17209;17210,Drought risk duplicated with conflicting class values; droughtRiskLevel uses conservative maximum and raw values are retained.
NR-MONTHLY-2023-11-301804,2023-11,3018,สูงเนิน,301804,บุ่งขี้เหล็ก,NR-RESEARCH-AREA-256,256,Sung Noen,Bung Khi Lek,0;1,0,1,1,CONSERVATIVE_MAX_WITH_CONFLICT_FLAG,51811;51812,Drought risk duplicated with conflicting class values; droughtRiskLevel uses conservative maximum and raw values are retained.
NR-MONTHLY-2023-11-301805,2023-11,3018,สูงเนิน,301805,โนนค่า,NR-RESEARCH-AREA-257,257,Sung Noen,Non Kha,0;1,0,1,1,CONSERVATIVE_MAX_WITH_CONFLICT_FLAG,52016;52017,Drought risk duplicated with conflicting class values; droughtRiskLevel uses conservative maximum and raw values are retained.
NR-MONTHLY-2023-11-301806,2023-11,3018,สูงเนิน,301806,โค้งยาง,NR-RESEARCH-AREA-258,258,Sung Noen,Khong Yang,0;1,0,1,1,CONSERVATIVE_MAX_WITH_CONFLICT_FLAG,52222;52223,Drought risk duplicated with conflicting class values; droughtRiskLevel uses conservative maximum and raw values are retained.
NR-MONTHLY-2023-11-301807,2023-11,3018,สูงเนิน,301807,มะเกลือเก่า,NR-RESEARCH-AREA-259,259,Sung Noen,Makluea Kao,0;1,0,1,1,CONSERVATIVE_MAX_WITH_CONFLICT_FLAG,52428;52429,Drought risk duplicated with conflicting class values; droughtRiskLevel uses conservative maximum and raw values are retained.
NR-MONTHLY-2023-11-301809,2023-11,3018,สูงเนิน,301809,นากลาง,NR-RESEARCH-AREA-261,261,Sung Noen,Na Klang,0;1,0,1,1,CONSERVATIVE_MAX_WITH_CONFLICT_FLAG,52836;52837,Drought risk duplicated with conflicting class values; droughtRiskLevel uses conservative maximum and raw values are retained.
NR-MONTHLY-2023-11-301810,2023-11,3018,สูงเนิน,301810,หนองตะไก้,NR-RESEARCH-AREA-262,262,Sung Noen,Nong Takai,0;1,0,1,1,CONSERVATIVE_MAX_WITH_CONFLICT_FLAG,53040;53041,Drought risk duplicated with conflicting class values; droughtRiskLevel uses conservative maximum and raw values are retained.
NR-MONTHLY-2023-11-301902,2023-11,3019,ขามทะเลสอ,301902,โป่งแดง,NR-RESEARCH-AREA-031,31,Kham Thale So,Pong Daeng,0;1,0,1,1,CONSERVATIVE_MAX_WITH_CONFLICT_FLAG,5991;5992,Drought risk duplicated with conflicting class values; droughtRiskLevel uses conservative maximum and raw values are retained.
NR-MONTHLY-2023-11-302003,2023-11,3020,สีคิ้ว,302003,กฤษณา,NR-RESEARCH-AREA-238,238,Si Khio,Kritsana,0;1,0,1,1,CONSERVATIVE_MAX_WITH_CONFLICT_FLAG,48233;48234,Drought risk duplicated with conflicting class values; droughtRiskLevel uses conservative maximum and raw values are retained.
NR-MONTHLY-2023-11-302006,2023-11,3020,สีคิ้ว,302006,กุดน้อย,NR-RESEARCH-AREA-241,241,Si Khio,Kut Noi,0;1,0,1,1,CONSERVATIVE_MAX_WITH_CONFLICT_FLAG,48815;48816,Drought risk duplicated with conflicting class values; droughtRiskLevel uses conservative maximum and raw values are retained.
NR-MONTHLY-2023-11-302301,2023-11,3023,แก้งสนามนาง,302301,แก้งสนามนาง,NR-RESEARCH-AREA-025,25,Kaeng Sanam Nang,Kaeng Sanam Nang,0;1,0,1,1,CONSERVATIVE_MAX_WITH_CONFLICT_FLAG,4795;4796,Drought risk duplicated with conflicting class values; droughtRiskLevel uses conservative maximum and raw values are retained.
NR-MONTHLY-2023-11-302302,2023-11,3023,แก้งสนามนาง,302302,โนนสำราญ,NR-RESEARCH-AREA-026,26,Kaeng Sanam Nang,Non Samran,0;1,0,1,1,CONSERVATIVE_MAX_WITH_CONFLICT_FLAG,4994;4995,Drought risk duplicated with conflicting class values; droughtRiskLevel uses conservative maximum and raw values are retained.
NR-MONTHLY-2023-11-302304,2023-11,3023,แก้งสนามนาง,302304,สีสุก,NR-RESEARCH-AREA-028,28,Kaeng Sanam Nang,Si Suk,0;1,0,1,1,CONSERVATIVE_MAX_WITH_CONFLICT_FLAG,5394;5395,Drought risk duplicated with conflicting class values; droughtRiskLevel uses conservative maximum and raw values are retained.
NR-MONTHLY-2023-11-302305,2023-11,3023,แก้งสนามนาง,302305,บึงสำโรง,NR-RESEARCH-AREA-029,29,Kaeng Sanam Nang,Bueng Samrong,0;1,0,1,1,CONSERVATIVE_MAX_WITH_CONFLICT_FLAG,5595;5596,Drought risk duplicated with conflicting class values; droughtRiskLevel uses conservative maximum and raw values are retained.
NR-MONTHLY-2023-11-302401,2023-11,3024,โนนแดง,302401,โนนแดง,NR-RESEARCH-AREA-116,116,Non Daeng,Non Daeng,0;1,0,1,1,CONSERVATIVE_MAX_WITH_CONFLICT_FLAG,23533;23534,Drought risk duplicated with conflicting class values; droughtRiskLevel uses conservative maximum and raw values are retained.
NR-MONTHLY-2023-11-302402,2023-11,3024,โนนแดง,302402,โนนตาเถร,NR-RESEARCH-AREA-117,117,Non Daeng,Non Ta Then,0;1,0,1,1,CONSERVATIVE_MAX_WITH_CONFLICT_FLAG,23763;23764,Drought risk duplicated with conflicting class values; droughtRiskLevel uses conservative maximum and raw values are retained.
NR-MONTHLY-2023-11-302403,2023-11,3024,โนนแดง,302403,สำพะเนียง,NR-RESEARCH-AREA-118,118,Non Daeng,Sam Phaniang,0;1,0,1,1,CONSERVATIVE_MAX_WITH_CONFLICT_FLAG,23995;23996,Drought risk duplicated with conflicting class values; droughtRiskLevel uses conservative maximum and raw values are retained.
NR-MONTHLY-2023-11-302404,2023-11,3024,โนนแดง,302404,วังหิน,NR-RESEARCH-AREA-119,119,Non Daeng,Wang Hin,0;1,0,1,1,CONSERVATIVE_MAX_WITH_CONFLICT_FLAG,24224;24225,Drought risk duplicated with conflicting class values; droughtRiskLevel uses conservative maximum and raw values are retained.
NR-MONTHLY-2023-11-302405,2023-11,3024,โนนแดง,302405,ดอนยาวใหญ่,NR-RESEARCH-AREA-120,120,Non Daeng,Don Yao Yai,0;1,0,1,1,CONSERVATIVE_MAX_WITH_CONFLICT_FLAG,24454;24455,Drought risk duplicated with conflicting class values; droughtRiskLevel uses conservative maximum and raw values are retained.
NR-MONTHLY-2023-11-302501,2023-11,3025,วังน้ำเขียว,302501,วังน้ำเขียว,NR-RESEARCH-AREA-231,231,Wang Nam Khiao,Wang Nam Khiao,0;1,0,1,1,CONSERVATIVE_MAX_WITH_CONFLICT_FLAG,46911;46912,Drought risk duplicated with conflicting class values; droughtRiskLevel uses conservative maximum and raw values are retained.
NR-MONTHLY-2023-11-302701,2023-11,3027,เมืองยาง,302701,เมืองยาง,NR-RESEARCH-AREA-223,223,Mueang Yang,Mueang Yang,0;1,0,1,1,CONSERVATIVE_MAX_WITH_CONFLICT_FLAG,45275;45276,Drought risk duplicated with conflicting class values; droughtRiskLevel uses conservative maximum and raw values are retained.
NR-MONTHLY-2023-11-302702,2023-11,3027,เมืองยาง,302702,กระเบื้องนอก,NR-RESEARCH-AREA-224,224,Mueang Yang,Krabueang Nok,0;1,0,1,1,CONSERVATIVE_MAX_WITH_CONFLICT_FLAG,45475;45476,Drought risk duplicated with conflicting class values; droughtRiskLevel uses conservative maximum and raw values are retained.
NR-MONTHLY-2023-11-302703,2023-11,3027,เมืองยาง,302703,ละหานปลาค้าว,NR-RESEARCH-AREA-225,225,Mueang Yang,Lahan Pla Khao,0;1,0,1,1,CONSERVATIVE_MAX_WITH_CONFLICT_FLAG,45676;45677,Drought risk duplicated with conflicting class values; droughtRiskLevel uses conservative maximum and raw values are retained.
NR-MONTHLY-2023-11-302704,2023-11,3027,เมืองยาง,302704,โนนอุดม,NR-RESEARCH-AREA-226,226,Mueang Yang,Non Udom,0;1,0,1,1,CONSERVATIVE_MAX_WITH_CONFLICT_FLAG,45876;45877,Drought risk duplicated with conflicting class values; droughtRiskLevel uses conservative maximum and raw values are retained.
NR-MONTHLY-2023-11-302801,2023-11,3028,พระทองคำ,302801,สระพระ,NR-RESEARCH-AREA-206,206,Phra Thong Kham,Sa Phra,0;1,0,1,1,CONSERVATIVE_MAX_WITH_CONFLICT_FLAG,41505;41506,Drought risk duplicated with conflicting class values; droughtRiskLevel uses conservative maximum and raw values are retained.
NR-MONTHLY-2023-11-302803,2023-11,3028,พระทองคำ,302803,พังเทียม,NR-RESEARCH-AREA-208,208,Phra Thong Kham,Phang Thiam,0;1,0,1,1,CONSERVATIVE_MAX_WITH_CONFLICT_FLAG,41899;41900,Drought risk duplicated with conflicting class values; droughtRiskLevel uses conservative maximum and raw values are retained.
NR-MONTHLY-2023-11-302804,2023-11,3028,พระทองคำ,302804,ทัพรั้ง,NR-RESEARCH-AREA-209,209,Phra Thong Kham,Thap Rang,0;1,0,1,1,CONSERVATIVE_MAX_WITH_CONFLICT_FLAG,42096;42097,Drought risk duplicated with conflicting class values; droughtRiskLevel uses conservative maximum and raw values are retained.
NR-MONTHLY-2023-11-302901,2023-11,3029,ลำทะเมนชัย,302901,ขุย,NR-RESEARCH-AREA-227,227,Lamtaman Chai,Khui,0;1,0,1,1,CONSERVATIVE_MAX_WITH_CONFLICT_FLAG,46087;46088,Drought risk duplicated with conflicting class values; droughtRiskLevel uses conservative maximum and raw values are retained.
NR-MONTHLY-2023-11-302902,2023-11,3029,ลำทะเมนชัย,302902,บ้านยาง,NR-RESEARCH-AREA-228,228,Lamtaman Chai,Ban Yang,0;1,0,1,1,CONSERVATIVE_MAX_WITH_CONFLICT_FLAG,46302;46303,Drought risk duplicated with conflicting class values; droughtRiskLevel uses conservative maximum and raw values are retained.
NR-MONTHLY-2023-11-302903,2023-11,3029,ลำทะเมนชัย,302903,ช่องแมว,NR-RESEARCH-AREA-229,229,Lamtaman Chai,Chong Maeo,0;1,0,1,1,CONSERVATIVE_MAX_WITH_CONFLICT_FLAG,46514;46515,Drought risk duplicated with conflicting class values; droughtRiskLevel uses conservative maximum and raw values are retained.
NR-MONTHLY-2023-11-302904,2023-11,3029,ลำทะเมนชัย,302904,ไพล,NR-RESEARCH-AREA-230,230,Lamtaman Chai,Phrai,0;1,0,1,1,CONSERVATIVE_MAX_WITH_CONFLICT_FLAG,46727;46728,Drought risk duplicated with conflicting class values; droughtRiskLevel uses conservative maximum and raw values are retained.
NR-MONTHLY-2023-11-303001,2023-11,3030,บัวลาย,303001,เมืองพะไล,NR-RESEARCH-AREA-147,147,Bua Lai,Mueang Phalai,0;1,0,1,1,CONSERVATIVE_MAX_WITH_CONFLICT_FLAG,30034;30035,Drought risk duplicated with conflicting class values; droughtRiskLevel uses conservative maximum and raw values are retained.
NR-MONTHLY-2023-11-303002,2023-11,3030,บัวลาย,303002,โนนจาน,NR-RESEARCH-AREA-148,148,Bua Lai,Non Chan,0;1,0,1,1,CONSERVATIVE_MAX_WITH_CONFLICT_FLAG,30256;30257,Drought risk duplicated with conflicting class values; droughtRiskLevel uses conservative maximum and raw values are retained.
NR-MONTHLY-2023-11-303003,2023-11,3030,บัวลาย,303003,บัวลาย,NR-RESEARCH-AREA-149,149,Bua Lai,Bua Lai,0;1,0,1,1,CONSERVATIVE_MAX_WITH_CONFLICT_FLAG,30478;30479,Drought risk duplicated with conflicting class values; droughtRiskLevel uses conservative maximum and raw values are retained.
NR-MONTHLY-2023-11-303101,2023-11,3031,สีดา,303101,สีดา,NR-RESEARCH-AREA-248,248,Sida,Sida,0;1,0,1,1,CONSERVATIVE_MAX_WITH_CONFLICT_FLAG,50180;50181,Drought risk duplicated with conflicting class values; droughtRiskLevel uses conservative maximum and raw values are retained.
NR-MONTHLY-2023-11-303102,2023-11,3031,สีดา,303102,โพนทอง,NR-RESEARCH-AREA-249,249,Sida,Phon Thong,0;1,0,1,1,CONSERVATIVE_MAX_WITH_CONFLICT_FLAG,50383;50384,Drought risk duplicated with conflicting class values; droughtRiskLevel uses conservative maximum and raw values are retained.
NR-MONTHLY-2023-11-303103,2023-11,3031,สีดา,303103,โนนประดู่,NR-RESEARCH-AREA-250,250,Sida,Non Pradu,0;1,0,1,1,CONSERVATIVE_MAX_WITH_CONFLICT_FLAG,50589;50590,Drought risk duplicated with conflicting class values; droughtRiskLevel uses conservative maximum and raw values are retained.
NR-MONTHLY-2023-11-303104,2023-11,3031,สีดา,303104,สามเมือง,NR-RESEARCH-AREA-251,251,Sida,Sam Mueang,0;1,0,1,1,CONSERVATIVE_MAX_WITH_CONFLICT_FLAG,50796;50797,Drought risk duplicated with conflicting class values; droughtRiskLevel uses conservative maximum and raw values are retained.
NR-MONTHLY-2023-11-303105,2023-11,3031,สีดา,303105,หนองตาดใหญ่,NR-RESEARCH-AREA-252,252,Sida,Nong Tat Yai,0;1,0,1,1,CONSERVATIVE_MAX_WITH_CONFLICT_FLAG,51005;51006,Drought risk duplicated with conflicting class values; droughtRiskLevel uses conservative maximum and raw values are retained.
NR-MONTHLY-2023-11-303201,2023-11,3032,เฉลิมพระเกียรติ,303201,ช้างทอง,NR-RESEARCH-AREA-072,72,Chaloem Phra Kiet,Chang Thong,0;1,0,1,1,CONSERVATIVE_MAX_WITH_CONFLICT_FLAG,14340;14341,Drought risk duplicated with conflicting class values; droughtRiskLevel uses conservative maximum and raw values are retained.
NR-MONTHLY-2023-11-303203,2023-11,3032,เฉลิมพระเกียรติ,303203,พระพุทธ,NR-RESEARCH-AREA-074,74,Chaloem Phra Kiet,Phraphut,0;1,0,1,1,CONSERVATIVE_MAX_WITH_CONFLICT_FLAG,14747;14748,Drought risk duplicated with conflicting class values; droughtRiskLevel uses conservative maximum and raw values are retained.
NR-MONTHLY-2023-11-303204,2023-11,3032,เฉลิมพระเกียรติ,303204,หนองงูเหลือม,NR-RESEARCH-AREA-075,75,Chaloem Phra Kiet,Nong Ngu Lueam,0;1,0,1,1,CONSERVATIVE_MAX_WITH_CONFLICT_FLAG,14952;14953,Drought risk duplicated with conflicting class values; droughtRiskLevel uses conservative maximum and raw values are retained.
NR-MONTHLY-2023-11-303205,2023-11,3032,เฉลิมพระเกียรติ,303205,หนองยาง,NR-RESEARCH-AREA-076,76,Chaloem Phra Kiet,Nong Yang,0;1,0,1,1,CONSERVATIVE_MAX_WITH_CONFLICT_FLAG,15159;15160,Drought risk duplicated with conflicting class values; droughtRiskLevel uses conservative maximum and raw values are retained.
NR-MONTHLY-2024-02-301401,2024-02,3014,ปักธงชัย,301401,เมืองปัก,NR-RESEARCH-AREA-178,178,Pak Thong Chai,Mueang Pak,1;2,1,2,2,CONSERVATIVE_MAX_WITH_CONFLICT_FLAG,36246;36247,Drought risk duplicated with conflicting class values; droughtRiskLevel uses conservative maximum and raw values are retained.
NR-MONTHLY-2024-02-302502,2024-02,3025,วังน้ำเขียว,302502,วังหมี,NR-RESEARCH-AREA-232,232,Wang Nam Khiao,Wang Mi,1;2,1,2,2,CONSERVATIVE_MAX_WITH_CONFLICT_FLAG,47108;47109,Drought risk duplicated with conflicting class values; droughtRiskLevel uses conservative maximum and raw values are retained.
NR-MONTHLY-2024-06-300109,2024-06,3001,เมืองนครราชสีมา,300109,พลกรัง,NR-RESEARCH-AREA-008,8,Mueang Nakhon Ratchasima,Phon Krang,0;1,0,1,1,CONSERVATIVE_MAX_WITH_CONFLICT_FLAG,1617;1618,Drought risk duplicated with conflicting class values; droughtRiskLevel uses conservative maximum and raw values are retained.
NR-MONTHLY-2024-07-300205,2024-07,3002,ครบุรี,300205,จระเข้หิน,NR-RESEARCH-AREA-056,56,Khon Buri,Chorakhe Hin,0;1,0,1,1,CONSERVATIVE_MAX_WITH_CONFLICT_FLAG,11169;11170,Drought risk duplicated with conflicting class values; droughtRiskLevel uses conservative maximum and raw values are retained.
NR-MONTHLY-2024-07-300209,2024-07,3002,ครบุรี,300209,ลำเพียก,NR-RESEARCH-AREA-060,60,Khon Buri,Lamphiak,0;1,0,1,1,CONSERVATIVE_MAX_WITH_CONFLICT_FLAG,11921;11922,Drought risk duplicated with conflicting class values; droughtRiskLevel uses conservative maximum and raw values are retained.
NR-MONTHLY-2024-08-302107,2024-08,3021,ปากช่อง,302107,ขนงพระ,NR-RESEARCH-AREA-200,200,Pak Chong,Khanong Phra,0;1,0,1,1,CONSERVATIVE_MAX_WITH_CONFLICT_FLAG,40482;40483,Drought risk duplicated with conflicting class values; droughtRiskLevel uses conservative maximum and raw values are retained.
NR-MONTHLY-2024-09-300205,2024-09,3002,ครบุรี,300205,จระเข้หิน,NR-RESEARCH-AREA-056,56,Khon Buri,Chorakhe Hin,0;1,0,1,1,CONSERVATIVE_MAX_WITH_CONFLICT_FLAG,11173;11174,Drought risk duplicated with conflicting class values; droughtRiskLevel uses conservative maximum and raw values are retained.
NR-MONTHLY-2024-09-300303,2024-09,3003,เสิงสาง,300303,โนนสมบูรณ์,NR-RESEARCH-AREA-266,266,Soeng Sang,Non Sombun,0;1,0,1,1,CONSERVATIVE_MAX_WITH_CONFLICT_FLAG,53848;53849,Drought risk duplicated with conflicting class values; droughtRiskLevel uses conservative maximum and raw values are retained.
NR-MONTHLY-2024-09-300306,2024-09,3003,เสิงสาง,300306,บ้านราษฎร์,NR-RESEARCH-AREA-269,269,Soeng Sang,Ban Rat,0;1,0,1,1,CONSERVATIVE_MAX_WITH_CONFLICT_FLAG,54413;54414,Drought risk duplicated with conflicting class values; droughtRiskLevel uses conservative maximum and raw values are retained.
NR-MONTHLY-2024-09-300706,2024-09,3007,โชคชัย,300706,ท่าจะหลุง,NR-RESEARCH-AREA-091,91,Chok Chai,Tha Chalung,0;1,0,1,1,CONSERVATIVE_MAX_WITH_CONFLICT_FLAG,18424;18425,Drought risk duplicated with conflicting class values; droughtRiskLevel uses conservative maximum and raw values are retained.
NR-MONTHLY-2024-09-301412,2024-09,3014,ปักธงชัย,301412,ลำนางแก้ว,NR-RESEARCH-AREA-188,188,Pak Thong Chai,Lam Nang Kaeo,0;1,0,1,1,CONSERVATIVE_MAX_WITH_CONFLICT_FLAG,38357;38358,Drought risk duplicated with conflicting class values; droughtRiskLevel uses conservative maximum and raw values are retained.
NR-MONTHLY-2024-09-301502,2024-09,3015,พิมาย,301502,สัมฤทธิ์,NR-RESEARCH-AREA-212,212,Phimai,Samrit,0;1,0,1,1,CONSERVATIVE_MAX_WITH_CONFLICT_FLAG,42766;42767,Drought risk duplicated with conflicting class values; droughtRiskLevel uses conservative maximum and raw values are retained.
NR-MONTHLY-2024-09-301717,2024-09,3017,ชุมพวง,301717,โนนยอ,NR-RESEARCH-AREA-085,85,Chum Phuang,Non Yo,0;1,0,1,1,CONSERVATIVE_MAX_WITH_CONFLICT_FLAG,17229;17230,Drought risk duplicated with conflicting class values; droughtRiskLevel uses conservative maximum and raw values are retained.
NR-MONTHLY-2024-09-302105,2024-09,3021,ปากช่อง,302105,หมูสี,NR-RESEARCH-AREA-198,198,Pak Chong,Mu Si,0;1,0,1,1,CONSERVATIVE_MAX_WITH_CONFLICT_FLAG,40114;40115,Drought risk duplicated with conflicting class values; droughtRiskLevel uses conservative maximum and raw values are retained.
NR-MONTHLY-2024-09-302303,2024-09,3023,แก้งสนามนาง,302303,บึงพะไล,NR-RESEARCH-AREA-027,27,Kaeng Sanam Nang,Bueng Phalai,0;1,0,1,1,CONSERVATIVE_MAX_WITH_CONFLICT_FLAG,5207;5208,Drought risk duplicated with conflicting class values; droughtRiskLevel uses conservative maximum and raw values are retained.
NR-MONTHLY-2024-10-300109,2024-10,3001,เมืองนครราชสีมา,300109,พลกรัง,NR-RESEARCH-AREA-008,8,Mueang Nakhon Ratchasima,Phon Krang,0;1,0,1,1,CONSERVATIVE_MAX_WITH_CONFLICT_FLAG,1625;1626,Drought risk duplicated with conflicting class values; droughtRiskLevel uses conservative maximum and raw values are retained.
NR-MONTHLY-2024-10-300111,2024-10,3001,เมืองนครราชสีมา,300111,หัวทะเล,NR-RESEARCH-AREA-010,10,Mueang Nakhon Ratchasima,Hua Thale,0;1,0,1,1,CONSERVATIVE_MAX_WITH_CONFLICT_FLAG,1956;1957,Drought risk duplicated with conflicting class values; droughtRiskLevel uses conservative maximum and raw values are retained.
NR-MONTHLY-2024-10-300113,2024-10,3001,เมืองนครราชสีมา,300113,บ้านใหม่,NR-RESEARCH-AREA-012,12,Mueang Nakhon Ratchasima,Ban Mai,0;1,0,1,1,CONSERVATIVE_MAX_WITH_CONFLICT_FLAG,2344;2345,Drought risk duplicated with conflicting class values; droughtRiskLevel uses conservative maximum and raw values are retained.
NR-MONTHLY-2024-10-300117,2024-10,3001,เมืองนครราชสีมา,300117,โคกกรวด,NR-RESEARCH-AREA-016,16,Mueang Nakhon Ratchasima,Khok Kruat,0;1,0,1,1,CONSERVATIVE_MAX_WITH_CONFLICT_FLAG,3103;3104,Drought risk duplicated with conflicting class values; droughtRiskLevel uses conservative maximum and raw values are retained.
NR-MONTHLY-2024-10-300119,2024-10,3001,เมืองนครราชสีมา,300119,หนองบัวศาลา,NR-RESEARCH-AREA-018,18,Mueang Nakhon Ratchasima,Nong Bua Sala,0;1,0,1,1,CONSERVATIVE_MAX_WITH_CONFLICT_FLAG,3477;3478,Drought risk duplicated with conflicting class values; droughtRiskLevel uses conservative maximum and raw values are retained.
NR-MONTHLY-2024-10-300121,2024-10,3001,เมืองนครราชสีมา,300121,สีมุม,NR-RESEARCH-AREA-020,20,Mueang Nakhon Ratchasima,Si Mum,0;1,0,1,1,CONSERVATIVE_MAX_WITH_CONFLICT_FLAG,3851;3852,Drought risk duplicated with conflicting class values; droughtRiskLevel uses conservative maximum and raw values are retained.
NR-MONTHLY-2024-10-300305,2024-10,3003,เสิงสาง,300305,สุขไพบูลย์,NR-RESEARCH-AREA-268,268,Soeng Sang,Suk Phaibun,0;1,0,1,1,CONSERVATIVE_MAX_WITH_CONFLICT_FLAG,54224;54225,Drought risk duplicated with conflicting class values; droughtRiskLevel uses conservative maximum and raw values are retained.
NR-MONTHLY-2024-10-300403,2024-10,3004,คง,300403,เทพาลัย,NR-RESEARCH-AREA-044,44,Khong,Thephalai,0;1,0,1,1,CONSERVATIVE_MAX_WITH_CONFLICT_FLAG,8835;8836,Drought risk duplicated with conflicting class values; droughtRiskLevel uses conservative maximum and raw values are retained.
NR-MONTHLY-2024-10-300404,2024-10,3004,คง,300404,ตาจั่น,NR-RESEARCH-AREA-045,45,Khong,Ta Chan,0;1,0,1,1,CONSERVATIVE_MAX_WITH_CONFLICT_FLAG,9032;9033,Drought risk duplicated with conflicting class values; droughtRiskLevel uses conservative maximum and raw values are retained.
NR-MONTHLY-2024-10-300405,2024-10,3004,คง,300405,บ้านปรางค์,NR-RESEARCH-AREA-046,46,Khong,Ban Prang,0;1,0,1,1,CONSERVATIVE_MAX_WITH_CONFLICT_FLAG,9229;9230,Drought risk duplicated with conflicting class values; droughtRiskLevel uses conservative maximum and raw values are retained.
NR-MONTHLY-2024-10-300406,2024-10,3004,คง,300406,หนองมะนาว,NR-RESEARCH-AREA-047,47,Khong,Nong Manao,0;1,0,1,1,CONSERVATIVE_MAX_WITH_CONFLICT_FLAG,9427;9428,Drought risk duplicated with conflicting class values; droughtRiskLevel uses conservative maximum and raw values are retained.
NR-MONTHLY-2024-10-300409,2024-10,3004,คง,300409,ดอนใหญ่,NR-RESEARCH-AREA-050,50,Khong,Don Yai,0;1,0,1,1,CONSERVATIVE_MAX_WITH_CONFLICT_FLAG,10024;10025,Drought risk duplicated with conflicting class values; droughtRiskLevel uses conservative maximum and raw values are retained.
NR-MONTHLY-2024-10-300410,2024-10,3004,คง,300410,ขามสมบูรณ์,NR-RESEARCH-AREA-051,51,Khong,Kham Sombun,0;1,0,1,1,CONSERVATIVE_MAX_WITH_CONFLICT_FLAG,10222;10223,Drought risk duplicated with conflicting class values; droughtRiskLevel uses conservative maximum and raw values are retained.
NR-MONTHLY-2024-10-300501,2024-10,3005,บ้านเหลื่อม,300501,บ้านเหลื่อม,NR-RESEARCH-AREA-161,161,Ban Lueam,Ban Lueam,0;1,0,1,1,CONSERVATIVE_MAX_WITH_CONFLICT_FLAG,32834;32835,Drought risk duplicated with conflicting class values; droughtRiskLevel uses conservative maximum and raw values are retained.
NR-MONTHLY-2024-10-300603,2024-10,3006,จักราช,300603,ทองหลาง,NR-RESEARCH-AREA-065,65,Chakkarat,Thong Lang,0;1,0,1,1,CONSERVATIVE_MAX_WITH_CONFLICT_FLAG,12904;12905,Drought risk duplicated with conflicting class values; droughtRiskLevel uses conservative maximum and raw values are retained.
NR-MONTHLY-2024-10-300605,2024-10,3006,จักราช,300605,หนองขาม,NR-RESEARCH-AREA-067,67,Chakkarat,Nong Kham,0;1,0,1,1,CONSERVATIVE_MAX_WITH_CONFLICT_FLAG,13324;13325,Drought risk duplicated with conflicting class values; droughtRiskLevel uses conservative maximum and raw values are retained.
NR-MONTHLY-2024-10-300802,2024-10,3008,ด่านขุนทด,300802,ด่านขุนทด,NR-RESEARCH-AREA-097,97,Dan Khun Thot,Dan Khun Thot,0;1,0,1,1,CONSERVATIVE_MAX_WITH_CONFLICT_FLAG,19640;19641,Drought risk duplicated with conflicting class values; droughtRiskLevel uses conservative maximum and raw values are retained.
NR-MONTHLY-2024-10-300803,2024-10,3008,ด่านขุนทด,300803,ด่านนอก,NR-RESEARCH-AREA-098,98,Dan Khun Thot,Dan Nok,0;1,0,1,1,CONSERVATIVE_MAX_WITH_CONFLICT_FLAG,19850;19851,Drought risk duplicated with conflicting class values; droughtRiskLevel uses conservative maximum and raw values are retained.
NR-MONTHLY-2024-10-300804,2024-10,3008,ด่านขุนทด,300804,ด่านใน,NR-RESEARCH-AREA-099,99,Dan Khun Thot,Dan Nai,0;1,0,1,1,CONSERVATIVE_MAX_WITH_CONFLICT_FLAG,20060;20061,Drought risk duplicated with conflicting class values; droughtRiskLevel uses conservative maximum and raw values are retained.
NR-MONTHLY-2024-10-300806,2024-10,3008,ด่านขุนทด,300806,บ้านเก่า,NR-RESEARCH-AREA-101,101,Dan Khun Thot,Ban Kao,0;1,0,1,1,CONSERVATIVE_MAX_WITH_CONFLICT_FLAG,20484;20485,Drought risk duplicated with conflicting class values; droughtRiskLevel uses conservative maximum and raw values are retained.
NR-MONTHLY-2024-10-300807,2024-10,3008,ด่านขุนทด,300807,บ้านแปรง,NR-RESEARCH-AREA-102,102,Dan Khun Thot,Ban Praeng,0;1,0,1,1,CONSERVATIVE_MAX_WITH_CONFLICT_FLAG,20696;20697,Drought risk duplicated with conflicting class values; droughtRiskLevel uses conservative maximum and raw values are retained.
NR-MONTHLY-2024-10-300903,2024-10,3009,โนนไทย,300903,กำปัง,NR-RESEARCH-AREA-123,123,Non Thai,Kampang,0;1,0,1,1,CONSERVATIVE_MAX_WITH_CONFLICT_FLAG,25122;25123,Drought risk duplicated with conflicting class values; droughtRiskLevel uses conservative maximum and raw values are retained.
NR-MONTHLY-2024-10-300905,2024-10,3009,โนนไทย,300905,ค้างพลู,NR-RESEARCH-AREA-125,125,Non Thai,Khang Phlu,0;1,0,1,1,CONSERVATIVE_MAX_WITH_CONFLICT_FLAG,25547;25548,Drought risk duplicated with conflicting class values; droughtRiskLevel uses conservative maximum and raw values are retained.
NR-MONTHLY-2024-10-300906,2024-10,3009,โนนไทย,300906,บ้านวัง,NR-RESEARCH-AREA-126,126,Non Thai,Ban Wang,0;1,0,1,1,CONSERVATIVE_MAX_WITH_CONFLICT_FLAG,25759;25760,Drought risk duplicated with conflicting class values; droughtRiskLevel uses conservative maximum and raw values are retained.
NR-MONTHLY-2024-10-300907,2024-10,3009,โนนไทย,300907,บัลลังก์,NR-RESEARCH-AREA-127,127,Non Thai,Banlang,0;1,0,1,1,CONSERVATIVE_MAX_WITH_CONFLICT_FLAG,25971;25972,Drought risk duplicated with conflicting class values; droughtRiskLevel uses conservative maximum and raw values are retained.
NR-MONTHLY-2024-10-300909,2024-10,3009,โนนไทย,300909,ถนนโพธิ์,NR-RESEARCH-AREA-129,129,Non Thai,Thanon Pho,0;1,0,1,1,CONSERVATIVE_MAX_WITH_CONFLICT_FLAG,26395;26396,Drought risk duplicated with conflicting class values; droughtRiskLevel uses conservative maximum and raw values are retained.
NR-MONTHLY-2024-10-301003,2024-10,3010,โนนสูง,301003,โตนด,NR-RESEARCH-AREA-133,133,Non Sung,Tanot,0;1,0,1,1,CONSERVATIVE_MAX_WITH_CONFLICT_FLAG,27213;27214,Drought risk duplicated with conflicting class values; droughtRiskLevel uses conservative maximum and raw values are retained.
NR-MONTHLY-2024-10-301004,2024-10,3010,โนนสูง,301004,บิง,NR-RESEARCH-AREA-134,134,Non Sung,Bing,0;1,0,1,1,CONSERVATIVE_MAX_WITH_CONFLICT_FLAG,27414;27415,Drought risk duplicated with conflicting class values; droughtRiskLevel uses conservative maximum and raw values are retained.
NR-MONTHLY-2024-10-301005,2024-10,3010,โนนสูง,301005,ดอนชมพู,NR-RESEARCH-AREA-135,135,Non Sung,Don Chomphu,0;1,0,1,1,CONSERVATIVE_MAX_WITH_CONFLICT_FLAG,27618;27619,Drought risk duplicated with conflicting class values; droughtRiskLevel uses conservative maximum and raw values are retained.
NR-MONTHLY-2024-10-301006,2024-10,3010,โนนสูง,301006,ธารปราสาท,NR-RESEARCH-AREA-136,136,Non Sung,Than Prasat,0;1,0,1,1,CONSERVATIVE_MAX_WITH_CONFLICT_FLAG,27820;27821,Drought risk duplicated with conflicting class values; droughtRiskLevel uses conservative maximum and raw values are retained.
NR-MONTHLY-2024-10-301007,2024-10,3010,โนนสูง,301007,หลุมข้าว,NR-RESEARCH-AREA-137,137,Non Sung,Lum Khao,0;1,0,1,1,CONSERVATIVE_MAX_WITH_CONFLICT_FLAG,28029;28030,Drought risk duplicated with conflicting class values; droughtRiskLevel uses conservative maximum and raw values are retained.
NR-MONTHLY-2024-10-301008,2024-10,3010,โนนสูง,301008,มะค่า,NR-RESEARCH-AREA-138,138,Non Sung,Makha,0;1,0,1,1,CONSERVATIVE_MAX_WITH_CONFLICT_FLAG,28230;28231,Drought risk duplicated with conflicting class values; droughtRiskLevel uses conservative maximum and raw values are retained.
NR-MONTHLY-2024-10-301009,2024-10,3010,โนนสูง,301009,พลสงคราม,NR-RESEARCH-AREA-139,139,Non Sung,Phon Songkhram,0;1,0,1,1,CONSERVATIVE_MAX_WITH_CONFLICT_FLAG,28429;28430,Drought risk duplicated with conflicting class values; droughtRiskLevel uses conservative maximum and raw values are retained.
NR-MONTHLY-2024-10-301010,2024-10,3010,โนนสูง,301010,จันอัด,NR-RESEARCH-AREA-140,140,Non Sung,Chan-At,0;1,0,1,1,CONSERVATIVE_MAX_WITH_CONFLICT_FLAG,28628;28629,Drought risk duplicated with conflicting class values; droughtRiskLevel uses conservative maximum and raw values are retained.
NR-MONTHLY-2024-10-301011,2024-10,3010,โนนสูง,301011,ขามเฒ่า,NR-RESEARCH-AREA-141,141,Non Sung,Kham Thao,0;1,0,1,1,CONSERVATIVE_MAX_WITH_CONFLICT_FLAG,28830;28831,Drought risk duplicated with conflicting class values; droughtRiskLevel uses conservative maximum and raw values are retained.
NR-MONTHLY-2024-10-301014,2024-10,3010,โนนสูง,301014,เมืองปราสาท,NR-RESEARCH-AREA-144,144,Non Sung,Mueang Prasat,0;1,0,1,1,CONSERVATIVE_MAX_WITH_CONFLICT_FLAG,29433;29434,Drought risk duplicated with conflicting class values; droughtRiskLevel uses conservative maximum and raw values are retained.
NR-MONTHLY-2024-10-301016,2024-10,3010,โนนสูง,301016,ลำมูล,NR-RESEARCH-AREA-146,146,Non Sung,Lammun,0;1,0,1,1,CONSERVATIVE_MAX_WITH_CONFLICT_FLAG,29831;29832,Drought risk duplicated with conflicting class values; droughtRiskLevel uses conservative maximum and raw values are retained.
NR-MONTHLY-2024-10-301102,2024-10,3011,ขามสะแกแสง,301102,โนนเมือง,NR-RESEARCH-AREA-036,36,Kham Sakae Saeng,Non Mueang,0;1,0,1,1,CONSERVATIVE_MAX_WITH_CONFLICT_FLAG,7062;7063,Drought risk duplicated with conflicting class values; droughtRiskLevel uses conservative maximum and raw values are retained.
NR-MONTHLY-2024-10-301103,2024-10,3011,ขามสะแกแสง,301103,เมืองนาท,NR-RESEARCH-AREA-037,37,Kham Sakae Saeng,Mueang Nat,0;1,0,1,1,CONSERVATIVE_MAX_WITH_CONFLICT_FLAG,7298;7299,Drought risk duplicated with conflicting class values; droughtRiskLevel uses conservative maximum and raw values are retained.
NR-MONTHLY-2024-10-301104,2024-10,3011,ขามสะแกแสง,301104,ชีวึก,NR-RESEARCH-AREA-038,38,Kham Sakae Saeng,Chiwuek,0;1,0,1,1,CONSERVATIVE_MAX_WITH_CONFLICT_FLAG,7534;7535,Drought risk duplicated with conflicting class values; droughtRiskLevel uses conservative maximum and raw values are retained.
NR-MONTHLY-2024-10-301107,2024-10,3011,ขามสะแกแสง,301107,เมืองเกษตร,NR-RESEARCH-AREA-041,41,Kham Sakae Saeng,Mueang Kaset,0;1,0,1,1,CONSERVATIVE_MAX_WITH_CONFLICT_FLAG,8242;8243,Drought risk duplicated with conflicting class values; droughtRiskLevel uses conservative maximum and raw values are retained.
NR-MONTHLY-2024-10-301203,2024-10,3012,บัวใหญ่,301203,ห้วยยาง,NR-RESEARCH-AREA-152,152,Bua Yai,Huai Yang,0;1,0,1,1,CONSERVATIVE_MAX_WITH_CONFLICT_FLAG,31109;31110,Drought risk duplicated with conflicting class values; droughtRiskLevel uses conservative maximum and raw values are retained.
NR-MONTHLY-2024-10-301204,2024-10,3012,บัวใหญ่,301204,เสมาใหญ่,NR-RESEARCH-AREA-153,153,Bua Yai,Sema Yai,0;1,0,1,1,CONSERVATIVE_MAX_WITH_CONFLICT_FLAG,31301;31302,Drought risk duplicated with conflicting class values; droughtRiskLevel uses conservative maximum and raw values are retained.
NR-MONTHLY-2024-10-301214,2024-10,3012,บัวใหญ่,301214,กุดจอก,NR-RESEARCH-AREA-157,157,Bua Yai,Kut Chok,0;1,0,1,1,CONSERVATIVE_MAX_WITH_CONFLICT_FLAG,32063;32064,Drought risk duplicated with conflicting class values; droughtRiskLevel uses conservative maximum and raw values are retained.
NR-MONTHLY-2024-10-301215,2024-10,3012,บัวใหญ่,301215,ด่านช้าง,NR-RESEARCH-AREA-158,158,Bua Yai,Dan Chang,0;1,0,1,1,CONSERVATIVE_MAX_WITH_CONFLICT_FLAG,32255;32256,Drought risk duplicated with conflicting class values; droughtRiskLevel uses conservative maximum and raw values are retained.
NR-MONTHLY-2024-10-301307,2024-10,3013,ประทาย,301307,หนองพลวง,NR-RESEARCH-AREA-166,166,Prathai,Nong Phluang,0;1,0,1,1,CONSERVATIVE_MAX_WITH_CONFLICT_FLAG,33820;33821,Drought risk duplicated with conflicting class values; droughtRiskLevel uses conservative maximum and raw values are retained.
NR-MONTHLY-2024-10-301318,2024-10,3013,ประทาย,301318,เมืองโดน,NR-RESEARCH-AREA-177,177,Prathai,Mueang Don,0;1,0,1,1,CONSERVATIVE_MAX_WITH_CONFLICT_FLAG,36046;36047,Drought risk duplicated with conflicting class values; droughtRiskLevel uses conservative maximum and raw values are retained.
NR-MONTHLY-2024-10-301409,2024-10,3014,ปักธงชัย,301409,ตูม,NR-RESEARCH-AREA-185,185,Pak Thong Chai,Tum,0;1,0,1,1,CONSERVATIVE_MAX_WITH_CONFLICT_FLAG,37731;37732,Drought risk duplicated with conflicting class values; droughtRiskLevel uses conservative maximum and raw values are retained.
NR-MONTHLY-2024-10-301502,2024-10,3015,พิมาย,301502,สัมฤทธิ์,NR-RESEARCH-AREA-212,212,Phimai,Samrit,0;1,0,1,1,CONSERVATIVE_MAX_WITH_CONFLICT_FLAG,42768;42769,Drought risk duplicated with conflicting class values; droughtRiskLevel uses conservative maximum and raw values are retained.
NR-MONTHLY-2024-10-301503,2024-10,3015,พิมาย,301503,โบสถ์,NR-RESEARCH-AREA-213,213,Phimai,Bot,0;1,0,1,1,CONSERVATIVE_MAX_WITH_CONFLICT_FLAG,42998;42999,Drought risk duplicated with conflicting class values; droughtRiskLevel uses conservative maximum and raw values are retained.
NR-MONTHLY-2024-10-301504,2024-10,3015,พิมาย,301504,กระเบื้องใหญ่,NR-RESEARCH-AREA-214,214,Phimai,Krabueang Yai,0;1,0,1,1,CONSERVATIVE_MAX_WITH_CONFLICT_FLAG,43231;43232,Drought risk duplicated with conflicting class values; droughtRiskLevel uses conservative maximum and raw values are retained.
NR-MONTHLY-2024-10-301505,2024-10,3015,พิมาย,301505,ท่าหลวง,NR-RESEARCH-AREA-215,215,Phimai,Tha Luang,0;1,0,1,1,CONSERVATIVE_MAX_WITH_CONFLICT_FLAG,43462;43463,Drought risk duplicated with conflicting class values; droughtRiskLevel uses conservative maximum and raw values are retained.
NR-MONTHLY-2024-10-301506,2024-10,3015,พิมาย,301506,รังกาใหญ่,NR-RESEARCH-AREA-216,216,Phimai,Rang Ka Yai,0;1,0,1,1,CONSERVATIVE_MAX_WITH_CONFLICT_FLAG,43693;43694,Drought risk duplicated with conflicting class values; droughtRiskLevel uses conservative maximum and raw values are retained.
NR-MONTHLY-2024-10-301507,2024-10,3015,พิมาย,301507,ชีวาน,NR-RESEARCH-AREA-217,217,Phimai,Chiwan,0;1,0,1,1,CONSERVATIVE_MAX_WITH_CONFLICT_FLAG,43926;43927,Drought risk duplicated with conflicting class values; droughtRiskLevel uses conservative maximum and raw values are retained.
NR-MONTHLY-2024-10-301508,2024-10,3015,พิมาย,301508,นิคมสร้างตนเอง,NR-RESEARCH-AREA-218,218,Phimai,Nikhom Sang Ton-Eng,0;1,0,1,1,CONSERVATIVE_MAX_WITH_CONFLICT_FLAG,44156;44157,Drought risk duplicated with conflicting class values; droughtRiskLevel uses conservative maximum and raw values are retained.
NR-MONTHLY-2024-10-301604,2024-10,3016,ห้วยแถลง,301604,หลุ่งตะเคียน,NR-RESEARCH-AREA-282,282,Huai Thalaeng,Lung Takhian,0;1,0,1,1,CONSERVATIVE_MAX_WITH_CONFLICT_FLAG,57146;57147,Drought risk duplicated with conflicting class values; droughtRiskLevel uses conservative maximum and raw values are retained.
NR-MONTHLY-2024-10-301606,2024-10,3016,ห้วยแถลง,301606,งิ้ว,NR-RESEARCH-AREA-284,284,Huai Thalaeng,Ngio,0;1,0,1,1,CONSERVATIVE_MAX_WITH_CONFLICT_FLAG,57528;57529,Drought risk duplicated with conflicting class values; droughtRiskLevel uses conservative maximum and raw values are retained.
NR-MONTHLY-2024-10-301607,2024-10,3016,ห้วยแถลง,301607,กงรถ,NR-RESEARCH-AREA-285,285,Huai Thalaeng,Kong Rot,0;1,0,1,1,CONSERVATIVE_MAX_WITH_CONFLICT_FLAG,57719;57720,Drought risk duplicated with conflicting class values; droughtRiskLevel uses conservative maximum and raw values are retained.
NR-MONTHLY-2024-10-301701,2024-10,3017,ชุมพวง,301701,ชุมพวง,NR-RESEARCH-AREA-077,77,Chum Phuang,Chum Phuang,0;1,0,1,1,CONSERVATIVE_MAX_WITH_CONFLICT_FLAG,15399;15400,Drought risk duplicated with conflicting class values; droughtRiskLevel uses conservative maximum and raw values are retained.
NR-MONTHLY-2024-10-301702,2024-10,3017,ชุมพวง,301702,ประสุข,NR-RESEARCH-AREA-078,78,Chum Phuang,Prasuk,0;1,0,1,1,CONSERVATIVE_MAX_WITH_CONFLICT_FLAG,15632;15633,Drought risk duplicated with conflicting class values; droughtRiskLevel uses conservative maximum and raw values are retained.
NR-MONTHLY-2024-10-301704,2024-10,3017,ชุมพวง,301704,สาหร่าย,NR-RESEARCH-AREA-080,80,Chum Phuang,Sarai,0;1,0,1,1,CONSERVATIVE_MAX_WITH_CONFLICT_FLAG,16092;16093,Drought risk duplicated with conflicting class values; droughtRiskLevel uses conservative maximum and raw values are retained.
NR-MONTHLY-2024-10-301904,2024-10,3019,ขามทะเลสอ,301904,หนองสรวง,NR-RESEARCH-AREA-033,33,Kham Thale So,Nong Suang,0;1,0,1,1,CONSERVATIVE_MAX_WITH_CONFLICT_FLAG,6399;6400,Drought risk duplicated with conflicting class values; droughtRiskLevel uses conservative maximum and raw values are retained.
NR-MONTHLY-2024-10-302003,2024-10,3020,สีคิ้ว,302003,กฤษณา,NR-RESEARCH-AREA-238,238,Si Khio,Kritsana,0;1,0,1,1,CONSERVATIVE_MAX_WITH_CONFLICT_FLAG,48249;48250,Drought risk duplicated with conflicting class values; droughtRiskLevel uses conservative maximum and raw values are retained.
NR-MONTHLY-2024-10-302106,2024-10,3021,ปากช่อง,302106,หนองสาหร่าย,NR-RESEARCH-AREA-199,199,Pak Chong,Nong Sarai,0;1,0,1,1,CONSERVATIVE_MAX_WITH_CONFLICT_FLAG,40294;40295,Drought risk duplicated with conflicting class values; droughtRiskLevel uses conservative maximum and raw values are retained.
NR-MONTHLY-2024-10-302304,2024-10,3023,แก้งสนามนาง,302304,สีสุก,NR-RESEARCH-AREA-028,28,Kaeng Sanam Nang,Si Suk,0;1,0,1,1,CONSERVATIVE_MAX_WITH_CONFLICT_FLAG,5411;5412,Drought risk duplicated with conflicting class values; droughtRiskLevel uses conservative maximum and raw values are retained.
NR-MONTHLY-2024-10-302401,2024-10,3024,โนนแดง,302401,โนนแดง,NR-RESEARCH-AREA-116,116,Non Daeng,Non Daeng,0;1,0,1,1,CONSERVATIVE_MAX_WITH_CONFLICT_FLAG,23555;23556,Drought risk duplicated with conflicting class values; droughtRiskLevel uses conservative maximum and raw values are retained.
NR-MONTHLY-2024-10-302403,2024-10,3024,โนนแดง,302403,สำพะเนียง,NR-RESEARCH-AREA-118,118,Non Daeng,Sam Phaniang,0;1,0,1,1,CONSERVATIVE_MAX_WITH_CONFLICT_FLAG,24017;24018,Drought risk duplicated with conflicting class values; droughtRiskLevel uses conservative maximum and raw values are retained.
NR-MONTHLY-2024-10-302404,2024-10,3024,โนนแดง,302404,วังหิน,NR-RESEARCH-AREA-119,119,Non Daeng,Wang Hin,0;1,0,1,1,CONSERVATIVE_MAX_WITH_CONFLICT_FLAG,24246;24247,Drought risk duplicated with conflicting class values; droughtRiskLevel uses conservative maximum and raw values are retained.
NR-MONTHLY-2024-10-302405,2024-10,3024,โนนแดง,302405,ดอนยาวใหญ่,NR-RESEARCH-AREA-120,120,Non Daeng,Don Yao Yai,0;1,0,1,1,CONSERVATIVE_MAX_WITH_CONFLICT_FLAG,24476;24477,Drought risk duplicated with conflicting class values; droughtRiskLevel uses conservative maximum and raw values are retained.
NR-MONTHLY-2024-10-302603,2024-10,3026,เทพารักษ์,302603,บึงปรือ,NR-RESEARCH-AREA-114,114,Thepharak,Bueng Prue,0;1,0,1,1,CONSERVATIVE_MAX_WITH_CONFLICT_FLAG,23143;23144,Drought risk duplicated with conflicting class values; droughtRiskLevel uses conservative maximum and raw values are retained.
NR-MONTHLY-2024-10-302604,2024-10,3026,เทพารักษ์,302604,วังยายทอง,NR-RESEARCH-AREA-115,115,Thepharak,Wang Yai Thong,0;1,0,1,1,CONSERVATIVE_MAX_WITH_CONFLICT_FLAG,23329;23330,Drought risk duplicated with conflicting class values; droughtRiskLevel uses conservative maximum and raw values are retained.
NR-MONTHLY-2024-10-302702,2024-10,3027,เมืองยาง,302702,กระเบื้องนอก,NR-RESEARCH-AREA-224,224,Mueang Yang,Krabueang Nok,0;1,0,1,1,CONSERVATIVE_MAX_WITH_CONFLICT_FLAG,45491;45492,Drought risk duplicated with conflicting class values; droughtRiskLevel uses conservative maximum and raw values are retained.
NR-MONTHLY-2024-10-302703,2024-10,3027,เมืองยาง,302703,ละหานปลาค้าว,NR-RESEARCH-AREA-225,225,Mueang Yang,Lahan Pla Khao,0;1,0,1,1,CONSERVATIVE_MAX_WITH_CONFLICT_FLAG,45692;45693,Drought risk duplicated with conflicting class values; droughtRiskLevel uses conservative maximum and raw values are retained.
NR-MONTHLY-2024-10-302704,2024-10,3027,เมืองยาง,302704,โนนอุดม,NR-RESEARCH-AREA-226,226,Mueang Yang,Non Udom,0;1,0,1,1,CONSERVATIVE_MAX_WITH_CONFLICT_FLAG,45892;45893,Drought risk duplicated with conflicting class values; droughtRiskLevel uses conservative maximum and raw values are retained.
NR-MONTHLY-2024-10-302802,2024-10,3028,พระทองคำ,302802,มาบกราด,NR-RESEARCH-AREA-207,207,Phra Thong Kham,Map Krat,0;1,0,1,1,CONSERVATIVE_MAX_WITH_CONFLICT_FLAG,41717;41718,Drought risk duplicated with conflicting class values; droughtRiskLevel uses conservative maximum and raw values are retained.
NR-MONTHLY-2024-10-302803,2024-10,3028,พระทองคำ,302803,พังเทียม,NR-RESEARCH-AREA-208,208,Phra Thong Kham,Phang Thiam,0;1,0,1,1,CONSERVATIVE_MAX_WITH_CONFLICT_FLAG,41914;41915,Drought risk duplicated with conflicting class values; droughtRiskLevel uses conservative maximum and raw values are retained.
NR-MONTHLY-2024-10-302902,2024-10,3029,ลำทะเมนชัย,302902,บ้านยาง,NR-RESEARCH-AREA-228,228,Lamtaman Chai,Ban Yang,0;1,0,1,1,CONSERVATIVE_MAX_WITH_CONFLICT_FLAG,46320;46321,Drought risk duplicated with conflicting class values; droughtRiskLevel uses conservative maximum and raw values are retained.
NR-MONTHLY-2024-10-303102,2024-10,3031,สีดา,303102,โพนทอง,NR-RESEARCH-AREA-249,249,Sida,Phon Thong,0;1,0,1,1,CONSERVATIVE_MAX_WITH_CONFLICT_FLAG,50399;50400,Drought risk duplicated with conflicting class values; droughtRiskLevel uses conservative maximum and raw values are retained.
NR-MONTHLY-2024-10-303104,2024-10,3031,สีดา,303104,สามเมือง,NR-RESEARCH-AREA-251,251,Sida,Sam Mueang,0;1,0,1,1,CONSERVATIVE_MAX_WITH_CONFLICT_FLAG,50812;50813,Drought risk duplicated with conflicting class values; droughtRiskLevel uses conservative maximum and raw values are retained.
NR-MONTHLY-2024-10-303105,2024-10,3031,สีดา,303105,หนองตาดใหญ่,NR-RESEARCH-AREA-252,252,Sida,Nong Tat Yai,0;1,0,1,1,CONSERVATIVE_MAX_WITH_CONFLICT_FLAG,51021;51022,Drought risk duplicated with conflicting class values; droughtRiskLevel uses conservative maximum and raw values are retained.
NR-MONTHLY-2024-10-303201,2024-10,3032,เฉลิมพระเกียรติ,303201,ช้างทอง,NR-RESEARCH-AREA-072,72,Chaloem Phra Kiet,Chang Thong,0;1,0,1,1,CONSERVATIVE_MAX_WITH_CONFLICT_FLAG,14356;14357,Drought risk duplicated with conflicting class values; droughtRiskLevel uses conservative maximum and raw values are retained.
NR-MONTHLY-2024-10-303203,2024-10,3032,เฉลิมพระเกียรติ,303203,พระพุทธ,NR-RESEARCH-AREA-074,74,Chaloem Phra Kiet,Phraphut,0;1,0,1,1,CONSERVATIVE_MAX_WITH_CONFLICT_FLAG,14763;14764,Drought risk duplicated with conflicting class values; droughtRiskLevel uses conservative maximum and raw values are retained.
NR-MONTHLY-2024-10-303204,2024-10,3032,เฉลิมพระเกียรติ,303204,หนองงูเหลือม,NR-RESEARCH-AREA-075,75,Chaloem Phra Kiet,Nong Ngu Lueam,0;1,0,1,1,CONSERVATIVE_MAX_WITH_CONFLICT_FLAG,14969;14970,Drought risk duplicated with conflicting class values; droughtRiskLevel uses conservative maximum and raw values are retained.
NR-MONTHLY-2024-10-303205,2024-10,3032,เฉลิมพระเกียรติ,303205,หนองยาง,NR-RESEARCH-AREA-076,76,Chaloem Phra Kiet,Nong Yang,0;1,0,1,1,CONSERVATIVE_MAX_WITH_CONFLICT_FLAG,15176;15177,Drought risk duplicated with conflicting class values; droughtRiskLevel uses conservative maximum and raw values are retained.
NR-MONTHLY-2024-11-300103,2024-11,3001,เมืองนครราชสีมา,300103,หนองจะบก,NR-RESEARCH-AREA-002,2,Mueang Nakhon Ratchasima,Nong Chabok,0;1,0,1,1,CONSERVATIVE_MAX_WITH_CONFLICT_FLAG,490;491,Drought risk duplicated with conflicting class values; droughtRiskLevel uses conservative maximum and raw values are retained.
NR-MONTHLY-2024-11-300104,2024-11,3001,เมืองนครราชสีมา,300104,โคกสูง,NR-RESEARCH-AREA-003,3,Mueang Nakhon Ratchasima,Khok Sung,0;1,0,1,1,CONSERVATIVE_MAX_WITH_CONFLICT_FLAG,678;679,Drought risk duplicated with conflicting class values; droughtRiskLevel uses conservative maximum and raw values are retained.
NR-MONTHLY-2024-11-300105,2024-11,3001,เมืองนครราชสีมา,300105,มะเริง,NR-RESEARCH-AREA-004,4,Mueang Nakhon Ratchasima,Maroeng,0;1,0,1,1,CONSERVATIVE_MAX_WITH_CONFLICT_FLAG,869;870,Drought risk duplicated with conflicting class values; droughtRiskLevel uses conservative maximum and raw values are retained.
NR-MONTHLY-2024-11-300108,2024-11,3001,เมืองนครราชสีมา,300108,หมื่นไวย,NR-RESEARCH-AREA-007,7,Mueang Nakhon Ratchasima,Muen Wai,0;1,0,1,1,CONSERVATIVE_MAX_WITH_CONFLICT_FLAG,1437;1438,Drought risk duplicated with conflicting class values; droughtRiskLevel uses conservative maximum and raw values are retained.
NR-MONTHLY-2024-11-300109,2024-11,3001,เมืองนครราชสีมา,300109,พลกรัง,NR-RESEARCH-AREA-008,8,Mueang Nakhon Ratchasima,Phon Krang,0;1,0,1,1,CONSERVATIVE_MAX_WITH_CONFLICT_FLAG,1627;1628,Drought risk duplicated with conflicting class values; droughtRiskLevel uses conservative maximum and raw values are retained.
NR-MONTHLY-2024-11-300114,2024-11,3001,เมืองนครราชสีมา,300114,พุดซา,NR-RESEARCH-AREA-013,13,Mueang Nakhon Ratchasima,Phut Sa,0;1,0,1,1,CONSERVATIVE_MAX_WITH_CONFLICT_FLAG,2536;2537,Drought risk duplicated with conflicting class values; droughtRiskLevel uses conservative maximum and raw values are retained.
NR-MONTHLY-2024-11-300116,2024-11,3001,เมืองนครราชสีมา,300116,จอหอ,NR-RESEARCH-AREA-015,15,Mueang Nakhon Ratchasima,Cho Ho,0;1,0,1,1,CONSERVATIVE_MAX_WITH_CONFLICT_FLAG,2915;2916,Drought risk duplicated with conflicting class values; droughtRiskLevel uses conservative maximum and raw values are retained.
NR-MONTHLY-2024-11-300117,2024-11,3001,เมืองนครราชสีมา,300117,โคกกรวด,NR-RESEARCH-AREA-016,16,Mueang Nakhon Ratchasima,Khok Kruat,0;1,0,1,1,CONSERVATIVE_MAX_WITH_CONFLICT_FLAG,3105;3106,Drought risk duplicated with conflicting class values; droughtRiskLevel uses conservative maximum and raw values are retained.
NR-MONTHLY-2024-11-300120,2024-11,3001,เมืองนครราชสีมา,300120,สุรนารี,NR-RESEARCH-AREA-019,19,Mueang Nakhon Ratchasima,Suranari,0;1,0,1,1,CONSERVATIVE_MAX_WITH_CONFLICT_FLAG,3664;3665,Drought risk duplicated with conflicting class values; droughtRiskLevel uses conservative maximum and raw values are retained.
NR-MONTHLY-2024-11-300121,2024-11,3001,เมืองนครราชสีมา,300121,สีมุม,NR-RESEARCH-AREA-020,20,Mueang Nakhon Ratchasima,Si Mum,0;1,0,1,1,CONSERVATIVE_MAX_WITH_CONFLICT_FLAG,3853;3854,Drought risk duplicated with conflicting class values; droughtRiskLevel uses conservative maximum and raw values are retained.
NR-MONTHLY-2024-11-300122,2024-11,3001,เมืองนครราชสีมา,300122,ตลาด,NR-RESEARCH-AREA-021,21,Mueang Nakhon Ratchasima,Talat,0;1,0,1,1,CONSERVATIVE_MAX_WITH_CONFLICT_FLAG,4044;4045,Drought risk duplicated with conflicting class values; droughtRiskLevel uses conservative maximum and raw values are retained.
NR-MONTHLY-2024-11-300201,2024-11,3002,ครบุรี,300201,แชะ,NR-RESEARCH-AREA-052,52,Khon Buri,Chae,0;1,0,1,1,CONSERVATIVE_MAX_WITH_CONFLICT_FLAG,10411;10412,Drought risk duplicated with conflicting class values; droughtRiskLevel uses conservative maximum and raw values are retained.
NR-MONTHLY-2024-11-300204,2024-11,3002,ครบุรี,300204,โคกกระชาย,NR-RESEARCH-AREA-055,55,Khon Buri,Khok Krachai,0;1,0,1,1,CONSERVATIVE_MAX_WITH_CONFLICT_FLAG,10982;10983,Drought risk duplicated with conflicting class values; droughtRiskLevel uses conservative maximum and raw values are retained.
NR-MONTHLY-2024-11-300205,2024-11,3002,ครบุรี,300205,จระเข้หิน,NR-RESEARCH-AREA-056,56,Khon Buri,Chorakhe Hin,0;1,0,1,1,CONSERVATIVE_MAX_WITH_CONFLICT_FLAG,11177;11178,Drought risk duplicated with conflicting class values; droughtRiskLevel uses conservative maximum and raw values are retained.
NR-MONTHLY-2024-11-300206,2024-11,3002,ครบุรี,300206,มาบตะโกเอน,NR-RESEARCH-AREA-057,57,Khon Buri,Map Tako En,0;1,0,1,1,CONSERVATIVE_MAX_WITH_CONFLICT_FLAG,11369;11370,Drought risk duplicated with conflicting class values; droughtRiskLevel uses conservative maximum and raw values are retained.
NR-MONTHLY-2024-11-300209,2024-11,3002,ครบุรี,300209,ลำเพียก,NR-RESEARCH-AREA-060,60,Khon Buri,Lamphiak,0;1,0,1,1,CONSERVATIVE_MAX_WITH_CONFLICT_FLAG,11929;11930,Drought risk duplicated with conflicting class values; droughtRiskLevel uses conservative maximum and raw values are retained.
NR-MONTHLY-2024-11-300210,2024-11,3002,ครบุรี,300210,ครบุรีใต้,NR-RESEARCH-AREA-061,61,Khon Buri,Khon Buri Tai,0;1,0,1,1,CONSERVATIVE_MAX_WITH_CONFLICT_FLAG,12112;12113,Drought risk duplicated with conflicting class values; droughtRiskLevel uses conservative maximum and raw values are retained.
NR-MONTHLY-2024-11-300211,2024-11,3002,ครบุรี,300211,ตะแบกบาน,NR-RESEARCH-AREA-062,62,Khon Buri,Tabaek Ban,0;1,0,1,1,CONSERVATIVE_MAX_WITH_CONFLICT_FLAG,12305;12306,Drought risk duplicated with conflicting class values; droughtRiskLevel uses conservative maximum and raw values are retained.
NR-MONTHLY-2024-11-300212,2024-11,3002,ครบุรี,300212,สระว่านพระยา,NR-RESEARCH-AREA-063,63,Khon Buri,Sa Wan Phraya,0;1,0,1,1,CONSERVATIVE_MAX_WITH_CONFLICT_FLAG,12490;12491,Drought risk duplicated with conflicting class values; droughtRiskLevel uses conservative maximum and raw values are retained.
NR-MONTHLY-2024-11-300301,2024-11,3003,เสิงสาง,300301,เสิงสาง,NR-RESEARCH-AREA-264,264,Soeng Sang,Soeng Sang,0;1,0,1,1,CONSERVATIVE_MAX_WITH_CONFLICT_FLAG,53463;53464,Drought risk duplicated with conflicting class values; droughtRiskLevel uses conservative maximum and raw values are retained.
NR-MONTHLY-2024-11-300302,2024-11,3003,เสิงสาง,300302,สระตะเคียน,NR-RESEARCH-AREA-265,265,Soeng Sang,Sa Takhian,0;1,0,1,1,CONSERVATIVE_MAX_WITH_CONFLICT_FLAG,53657;53658,Drought risk duplicated with conflicting class values; droughtRiskLevel uses conservative maximum and raw values are retained.
NR-MONTHLY-2024-11-300303,2024-11,3003,เสิงสาง,300303,โนนสมบูรณ์,NR-RESEARCH-AREA-266,266,Soeng Sang,Non Sombun,0;1,0,1,1,CONSERVATIVE_MAX_WITH_CONFLICT_FLAG,53852;53853,Drought risk duplicated with conflicting class values; droughtRiskLevel uses conservative maximum and raw values are retained.
NR-MONTHLY-2024-11-300304,2024-11,3003,เสิงสาง,300304,กุดโบสถ์,NR-RESEARCH-AREA-267,267,Soeng Sang,Kut Bot,0;1,0,1,1,CONSERVATIVE_MAX_WITH_CONFLICT_FLAG,54033;54034,Drought risk duplicated with conflicting class values; droughtRiskLevel uses conservative maximum and raw values are retained.
NR-MONTHLY-2024-11-300306,2024-11,3003,เสิงสาง,300306,บ้านราษฎร์,NR-RESEARCH-AREA-269,269,Soeng Sang,Ban Rat,0;1,0,1,1,CONSERVATIVE_MAX_WITH_CONFLICT_FLAG,54417;54418,Drought risk duplicated with conflicting class values; droughtRiskLevel uses conservative maximum and raw values are retained.
NR-MONTHLY-2024-11-300601,2024-11,3006,จักราช,300601,จักราช,NR-RESEARCH-AREA-064,64,Chakkarat,Chakkarat,0;1,0,1,1,CONSERVATIVE_MAX_WITH_CONFLICT_FLAG,12697;12698,Drought risk duplicated with conflicting class values; droughtRiskLevel uses conservative maximum and raw values are retained.
NR-MONTHLY-2024-11-300604,2024-11,3006,จักราช,300604,สีสุก,NR-RESEARCH-AREA-066,66,Chakkarat,Si Suk,0;1,0,1,1,CONSERVATIVE_MAX_WITH_CONFLICT_FLAG,13116;13117,Drought risk duplicated with conflicting class values; droughtRiskLevel uses conservative maximum and raw values are retained.
NR-MONTHLY-2024-11-300605,2024-11,3006,จักราช,300605,หนองขาม,NR-RESEARCH-AREA-067,67,Chakkarat,Nong Kham,0;1,0,1,1,CONSERVATIVE_MAX_WITH_CONFLICT_FLAG,13326;13327,Drought risk duplicated with conflicting class values; droughtRiskLevel uses conservative maximum and raw values are retained.
NR-MONTHLY-2024-11-300610,2024-11,3006,จักราช,300610,ศรีละกอ,NR-RESEARCH-AREA-069,69,Chakkarat,Si Lako,0;1,0,1,1,CONSERVATIVE_MAX_WITH_CONFLICT_FLAG,13745;13746,Drought risk duplicated with conflicting class values; droughtRiskLevel uses conservative maximum and raw values are retained.
NR-MONTHLY-2024-11-300611,2024-11,3006,จักราช,300611,คลองเมือง,NR-RESEARCH-AREA-070,70,Chakkarat,Khlong Mueang,0;1,0,1,1,CONSERVATIVE_MAX_WITH_CONFLICT_FLAG,13951;13952,Drought risk duplicated with conflicting class values; droughtRiskLevel uses conservative maximum and raw values are retained.
NR-MONTHLY-2024-11-300613,2024-11,3006,จักราช,300613,หินโคน,NR-RESEARCH-AREA-071,71,Chakkarat,Hin Khon,0;1,0,1,1,CONSERVATIVE_MAX_WITH_CONFLICT_FLAG,14157;14158,Drought risk duplicated with conflicting class values; droughtRiskLevel uses conservative maximum and raw values are retained.
NR-MONTHLY-2024-11-300701,2024-11,3007,โชคชัย,300701,กระโทก,NR-RESEARCH-AREA-086,86,Chok Chai,Krathok,0;1,0,1,1,CONSERVATIVE_MAX_WITH_CONFLICT_FLAG,17437;17438,Drought risk duplicated with conflicting class values; droughtRiskLevel uses conservative maximum and raw values are retained.
NR-MONTHLY-2024-11-300702,2024-11,3007,โชคชัย,300702,พลับพลา,NR-RESEARCH-AREA-087,87,Chok Chai,Phlapphla,0;1,0,1,1,CONSERVATIVE_MAX_WITH_CONFLICT_FLAG,17637;17638,Drought risk duplicated with conflicting class values; droughtRiskLevel uses conservative maximum and raw values are retained.
NR-MONTHLY-2024-11-300705,2024-11,3007,โชคชัย,300705,ท่าลาดขาว,NR-RESEARCH-AREA-090,90,Chok Chai,Tha Lat Khao,0;1,0,1,1,CONSERVATIVE_MAX_WITH_CONFLICT_FLAG,18229;18230,Drought risk duplicated with conflicting class values; droughtRiskLevel uses conservative maximum and raw values are retained.
NR-MONTHLY-2024-11-300708,2024-11,3007,โชคชัย,300708,โชคชัย,NR-RESEARCH-AREA-093,93,Chok Chai,Chok Chai,0;1,0,1,1,CONSERVATIVE_MAX_WITH_CONFLICT_FLAG,18823;18824,Drought risk duplicated with conflicting class values; droughtRiskLevel uses conservative maximum and raw values are retained.
NR-MONTHLY-2024-11-300709,2024-11,3007,โชคชัย,300709,ละลมใหม่พัฒนา,NR-RESEARCH-AREA-094,94,Chok Chai,Lalom Mai Phatthana,0;1,0,1,1,CONSERVATIVE_MAX_WITH_CONFLICT_FLAG,19021;19022,Drought risk duplicated with conflicting class values; droughtRiskLevel uses conservative maximum and raw values are retained.
NR-MONTHLY-2024-11-300801,2024-11,3008,ด่านขุนทด,300801,กุดพิมาน,NR-RESEARCH-AREA-096,96,Dan Khun Thot,Kut Phiman,0;1,0,1,1,CONSERVATIVE_MAX_WITH_CONFLICT_FLAG,19429;19430,Drought risk duplicated with conflicting class values; droughtRiskLevel uses conservative maximum and raw values are retained.
NR-MONTHLY-2024-11-300802,2024-11,3008,ด่านขุนทด,300802,ด่านขุนทด,NR-RESEARCH-AREA-097,97,Dan Khun Thot,Dan Khun Thot,0;1,0,1,1,CONSERVATIVE_MAX_WITH_CONFLICT_FLAG,19642;19643,Drought risk duplicated with conflicting class values; droughtRiskLevel uses conservative maximum and raw values are retained.
NR-MONTHLY-2024-11-300803,2024-11,3008,ด่านขุนทด,300803,ด่านนอก,NR-RESEARCH-AREA-098,98,Dan Khun Thot,Dan Nok,0;1,0,1,1,CONSERVATIVE_MAX_WITH_CONFLICT_FLAG,19852;19853,Drought risk duplicated with conflicting class values; droughtRiskLevel uses conservative maximum and raw values are retained.
NR-MONTHLY-2024-11-300804,2024-11,3008,ด่านขุนทด,300804,ด่านใน,NR-RESEARCH-AREA-099,99,Dan Khun Thot,Dan Nai,0;1,0,1,1,CONSERVATIVE_MAX_WITH_CONFLICT_FLAG,20062;20063,Drought risk duplicated with conflicting class values; droughtRiskLevel uses conservative maximum and raw values are retained.
NR-MONTHLY-2024-11-300809,2024-11,3008,ด่านขุนทด,300809,สระจรเข้,NR-RESEARCH-AREA-104,104,Dan Khun Thot,Sa Chorakhe,0;1,0,1,1,CONSERVATIVE_MAX_WITH_CONFLICT_FLAG,21118;21119,Drought risk duplicated with conflicting class values; droughtRiskLevel uses conservative maximum and raw values are retained.
NR-MONTHLY-2024-11-300810,2024-11,3008,ด่านขุนทด,300810,หนองกราด,NR-RESEARCH-AREA-105,105,Dan Khun Thot,Nong Krat,0;1,0,1,1,CONSERVATIVE_MAX_WITH_CONFLICT_FLAG,21325;21326,Drought risk duplicated with conflicting class values; droughtRiskLevel uses conservative maximum and raw values are retained.
NR-MONTHLY-2024-11-300811,2024-11,3008,ด่านขุนทด,300811,หนองบัวตะเกียด,NR-RESEARCH-AREA-106,106,Dan Khun Thot,Nong Bua Takiat,0;1,0,1,1,CONSERVATIVE_MAX_WITH_CONFLICT_FLAG,21534;21535,Drought risk duplicated with conflicting class values; droughtRiskLevel uses conservative maximum and raw values are retained.
NR-MONTHLY-2024-11-300812,2024-11,3008,ด่านขุนทด,300812,หนองบัวละคร,NR-RESEARCH-AREA-107,107,Dan Khun Thot,Nong Bua Lakhon,0;1,0,1,1,CONSERVATIVE_MAX_WITH_CONFLICT_FLAG,21744;21745,Drought risk duplicated with conflicting class values; droughtRiskLevel uses conservative maximum and raw values are retained.
NR-MONTHLY-2024-11-300817,2024-11,3008,ด่านขุนทด,300817,โนนเมืองพัฒนา,NR-RESEARCH-AREA-110,110,Dan Khun Thot,Non Mueang Phatthana,0;1,0,1,1,CONSERVATIVE_MAX_WITH_CONFLICT_FLAG,22374;22375,Drought risk duplicated with conflicting class values; droughtRiskLevel uses conservative maximum and raw values are retained.
NR-MONTHLY-2024-11-300818,2024-11,3008,ด่านขุนทด,300818,หนองไทร,NR-RESEARCH-AREA-111,111,Dan Khun Thot,Nong Sai,0;1,0,1,1,CONSERVATIVE_MAX_WITH_CONFLICT_FLAG,22583;22584,Drought risk duplicated with conflicting class values; droughtRiskLevel uses conservative maximum and raw values are retained.
NR-MONTHLY-2024-11-300901,2024-11,3009,โนนไทย,300901,โนนไทย,NR-RESEARCH-AREA-121,121,Non Thai,Non Thai,0;1,0,1,1,CONSERVATIVE_MAX_WITH_CONFLICT_FLAG,24696;24697,Drought risk duplicated with conflicting class values; droughtRiskLevel uses conservative maximum and raw values are retained.
NR-MONTHLY-2024-11-300904,2024-11,3009,โนนไทย,300904,สำโรง,NR-RESEARCH-AREA-124,124,Non Thai,Samrong,0;1,0,1,1,CONSERVATIVE_MAX_WITH_CONFLICT_FLAG,25337;25338,Drought risk duplicated with conflicting class values; droughtRiskLevel uses conservative maximum and raw values are retained.
NR-MONTHLY-2024-11-300905,2024-11,3009,โนนไทย,300905,ค้างพลู,NR-RESEARCH-AREA-125,125,Non Thai,Khang Phlu,0;1,0,1,1,CONSERVATIVE_MAX_WITH_CONFLICT_FLAG,25549;25550,Drought risk duplicated with conflicting class values; droughtRiskLevel uses conservative maximum and raw values are retained.
NR-MONTHLY-2024-11-300906,2024-11,3009,โนนไทย,300906,บ้านวัง,NR-RESEARCH-AREA-126,126,Non Thai,Ban Wang,0;1,0,1,1,CONSERVATIVE_MAX_WITH_CONFLICT_FLAG,25761;25762,Drought risk duplicated with conflicting class values; droughtRiskLevel uses conservative maximum and raw values are retained.
NR-MONTHLY-2024-11-300907,2024-11,3009,โนนไทย,300907,บัลลังก์,NR-RESEARCH-AREA-127,127,Non Thai,Banlang,0;1,0,1,1,CONSERVATIVE_MAX_WITH_CONFLICT_FLAG,25973;25974,Drought risk duplicated with conflicting class values; droughtRiskLevel uses conservative maximum and raw values are retained.
NR-MONTHLY-2024-11-300908,2024-11,3009,โนนไทย,300908,สายออ,NR-RESEARCH-AREA-128,128,Non Thai,Sai-O,0;1,0,1,1,CONSERVATIVE_MAX_WITH_CONFLICT_FLAG,26185;26186,Drought risk duplicated with conflicting class values; droughtRiskLevel uses conservative maximum and raw values are retained.
NR-MONTHLY-2024-11-300909,2024-11,3009,โนนไทย,300909,ถนนโพธิ์,NR-RESEARCH-AREA-129,129,Non Thai,Thanon Pho,0;1,0,1,1,CONSERVATIVE_MAX_WITH_CONFLICT_FLAG,26397;26398,Drought risk duplicated with conflicting class values; droughtRiskLevel uses conservative maximum and raw values are retained.
NR-MONTHLY-2024-11-300914,2024-11,3009,โนนไทย,300914,มะค่า,NR-RESEARCH-AREA-130,130,Non Thai,Makha,0;1,0,1,1,CONSERVATIVE_MAX_WITH_CONFLICT_FLAG,26609;26610,Drought risk duplicated with conflicting class values; droughtRiskLevel uses conservative maximum and raw values are retained.
NR-MONTHLY-2024-11-301002,2024-11,3010,โนนสูง,301002,ใหม่,NR-RESEARCH-AREA-132,132,Non Sung,Mai,0;1,0,1,1,CONSERVATIVE_MAX_WITH_CONFLICT_FLAG,27013;27014,Drought risk duplicated with conflicting class values; droughtRiskLevel uses conservative maximum and raw values are retained.
NR-MONTHLY-2024-11-301003,2024-11,3010,โนนสูง,301003,โตนด,NR-RESEARCH-AREA-133,133,Non Sung,Tanot,0;1,0,1,1,CONSERVATIVE_MAX_WITH_CONFLICT_FLAG,27215;27216,Drought risk duplicated with conflicting class values; droughtRiskLevel uses conservative maximum and raw values are retained.
NR-MONTHLY-2024-11-301004,2024-11,3010,โนนสูง,301004,บิง,NR-RESEARCH-AREA-134,134,Non Sung,Bing,0;1,0,1,1,CONSERVATIVE_MAX_WITH_CONFLICT_FLAG,27416;27417,Drought risk duplicated with conflicting class values; droughtRiskLevel uses conservative maximum and raw values are retained.
NR-MONTHLY-2024-11-301005,2024-11,3010,โนนสูง,301005,ดอนชมพู,NR-RESEARCH-AREA-135,135,Non Sung,Don Chomphu,0;1,0,1,1,CONSERVATIVE_MAX_WITH_CONFLICT_FLAG,27620;27621,Drought risk duplicated with conflicting class values; droughtRiskLevel uses conservative maximum and raw values are retained.
NR-MONTHLY-2024-11-301010,2024-11,3010,โนนสูง,301010,จันอัด,NR-RESEARCH-AREA-140,140,Non Sung,Chan-At,0;1,0,1,1,CONSERVATIVE_MAX_WITH_CONFLICT_FLAG,28630;28631,Drought risk duplicated with conflicting class values; droughtRiskLevel uses conservative maximum and raw values are retained.
NR-MONTHLY-2024-11-301012,2024-11,3010,โนนสูง,301012,ด่านคล้า,NR-RESEARCH-AREA-142,142,Non Sung,Dan Khla,0;1,0,1,1,CONSERVATIVE_MAX_WITH_CONFLICT_FLAG,29032;29033,Drought risk duplicated with conflicting class values; droughtRiskLevel uses conservative maximum and raw values are retained.
NR-MONTHLY-2024-11-301013,2024-11,3010,โนนสูง,301013,ลำคอหงษ์,NR-RESEARCH-AREA-143,143,Non Sung,Lam Kho Hong,0;1,0,1,1,CONSERVATIVE_MAX_WITH_CONFLICT_FLAG,29235;29236,Drought risk duplicated with conflicting class values; droughtRiskLevel uses conservative maximum and raw values are retained.
NR-MONTHLY-2024-11-301014,2024-11,3010,โนนสูง,301014,เมืองปราสาท,NR-RESEARCH-AREA-144,144,Non Sung,Mueang Prasat,0;1,0,1,1,CONSERVATIVE_MAX_WITH_CONFLICT_FLAG,29435;29436,Drought risk duplicated with conflicting class values; droughtRiskLevel uses conservative maximum and raw values are retained.
NR-MONTHLY-2024-11-301015,2024-11,3010,โนนสูง,301015,ดอนหวาย,NR-RESEARCH-AREA-145,145,Non Sung,Don Wai,0;1,0,1,1,CONSERVATIVE_MAX_WITH_CONFLICT_FLAG,29633;29634,Drought risk duplicated with conflicting class values; droughtRiskLevel uses conservative maximum and raw values are retained.
NR-MONTHLY-2024-11-301016,2024-11,3010,โนนสูง,301016,ลำมูล,NR-RESEARCH-AREA-146,146,Non Sung,Lammun,0;1,0,1,1,CONSERVATIVE_MAX_WITH_CONFLICT_FLAG,29833;29834,Drought risk duplicated with conflicting class values; droughtRiskLevel uses conservative maximum and raw values are retained.
NR-MONTHLY-2024-11-301101,2024-11,3011,ขามสะแกแสง,301101,ขามสะแกแสง,NR-RESEARCH-AREA-035,35,Kham Sakae Saeng,Kham Sakae Saeng,0;1,0,1,1,CONSERVATIVE_MAX_WITH_CONFLICT_FLAG,6828;6829,Drought risk duplicated with conflicting class values; droughtRiskLevel uses conservative maximum and raw values are retained.
NR-MONTHLY-2024-11-301102,2024-11,3011,ขามสะแกแสง,301102,โนนเมือง,NR-RESEARCH-AREA-036,36,Kham Sakae Saeng,Non Mueang,0;1,0,1,1,CONSERVATIVE_MAX_WITH_CONFLICT_FLAG,7064;7065,Drought risk duplicated with conflicting class values; droughtRiskLevel uses conservative maximum and raw values are retained.
NR-MONTHLY-2024-11-301104,2024-11,3011,ขามสะแกแสง,301104,ชีวึก,NR-RESEARCH-AREA-038,38,Kham Sakae Saeng,Chiwuek,0;1,0,1,1,CONSERVATIVE_MAX_WITH_CONFLICT_FLAG,7536;7537,Drought risk duplicated with conflicting class values; droughtRiskLevel uses conservative maximum and raw values are retained.
NR-MONTHLY-2024-11-301105,2024-11,3011,ขามสะแกแสง,301105,พะงาด,NR-RESEARCH-AREA-039,39,Kham Sakae Saeng,Phangat,0;1,0,1,1,CONSERVATIVE_MAX_WITH_CONFLICT_FLAG,7772;7773,Drought risk duplicated with conflicting class values; droughtRiskLevel uses conservative maximum and raw values are retained.
NR-MONTHLY-2024-11-301106,2024-11,3011,ขามสะแกแสง,301106,หนองหัวฟาน,NR-RESEARCH-AREA-040,40,Kham Sakae Saeng,Nong Hua Fan,0;1,0,1,1,CONSERVATIVE_MAX_WITH_CONFLICT_FLAG,8008;8009,Drought risk duplicated with conflicting class values; droughtRiskLevel uses conservative maximum and raw values are retained.
NR-MONTHLY-2024-11-301201,2024-11,3012,บัวใหญ่,301201,บัวใหญ่,NR-RESEARCH-AREA-151,151,Bua Yai,Bua Yai,0;1,0,1,1,CONSERVATIVE_MAX_WITH_CONFLICT_FLAG,30915;30916,Drought risk duplicated with conflicting class values; droughtRiskLevel uses conservative maximum and raw values are retained.
NR-MONTHLY-2024-11-301401,2024-11,3014,ปักธงชัย,301401,เมืองปัก,NR-RESEARCH-AREA-178,178,Pak Thong Chai,Mueang Pak,0;1,0,1,1,CONSERVATIVE_MAX_WITH_CONFLICT_FLAG,36260;36261,Drought risk duplicated with conflicting class values; droughtRiskLevel uses conservative maximum and raw values are retained.
NR-MONTHLY-2024-11-301402,2024-11,3014,ปักธงชัย,301402,ตะคุ,NR-RESEARCH-AREA-179,179,Pak Thong Chai,Takhu,0;1,0,1,1,CONSERVATIVE_MAX_WITH_CONFLICT_FLAG,36469;36470,Drought risk duplicated with conflicting class values; droughtRiskLevel uses conservative maximum and raw values are retained.
NR-MONTHLY-2024-11-301403,2024-11,3014,ปักธงชัย,301403,โคกไทย,NR-RESEARCH-AREA-180,180,Pak Thong Chai,Khok Thai,0;1,0,1,1,CONSERVATIVE_MAX_WITH_CONFLICT_FLAG,36678;36679,Drought risk duplicated with conflicting class values; droughtRiskLevel uses conservative maximum and raw values are retained.
NR-MONTHLY-2024-11-301404,2024-11,3014,ปักธงชัย,301404,สำโรง,NR-RESEARCH-AREA-181,181,Pak Thong Chai,Samrong,0;1,0,1,1,CONSERVATIVE_MAX_WITH_CONFLICT_FLAG,36891;36892,Drought risk duplicated with conflicting class values; droughtRiskLevel uses conservative maximum and raw values are retained.
NR-MONTHLY-2024-11-301406,2024-11,3014,ปักธงชัย,301406,นกออก,NR-RESEARCH-AREA-183,183,Pak Thong Chai,Nok Ok,0;1,0,1,1,CONSERVATIVE_MAX_WITH_CONFLICT_FLAG,37312;37313,Drought risk duplicated with conflicting class values; droughtRiskLevel uses conservative maximum and raw values are retained.
NR-MONTHLY-2024-11-301407,2024-11,3014,ปักธงชัย,301407,ดอน,NR-RESEARCH-AREA-184,184,Pak Thong Chai,Don,0;1,0,1,1,CONSERVATIVE_MAX_WITH_CONFLICT_FLAG,37522;37523,Drought risk duplicated with conflicting class values; droughtRiskLevel uses conservative maximum and raw values are retained.
NR-MONTHLY-2024-11-301409,2024-11,3014,ปักธงชัย,301409,ตูม,NR-RESEARCH-AREA-185,185,Pak Thong Chai,Tum,0;1,0,1,1,CONSERVATIVE_MAX_WITH_CONFLICT_FLAG,37733;37734,Drought risk duplicated with conflicting class values; droughtRiskLevel uses conservative maximum and raw values are retained.
NR-MONTHLY-2024-11-301410,2024-11,3014,ปักธงชัย,301410,งิ้ว,NR-RESEARCH-AREA-186,186,Pak Thong Chai,Ngio,0;1,0,1,1,CONSERVATIVE_MAX_WITH_CONFLICT_FLAG,37943;37944,Drought risk duplicated with conflicting class values; droughtRiskLevel uses conservative maximum and raw values are retained.
NR-MONTHLY-2024-11-301411,2024-11,3014,ปักธงชัย,301411,สะแกราช,NR-RESEARCH-AREA-187,187,Pak Thong Chai,Sakae Rat,0;1,0,1,1,CONSERVATIVE_MAX_WITH_CONFLICT_FLAG,38153;38154,Drought risk duplicated with conflicting class values; droughtRiskLevel uses conservative maximum and raw values are retained.
NR-MONTHLY-2024-11-301417,2024-11,3014,ปักธงชัย,301417,ธงชัยเหนือ,NR-RESEARCH-AREA-190,190,Pak Thong Chai,Thong Chai Nuea,0;1,0,1,1,CONSERVATIVE_MAX_WITH_CONFLICT_FLAG,38778;38779,Drought risk duplicated with conflicting class values; droughtRiskLevel uses conservative maximum and raw values are retained.
NR-MONTHLY-2024-11-301419,2024-11,3014,ปักธงชัย,301419,เกษมทรัพย์,NR-RESEARCH-AREA-192,192,Pak Thong Chai,Kasem Sap,0;1,0,1,1,CONSERVATIVE_MAX_WITH_CONFLICT_FLAG,39197;39198,Drought risk duplicated with conflicting class values; droughtRiskLevel uses conservative maximum and raw values are retained.
NR-MONTHLY-2024-11-301420,2024-11,3014,ปักธงชัย,301420,บ่อปลาทอง,NR-RESEARCH-AREA-193,193,Pak Thong Chai,Bo Pla Thong,0;1,0,1,1,CONSERVATIVE_MAX_WITH_CONFLICT_FLAG,39406;39407,Drought risk duplicated with conflicting class values; droughtRiskLevel uses conservative maximum and raw values are retained.
NR-MONTHLY-2024-11-301505,2024-11,3015,พิมาย,301505,ท่าหลวง,NR-RESEARCH-AREA-215,215,Phimai,Tha Luang,0;1,0,1,1,CONSERVATIVE_MAX_WITH_CONFLICT_FLAG,43464;43465,Drought risk duplicated with conflicting class values; droughtRiskLevel uses conservative maximum and raw values are retained.
NR-MONTHLY-2024-11-301506,2024-11,3015,พิมาย,301506,รังกาใหญ่,NR-RESEARCH-AREA-216,216,Phimai,Rang Ka Yai,0;1,0,1,1,CONSERVATIVE_MAX_WITH_CONFLICT_FLAG,43695;43696,Drought risk duplicated with conflicting class values; droughtRiskLevel uses conservative maximum and raw values are retained.
NR-MONTHLY-2024-11-301507,2024-11,3015,พิมาย,301507,ชีวาน,NR-RESEARCH-AREA-217,217,Phimai,Chiwan,0;1,0,1,1,CONSERVATIVE_MAX_WITH_CONFLICT_FLAG,43928;43929,Drought risk duplicated with conflicting class values; droughtRiskLevel uses conservative maximum and raw values are retained.
NR-MONTHLY-2024-11-301508,2024-11,3015,พิมาย,301508,นิคมสร้างตนเอง,NR-RESEARCH-AREA-218,218,Phimai,Nikhom Sang Ton-Eng,0;1,0,1,1,CONSERVATIVE_MAX_WITH_CONFLICT_FLAG,44158;44159,Drought risk duplicated with conflicting class values; droughtRiskLevel uses conservative maximum and raw values are retained.
NR-MONTHLY-2024-11-301511,2024-11,3015,พิมาย,301511,ธารละหลอด,NR-RESEARCH-AREA-221,221,Phimai,Than Lalot,0;1,0,1,1,CONSERVATIVE_MAX_WITH_CONFLICT_FLAG,44855;44856,Drought risk duplicated with conflicting class values; droughtRiskLevel uses conservative maximum and raw values are retained.
NR-MONTHLY-2024-11-301512,2024-11,3015,พิมาย,301512,หนองระเวียง,NR-RESEARCH-AREA-222,222,Mueang Nakhon Ratchasima,Nong Rawiang,0;1,0,1,1,CONSERVATIVE_MAX_WITH_CONFLICT_FLAG,45088;45089,Drought risk duplicated with conflicting class values; droughtRiskLevel uses conservative maximum and raw values are retained.
NR-MONTHLY-2024-11-301602,2024-11,3016,ห้วยแถลง,301602,ทับสวาย,NR-RESEARCH-AREA-280,280,Huai Thalaeng,Thap Sawai,0;1,0,1,1,CONSERVATIVE_MAX_WITH_CONFLICT_FLAG,56766;56767,Drought risk duplicated with conflicting class values; droughtRiskLevel uses conservative maximum and raw values are retained.
NR-MONTHLY-2024-11-301603,2024-11,3016,ห้วยแถลง,301603,เมืองพลับพลา,NR-RESEARCH-AREA-281,281,Huai Thalaeng,Mueang Phlapphla,0;1,0,1,1,CONSERVATIVE_MAX_WITH_CONFLICT_FLAG,56957;56958,Drought risk duplicated with conflicting class values; droughtRiskLevel uses conservative maximum and raw values are retained.
NR-MONTHLY-2024-11-301604,2024-11,3016,ห้วยแถลง,301604,หลุ่งตะเคียน,NR-RESEARCH-AREA-282,282,Huai Thalaeng,Lung Takhian,0;1,0,1,1,CONSERVATIVE_MAX_WITH_CONFLICT_FLAG,57148;57149,Drought risk duplicated with conflicting class values; droughtRiskLevel uses conservative maximum and raw values are retained.
NR-MONTHLY-2024-11-301605,2024-11,3016,ห้วยแถลง,301605,หินดาด,NR-RESEARCH-AREA-283,283,Huai Thalaeng,Hin Dat,0;1,0,1,1,CONSERVATIVE_MAX_WITH_CONFLICT_FLAG,57339;57340,Drought risk duplicated with conflicting class values; droughtRiskLevel uses conservative maximum and raw values are retained.
NR-MONTHLY-2024-11-301606,2024-11,3016,ห้วยแถลง,301606,งิ้ว,NR-RESEARCH-AREA-284,284,Huai Thalaeng,Ngio,0;1,0,1,1,CONSERVATIVE_MAX_WITH_CONFLICT_FLAG,57530;57531,Drought risk duplicated with conflicting class values; droughtRiskLevel uses conservative maximum and raw values are retained.
NR-MONTHLY-2024-11-301607,2024-11,3016,ห้วยแถลง,301607,กงรถ,NR-RESEARCH-AREA-285,285,Huai Thalaeng,Kong Rot,0;1,0,1,1,CONSERVATIVE_MAX_WITH_CONFLICT_FLAG,57721;57722,Drought risk duplicated with conflicting class values; droughtRiskLevel uses conservative maximum and raw values are retained.
NR-MONTHLY-2024-11-301608,2024-11,3016,ห้วยแถลง,301608,หลุ่งประดู่,NR-RESEARCH-AREA-286,286,Huai Thalaeng,Lung Pradu,0;1,0,1,1,CONSERVATIVE_MAX_WITH_CONFLICT_FLAG,57912;57913,Drought risk duplicated with conflicting class values; droughtRiskLevel uses conservative maximum and raw values are retained.
NR-MONTHLY-2024-11-301609,2024-11,3016,ห้วยแถลง,301609,ตะโก,NR-RESEARCH-AREA-287,287,Huai Thalaeng,Tako,0;1,0,1,1,CONSERVATIVE_MAX_WITH_CONFLICT_FLAG,58102;58103,Drought risk duplicated with conflicting class values; droughtRiskLevel uses conservative maximum and raw values are retained.
NR-MONTHLY-2024-11-301610,2024-11,3016,ห้วยแถลง,301610,ห้วยแคน,NR-RESEARCH-AREA-288,288,Huai Thalaeng,Huai Khaen,0;1,0,1,1,CONSERVATIVE_MAX_WITH_CONFLICT_FLAG,58293;58294,Drought risk duplicated with conflicting class values; droughtRiskLevel uses conservative maximum and raw values are retained.
NR-MONTHLY-2024-11-301702,2024-11,3017,ชุมพวง,301702,ประสุข,NR-RESEARCH-AREA-078,78,Chum Phuang,Prasuk,0;1,0,1,1,CONSERVATIVE_MAX_WITH_CONFLICT_FLAG,15634;15635,Drought risk duplicated with conflicting class values; droughtRiskLevel uses conservative maximum and raw values are retained.
NR-MONTHLY-2024-11-301703,2024-11,3017,ชุมพวง,301703,ท่าลาด,NR-RESEARCH-AREA-079,79,Chum Phuang,Tha Lat,0;1,0,1,1,CONSERVATIVE_MAX_WITH_CONFLICT_FLAG,15864;15865,Drought risk duplicated with conflicting class values; droughtRiskLevel uses conservative maximum and raw values are retained.
NR-MONTHLY-2024-11-301704,2024-11,3017,ชุมพวง,301704,สาหร่าย,NR-RESEARCH-AREA-080,80,Chum Phuang,Sarai,0;1,0,1,1,CONSERVATIVE_MAX_WITH_CONFLICT_FLAG,16094;16095,Drought risk duplicated with conflicting class values; droughtRiskLevel uses conservative maximum and raw values are retained.
NR-MONTHLY-2024-11-301705,2024-11,3017,ชุมพวง,301705,ตลาดไทร,NR-RESEARCH-AREA-081,81,Chum Phuang,Talat Sai,0;1,0,1,1,CONSERVATIVE_MAX_WITH_CONFLICT_FLAG,16320;16321,Drought risk duplicated with conflicting class values; droughtRiskLevel uses conservative maximum and raw values are retained.
NR-MONTHLY-2024-11-301710,2024-11,3017,ชุมพวง,301710,โนนรัง,NR-RESEARCH-AREA-082,82,Chum Phuang,Non Rang,0;1,0,1,1,CONSERVATIVE_MAX_WITH_CONFLICT_FLAG,16548;16549,Drought risk duplicated with conflicting class values; droughtRiskLevel uses conservative maximum and raw values are retained.
NR-MONTHLY-2024-11-301716,2024-11,3017,ชุมพวง,301716,โนนตูม,NR-RESEARCH-AREA-084,84,Chum Phuang,Non Tum,0;1,0,1,1,CONSERVATIVE_MAX_WITH_CONFLICT_FLAG,17004;17005,Drought risk duplicated with conflicting class values; droughtRiskLevel uses conservative maximum and raw values are retained.
NR-MONTHLY-2024-11-301717,2024-11,3017,ชุมพวง,301717,โนนยอ,NR-RESEARCH-AREA-085,85,Chum Phuang,Non Yo,0;1,0,1,1,CONSERVATIVE_MAX_WITH_CONFLICT_FLAG,17233;17234,Drought risk duplicated with conflicting class values; droughtRiskLevel uses conservative maximum and raw values are retained.
NR-MONTHLY-2024-11-301801,2024-11,3018,สูงเนิน,301801,สูงเนิน,NR-RESEARCH-AREA-253,253,Sung Noen,Sung Noen,0;1,0,1,1,CONSERVATIVE_MAX_WITH_CONFLICT_FLAG,51222;51223,Drought risk duplicated with conflicting class values; droughtRiskLevel uses conservative maximum and raw values are retained.
NR-MONTHLY-2024-11-301802,2024-11,3018,สูงเนิน,301802,เสมา,NR-RESEARCH-AREA-254,254,Sung Noen,Sema,0;1,0,1,1,CONSERVATIVE_MAX_WITH_CONFLICT_FLAG,51423;51424,Drought risk duplicated with conflicting class values; droughtRiskLevel uses conservative maximum and raw values are retained.
NR-MONTHLY-2024-11-301803,2024-11,3018,สูงเนิน,301803,โคราช,NR-RESEARCH-AREA-255,255,Sung Noen,Khorat,0;1,0,1,1,CONSERVATIVE_MAX_WITH_CONFLICT_FLAG,51631;51632,Drought risk duplicated with conflicting class values; droughtRiskLevel uses conservative maximum and raw values are retained.
NR-MONTHLY-2024-11-301804,2024-11,3018,สูงเนิน,301804,บุ่งขี้เหล็ก,NR-RESEARCH-AREA-256,256,Sung Noen,Bung Khi Lek,0;1,0,1,1,CONSERVATIVE_MAX_WITH_CONFLICT_FLAG,51835;51836,Drought risk duplicated with conflicting class values; droughtRiskLevel uses conservative maximum and raw values are retained.
NR-MONTHLY-2024-11-301805,2024-11,3018,สูงเนิน,301805,โนนค่า,NR-RESEARCH-AREA-257,257,Sung Noen,Non Kha,0;1,0,1,1,CONSERVATIVE_MAX_WITH_CONFLICT_FLAG,52040;52041,Drought risk duplicated with conflicting class values; droughtRiskLevel uses conservative maximum and raw values are retained.
NR-MONTHLY-2024-11-301806,2024-11,3018,สูงเนิน,301806,โค้งยาง,NR-RESEARCH-AREA-258,258,Sung Noen,Khong Yang,0;1,0,1,1,CONSERVATIVE_MAX_WITH_CONFLICT_FLAG,52246;52247,Drought risk duplicated with conflicting class values; droughtRiskLevel uses conservative maximum and raw values are retained.
NR-MONTHLY-2024-11-301807,2024-11,3018,สูงเนิน,301807,มะเกลือเก่า,NR-RESEARCH-AREA-259,259,Sung Noen,Makluea Kao,0;1,0,1,1,CONSERVATIVE_MAX_WITH_CONFLICT_FLAG,52452;52453,Drought risk duplicated with conflicting class values; droughtRiskLevel uses conservative maximum and raw values are retained.
NR-MONTHLY-2024-11-301808,2024-11,3018,สูงเนิน,301808,มะเกลือใหม่,NR-RESEARCH-AREA-260,260,Sung Noen,Makluea Mai,0;1,0,1,1,CONSERVATIVE_MAX_WITH_CONFLICT_FLAG,52654;52655,Drought risk duplicated with conflicting class values; droughtRiskLevel uses conservative maximum and raw values are retained.
NR-MONTHLY-2024-11-301809,2024-11,3018,สูงเนิน,301809,นากลาง,NR-RESEARCH-AREA-261,261,Sung Noen,Na Klang,0;1,0,1,1,CONSERVATIVE_MAX_WITH_CONFLICT_FLAG,52860;52861,Drought risk duplicated with conflicting class values; droughtRiskLevel uses conservative maximum and raw values are retained.
NR-MONTHLY-2024-11-301810,2024-11,3018,สูงเนิน,301810,หนองตะไก้,NR-RESEARCH-AREA-262,262,Sung Noen,Nong Takai,0;1,0,1,1,CONSERVATIVE_MAX_WITH_CONFLICT_FLAG,53064;53065,Drought risk duplicated with conflicting class values; droughtRiskLevel uses conservative maximum and raw values are retained.
NR-MONTHLY-2024-11-301811,2024-11,3018,สูงเนิน,301811,กุดจิก,NR-RESEARCH-AREA-263,263,Sung Noen,Kut Chik,0;1,0,1,1,CONSERVATIVE_MAX_WITH_CONFLICT_FLAG,53265;53266,Drought risk duplicated with conflicting class values; droughtRiskLevel uses conservative maximum and raw values are retained.
NR-MONTHLY-2024-11-301901,2024-11,3019,ขามทะเลสอ,301901,ขามทะเลสอ,NR-RESEARCH-AREA-030,30,Kham Thale So,Kham Thale So,0;1,0,1,1,CONSERVATIVE_MAX_WITH_CONFLICT_FLAG,5808;5809,Drought risk duplicated with conflicting class values; droughtRiskLevel uses conservative maximum and raw values are retained.
NR-MONTHLY-2024-11-301903,2024-11,3019,ขามทะเลสอ,301903,พันดุง,NR-RESEARCH-AREA-032,32,Kham Thale So,Phan Dung,0;1,0,1,1,CONSERVATIVE_MAX_WITH_CONFLICT_FLAG,6204;6205,Drought risk duplicated with conflicting class values; droughtRiskLevel uses conservative maximum and raw values are retained.
NR-MONTHLY-2024-11-301904,2024-11,3019,ขามทะเลสอ,301904,หนองสรวง,NR-RESEARCH-AREA-033,33,Kham Thale So,Nong Suang,0;1,0,1,1,CONSERVATIVE_MAX_WITH_CONFLICT_FLAG,6401;6402,Drought risk duplicated with conflicting class values; droughtRiskLevel uses conservative maximum and raw values are retained.
NR-MONTHLY-2024-11-301905,2024-11,3019,ขามทะเลสอ,301905,บึงอ้อ,NR-RESEARCH-AREA-034,34,Kham Thale So,Bueng O,0;1,0,1,1,CONSERVATIVE_MAX_WITH_CONFLICT_FLAG,6596;6597,Drought risk duplicated with conflicting class values; droughtRiskLevel uses conservative maximum and raw values are retained.
NR-MONTHLY-2024-11-302001,2024-11,3020,สีคิ้ว,302001,สีคิ้ว,NR-RESEARCH-AREA-236,236,Si Khio,Sikhio,0;1,0,1,1,CONSERVATIVE_MAX_WITH_CONFLICT_FLAG,47859;47860,Drought risk duplicated with conflicting class values; droughtRiskLevel uses conservative maximum and raw values are retained.
NR-MONTHLY-2024-11-302006,2024-11,3020,สีคิ้ว,302006,กุดน้อย,NR-RESEARCH-AREA-241,241,Si Khio,Kut Noi,0;1,0,1,1,CONSERVATIVE_MAX_WITH_CONFLICT_FLAG,48833;48834,Drought risk duplicated with conflicting class values; droughtRiskLevel uses conservative maximum and raw values are retained.
NR-MONTHLY-2024-11-302007,2024-11,3020,สีคิ้ว,302007,หนองน้ำใส,NR-RESEARCH-AREA-242,242,Si Khio,Nong Nam Sai,0;1,0,1,1,CONSERVATIVE_MAX_WITH_CONFLICT_FLAG,49028;49029,Drought risk duplicated with conflicting class values; droughtRiskLevel uses conservative maximum and raw values are retained.
NR-MONTHLY-2024-11-302010,2024-11,3020,สีคิ้ว,302010,คลองไผ่,NR-RESEARCH-AREA-245,245,Si Khio,Khlong Phai,0;1,0,1,1,CONSERVATIVE_MAX_WITH_CONFLICT_FLAG,49608;49609,Drought risk duplicated with conflicting class values; droughtRiskLevel uses conservative maximum and raw values are retained.
NR-MONTHLY-2024-11-302012,2024-11,3020,สีคิ้ว,302012,หนองบัวน้อย,NR-RESEARCH-AREA-247,247,Si Khio,Nong Bua Noi,0;1,0,1,1,CONSERVATIVE_MAX_WITH_CONFLICT_FLAG,49996;49997,Drought risk duplicated with conflicting class values; droughtRiskLevel uses conservative maximum and raw values are retained.
NR-MONTHLY-2024-11-302105,2024-11,3021,ปากช่อง,302105,หมูสี,NR-RESEARCH-AREA-198,198,Pak Chong,Mu Si,0;1,0,1,1,CONSERVATIVE_MAX_WITH_CONFLICT_FLAG,40118;40119,Drought risk duplicated with conflicting class values; droughtRiskLevel uses conservative maximum and raw values are retained.
NR-MONTHLY-2024-11-302106,2024-11,3021,ปากช่อง,302106,หนองสาหร่าย,NR-RESEARCH-AREA-199,199,Pak Chong,Nong Sarai,0;1,0,1,1,CONSERVATIVE_MAX_WITH_CONFLICT_FLAG,40296;40297,Drought risk duplicated with conflicting class values; droughtRiskLevel uses conservative maximum and raw values are retained.
NR-MONTHLY-2024-11-302109,2024-11,3021,ปากช่อง,302109,คลองม่วง,NR-RESEARCH-AREA-202,202,Pak Chong,Khlong Muang,0;1,0,1,1,CONSERVATIVE_MAX_WITH_CONFLICT_FLAG,40835;40836,Drought risk duplicated with conflicting class values; droughtRiskLevel uses conservative maximum and raw values are retained.
NR-MONTHLY-2024-11-302110,2024-11,3021,ปากช่อง,302110,หนองน้ำแดง,NR-RESEARCH-AREA-203,203,Pak Chong,Nong Nam Daeng,0;1,0,1,1,CONSERVATIVE_MAX_WITH_CONFLICT_FLAG,41013;41014,Drought risk duplicated with conflicting class values; droughtRiskLevel uses conservative maximum and raw values are retained.
NR-MONTHLY-2024-11-302111,2024-11,3021,ปากช่อง,302111,วังไทร,NR-RESEARCH-AREA-204,204,Pak Chong,Wang Sai,0;1,0,1,1,CONSERVATIVE_MAX_WITH_CONFLICT_FLAG,41198;41199,Drought risk duplicated with conflicting class values; droughtRiskLevel uses conservative maximum and raw values are retained.
NR-MONTHLY-2024-11-302202,2024-11,3022,หนองบุญมาก,302202,สารภี,NR-RESEARCH-AREA-271,271,Nong Bunmak,Saraphi,0;1,0,1,1,CONSERVATIVE_MAX_WITH_CONFLICT_FLAG,54855;54856,Drought risk duplicated with conflicting class values; droughtRiskLevel uses conservative maximum and raw values are retained.
NR-MONTHLY-2024-11-302203,2024-11,3022,หนองบุญมาก,302203,ไทยเจริญ,NR-RESEARCH-AREA-272,272,Nong Bunmak,Thai Charoen,0;1,0,1,1,CONSERVATIVE_MAX_WITH_CONFLICT_FLAG,55073;55074,Drought risk duplicated with conflicting class values; droughtRiskLevel uses conservative maximum and raw values are retained.
NR-MONTHLY-2024-11-302205,2024-11,3022,หนองบุญมาก,302205,แหลมทอง,NR-RESEARCH-AREA-274,274,Nong Bunmak,Laem Thong,0;1,0,1,1,CONSERVATIVE_MAX_WITH_CONFLICT_FLAG,55512;55513,Drought risk duplicated with conflicting class values; droughtRiskLevel uses conservative maximum and raw values are retained.
NR-MONTHLY-2024-11-302207,2024-11,3022,หนองบุญมาก,302207,ลุงเขว้า,NR-RESEARCH-AREA-276,276,Nong Bunmak,Lung Khwao,0;1,0,1,1,CONSERVATIVE_MAX_WITH_CONFLICT_FLAG,55949;55950,Drought risk duplicated with conflicting class values; droughtRiskLevel uses conservative maximum and raw values are retained.
NR-MONTHLY-2024-11-302209,2024-11,3022,หนองบุญมาก,302209,บ้านใหม่,NR-RESEARCH-AREA-278,278,Nong Bunmak,Ban Mai,0;1,0,1,1,CONSERVATIVE_MAX_WITH_CONFLICT_FLAG,56377;56378,Drought risk duplicated with conflicting class values; droughtRiskLevel uses conservative maximum and raw values are retained.
NR-MONTHLY-2024-11-302401,2024-11,3024,โนนแดง,302401,โนนแดง,NR-RESEARCH-AREA-116,116,Non Daeng,Non Daeng,0;1,0,1,1,CONSERVATIVE_MAX_WITH_CONFLICT_FLAG,23557;23558,Drought risk duplicated with conflicting class values; droughtRiskLevel uses conservative maximum and raw values are retained.
NR-MONTHLY-2024-11-302501,2024-11,3025,วังน้ำเขียว,302501,วังน้ำเขียว,NR-RESEARCH-AREA-231,231,Wang Nam Khiao,Wang Nam Khiao,0;1,0,1,1,CONSERVATIVE_MAX_WITH_CONFLICT_FLAG,46931;46932,Drought risk duplicated with conflicting class values; droughtRiskLevel uses conservative maximum and raw values are retained.
NR-MONTHLY-2024-11-302502,2024-11,3025,วังน้ำเขียว,302502,วังหมี,NR-RESEARCH-AREA-232,232,Wang Nam Khiao,Wang Mi,0;1,0,1,1,CONSERVATIVE_MAX_WITH_CONFLICT_FLAG,47122;47123,Drought risk duplicated with conflicting class values; droughtRiskLevel uses conservative maximum and raw values are retained.
NR-MONTHLY-2024-11-302504,2024-11,3025,วังน้ำเขียว,302504,อุดมทรัพย์,NR-RESEARCH-AREA-234,234,Wang Nam Khiao,Udom Sap,0;1,0,1,1,CONSERVATIVE_MAX_WITH_CONFLICT_FLAG,47485;47486,Drought risk duplicated with conflicting class values; droughtRiskLevel uses conservative maximum and raw values are retained.
NR-MONTHLY-2024-11-302505,2024-11,3025,วังน้ำเขียว,302505,ไทยสามัคคี,NR-RESEARCH-AREA-235,235,Wang Nam Khiao,Thai Samakkhi,0;1,0,1,1,CONSERVATIVE_MAX_WITH_CONFLICT_FLAG,47670;47671,Drought risk duplicated with conflicting class values; droughtRiskLevel uses conservative maximum and raw values are retained.
NR-MONTHLY-2024-11-302801,2024-11,3028,พระทองคำ,302801,สระพระ,NR-RESEARCH-AREA-206,206,Phra Thong Kham,Sa Phra,0;1,0,1,1,CONSERVATIVE_MAX_WITH_CONFLICT_FLAG,41522;41523,Drought risk duplicated with conflicting class values; droughtRiskLevel uses conservative maximum and raw values are retained.
NR-MONTHLY-2024-11-302802,2024-11,3028,พระทองคำ,302802,มาบกราด,NR-RESEARCH-AREA-207,207,Phra Thong Kham,Map Krat,0;1,0,1,1,CONSERVATIVE_MAX_WITH_CONFLICT_FLAG,41719;41720,Drought risk duplicated with conflicting class values; droughtRiskLevel uses conservative maximum and raw values are retained.
NR-MONTHLY-2024-11-302803,2024-11,3028,พระทองคำ,302803,พังเทียม,NR-RESEARCH-AREA-208,208,Phra Thong Kham,Phang Thiam,0;1,0,1,1,CONSERVATIVE_MAX_WITH_CONFLICT_FLAG,41916;41917,Drought risk duplicated with conflicting class values; droughtRiskLevel uses conservative maximum and raw values are retained.
NR-MONTHLY-2024-11-302804,2024-11,3028,พระทองคำ,302804,ทัพรั้ง,NR-RESEARCH-AREA-209,209,Phra Thong Kham,Thap Rang,0;1,0,1,1,CONSERVATIVE_MAX_WITH_CONFLICT_FLAG,42113;42114,Drought risk duplicated with conflicting class values; droughtRiskLevel uses conservative maximum and raw values are retained.
NR-MONTHLY-2024-11-303001,2024-11,3030,บัวลาย,303001,เมืองพะไล,NR-RESEARCH-AREA-147,147,Bua Lai,Mueang Phalai,0;1,0,1,1,CONSERVATIVE_MAX_WITH_CONFLICT_FLAG,30052;30053,Drought risk duplicated with conflicting class values; droughtRiskLevel uses conservative maximum and raw values are retained.
NR-MONTHLY-2024-11-303002,2024-11,3030,บัวลาย,303002,โนนจาน,NR-RESEARCH-AREA-148,148,Bua Lai,Non Chan,0;1,0,1,1,CONSERVATIVE_MAX_WITH_CONFLICT_FLAG,30274;30275,Drought risk duplicated with conflicting class values; droughtRiskLevel uses conservative maximum and raw values are retained.
NR-MONTHLY-2024-11-303004,2024-11,3030,บัวลาย,303004,หนองหว้า,NR-RESEARCH-AREA-150,150,Bua Lai,Nong Wa,0;1,0,1,1,CONSERVATIVE_MAX_WITH_CONFLICT_FLAG,30719;30720,Drought risk duplicated with conflicting class values; droughtRiskLevel uses conservative maximum and raw values are retained.
NR-MONTHLY-2024-11-303103,2024-11,3031,สีดา,303103,โนนประดู่,NR-RESEARCH-AREA-250,250,Sida,Non Pradu,0;1,0,1,1,CONSERVATIVE_MAX_WITH_CONFLICT_FLAG,50607;50608,Drought risk duplicated with conflicting class values; droughtRiskLevel uses conservative maximum and raw values are retained.
NR-MONTHLY-2024-11-303105,2024-11,3031,สีดา,303105,หนองตาดใหญ่,NR-RESEARCH-AREA-252,252,Sida,Nong Tat Yai,0;1,0,1,1,CONSERVATIVE_MAX_WITH_CONFLICT_FLAG,51023;51024,Drought risk duplicated with conflicting class values; droughtRiskLevel uses conservative maximum and raw values are retained.
NR-MONTHLY-2024-11-303201,2024-11,3032,เฉลิมพระเกียรติ,303201,ช้างทอง,NR-RESEARCH-AREA-072,72,Chaloem Phra Kiet,Chang Thong,0;1,0,1,1,CONSERVATIVE_MAX_WITH_CONFLICT_FLAG,14358;14359,Drought risk duplicated with conflicting class values; droughtRiskLevel uses conservative maximum and raw values are retained.
NR-MONTHLY-2024-11-303203,2024-11,3032,เฉลิมพระเกียรติ,303203,พระพุทธ,NR-RESEARCH-AREA-074,74,Chaloem Phra Kiet,Phraphut,0;1,0,1,1,CONSERVATIVE_MAX_WITH_CONFLICT_FLAG,14765;14766,Drought risk duplicated with conflicting class values; droughtRiskLevel uses conservative maximum and raw values are retained.
NR-MONTHLY-2024-11-303204,2024-11,3032,เฉลิมพระเกียรติ,303204,หนองงูเหลือม,NR-RESEARCH-AREA-075,75,Chaloem Phra Kiet,Nong Ngu Lueam,0;1,0,1,1,CONSERVATIVE_MAX_WITH_CONFLICT_FLAG,14971;14972,Drought risk duplicated with conflicting class values; droughtRiskLevel uses conservative maximum and raw values are retained.
NR-MONTHLY-2024-11-303205,2024-11,3032,เฉลิมพระเกียรติ,303205,หนองยาง,NR-RESEARCH-AREA-076,76,Chaloem Phra Kiet,Nong Yang,0;1,0,1,1,CONSERVATIVE_MAX_WITH_CONFLICT_FLAG,15178;15179,Drought risk duplicated with conflicting class values; droughtRiskLevel uses conservative maximum and raw values are retained.
NR-MONTHLY-2025-03-300302,2025-03,3003,เสิงสาง,300302,สระตะเคียน,NR-RESEARCH-AREA-265,265,Soeng Sang,Sa Takhian,0;1,0,1,1,CONSERVATIVE_MAX_WITH_CONFLICT_FLAG,53665;53666,Drought risk duplicated with conflicting class values; droughtRiskLevel uses conservative maximum and raw values are retained.
NR-MONTHLY-2025-03-301501,2025-03,3015,พิมาย,301501,ในเมือง,NR-RESEARCH-AREA-211,211,Phimai,Nai Mueang,0;1,0,1,1,CONSERVATIVE_MAX_WITH_CONFLICT_FLAG,42545;42546,Drought risk duplicated with conflicting class values; droughtRiskLevel uses conservative maximum and raw values are retained.
NR-MONTHLY-2025-06-300107,2025-06,3001,เมืองนครราชสีมา,300107,ปรุใหญ่,NR-RESEARCH-AREA-006,6,Mueang Nakhon Ratchasima,Pru Yai,0;1,0,1,1,CONSERVATIVE_MAX_WITH_CONFLICT_FLAG,1258;1259,Drought risk duplicated with conflicting class values; droughtRiskLevel uses conservative maximum and raw values are retained.
NR-MONTHLY-2025-06-300118,2025-06,3001,เมืองนครราชสีมา,300118,ไชยมงคล,NR-RESEARCH-AREA-017,17,Mueang Nakhon Ratchasima,Chai Mongkhon,0;1,0,1,1,CONSERVATIVE_MAX_WITH_CONFLICT_FLAG,3303;3304,Drought risk duplicated with conflicting class values; droughtRiskLevel uses conservative maximum and raw values are retained.
NR-MONTHLY-2025-06-300303,2025-06,3003,เสิงสาง,300303,โนนสมบูรณ์,NR-RESEARCH-AREA-266,266,Soeng Sang,Non Sombun,0;1,0,1,1,CONSERVATIVE_MAX_WITH_CONFLICT_FLAG,53866;53867,Drought risk duplicated with conflicting class values; droughtRiskLevel uses conservative maximum and raw values are retained.
NR-MONTHLY-2025-06-300601,2025-06,3006,จักราช,300601,จักราช,NR-RESEARCH-AREA-064,64,Chakkarat,Chakkarat,0;1,0,1,1,CONSERVATIVE_MAX_WITH_CONFLICT_FLAG,12706;12707,Drought risk duplicated with conflicting class values; droughtRiskLevel uses conservative maximum and raw values are retained.
NR-MONTHLY-2025-06-300607,2025-06,3006,จักราช,300607,หนองพลวง,NR-RESEARCH-AREA-068,68,Chakkarat,Nong Phluang,0;1,0,1,1,CONSERVATIVE_MAX_WITH_CONFLICT_FLAG,13544;13545,Drought risk duplicated with conflicting class values; droughtRiskLevel uses conservative maximum and raw values are retained.
NR-MONTHLY-2025-06-300702,2025-06,3007,โชคชัย,300702,พลับพลา,NR-RESEARCH-AREA-087,87,Chok Chai,Phlapphla,0;1,0,1,1,CONSERVATIVE_MAX_WITH_CONFLICT_FLAG,17646;17647,Drought risk duplicated with conflicting class values; droughtRiskLevel uses conservative maximum and raw values are retained.
NR-MONTHLY-2025-06-300703,2025-06,3007,โชคชัย,300703,ท่าอ่าง,NR-RESEARCH-AREA-088,88,Chok Chai,Tha Ang,0;1,0,1,1,CONSERVATIVE_MAX_WITH_CONFLICT_FLAG,17845;17846,Drought risk duplicated with conflicting class values; droughtRiskLevel uses conservative maximum and raw values are retained.
NR-MONTHLY-2025-06-300704,2025-06,3007,โชคชัย,300704,ทุ่งอรุณ,NR-RESEARCH-AREA-089,89,Chok Chai,Thung Arun,0;1,0,1,1,CONSERVATIVE_MAX_WITH_CONFLICT_FLAG,18039;18040,Drought risk duplicated with conflicting class values; droughtRiskLevel uses conservative maximum and raw values are retained.
NR-MONTHLY-2025-06-300705,2025-06,3007,โชคชัย,300705,ท่าลาดขาว,NR-RESEARCH-AREA-090,90,Chok Chai,Tha Lat Khao,0;1,0,1,1,CONSERVATIVE_MAX_WITH_CONFLICT_FLAG,18238;18239,Drought risk duplicated with conflicting class values; droughtRiskLevel uses conservative maximum and raw values are retained.
NR-MONTHLY-2025-06-300706,2025-06,3007,โชคชัย,300706,ท่าจะหลุง,NR-RESEARCH-AREA-091,91,Chok Chai,Tha Chalung,0;1,0,1,1,CONSERVATIVE_MAX_WITH_CONFLICT_FLAG,18437;18438,Drought risk duplicated with conflicting class values; droughtRiskLevel uses conservative maximum and raw values are retained.
NR-MONTHLY-2025-06-300709,2025-06,3007,โชคชัย,300709,ละลมใหม่พัฒนา,NR-RESEARCH-AREA-094,94,Chok Chai,Lalom Mai Phatthana,0;1,0,1,1,CONSERVATIVE_MAX_WITH_CONFLICT_FLAG,19030;19031,Drought risk duplicated with conflicting class values; droughtRiskLevel uses conservative maximum and raw values are retained.
NR-MONTHLY-2025-06-300710,2025-06,3007,โชคชัย,300710,ด่านเกวียน,NR-RESEARCH-AREA-095,95,Chok Chai,Dan Kwian,0;1,0,1,1,CONSERVATIVE_MAX_WITH_CONFLICT_FLAG,19229;19230,Drought risk duplicated with conflicting class values; droughtRiskLevel uses conservative maximum and raw values are retained.
NR-MONTHLY-2025-06-300804,2025-06,3008,ด่านขุนทด,300804,ด่านใน,NR-RESEARCH-AREA-099,99,Dan Khun Thot,Dan Nai,0;1,0,1,1,CONSERVATIVE_MAX_WITH_CONFLICT_FLAG,20076;20077,Drought risk duplicated with conflicting class values; droughtRiskLevel uses conservative maximum and raw values are retained.
NR-MONTHLY-2025-06-301207,2025-06,3012,บัวใหญ่,301207,หนองบัวสะอาด,NR-RESEARCH-AREA-155,155,Bua Yai,Nong Bua Sa-At,0;1,0,1,1,CONSERVATIVE_MAX_WITH_CONFLICT_FLAG,31693;31694,Drought risk duplicated with conflicting class values; droughtRiskLevel uses conservative maximum and raw values are retained.
NR-MONTHLY-2025-06-301604,2025-06,3016,ห้วยแถลง,301604,หลุ่งตะเคียน,NR-RESEARCH-AREA-282,282,Huai Thalaeng,Lung Takhian,0;1,0,1,1,CONSERVATIVE_MAX_WITH_CONFLICT_FLAG,57156;57157,Drought risk duplicated with conflicting class values; droughtRiskLevel uses conservative maximum and raw values are retained.
NR-MONTHLY-2025-06-301703,2025-06,3017,ชุมพวง,301703,ท่าลาด,NR-RESEARCH-AREA-079,79,Chum Phuang,Tha Lat,0;1,0,1,1,CONSERVATIVE_MAX_WITH_CONFLICT_FLAG,15878;15879,Drought risk duplicated with conflicting class values; droughtRiskLevel uses conservative maximum and raw values are retained.
NR-MONTHLY-2025-06-301807,2025-06,3018,สูงเนิน,301807,มะเกลือเก่า,NR-RESEARCH-AREA-259,259,Sung Noen,Makluea Kao,0;1,0,1,1,CONSERVATIVE_MAX_WITH_CONFLICT_FLAG,52466;52467,Drought risk duplicated with conflicting class values; droughtRiskLevel uses conservative maximum and raw values are retained.
NR-MONTHLY-2025-06-301810,2025-06,3018,สูงเนิน,301810,หนองตะไก้,NR-RESEARCH-AREA-262,262,Sung Noen,Nong Takai,0;1,0,1,1,CONSERVATIVE_MAX_WITH_CONFLICT_FLAG,53078;53079,Drought risk duplicated with conflicting class values; droughtRiskLevel uses conservative maximum and raw values are retained.
NR-MONTHLY-2025-06-302106,2025-06,3021,ปากช่อง,302106,หนองสาหร่าย,NR-RESEARCH-AREA-199,199,Pak Chong,Nong Sarai,0;1,0,1,1,CONSERVATIVE_MAX_WITH_CONFLICT_FLAG,40306;40307,Drought risk duplicated with conflicting class values; droughtRiskLevel uses conservative maximum and raw values are retained.
NR-MONTHLY-2025-06-302504,2025-06,3025,วังน้ำเขียว,302504,อุดมทรัพย์,NR-RESEARCH-AREA-234,234,Wang Nam Khiao,Udom Sap,0;1,0,1,1,CONSERVATIVE_MAX_WITH_CONFLICT_FLAG,47494;47495,Drought risk duplicated with conflicting class values; droughtRiskLevel uses conservative maximum and raw values are retained.
NR-MONTHLY-2025-06-303202,2025-06,3032,เฉลิมพระเกียรติ,303202,ท่าช้าง,NR-RESEARCH-AREA-073,73,Chaloem Phra Kiet,Tha Chang,0;1,0,1,1,CONSERVATIVE_MAX_WITH_CONFLICT_FLAG,14575;14576,Drought risk duplicated with conflicting class values; droughtRiskLevel uses conservative maximum and raw values are retained.
NR-MONTHLY-2025-06-303205,2025-06,3032,เฉลิมพระเกียรติ,303205,หนองยาง,NR-RESEARCH-AREA-076,76,Chaloem Phra Kiet,Nong Yang,0;1,0,1,1,CONSERVATIVE_MAX_WITH_CONFLICT_FLAG,15192;15193,Drought risk duplicated with conflicting class values; droughtRiskLevel uses conservative maximum and raw values are retained.
NR-MONTHLY-2025-07-301310,2025-07,3013,ประทาย,301310,ดอนมัน,NR-RESEARCH-AREA-174,174,Prathai,Don Man,0;1,0,1,1,CONSERVATIVE_MAX_WITH_CONFLICT_FLAG,35444;35445,Drought risk duplicated with conflicting class values; droughtRiskLevel uses conservative maximum and raw values are retained.
NR-MONTHLY-2025-08-300102,2025-08,3001,เมืองนครราชสีมา,300102,โพธิ์กลาง,NR-RESEARCH-AREA-001,1,Mueang Nakhon Ratchasima,Pho Klang,0;1,0,1,1,CONSERVATIVE_MAX_WITH_CONFLICT_FLAG,315;316,Drought risk duplicated with conflicting class values; droughtRiskLevel uses conservative maximum and raw values are retained.
NR-MONTHLY-2025-08-300125,2025-08,3001,เมืองนครราชสีมา,300125,หนองไข่น้ำ,NR-RESEARCH-AREA-024,24,Mueang Nakhon Ratchasima,Nong Khai Nam,0;1,0,1,1,CONSERVATIVE_MAX_WITH_CONFLICT_FLAG,4627;4628,Drought risk duplicated with conflicting class values; droughtRiskLevel uses conservative maximum and raw values are retained.
NR-MONTHLY-2025-08-300201,2025-08,3002,ครบุรี,300201,แชะ,NR-RESEARCH-AREA-052,52,Khon Buri,Chae,0;1,0,1,1,CONSERVATIVE_MAX_WITH_CONFLICT_FLAG,10423;10424,Drought risk duplicated with conflicting class values; droughtRiskLevel uses conservative maximum and raw values are retained.
NR-MONTHLY-2025-08-300204,2025-08,3002,ครบุรี,300204,โคกกระชาย,NR-RESEARCH-AREA-055,55,Khon Buri,Khok Krachai,0;1,0,1,1,CONSERVATIVE_MAX_WITH_CONFLICT_FLAG,10994;10995,Drought risk duplicated with conflicting class values; droughtRiskLevel uses conservative maximum and raw values are retained.
NR-MONTHLY-2025-08-300205,2025-08,3002,ครบุรี,300205,จระเข้หิน,NR-RESEARCH-AREA-056,56,Khon Buri,Chorakhe Hin,0;1,0,1,1,CONSERVATIVE_MAX_WITH_CONFLICT_FLAG,11189;11190,Drought risk duplicated with conflicting class values; droughtRiskLevel uses conservative maximum and raw values are retained.
NR-MONTHLY-2025-08-300303,2025-08,3003,เสิงสาง,300303,โนนสมบูรณ์,NR-RESEARCH-AREA-266,266,Soeng Sang,Non Sombun,0;1,0,1,1,CONSERVATIVE_MAX_WITH_CONFLICT_FLAG,53870;53871,Drought risk duplicated with conflicting class values; droughtRiskLevel uses conservative maximum and raw values are retained.
NR-MONTHLY-2025-08-300403,2025-08,3004,คง,300403,เทพาลัย,NR-RESEARCH-AREA-044,44,Khong,Thephalai,0;1,0,1,1,CONSERVATIVE_MAX_WITH_CONFLICT_FLAG,8851;8852,Drought risk duplicated with conflicting class values; droughtRiskLevel uses conservative maximum and raw values are retained.
NR-MONTHLY-2025-08-300406,2025-08,3004,คง,300406,หนองมะนาว,NR-RESEARCH-AREA-047,47,Khong,Nong Manao,0;1,0,1,1,CONSERVATIVE_MAX_WITH_CONFLICT_FLAG,9442;9443,Drought risk duplicated with conflicting class values; droughtRiskLevel uses conservative maximum and raw values are retained.
NR-MONTHLY-2025-08-300407,2025-08,3004,คง,300407,หนองบัว,NR-RESEARCH-AREA-048,48,Khong,Nong Bua,0;1,0,1,1,CONSERVATIVE_MAX_WITH_CONFLICT_FLAG,9646;9647,Drought risk duplicated with conflicting class values; droughtRiskLevel uses conservative maximum and raw values are retained.
NR-MONTHLY-2025-08-300410,2025-08,3004,คง,300410,ขามสมบูรณ์,NR-RESEARCH-AREA-051,51,Khong,Kham Sombun,0;1,0,1,1,CONSERVATIVE_MAX_WITH_CONFLICT_FLAG,10237;10238,Drought risk duplicated with conflicting class values; droughtRiskLevel uses conservative maximum and raw values are retained.
NR-MONTHLY-2025-08-300503,2025-08,3005,บ้านเหลื่อม,300503,โคกกระเบื้อง,NR-RESEARCH-AREA-163,163,Ban Lueam,Khok Krabueang,0;1,0,1,1,CONSERVATIVE_MAX_WITH_CONFLICT_FLAG,33241;33242,Drought risk duplicated with conflicting class values; droughtRiskLevel uses conservative maximum and raw values are retained.
NR-MONTHLY-2025-08-300504,2025-08,3005,บ้านเหลื่อม,300504,ช่อระกา,NR-RESEARCH-AREA-164,164,Ban Lueam,Cho Raka,0;1,0,1,1,CONSERVATIVE_MAX_WITH_CONFLICT_FLAG,33437;33438,Drought risk duplicated with conflicting class values; droughtRiskLevel uses conservative maximum and raw values are retained.
NR-MONTHLY-2025-08-300701,2025-08,3007,โชคชัย,300701,กระโทก,NR-RESEARCH-AREA-086,86,Chok Chai,Krathok,0;1,0,1,1,CONSERVATIVE_MAX_WITH_CONFLICT_FLAG,17450;17451,Drought risk duplicated with conflicting class values; droughtRiskLevel uses conservative maximum and raw values are retained.
NR-MONTHLY-2025-08-300705,2025-08,3007,โชคชัย,300705,ท่าลาดขาว,NR-RESEARCH-AREA-090,90,Chok Chai,Tha Lat Khao,0;1,0,1,1,CONSERVATIVE_MAX_WITH_CONFLICT_FLAG,18242;18243,Drought risk duplicated with conflicting class values; droughtRiskLevel uses conservative maximum and raw values are retained.
NR-MONTHLY-2025-08-300706,2025-08,3007,โชคชัย,300706,ท่าจะหลุง,NR-RESEARCH-AREA-091,91,Chok Chai,Tha Chalung,0;1,0,1,1,CONSERVATIVE_MAX_WITH_CONFLICT_FLAG,18441;18442,Drought risk duplicated with conflicting class values; droughtRiskLevel uses conservative maximum and raw values are retained.
NR-MONTHLY-2025-08-300902,2025-08,3009,โนนไทย,300902,ด่านจาก,NR-RESEARCH-AREA-122,122,Non Thai,Dan Chak,0;1,0,1,1,CONSERVATIVE_MAX_WITH_CONFLICT_FLAG,24922;24923,Drought risk duplicated with conflicting class values; droughtRiskLevel uses conservative maximum and raw values are retained.
NR-MONTHLY-2025-08-300908,2025-08,3009,โนนไทย,300908,สายออ,NR-RESEARCH-AREA-128,128,Non Thai,Sai-O,0;1,0,1,1,CONSERVATIVE_MAX_WITH_CONFLICT_FLAG,26197;26198,Drought risk duplicated with conflicting class values; droughtRiskLevel uses conservative maximum and raw values are retained.
NR-MONTHLY-2025-08-301002,2025-08,3010,โนนสูง,301002,ใหม่,NR-RESEARCH-AREA-132,132,Non Sung,Mai,0;1,0,1,1,CONSERVATIVE_MAX_WITH_CONFLICT_FLAG,27025;27026,Drought risk duplicated with conflicting class values; droughtRiskLevel uses conservative maximum and raw values are retained.
NR-MONTHLY-2025-08-301004,2025-08,3010,โนนสูง,301004,บิง,NR-RESEARCH-AREA-134,134,Non Sung,Bing,0;1,0,1,1,CONSERVATIVE_MAX_WITH_CONFLICT_FLAG,27430;27431,Drought risk duplicated with conflicting class values; droughtRiskLevel uses conservative maximum and raw values are retained.
NR-MONTHLY-2025-08-301005,2025-08,3010,โนนสูง,301005,ดอนชมพู,NR-RESEARCH-AREA-135,135,Non Sung,Don Chomphu,0;1,0,1,1,CONSERVATIVE_MAX_WITH_CONFLICT_FLAG,27634;27635,Drought risk duplicated with conflicting class values; droughtRiskLevel uses conservative maximum and raw values are retained.
NR-MONTHLY-2025-08-301006,2025-08,3010,โนนสูง,301006,ธารปราสาท,NR-RESEARCH-AREA-136,136,Non Sung,Than Prasat,0;1,0,1,1,CONSERVATIVE_MAX_WITH_CONFLICT_FLAG,27836;27837,Drought risk duplicated with conflicting class values; droughtRiskLevel uses conservative maximum and raw values are retained.
NR-MONTHLY-2025-08-301007,2025-08,3010,โนนสูง,301007,หลุมข้าว,NR-RESEARCH-AREA-137,137,Non Sung,Lum Khao,0;1,0,1,1,CONSERVATIVE_MAX_WITH_CONFLICT_FLAG,28044;28045,Drought risk duplicated with conflicting class values; droughtRiskLevel uses conservative maximum and raw values are retained.
NR-MONTHLY-2025-08-301009,2025-08,3010,โนนสูง,301009,พลสงคราม,NR-RESEARCH-AREA-139,139,Non Sung,Phon Songkhram,0;1,0,1,1,CONSERVATIVE_MAX_WITH_CONFLICT_FLAG,28444;28445,Drought risk duplicated with conflicting class values; droughtRiskLevel uses conservative maximum and raw values are retained.
NR-MONTHLY-2025-08-301010,2025-08,3010,โนนสูง,301010,จันอัด,NR-RESEARCH-AREA-140,140,Non Sung,Chan-At,0;1,0,1,1,CONSERVATIVE_MAX_WITH_CONFLICT_FLAG,28642;28643,Drought risk duplicated with conflicting class values; droughtRiskLevel uses conservative maximum and raw values are retained.
NR-MONTHLY-2025-08-301012,2025-08,3010,โนนสูง,301012,ด่านคล้า,NR-RESEARCH-AREA-142,142,Non Sung,Dan Khla,0;1,0,1,1,CONSERVATIVE_MAX_WITH_CONFLICT_FLAG,29044;29045,Drought risk duplicated with conflicting class values; droughtRiskLevel uses conservative maximum and raw values are retained.
NR-MONTHLY-2025-08-301013,2025-08,3010,โนนสูง,301013,ลำคอหงษ์,NR-RESEARCH-AREA-143,143,Non Sung,Lam Kho Hong,0;1,0,1,1,CONSERVATIVE_MAX_WITH_CONFLICT_FLAG,29248;29249,Drought risk duplicated with conflicting class values; droughtRiskLevel uses conservative maximum and raw values are retained.
NR-MONTHLY-2025-08-301014,2025-08,3010,โนนสูง,301014,เมืองปราสาท,NR-RESEARCH-AREA-144,144,Non Sung,Mueang Prasat,0;1,0,1,1,CONSERVATIVE_MAX_WITH_CONFLICT_FLAG,29448;29449,Drought risk duplicated with conflicting class values; droughtRiskLevel uses conservative maximum and raw values are retained.
NR-MONTHLY-2025-08-301103,2025-08,3011,ขามสะแกแสง,301103,เมืองนาท,NR-RESEARCH-AREA-037,37,Kham Sakae Saeng,Mueang Nat,0;1,0,1,1,CONSERVATIVE_MAX_WITH_CONFLICT_FLAG,7316;7317,Drought risk duplicated with conflicting class values; droughtRiskLevel uses conservative maximum and raw values are retained.
NR-MONTHLY-2025-08-301207,2025-08,3012,บัวใหญ่,301207,หนองบัวสะอาด,NR-RESEARCH-AREA-155,155,Bua Yai,Nong Bua Sa-At,0;1,0,1,1,CONSERVATIVE_MAX_WITH_CONFLICT_FLAG,31697;31698,Drought risk duplicated with conflicting class values; droughtRiskLevel uses conservative maximum and raw values are retained.
NR-MONTHLY-2025-08-301303,2025-08,3013,ประทาย,301303,กระทุ่มราย,NR-RESEARCH-AREA-170,170,Prathai,Krathum Rai,0;1,0,1,1,CONSERVATIVE_MAX_WITH_CONFLICT_FLAG,34641;34642,Drought risk duplicated with conflicting class values; droughtRiskLevel uses conservative maximum and raw values are retained.
NR-MONTHLY-2025-08-301313,2025-08,3013,ประทาย,301313,นางรำ,NR-RESEARCH-AREA-171,171,Prathai,Nang Ram,0;1,0,1,1,CONSERVATIVE_MAX_WITH_CONFLICT_FLAG,34843;34844,Drought risk duplicated with conflicting class values; droughtRiskLevel uses conservative maximum and raw values are retained.
NR-MONTHLY-2025-08-301416,2025-08,3014,ปักธงชัย,301416,ภูหลวง,NR-RESEARCH-AREA-189,189,Pak Thong Chai,Phu Luang,0;1,0,1,1,CONSERVATIVE_MAX_WITH_CONFLICT_FLAG,38581;38582,Drought risk duplicated with conflicting class values; droughtRiskLevel uses conservative maximum and raw values are retained.
NR-MONTHLY-2025-08-301501,2025-08,3015,พิมาย,301501,ในเมือง,NR-RESEARCH-AREA-211,211,Phimai,Nai Mueang,0;1,0,1,1,CONSERVATIVE_MAX_WITH_CONFLICT_FLAG,42555;42556,Drought risk duplicated with conflicting class values; droughtRiskLevel uses conservative maximum and raw values are retained.
NR-MONTHLY-2025-08-301502,2025-08,3015,พิมาย,301502,สัมฤทธิ์,NR-RESEARCH-AREA-212,212,Phimai,Samrit,0;1,0,1,1,CONSERVATIVE_MAX_WITH_CONFLICT_FLAG,42788;42789,Drought risk duplicated with conflicting class values; droughtRiskLevel uses conservative maximum and raw values are retained.
NR-MONTHLY-2025-08-301504,2025-08,3015,พิมาย,301504,กระเบื้องใหญ่,NR-RESEARCH-AREA-214,214,Phimai,Krabueang Yai,0;1,0,1,1,CONSERVATIVE_MAX_WITH_CONFLICT_FLAG,43251;43252,Drought risk duplicated with conflicting class values; droughtRiskLevel uses conservative maximum and raw values are retained.
NR-MONTHLY-2025-08-301505,2025-08,3015,พิมาย,301505,ท่าหลวง,NR-RESEARCH-AREA-215,215,Phimai,Tha Luang,0;1,0,1,1,CONSERVATIVE_MAX_WITH_CONFLICT_FLAG,43482;43483,Drought risk duplicated with conflicting class values; droughtRiskLevel uses conservative maximum and raw values are retained.
NR-MONTHLY-2025-08-301506,2025-08,3015,พิมาย,301506,รังกาใหญ่,NR-RESEARCH-AREA-216,216,Phimai,Rang Ka Yai,0;1,0,1,1,CONSERVATIVE_MAX_WITH_CONFLICT_FLAG,43713;43714,Drought risk duplicated with conflicting class values; droughtRiskLevel uses conservative maximum and raw values are retained.
NR-MONTHLY-2025-08-301507,2025-08,3015,พิมาย,301507,ชีวาน,NR-RESEARCH-AREA-217,217,Phimai,Chiwan,0;1,0,1,1,CONSERVATIVE_MAX_WITH_CONFLICT_FLAG,43946;43947,Drought risk duplicated with conflicting class values; droughtRiskLevel uses conservative maximum and raw values are retained.
NR-MONTHLY-2025-08-301508,2025-08,3015,พิมาย,301508,นิคมสร้างตนเอง,NR-RESEARCH-AREA-218,218,Phimai,Nikhom Sang Ton-Eng,0;1,0,1,1,CONSERVATIVE_MAX_WITH_CONFLICT_FLAG,44176;44177,Drought risk duplicated with conflicting class values; droughtRiskLevel uses conservative maximum and raw values are retained.
NR-MONTHLY-2025-08-301511,2025-08,3015,พิมาย,301511,ธารละหลอด,NR-RESEARCH-AREA-221,221,Phimai,Than Lalot,0;1,0,1,1,CONSERVATIVE_MAX_WITH_CONFLICT_FLAG,44873;44874,Drought risk duplicated with conflicting class values; droughtRiskLevel uses conservative maximum and raw values are retained.
NR-MONTHLY-2025-08-301512,2025-08,3015,พิมาย,301512,หนองระเวียง,NR-RESEARCH-AREA-222,222,Mueang Nakhon Ratchasima,Nong Rawiang,0;1,0,1,1,CONSERVATIVE_MAX_WITH_CONFLICT_FLAG,45106;45107,Drought risk duplicated with conflicting class values; droughtRiskLevel uses conservative maximum and raw values are retained.
NR-MONTHLY-2025-08-301702,2025-08,3017,ชุมพวง,301702,ประสุข,NR-RESEARCH-AREA-078,78,Chum Phuang,Prasuk,0;1,0,1,1,CONSERVATIVE_MAX_WITH_CONFLICT_FLAG,15652;15653,Drought risk duplicated with conflicting class values; droughtRiskLevel uses conservative maximum and raw values are retained.
NR-MONTHLY-2025-08-301904,2025-08,3019,ขามทะเลสอ,301904,หนองสรวง,NR-RESEARCH-AREA-033,33,Kham Thale So,Nong Suang,0;1,0,1,1,CONSERVATIVE_MAX_WITH_CONFLICT_FLAG,6414;6415,Drought risk duplicated with conflicting class values; droughtRiskLevel uses conservative maximum and raw values are retained.
NR-MONTHLY-2025-08-302105,2025-08,3021,ปากช่อง,302105,หมูสี,NR-RESEARCH-AREA-198,198,Pak Chong,Mu Si,0;1,0,1,1,CONSERVATIVE_MAX_WITH_CONFLICT_FLAG,40128;40129,Drought risk duplicated with conflicting class values; droughtRiskLevel uses conservative maximum and raw values are retained.
NR-MONTHLY-2025-08-302205,2025-08,3022,หนองบุญมาก,302205,แหลมทอง,NR-RESEARCH-AREA-274,274,Nong Bunmak,Laem Thong,0;1,0,1,1,CONSERVATIVE_MAX_WITH_CONFLICT_FLAG,55530;55531,Drought risk duplicated with conflicting class values; droughtRiskLevel uses conservative maximum and raw values are retained.
NR-MONTHLY-2025-08-302304,2025-08,3023,แก้งสนามนาง,302304,สีสุก,NR-RESEARCH-AREA-028,28,Kaeng Sanam Nang,Si Suk,0;1,0,1,1,CONSERVATIVE_MAX_WITH_CONFLICT_FLAG,5426;5427,Drought risk duplicated with conflicting class values; droughtRiskLevel uses conservative maximum and raw values are retained.
NR-MONTHLY-2025-08-302403,2025-08,3024,โนนแดง,302403,สำพะเนียง,NR-RESEARCH-AREA-118,118,Non Daeng,Sam Phaniang,0;1,0,1,1,CONSERVATIVE_MAX_WITH_CONFLICT_FLAG,24037;24038,Drought risk duplicated with conflicting class values; droughtRiskLevel uses conservative maximum and raw values are retained.
NR-MONTHLY-2025-08-302803,2025-08,3028,พระทองคำ,302803,พังเทียม,NR-RESEARCH-AREA-208,208,Phra Thong Kham,Phang Thiam,0;1,0,1,1,CONSERVATIVE_MAX_WITH_CONFLICT_FLAG,41928;41929,Drought risk duplicated with conflicting class values; droughtRiskLevel uses conservative maximum and raw values are retained.
NR-MONTHLY-2025-08-302901,2025-08,3029,ลำทะเมนชัย,302901,ขุย,NR-RESEARCH-AREA-227,227,Lamtaman Chai,Khui,0;1,0,1,1,CONSERVATIVE_MAX_WITH_CONFLICT_FLAG,46121;46122,Drought risk duplicated with conflicting class values; droughtRiskLevel uses conservative maximum and raw values are retained.
NR-MONTHLY-2025-08-303004,2025-08,3030,บัวลาย,303004,หนองหว้า,NR-RESEARCH-AREA-150,150,Bua Lai,Nong Wa,0;1,0,1,1,CONSERVATIVE_MAX_WITH_CONFLICT_FLAG,30737;30738,Drought risk duplicated with conflicting class values; droughtRiskLevel uses conservative maximum and raw values are retained.
NR-MONTHLY-2025-08-303204,2025-08,3032,เฉลิมพระเกียรติ,303204,หนองงูเหลือม,NR-RESEARCH-AREA-075,75,Chaloem Phra Kiet,Nong Ngu Lueam,0;1,0,1,1,CONSERVATIVE_MAX_WITH_CONFLICT_FLAG,14989;14990,Drought risk duplicated with conflicting class values; droughtRiskLevel uses conservative maximum and raw values are retained.
NR-MONTHLY-2025-08-303205,2025-08,3032,เฉลิมพระเกียรติ,303205,หนองยาง,NR-RESEARCH-AREA-076,76,Chaloem Phra Kiet,Nong Yang,0;1,0,1,1,CONSERVATIVE_MAX_WITH_CONFLICT_FLAG,15196;15197,Drought risk duplicated with conflicting class values; droughtRiskLevel uses conservative maximum and raw values are retained.
NR-MONTHLY-2025-09-300204,2025-09,3002,ครบุรี,300204,โคกกระชาย,NR-RESEARCH-AREA-055,55,Khon Buri,Khok Krachai,0;1,0,1,1,CONSERVATIVE_MAX_WITH_CONFLICT_FLAG,10996;10997,Drought risk duplicated with conflicting class values; droughtRiskLevel uses conservative maximum and raw values are retained.
NR-MONTHLY-2025-09-300302,2025-09,3003,เสิงสาง,300302,สระตะเคียน,NR-RESEARCH-AREA-265,265,Soeng Sang,Sa Takhian,0;1,0,1,1,CONSERVATIVE_MAX_WITH_CONFLICT_FLAG,53677;53678,Drought risk duplicated with conflicting class values; droughtRiskLevel uses conservative maximum and raw values are retained.
NR-MONTHLY-2025-09-300306,2025-09,3003,เสิงสาง,300306,บ้านราษฎร์,NR-RESEARCH-AREA-269,269,Soeng Sang,Ban Rat,0;1,0,1,1,CONSERVATIVE_MAX_WITH_CONFLICT_FLAG,54437;54438,Drought risk duplicated with conflicting class values; droughtRiskLevel uses conservative maximum and raw values are retained.
NR-MONTHLY-2025-09-300610,2025-09,3006,จักราช,300610,ศรีละกอ,NR-RESEARCH-AREA-069,69,Chakkarat,Si Lako,0;1,0,1,1,CONSERVATIVE_MAX_WITH_CONFLICT_FLAG,13760;13761,Drought risk duplicated with conflicting class values; droughtRiskLevel uses conservative maximum and raw values are retained.
NR-MONTHLY-2025-09-300611,2025-09,3006,จักราช,300611,คลองเมือง,NR-RESEARCH-AREA-070,70,Chakkarat,Khlong Mueang,0;1,0,1,1,CONSERVATIVE_MAX_WITH_CONFLICT_FLAG,13966;13967,Drought risk duplicated with conflicting class values; droughtRiskLevel uses conservative maximum and raw values are retained.
NR-MONTHLY-2025-09-300709,2025-09,3007,โชคชัย,300709,ละลมใหม่พัฒนา,NR-RESEARCH-AREA-094,94,Chok Chai,Lalom Mai Phatthana,0;1,0,1,1,CONSERVATIVE_MAX_WITH_CONFLICT_FLAG,19036;19037,Drought risk duplicated with conflicting class values; droughtRiskLevel uses conservative maximum and raw values are retained.
NR-MONTHLY-2025-09-300802,2025-09,3008,ด่านขุนทด,300802,ด่านขุนทด,NR-RESEARCH-AREA-097,97,Dan Khun Thot,Dan Khun Thot,0;1,0,1,1,CONSERVATIVE_MAX_WITH_CONFLICT_FLAG,19662;19663,Drought risk duplicated with conflicting class values; droughtRiskLevel uses conservative maximum and raw values are retained.
NR-MONTHLY-2025-09-301004,2025-09,3010,โนนสูง,301004,บิง,NR-RESEARCH-AREA-134,134,Non Sung,Bing,0;1,0,1,1,CONSERVATIVE_MAX_WITH_CONFLICT_FLAG,27432;27433,Drought risk duplicated with conflicting class values; droughtRiskLevel uses conservative maximum and raw values are retained.
NR-MONTHLY-2025-09-301512,2025-09,3015,พิมาย,301512,หนองระเวียง,NR-RESEARCH-AREA-222,222,Mueang Nakhon Ratchasima,Nong Rawiang,0;1,0,1,1,CONSERVATIVE_MAX_WITH_CONFLICT_FLAG,45108;45109,Drought risk duplicated with conflicting class values; droughtRiskLevel uses conservative maximum and raw values are retained.
NR-MONTHLY-2025-09-302007,2025-09,3020,สีคิ้ว,302007,หนองน้ำใส,NR-RESEARCH-AREA-242,242,Si Khio,Nong Nam Sai,0;1,0,1,1,CONSERVATIVE_MAX_WITH_CONFLICT_FLAG,49042;49043,Drought risk duplicated with conflicting class values; droughtRiskLevel uses conservative maximum and raw values are retained.
NR-MONTHLY-2025-09-302201,2025-09,3022,หนองบุญมาก,302201,หนองบุนนาก,NR-RESEARCH-AREA-270,270,Nong Bunmak,Nong Bunnak,0;1,0,1,1,CONSERVATIVE_MAX_WITH_CONFLICT_FLAG,54656;54657,Drought risk duplicated with conflicting class values; droughtRiskLevel uses conservative maximum and raw values are retained.
NR-MONTHLY-2025-09-302202,2025-09,3022,หนองบุญมาก,302202,สารภี,NR-RESEARCH-AREA-271,271,Nong Bunmak,Saraphi,0;1,0,1,1,CONSERVATIVE_MAX_WITH_CONFLICT_FLAG,54875;54876,Drought risk duplicated with conflicting class values; droughtRiskLevel uses conservative maximum and raw values are retained.
NR-MONTHLY-2025-09-302204,2025-09,3022,หนองบุญมาก,302204,หนองหัวแรต,NR-RESEARCH-AREA-273,273,Nong Bunmak,Nong Hua Raet,0;1,0,1,1,CONSERVATIVE_MAX_WITH_CONFLICT_FLAG,55313;55314,Drought risk duplicated with conflicting class values; droughtRiskLevel uses conservative maximum and raw values are retained.
NR-MONTHLY-2025-09-302209,2025-09,3022,หนองบุญมาก,302209,บ้านใหม่,NR-RESEARCH-AREA-278,278,Nong Bunmak,Ban Mai,0;1,0,1,1,CONSERVATIVE_MAX_WITH_CONFLICT_FLAG,56397;56398,Drought risk duplicated with conflicting class values; droughtRiskLevel uses conservative maximum and raw values are retained.
NR-MONTHLY-2025-09-303202,2025-09,3032,เฉลิมพระเกียรติ,303202,ท่าช้าง,NR-RESEARCH-AREA-073,73,Chaloem Phra Kiet,Tha Chang,0;1,0,1,1,CONSERVATIVE_MAX_WITH_CONFLICT_FLAG,14581;14582,Drought risk duplicated with conflicting class values; droughtRiskLevel uses conservative maximum and raw values are retained.
NR-MONTHLY-2025-10-300104,2025-10,3001,เมืองนครราชสีมา,300104,โคกสูง,NR-RESEARCH-AREA-003,3,Mueang Nakhon Ratchasima,Khok Sung,0;1,0,1,1,CONSERVATIVE_MAX_WITH_CONFLICT_FLAG,695;696,Drought risk duplicated with conflicting class values; droughtRiskLevel uses conservative maximum and raw values are retained.
NR-MONTHLY-2025-10-300115,2025-10,3001,เมืองนครราชสีมา,300115,บ้านโพธิ์,NR-RESEARCH-AREA-014,14,Mueang Nakhon Ratchasima,Ban Pho,0;1,0,1,1,CONSERVATIVE_MAX_WITH_CONFLICT_FLAG,2744;2745,Drought risk duplicated with conflicting class values; droughtRiskLevel uses conservative maximum and raw values are retained.
NR-MONTHLY-2025-10-300117,2025-10,3001,เมืองนครราชสีมา,300117,โคกกรวด,NR-RESEARCH-AREA-016,16,Mueang Nakhon Ratchasima,Khok Kruat,0;1,0,1,1,CONSERVATIVE_MAX_WITH_CONFLICT_FLAG,3123;3124,Drought risk duplicated with conflicting class values; droughtRiskLevel uses conservative maximum and raw values are retained.
NR-MONTHLY-2025-10-300118,2025-10,3001,เมืองนครราชสีมา,300118,ไชยมงคล,NR-RESEARCH-AREA-017,17,Mueang Nakhon Ratchasima,Chai Mongkhon,0;1,0,1,1,CONSERVATIVE_MAX_WITH_CONFLICT_FLAG,3311;3312,Drought risk duplicated with conflicting class values; droughtRiskLevel uses conservative maximum and raw values are retained.
NR-MONTHLY-2025-10-300202,2025-10,3002,ครบุรี,300202,เฉลียง,NR-RESEARCH-AREA-053,53,Khon Buri,Chaliang,0;1,0,1,1,CONSERVATIVE_MAX_WITH_CONFLICT_FLAG,10621;10622,Drought risk duplicated with conflicting class values; droughtRiskLevel uses conservative maximum and raw values are retained.
NR-MONTHLY-2025-10-300207,2025-10,3002,ครบุรี,300207,อรพิมพ์,NR-RESEARCH-AREA-058,58,Khon Buri,Oraphim,0;1,0,1,1,CONSERVATIVE_MAX_WITH_CONFLICT_FLAG,11579;11580,Drought risk duplicated with conflicting class values; droughtRiskLevel uses conservative maximum and raw values are retained.
NR-MONTHLY-2025-10-300211,2025-10,3002,ครบุรี,300211,ตะแบกบาน,NR-RESEARCH-AREA-062,62,Khon Buri,Tabaek Ban,0;1,0,1,1,CONSERVATIVE_MAX_WITH_CONFLICT_FLAG,12321;12322,Drought risk duplicated with conflicting class values; droughtRiskLevel uses conservative maximum and raw values are retained.
NR-MONTHLY-2025-10-300403,2025-10,3004,คง,300403,เทพาลัย,NR-RESEARCH-AREA-044,44,Khong,Thephalai,0;1,0,1,1,CONSERVATIVE_MAX_WITH_CONFLICT_FLAG,8855;8856,Drought risk duplicated with conflicting class values; droughtRiskLevel uses conservative maximum and raw values are retained.
NR-MONTHLY-2025-10-300503,2025-10,3005,บ้านเหลื่อม,300503,โคกกระเบื้อง,NR-RESEARCH-AREA-163,163,Ban Lueam,Khok Krabueang,0;1,0,1,1,CONSERVATIVE_MAX_WITH_CONFLICT_FLAG,33245;33246,Drought risk duplicated with conflicting class values; droughtRiskLevel uses conservative maximum and raw values are retained.
NR-MONTHLY-2025-10-300604,2025-10,3006,จักราช,300604,สีสุก,NR-RESEARCH-AREA-066,66,Chakkarat,Si Suk,0;1,0,1,1,CONSERVATIVE_MAX_WITH_CONFLICT_FLAG,13133;13134,Drought risk duplicated with conflicting class values; droughtRiskLevel uses conservative maximum and raw values are retained.
NR-MONTHLY-2025-10-300611,2025-10,3006,จักราช,300611,คลองเมือง,NR-RESEARCH-AREA-070,70,Chakkarat,Khlong Mueang,0;1,0,1,1,CONSERVATIVE_MAX_WITH_CONFLICT_FLAG,13968;13969,Drought risk duplicated with conflicting class values; droughtRiskLevel uses conservative maximum and raw values are retained.
NR-MONTHLY-2025-10-300703,2025-10,3007,โชคชัย,300703,ท่าอ่าง,NR-RESEARCH-AREA-088,88,Chok Chai,Tha Ang,0;1,0,1,1,CONSERVATIVE_MAX_WITH_CONFLICT_FLAG,17853;17854,Drought risk duplicated with conflicting class values; droughtRiskLevel uses conservative maximum and raw values are retained.
NR-MONTHLY-2025-10-300707,2025-10,3007,โชคชัย,300707,ท่าเยี่ยม,NR-RESEARCH-AREA-092,92,Chok Chai,Tha Yiam,0;1,0,1,1,CONSERVATIVE_MAX_WITH_CONFLICT_FLAG,18644;18645,Drought risk duplicated with conflicting class values; droughtRiskLevel uses conservative maximum and raw values are retained.
NR-MONTHLY-2025-10-300708,2025-10,3007,โชคชัย,300708,โชคชัย,NR-RESEARCH-AREA-093,93,Chok Chai,Chok Chai,0;1,0,1,1,CONSERVATIVE_MAX_WITH_CONFLICT_FLAG,18840;18841,Drought risk duplicated with conflicting class values; droughtRiskLevel uses conservative maximum and raw values are retained.
NR-MONTHLY-2025-10-300802,2025-10,3008,ด่านขุนทด,300802,ด่านขุนทด,NR-RESEARCH-AREA-097,97,Dan Khun Thot,Dan Khun Thot,0;1,0,1,1,CONSERVATIVE_MAX_WITH_CONFLICT_FLAG,19664;19665,Drought risk duplicated with conflicting class values; droughtRiskLevel uses conservative maximum and raw values are retained.
NR-MONTHLY-2025-10-300803,2025-10,3008,ด่านขุนทด,300803,ด่านนอก,NR-RESEARCH-AREA-098,98,Dan Khun Thot,Dan Nok,0;1,0,1,1,CONSERVATIVE_MAX_WITH_CONFLICT_FLAG,19874;19875,Drought risk duplicated with conflicting class values; droughtRiskLevel uses conservative maximum and raw values are retained.
NR-MONTHLY-2025-10-300804,2025-10,3008,ด่านขุนทด,300804,ด่านใน,NR-RESEARCH-AREA-099,99,Dan Khun Thot,Dan Nai,0;1,0,1,1,CONSERVATIVE_MAX_WITH_CONFLICT_FLAG,20084;20085,Drought risk duplicated with conflicting class values; droughtRiskLevel uses conservative maximum and raw values are retained.
NR-MONTHLY-2025-10-300806,2025-10,3008,ด่านขุนทด,300806,บ้านเก่า,NR-RESEARCH-AREA-101,101,Dan Khun Thot,Ban Kao,0;1,0,1,1,CONSERVATIVE_MAX_WITH_CONFLICT_FLAG,20508;20509,Drought risk duplicated with conflicting class values; droughtRiskLevel uses conservative maximum and raw values are retained.
NR-MONTHLY-2025-10-300809,2025-10,3008,ด่านขุนทด,300809,สระจรเข้,NR-RESEARCH-AREA-104,104,Dan Khun Thot,Sa Chorakhe,0;1,0,1,1,CONSERVATIVE_MAX_WITH_CONFLICT_FLAG,21140;21141,Drought risk duplicated with conflicting class values; droughtRiskLevel uses conservative maximum and raw values are retained.
NR-MONTHLY-2025-10-300902,2025-10,3009,โนนไทย,300902,ด่านจาก,NR-RESEARCH-AREA-122,122,Non Thai,Dan Chak,0;1,0,1,1,CONSERVATIVE_MAX_WITH_CONFLICT_FLAG,24926;24927,Drought risk duplicated with conflicting class values; droughtRiskLevel uses conservative maximum and raw values are retained.
NR-MONTHLY-2025-10-300903,2025-10,3009,โนนไทย,300903,กำปัง,NR-RESEARCH-AREA-123,123,Non Thai,Kampang,0;1,0,1,1,CONSERVATIVE_MAX_WITH_CONFLICT_FLAG,25142;25143,Drought risk duplicated with conflicting class values; droughtRiskLevel uses conservative maximum and raw values are retained.
NR-MONTHLY-2025-10-300904,2025-10,3009,โนนไทย,300904,สำโรง,NR-RESEARCH-AREA-124,124,Non Thai,Samrong,0;1,0,1,1,CONSERVATIVE_MAX_WITH_CONFLICT_FLAG,25353;25354,Drought risk duplicated with conflicting class values; droughtRiskLevel uses conservative maximum and raw values are retained.
NR-MONTHLY-2025-10-300908,2025-10,3009,โนนไทย,300908,สายออ,NR-RESEARCH-AREA-128,128,Non Thai,Sai-O,0;1,0,1,1,CONSERVATIVE_MAX_WITH_CONFLICT_FLAG,26201;26202,Drought risk duplicated with conflicting class values; droughtRiskLevel uses conservative maximum and raw values are retained.
NR-MONTHLY-2025-10-301008,2025-10,3010,โนนสูง,301008,มะค่า,NR-RESEARCH-AREA-138,138,Non Sung,Makha,0;1,0,1,1,CONSERVATIVE_MAX_WITH_CONFLICT_FLAG,28248;28249,Drought risk duplicated with conflicting class values; droughtRiskLevel uses conservative maximum and raw values are retained.
NR-MONTHLY-2025-10-301201,2025-10,3012,บัวใหญ่,301201,บัวใหญ่,NR-RESEARCH-AREA-151,151,Bua Yai,Bua Yai,0;1,0,1,1,CONSERVATIVE_MAX_WITH_CONFLICT_FLAG,30932;30933,Drought risk duplicated with conflicting class values; droughtRiskLevel uses conservative maximum and raw values are retained.
NR-MONTHLY-2025-10-301303,2025-10,3013,ประทาย,301303,กระทุ่มราย,NR-RESEARCH-AREA-170,170,Prathai,Krathum Rai,0;1,0,1,1,CONSERVATIVE_MAX_WITH_CONFLICT_FLAG,34645;34646,Drought risk duplicated with conflicting class values; droughtRiskLevel uses conservative maximum and raw values are retained.
NR-MONTHLY-2025-10-301401,2025-10,3014,ปักธงชัย,301401,เมืองปัก,NR-RESEARCH-AREA-178,178,Pak Thong Chai,Mueang Pak,0;1,0,1,1,CONSERVATIVE_MAX_WITH_CONFLICT_FLAG,36276;36277,Drought risk duplicated with conflicting class values; droughtRiskLevel uses conservative maximum and raw values are retained.
NR-MONTHLY-2025-10-301403,2025-10,3014,ปักธงชัย,301403,โคกไทย,NR-RESEARCH-AREA-180,180,Pak Thong Chai,Khok Thai,0;1,0,1,1,CONSERVATIVE_MAX_WITH_CONFLICT_FLAG,36694;36695,Drought risk duplicated with conflicting class values; droughtRiskLevel uses conservative maximum and raw values are retained.
NR-MONTHLY-2025-10-301409,2025-10,3014,ปักธงชัย,301409,ตูม,NR-RESEARCH-AREA-185,185,Pak Thong Chai,Tum,0;1,0,1,1,CONSERVATIVE_MAX_WITH_CONFLICT_FLAG,37749;37750,Drought risk duplicated with conflicting class values; droughtRiskLevel uses conservative maximum and raw values are retained.
NR-MONTHLY-2025-10-301416,2025-10,3014,ปักธงชัย,301416,ภูหลวง,NR-RESEARCH-AREA-189,189,Pak Thong Chai,Phu Luang,0;1,0,1,1,CONSERVATIVE_MAX_WITH_CONFLICT_FLAG,38585;38586,Drought risk duplicated with conflicting class values; droughtRiskLevel uses conservative maximum and raw values are retained.
NR-MONTHLY-2025-10-301417,2025-10,3014,ปักธงชัย,301417,ธงชัยเหนือ,NR-RESEARCH-AREA-190,190,Pak Thong Chai,Thong Chai Nuea,0;1,0,1,1,CONSERVATIVE_MAX_WITH_CONFLICT_FLAG,38794;38795,Drought risk duplicated with conflicting class values; droughtRiskLevel uses conservative maximum and raw values are retained.
NR-MONTHLY-2025-10-301418,2025-10,3014,ปักธงชัย,301418,สุขเกษม,NR-RESEARCH-AREA-191,191,Pak Thong Chai,Suk Kasem,0;1,0,1,1,CONSERVATIVE_MAX_WITH_CONFLICT_FLAG,39003;39004,Drought risk duplicated with conflicting class values; droughtRiskLevel uses conservative maximum and raw values are retained.
NR-MONTHLY-2025-10-301420,2025-10,3014,ปักธงชัย,301420,บ่อปลาทอง,NR-RESEARCH-AREA-193,193,Pak Thong Chai,Bo Pla Thong,0;1,0,1,1,CONSERVATIVE_MAX_WITH_CONFLICT_FLAG,39422;39423,Drought risk duplicated with conflicting class values; droughtRiskLevel uses conservative maximum and raw values are retained.
NR-MONTHLY-2025-10-301606,2025-10,3016,ห้วยแถลง,301606,งิ้ว,NR-RESEARCH-AREA-284,284,Huai Thalaeng,Ngio,0;1,0,1,1,CONSERVATIVE_MAX_WITH_CONFLICT_FLAG,57546;57547,Drought risk duplicated with conflicting class values; droughtRiskLevel uses conservative maximum and raw values are retained.
NR-MONTHLY-2025-10-301609,2025-10,3016,ห้วยแถลง,301609,ตะโก,NR-RESEARCH-AREA-287,287,Huai Thalaeng,Tako,0;1,0,1,1,CONSERVATIVE_MAX_WITH_CONFLICT_FLAG,58118;58119,Drought risk duplicated with conflicting class values; droughtRiskLevel uses conservative maximum and raw values are retained.
NR-MONTHLY-2025-10-301804,2025-10,3018,สูงเนิน,301804,บุ่งขี้เหล็ก,NR-RESEARCH-AREA-256,256,Sung Noen,Bung Khi Lek,0;1,0,1,1,CONSERVATIVE_MAX_WITH_CONFLICT_FLAG,51857;51858,Drought risk duplicated with conflicting class values; droughtRiskLevel uses conservative maximum and raw values are retained.
NR-MONTHLY-2025-10-301806,2025-10,3018,สูงเนิน,301806,โค้งยาง,NR-RESEARCH-AREA-258,258,Sung Noen,Khong Yang,0;1,0,1,1,CONSERVATIVE_MAX_WITH_CONFLICT_FLAG,52268;52269,Drought risk duplicated with conflicting class values; droughtRiskLevel uses conservative maximum and raw values are retained.
NR-MONTHLY-2025-10-301807,2025-10,3018,สูงเนิน,301807,มะเกลือเก่า,NR-RESEARCH-AREA-259,259,Sung Noen,Makluea Kao,0;1,0,1,1,CONSERVATIVE_MAX_WITH_CONFLICT_FLAG,52474;52475,Drought risk duplicated with conflicting class values; droughtRiskLevel uses conservative maximum and raw values are retained.
NR-MONTHLY-2025-10-301810,2025-10,3018,สูงเนิน,301810,หนองตะไก้,NR-RESEARCH-AREA-262,262,Sung Noen,Nong Takai,0;1,0,1,1,CONSERVATIVE_MAX_WITH_CONFLICT_FLAG,53086;53087,Drought risk duplicated with conflicting class values; droughtRiskLevel uses conservative maximum and raw values are retained.
NR-MONTHLY-2025-10-301903,2025-10,3019,ขามทะเลสอ,301903,พันดุง,NR-RESEARCH-AREA-032,32,Kham Thale So,Phan Dung,0;1,0,1,1,CONSERVATIVE_MAX_WITH_CONFLICT_FLAG,6221;6222,Drought risk duplicated with conflicting class values; droughtRiskLevel uses conservative maximum and raw values are retained.
NR-MONTHLY-2025-10-302005,2025-10,3020,สีคิ้ว,302005,หนองหญ้าขาว,NR-RESEARCH-AREA-240,240,Si Khio,Nong Ya Khao,0;1,0,1,1,CONSERVATIVE_MAX_WITH_CONFLICT_FLAG,48655;48656,Drought risk duplicated with conflicting class values; droughtRiskLevel uses conservative maximum and raw values are retained.
NR-MONTHLY-2025-10-302010,2025-10,3020,สีคิ้ว,302010,คลองไผ่,NR-RESEARCH-AREA-245,245,Si Khio,Khlong Phai,0;1,0,1,1,CONSERVATIVE_MAX_WITH_CONFLICT_FLAG,49622;49623,Drought risk duplicated with conflicting class values; droughtRiskLevel uses conservative maximum and raw values are retained.
NR-MONTHLY-2025-10-302107,2025-10,3021,ปากช่อง,302107,ขนงพระ,NR-RESEARCH-AREA-200,200,Pak Chong,Khanong Phra,0;1,0,1,1,CONSERVATIVE_MAX_WITH_CONFLICT_FLAG,40503;40504,Drought risk duplicated with conflicting class values; droughtRiskLevel uses conservative maximum and raw values are retained.
NR-MONTHLY-2025-10-302207,2025-10,3022,หนองบุญมาก,302207,ลุงเขว้า,NR-RESEARCH-AREA-276,276,Nong Bunmak,Lung Khwao,0;1,0,1,1,CONSERVATIVE_MAX_WITH_CONFLICT_FLAG,55971;55972,Drought risk duplicated with conflicting class values; droughtRiskLevel uses conservative maximum and raw values are retained.
NR-MONTHLY-2025-10-302209,2025-10,3022,หนองบุญมาก,302209,บ้านใหม่,NR-RESEARCH-AREA-278,278,Nong Bunmak,Ban Mai,0;1,0,1,1,CONSERVATIVE_MAX_WITH_CONFLICT_FLAG,56399;56400,Drought risk duplicated with conflicting class values; droughtRiskLevel uses conservative maximum and raw values are retained.
NR-MONTHLY-2025-10-302502,2025-10,3025,วังน้ำเขียว,302502,วังหมี,NR-RESEARCH-AREA-232,232,Wang Nam Khiao,Wang Mi,0;1,0,1,1,CONSERVATIVE_MAX_WITH_CONFLICT_FLAG,47137;47138,Drought risk duplicated with conflicting class values; droughtRiskLevel uses conservative maximum and raw values are retained.
NR-MONTHLY-2025-10-302504,2025-10,3025,วังน้ำเขียว,302504,อุดมทรัพย์,NR-RESEARCH-AREA-234,234,Wang Nam Khiao,Udom Sap,0;1,0,1,1,CONSERVATIVE_MAX_WITH_CONFLICT_FLAG,47502;47503,Drought risk duplicated with conflicting class values; droughtRiskLevel uses conservative maximum and raw values are retained.
NR-MONTHLY-2025-10-303202,2025-10,3032,เฉลิมพระเกียรติ,303202,ท่าช้าง,NR-RESEARCH-AREA-073,73,Chaloem Phra Kiet,Tha Chang,0;1,0,1,1,CONSERVATIVE_MAX_WITH_CONFLICT_FLAG,14583;14584,Drought risk duplicated with conflicting class values; droughtRiskLevel uses conservative maximum and raw values are retained.
NR-MONTHLY-2025-11-300122,2025-11,3001,เมืองนครราชสีมา,300122,ตลาด,NR-RESEARCH-AREA-021,21,Mueang Nakhon Ratchasima,Talat,0;1,0,1,1,CONSERVATIVE_MAX_WITH_CONFLICT_FLAG,4063;4064,Drought risk duplicated with conflicting class values; droughtRiskLevel uses conservative maximum and raw values are retained.
NR-MONTHLY-2025-11-300403,2025-11,3004,คง,300403,เทพาลัย,NR-RESEARCH-AREA-044,44,Khong,Thephalai,0;1,0,1,1,CONSERVATIVE_MAX_WITH_CONFLICT_FLAG,8857;8858,Drought risk duplicated with conflicting class values; droughtRiskLevel uses conservative maximum and raw values are retained.
NR-MONTHLY-2025-11-300601,2025-11,3006,จักราช,300601,จักราช,NR-RESEARCH-AREA-064,64,Chakkarat,Chakkarat,0;1,0,1,1,CONSERVATIVE_MAX_WITH_CONFLICT_FLAG,12716;12717,Drought risk duplicated with conflicting class values; droughtRiskLevel uses conservative maximum and raw values are retained.
NR-MONTHLY-2025-11-300603,2025-11,3006,จักราช,300603,ทองหลาง,NR-RESEARCH-AREA-065,65,Chakkarat,Thong Lang,0;1,0,1,1,CONSERVATIVE_MAX_WITH_CONFLICT_FLAG,12925;12926,Drought risk duplicated with conflicting class values; droughtRiskLevel uses conservative maximum and raw values are retained.
NR-MONTHLY-2025-11-300613,2025-11,3006,จักราช,300613,หินโคน,NR-RESEARCH-AREA-071,71,Chakkarat,Hin Khon,0;1,0,1,1,CONSERVATIVE_MAX_WITH_CONFLICT_FLAG,14176;14177,Drought risk duplicated with conflicting class values; droughtRiskLevel uses conservative maximum and raw values are retained.
NR-MONTHLY-2025-11-300701,2025-11,3007,โชคชัย,300701,กระโทก,NR-RESEARCH-AREA-086,86,Chok Chai,Krathok,0;1,0,1,1,CONSERVATIVE_MAX_WITH_CONFLICT_FLAG,17456;17457,Drought risk duplicated with conflicting class values; droughtRiskLevel uses conservative maximum and raw values are retained.
NR-MONTHLY-2025-11-300807,2025-11,3008,ด่านขุนทด,300807,บ้านแปรง,NR-RESEARCH-AREA-102,102,Dan Khun Thot,Ban Praeng,0;1,0,1,1,CONSERVATIVE_MAX_WITH_CONFLICT_FLAG,20722;20723,Drought risk duplicated with conflicting class values; droughtRiskLevel uses conservative maximum and raw values are retained.
NR-MONTHLY-2025-11-300810,2025-11,3008,ด่านขุนทด,300810,หนองกราด,NR-RESEARCH-AREA-105,105,Dan Khun Thot,Nong Krat,0;1,0,1,1,CONSERVATIVE_MAX_WITH_CONFLICT_FLAG,21349;21350,Drought risk duplicated with conflicting class values; droughtRiskLevel uses conservative maximum and raw values are retained.
NR-MONTHLY-2025-11-300812,2025-11,3008,ด่านขุนทด,300812,หนองบัวละคร,NR-RESEARCH-AREA-107,107,Dan Khun Thot,Nong Bua Lakhon,0;1,0,1,1,CONSERVATIVE_MAX_WITH_CONFLICT_FLAG,21768;21769,Drought risk duplicated with conflicting class values; droughtRiskLevel uses conservative maximum and raw values are retained.
NR-MONTHLY-2025-11-300901,2025-11,3009,โนนไทย,300901,โนนไทย,NR-RESEARCH-AREA-121,121,Non Thai,Non Thai,0;1,0,1,1,CONSERVATIVE_MAX_WITH_CONFLICT_FLAG,24714;24715,Drought risk duplicated with conflicting class values; droughtRiskLevel uses conservative maximum and raw values are retained.
NR-MONTHLY-2025-11-300905,2025-11,3009,โนนไทย,300905,ค้างพลู,NR-RESEARCH-AREA-125,125,Non Thai,Khang Phlu,0;1,0,1,1,CONSERVATIVE_MAX_WITH_CONFLICT_FLAG,25567;25568,Drought risk duplicated with conflicting class values; droughtRiskLevel uses conservative maximum and raw values are retained.
NR-MONTHLY-2025-11-300906,2025-11,3009,โนนไทย,300906,บ้านวัง,NR-RESEARCH-AREA-126,126,Non Thai,Ban Wang,0;1,0,1,1,CONSERVATIVE_MAX_WITH_CONFLICT_FLAG,25779;25780,Drought risk duplicated with conflicting class values; droughtRiskLevel uses conservative maximum and raw values are retained.
NR-MONTHLY-2025-11-300907,2025-11,3009,โนนไทย,300907,บัลลังก์,NR-RESEARCH-AREA-127,127,Non Thai,Banlang,0;1,0,1,1,CONSERVATIVE_MAX_WITH_CONFLICT_FLAG,25991;25992,Drought risk duplicated with conflicting class values; droughtRiskLevel uses conservative maximum and raw values are retained.
NR-MONTHLY-2025-11-300909,2025-11,3009,โนนไทย,300909,ถนนโพธิ์,NR-RESEARCH-AREA-129,129,Non Thai,Thanon Pho,0;1,0,1,1,CONSERVATIVE_MAX_WITH_CONFLICT_FLAG,26415;26416,Drought risk duplicated with conflicting class values; droughtRiskLevel uses conservative maximum and raw values are retained.
NR-MONTHLY-2025-11-300914,2025-11,3009,โนนไทย,300914,มะค่า,NR-RESEARCH-AREA-130,130,Non Thai,Makha,0;1,0,1,1,CONSERVATIVE_MAX_WITH_CONFLICT_FLAG,26627;26628,Drought risk duplicated with conflicting class values; droughtRiskLevel uses conservative maximum and raw values are retained.
NR-MONTHLY-2025-11-301003,2025-11,3010,โนนสูง,301003,โตนด,NR-RESEARCH-AREA-133,133,Non Sung,Tanot,0;1,0,1,1,CONSERVATIVE_MAX_WITH_CONFLICT_FLAG,27235;27236,Drought risk duplicated with conflicting class values; droughtRiskLevel uses conservative maximum and raw values are retained.
NR-MONTHLY-2025-11-301004,2025-11,3010,โนนสูง,301004,บิง,NR-RESEARCH-AREA-134,134,Non Sung,Bing,0;1,0,1,1,CONSERVATIVE_MAX_WITH_CONFLICT_FLAG,27436;27437,Drought risk duplicated with conflicting class values; droughtRiskLevel uses conservative maximum and raw values are retained.
NR-MONTHLY-2025-11-301005,2025-11,3010,โนนสูง,301005,ดอนชมพู,NR-RESEARCH-AREA-135,135,Non Sung,Don Chomphu,0;1,0,1,1,CONSERVATIVE_MAX_WITH_CONFLICT_FLAG,27640;27641,Drought risk duplicated with conflicting class values; droughtRiskLevel uses conservative maximum and raw values are retained.
NR-MONTHLY-2025-11-301006,2025-11,3010,โนนสูง,301006,ธารปราสาท,NR-RESEARCH-AREA-136,136,Non Sung,Than Prasat,0;1,0,1,1,CONSERVATIVE_MAX_WITH_CONFLICT_FLAG,27842;27843,Drought risk duplicated with conflicting class values; droughtRiskLevel uses conservative maximum and raw values are retained.
NR-MONTHLY-2025-11-301007,2025-11,3010,โนนสูง,301007,หลุมข้าว,NR-RESEARCH-AREA-137,137,Non Sung,Lum Khao,0;1,0,1,1,CONSERVATIVE_MAX_WITH_CONFLICT_FLAG,28050;28051,Drought risk duplicated with conflicting class values; droughtRiskLevel uses conservative maximum and raw values are retained.
NR-MONTHLY-2025-11-301008,2025-11,3010,โนนสูง,301008,มะค่า,NR-RESEARCH-AREA-138,138,Non Sung,Makha,0;1,0,1,1,CONSERVATIVE_MAX_WITH_CONFLICT_FLAG,28250;28251,Drought risk duplicated with conflicting class values; droughtRiskLevel uses conservative maximum and raw values are retained.
NR-MONTHLY-2025-11-301009,2025-11,3010,โนนสูง,301009,พลสงคราม,NR-RESEARCH-AREA-139,139,Non Sung,Phon Songkhram,0;1,0,1,1,CONSERVATIVE_MAX_WITH_CONFLICT_FLAG,28450;28451,Drought risk duplicated with conflicting class values; droughtRiskLevel uses conservative maximum and raw values are retained.
NR-MONTHLY-2025-11-301010,2025-11,3010,โนนสูง,301010,จันอัด,NR-RESEARCH-AREA-140,140,Non Sung,Chan-At,0;1,0,1,1,CONSERVATIVE_MAX_WITH_CONFLICT_FLAG,28648;28649,Drought risk duplicated with conflicting class values; droughtRiskLevel uses conservative maximum and raw values are retained.
NR-MONTHLY-2025-11-301011,2025-11,3010,โนนสูง,301011,ขามเฒ่า,NR-RESEARCH-AREA-141,141,Non Sung,Kham Thao,0;1,0,1,1,CONSERVATIVE_MAX_WITH_CONFLICT_FLAG,28850;28851,Drought risk duplicated with conflicting class values; droughtRiskLevel uses conservative maximum and raw values are retained.
NR-MONTHLY-2025-11-301012,2025-11,3010,โนนสูง,301012,ด่านคล้า,NR-RESEARCH-AREA-142,142,Non Sung,Dan Khla,0;1,0,1,1,CONSERVATIVE_MAX_WITH_CONFLICT_FLAG,29050;29051,Drought risk duplicated with conflicting class values; droughtRiskLevel uses conservative maximum and raw values are retained.
NR-MONTHLY-2025-11-301013,2025-11,3010,โนนสูง,301013,ลำคอหงษ์,NR-RESEARCH-AREA-143,143,Non Sung,Lam Kho Hong,0;1,0,1,1,CONSERVATIVE_MAX_WITH_CONFLICT_FLAG,29254;29255,Drought risk duplicated with conflicting class values; droughtRiskLevel uses conservative maximum and raw values are retained.
NR-MONTHLY-2025-11-301014,2025-11,3010,โนนสูง,301014,เมืองปราสาท,NR-RESEARCH-AREA-144,144,Non Sung,Mueang Prasat,0;1,0,1,1,CONSERVATIVE_MAX_WITH_CONFLICT_FLAG,29454;29455,Drought risk duplicated with conflicting class values; droughtRiskLevel uses conservative maximum and raw values are retained.
NR-MONTHLY-2025-11-301016,2025-11,3010,โนนสูง,301016,ลำมูล,NR-RESEARCH-AREA-146,146,Non Sung,Lammun,0;1,0,1,1,CONSERVATIVE_MAX_WITH_CONFLICT_FLAG,29853;29854,Drought risk duplicated with conflicting class values; droughtRiskLevel uses conservative maximum and raw values are retained.
NR-MONTHLY-2025-11-301101,2025-11,3011,ขามสะแกแสง,301101,ขามสะแกแสง,NR-RESEARCH-AREA-035,35,Kham Sakae Saeng,Kham Sakae Saeng,0;1,0,1,1,CONSERVATIVE_MAX_WITH_CONFLICT_FLAG,6850;6851,Drought risk duplicated with conflicting class values; droughtRiskLevel uses conservative maximum and raw values are retained.
NR-MONTHLY-2025-11-301102,2025-11,3011,ขามสะแกแสง,301102,โนนเมือง,NR-RESEARCH-AREA-036,36,Kham Sakae Saeng,Non Mueang,0;1,0,1,1,CONSERVATIVE_MAX_WITH_CONFLICT_FLAG,7086;7087,Drought risk duplicated with conflicting class values; droughtRiskLevel uses conservative maximum and raw values are retained.
NR-MONTHLY-2025-11-301103,2025-11,3011,ขามสะแกแสง,301103,เมืองนาท,NR-RESEARCH-AREA-037,37,Kham Sakae Saeng,Mueang Nat,0;1,0,1,1,CONSERVATIVE_MAX_WITH_CONFLICT_FLAG,7322;7323,Drought risk duplicated with conflicting class values; droughtRiskLevel uses conservative maximum and raw values are retained.
NR-MONTHLY-2025-11-301105,2025-11,3011,ขามสะแกแสง,301105,พะงาด,NR-RESEARCH-AREA-039,39,Kham Sakae Saeng,Phangat,0;1,0,1,1,CONSERVATIVE_MAX_WITH_CONFLICT_FLAG,7794;7795,Drought risk duplicated with conflicting class values; droughtRiskLevel uses conservative maximum and raw values are retained.
NR-MONTHLY-2025-11-301301,2025-11,3013,ประทาย,301301,ประทาย,NR-RESEARCH-AREA-165,165,Prathai,Prathai,0;1,0,1,1,CONSERVATIVE_MAX_WITH_CONFLICT_FLAG,33641;33642,Drought risk duplicated with conflicting class values; droughtRiskLevel uses conservative maximum and raw values are retained.
NR-MONTHLY-2025-11-301303,2025-11,3013,ประทาย,301303,กระทุ่มราย,NR-RESEARCH-AREA-170,170,Prathai,Krathum Rai,0;1,0,1,1,CONSERVATIVE_MAX_WITH_CONFLICT_FLAG,34647;34648,Drought risk duplicated with conflicting class values; droughtRiskLevel uses conservative maximum and raw values are retained.
NR-MONTHLY-2025-11-301306,2025-11,3013,ประทาย,301306,ตลาดไทร,NR-RESEARCH-AREA-173,173,Prathai,Talat Sai,0;1,0,1,1,CONSERVATIVE_MAX_WITH_CONFLICT_FLAG,35245;35246,Drought risk duplicated with conflicting class values; droughtRiskLevel uses conservative maximum and raw values are retained.
NR-MONTHLY-2025-11-301307,2025-11,3013,ประทาย,301307,หนองพลวง,NR-RESEARCH-AREA-166,166,Prathai,Nong Phluang,0;1,0,1,1,CONSERVATIVE_MAX_WITH_CONFLICT_FLAG,33841;33842,Drought risk duplicated with conflicting class values; droughtRiskLevel uses conservative maximum and raw values are retained.
NR-MONTHLY-2025-11-301308,2025-11,3013,ประทาย,301308,หนองค่าย,NR-RESEARCH-AREA-172,172,Prathai,Nong Khai,0;1,0,1,1,CONSERVATIVE_MAX_WITH_CONFLICT_FLAG,35048;35049,Drought risk duplicated with conflicting class values; droughtRiskLevel uses conservative maximum and raw values are retained.
NR-MONTHLY-2025-11-301310,2025-11,3013,ประทาย,301310,ดอนมัน,NR-RESEARCH-AREA-174,174,Prathai,Don Man,0;1,0,1,1,CONSERVATIVE_MAX_WITH_CONFLICT_FLAG,35452;35453,Drought risk duplicated with conflicting class values; droughtRiskLevel uses conservative maximum and raw values are retained.
NR-MONTHLY-2025-11-301313,2025-11,3013,ประทาย,301313,นางรำ,NR-RESEARCH-AREA-171,171,Prathai,Nang Ram,0;1,0,1,1,CONSERVATIVE_MAX_WITH_CONFLICT_FLAG,34849;34850,Drought risk duplicated with conflicting class values; droughtRiskLevel uses conservative maximum and raw values are retained.
NR-MONTHLY-2025-11-301315,2025-11,3013,ประทาย,301315,ทุ่งสว่าง,NR-RESEARCH-AREA-175,175,Prathai,Thung Sawang,0;1,0,1,1,CONSERVATIVE_MAX_WITH_CONFLICT_FLAG,35657;35658,Drought risk duplicated with conflicting class values; droughtRiskLevel uses conservative maximum and raw values are retained.
NR-MONTHLY-2025-11-301317,2025-11,3013,ประทาย,301317,โคกกลาง,NR-RESEARCH-AREA-176,176,Prathai,Khok Klang,0;1,0,1,1,CONSERVATIVE_MAX_WITH_CONFLICT_FLAG,35862;35863,Drought risk duplicated with conflicting class values; droughtRiskLevel uses conservative maximum and raw values are retained.
NR-MONTHLY-2025-11-301318,2025-11,3013,ประทาย,301318,เมืองโดน,NR-RESEARCH-AREA-177,177,Prathai,Mueang Don,0;1,0,1,1,CONSERVATIVE_MAX_WITH_CONFLICT_FLAG,36068;36069,Drought risk duplicated with conflicting class values; droughtRiskLevel uses conservative maximum and raw values are retained.
NR-MONTHLY-2025-11-301502,2025-11,3015,พิมาย,301502,สัมฤทธิ์,NR-RESEARCH-AREA-212,212,Phimai,Samrit,0;1,0,1,1,CONSERVATIVE_MAX_WITH_CONFLICT_FLAG,42794;42795,Drought risk duplicated with conflicting class values; droughtRiskLevel uses conservative maximum and raw values are retained.
NR-MONTHLY-2025-11-301504,2025-11,3015,พิมาย,301504,กระเบื้องใหญ่,NR-RESEARCH-AREA-214,214,Phimai,Krabueang Yai,0;1,0,1,1,CONSERVATIVE_MAX_WITH_CONFLICT_FLAG,43257;43258,Drought risk duplicated with conflicting class values; droughtRiskLevel uses conservative maximum and raw values are retained.
NR-MONTHLY-2025-11-301505,2025-11,3015,พิมาย,301505,ท่าหลวง,NR-RESEARCH-AREA-215,215,Phimai,Tha Luang,0;1,0,1,1,CONSERVATIVE_MAX_WITH_CONFLICT_FLAG,43488;43489,Drought risk duplicated with conflicting class values; droughtRiskLevel uses conservative maximum and raw values are retained.
NR-MONTHLY-2025-11-301507,2025-11,3015,พิมาย,301507,ชีวาน,NR-RESEARCH-AREA-217,217,Phimai,Chiwan,0;1,0,1,1,CONSERVATIVE_MAX_WITH_CONFLICT_FLAG,43952;43953,Drought risk duplicated with conflicting class values; droughtRiskLevel uses conservative maximum and raw values are retained.
NR-MONTHLY-2025-11-301509,2025-11,3015,พิมาย,301509,กระชอน,NR-RESEARCH-AREA-219,219,Phimai,Krachon,0;1,0,1,1,CONSERVATIVE_MAX_WITH_CONFLICT_FLAG,44415;44416,Drought risk duplicated with conflicting class values; droughtRiskLevel uses conservative maximum and raw values are retained.
NR-MONTHLY-2025-11-301604,2025-11,3016,ห้วยแถลง,301604,หลุ่งตะเคียน,NR-RESEARCH-AREA-282,282,Huai Thalaeng,Lung Takhian,0;1,0,1,1,CONSERVATIVE_MAX_WITH_CONFLICT_FLAG,57166;57167,Drought risk duplicated with conflicting class values; droughtRiskLevel uses conservative maximum and raw values are retained.
NR-MONTHLY-2025-11-301607,2025-11,3016,ห้วยแถลง,301607,กงรถ,NR-RESEARCH-AREA-285,285,Huai Thalaeng,Kong Rot,0;1,0,1,1,CONSERVATIVE_MAX_WITH_CONFLICT_FLAG,57739;57740,Drought risk duplicated with conflicting class values; droughtRiskLevel uses conservative maximum and raw values are retained.
NR-MONTHLY-2025-11-301608,2025-11,3016,ห้วยแถลง,301608,หลุ่งประดู่,NR-RESEARCH-AREA-286,286,Huai Thalaeng,Lung Pradu,0;1,0,1,1,CONSERVATIVE_MAX_WITH_CONFLICT_FLAG,57930;57931,Drought risk duplicated with conflicting class values; droughtRiskLevel uses conservative maximum and raw values are retained.
NR-MONTHLY-2025-11-301610,2025-11,3016,ห้วยแถลง,301610,ห้วยแคน,NR-RESEARCH-AREA-288,288,Huai Thalaeng,Huai Khaen,0;1,0,1,1,CONSERVATIVE_MAX_WITH_CONFLICT_FLAG,58311;58312,Drought risk duplicated with conflicting class values; droughtRiskLevel uses conservative maximum and raw values are retained.
NR-MONTHLY-2025-11-301702,2025-11,3017,ชุมพวง,301702,ประสุข,NR-RESEARCH-AREA-078,78,Chum Phuang,Prasuk,0;1,0,1,1,CONSERVATIVE_MAX_WITH_CONFLICT_FLAG,15658;15659,Drought risk duplicated with conflicting class values; droughtRiskLevel uses conservative maximum and raw values are retained.
NR-MONTHLY-2025-11-301703,2025-11,3017,ชุมพวง,301703,ท่าลาด,NR-RESEARCH-AREA-079,79,Chum Phuang,Tha Lat,0;1,0,1,1,CONSERVATIVE_MAX_WITH_CONFLICT_FLAG,15888;15889,Drought risk duplicated with conflicting class values; droughtRiskLevel uses conservative maximum and raw values are retained.
NR-MONTHLY-2025-11-301705,2025-11,3017,ชุมพวง,301705,ตลาดไทร,NR-RESEARCH-AREA-081,81,Chum Phuang,Talat Sai,0;1,0,1,1,CONSERVATIVE_MAX_WITH_CONFLICT_FLAG,16344;16345,Drought risk duplicated with conflicting class values; droughtRiskLevel uses conservative maximum and raw values are retained.
NR-MONTHLY-2025-11-301710,2025-11,3017,ชุมพวง,301710,โนนรัง,NR-RESEARCH-AREA-082,82,Chum Phuang,Non Rang,0;1,0,1,1,CONSERVATIVE_MAX_WITH_CONFLICT_FLAG,16572;16573,Drought risk duplicated with conflicting class values; droughtRiskLevel uses conservative maximum and raw values are retained.
NR-MONTHLY-2025-11-301714,2025-11,3017,ชุมพวง,301714,หนองหลัก,NR-RESEARCH-AREA-083,83,Chum Phuang,Nong Lak,0;1,0,1,1,CONSERVATIVE_MAX_WITH_CONFLICT_FLAG,16798;16799,Drought risk duplicated with conflicting class values; droughtRiskLevel uses conservative maximum and raw values are retained.
NR-MONTHLY-2025-11-301716,2025-11,3017,ชุมพวง,301716,โนนตูม,NR-RESEARCH-AREA-084,84,Chum Phuang,Non Tum,0;1,0,1,1,CONSERVATIVE_MAX_WITH_CONFLICT_FLAG,17028;17029,Drought risk duplicated with conflicting class values; droughtRiskLevel uses conservative maximum and raw values are retained.
NR-MONTHLY-2025-11-301717,2025-11,3017,ชุมพวง,301717,โนนยอ,NR-RESEARCH-AREA-085,85,Chum Phuang,Non Yo,0;1,0,1,1,CONSERVATIVE_MAX_WITH_CONFLICT_FLAG,17257;17258,Drought risk duplicated with conflicting class values; droughtRiskLevel uses conservative maximum and raw values are retained.
NR-MONTHLY-2025-11-301802,2025-11,3018,สูงเนิน,301802,เสมา,NR-RESEARCH-AREA-254,254,Sung Noen,Sema,0;1,0,1,1,CONSERVATIVE_MAX_WITH_CONFLICT_FLAG,51447;51448,Drought risk duplicated with conflicting class values; droughtRiskLevel uses conservative maximum and raw values are retained.
NR-MONTHLY-2025-11-302012,2025-11,3020,สีคิ้ว,302012,หนองบัวน้อย,NR-RESEARCH-AREA-247,247,Si Khio,Nong Bua Noi,0;1,0,1,1,CONSERVATIVE_MAX_WITH_CONFLICT_FLAG,50014;50015,Drought risk duplicated with conflicting class values; droughtRiskLevel uses conservative maximum and raw values are retained.
NR-MONTHLY-2025-11-302402,2025-11,3024,โนนแดง,302402,โนนตาเถร,NR-RESEARCH-AREA-117,117,Non Daeng,Non Ta Then,0;1,0,1,1,CONSERVATIVE_MAX_WITH_CONFLICT_FLAG,23811;23812,Drought risk duplicated with conflicting class values; droughtRiskLevel uses conservative maximum and raw values are retained.
NR-MONTHLY-2025-11-302403,2025-11,3024,โนนแดง,302403,สำพะเนียง,NR-RESEARCH-AREA-118,118,Non Daeng,Sam Phaniang,0;1,0,1,1,CONSERVATIVE_MAX_WITH_CONFLICT_FLAG,24043;24044,Drought risk duplicated with conflicting class values; droughtRiskLevel uses conservative maximum and raw values are retained.
NR-MONTHLY-2025-11-302404,2025-11,3024,โนนแดง,302404,วังหิน,NR-RESEARCH-AREA-119,119,Non Daeng,Wang Hin,0;1,0,1,1,CONSERVATIVE_MAX_WITH_CONFLICT_FLAG,24272;24273,Drought risk duplicated with conflicting class values; droughtRiskLevel uses conservative maximum and raw values are retained.
NR-MONTHLY-2025-11-302701,2025-11,3027,เมืองยาง,302701,เมืองยาง,NR-RESEARCH-AREA-223,223,Mueang Yang,Mueang Yang,0;1,0,1,1,CONSERVATIVE_MAX_WITH_CONFLICT_FLAG,45312;45313,Drought risk duplicated with conflicting class values; droughtRiskLevel uses conservative maximum and raw values are retained.
NR-MONTHLY-2025-11-302702,2025-11,3027,เมืองยาง,302702,กระเบื้องนอก,NR-RESEARCH-AREA-224,224,Mueang Yang,Krabueang Nok,0;1,0,1,1,CONSERVATIVE_MAX_WITH_CONFLICT_FLAG,45512;45513,Drought risk duplicated with conflicting class values; droughtRiskLevel uses conservative maximum and raw values are retained.
NR-MONTHLY-2025-11-302703,2025-11,3027,เมืองยาง,302703,ละหานปลาค้าว,NR-RESEARCH-AREA-225,225,Mueang Yang,Lahan Pla Khao,0;1,0,1,1,CONSERVATIVE_MAX_WITH_CONFLICT_FLAG,45713;45714,Drought risk duplicated with conflicting class values; droughtRiskLevel uses conservative maximum and raw values are retained.
NR-MONTHLY-2025-11-302704,2025-11,3027,เมืองยาง,302704,โนนอุดม,NR-RESEARCH-AREA-226,226,Mueang Yang,Non Udom,0;1,0,1,1,CONSERVATIVE_MAX_WITH_CONFLICT_FLAG,45913;45914,Drought risk duplicated with conflicting class values; droughtRiskLevel uses conservative maximum and raw values are retained.
NR-MONTHLY-2025-11-302803,2025-11,3028,พระทองคำ,302803,พังเทียม,NR-RESEARCH-AREA-208,208,Phra Thong Kham,Phang Thiam,0;1,0,1,1,CONSERVATIVE_MAX_WITH_CONFLICT_FLAG,41934;41935,Drought risk duplicated with conflicting class values; droughtRiskLevel uses conservative maximum and raw values are retained.
NR-MONTHLY-2025-11-302901,2025-11,3029,ลำทะเมนชัย,302901,ขุย,NR-RESEARCH-AREA-227,227,Lamtaman Chai,Khui,0;1,0,1,1,CONSERVATIVE_MAX_WITH_CONFLICT_FLAG,46127;46128,Drought risk duplicated with conflicting class values; droughtRiskLevel uses conservative maximum and raw values are retained.
NR-MONTHLY-2025-11-302902,2025-11,3029,ลำทะเมนชัย,302902,บ้านยาง,NR-RESEARCH-AREA-228,228,Lamtaman Chai,Ban Yang,0;1,0,1,1,CONSERVATIVE_MAX_WITH_CONFLICT_FLAG,46342;46343,Drought risk duplicated with conflicting class values; droughtRiskLevel uses conservative maximum and raw values are retained.
NR-MONTHLY-2025-11-302904,2025-11,3029,ลำทะเมนชัย,302904,ไพล,NR-RESEARCH-AREA-230,230,Lamtaman Chai,Phrai,0;1,0,1,1,CONSERVATIVE_MAX_WITH_CONFLICT_FLAG,46767;46768,Drought risk duplicated with conflicting class values; droughtRiskLevel uses conservative maximum and raw values are retained.
NR-MONTHLY-2025-11-303004,2025-11,3030,บัวลาย,303004,หนองหว้า,NR-RESEARCH-AREA-150,150,Bua Lai,Nong Wa,0;1,0,1,1,CONSERVATIVE_MAX_WITH_CONFLICT_FLAG,30743;30744,Drought risk duplicated with conflicting class values; droughtRiskLevel uses conservative maximum and raw values are retained.
NR-MONTHLY-2025-11-303101,2025-11,3031,สีดา,303101,สีดา,NR-RESEARCH-AREA-248,248,Sida,Sida,0;1,0,1,1,CONSERVATIVE_MAX_WITH_CONFLICT_FLAG,50218;50219,Drought risk duplicated with conflicting class values; droughtRiskLevel uses conservative maximum and raw values are retained.
NR-MONTHLY-2025-11-303102,2025-11,3031,สีดา,303102,โพนทอง,NR-RESEARCH-AREA-249,249,Sida,Phon Thong,0;1,0,1,1,CONSERVATIVE_MAX_WITH_CONFLICT_FLAG,50421;50422,Drought risk duplicated with conflicting class values; droughtRiskLevel uses conservative maximum and raw values are retained.
NR-MONTHLY-2025-11-303104,2025-11,3031,สีดา,303104,สามเมือง,NR-RESEARCH-AREA-251,251,Sida,Sam Mueang,0;1,0,1,1,CONSERVATIVE_MAX_WITH_CONFLICT_FLAG,50834;50835,Drought risk duplicated with conflicting class values; droughtRiskLevel uses conservative maximum and raw values are retained.
NR-MONTHLY-2025-11-303105,2025-11,3031,สีดา,303105,หนองตาดใหญ่,NR-RESEARCH-AREA-252,252,Sida,Nong Tat Yai,0;1,0,1,1,CONSERVATIVE_MAX_WITH_CONFLICT_FLAG,51043;51044,Drought risk duplicated with conflicting class values; droughtRiskLevel uses conservative maximum and raw values are retained.
NR-MONTHLY-2025-11-303201,2025-11,3032,เฉลิมพระเกียรติ,303201,ช้างทอง,NR-RESEARCH-AREA-072,72,Chaloem Phra Kiet,Chang Thong,0;1,0,1,1,CONSERVATIVE_MAX_WITH_CONFLICT_FLAG,14382;14383,Drought risk duplicated with conflicting class values; droughtRiskLevel uses conservative maximum and raw values are retained.
NR-MONTHLY-2025-11-303203,2025-11,3032,เฉลิมพระเกียรติ,303203,พระพุทธ,NR-RESEARCH-AREA-074,74,Chaloem Phra Kiet,Phraphut,0;1,0,1,1,CONSERVATIVE_MAX_WITH_CONFLICT_FLAG,14789;14790,Drought risk duplicated with conflicting class values; droughtRiskLevel uses conservative maximum and raw values are retained.
NR-MONTHLY-2025-12-300207,2025-12,3002,ครบุรี,300207,อรพิมพ์,NR-RESEARCH-AREA-058,58,Khon Buri,Oraphim,0;1,0,1,1,CONSERVATIVE_MAX_WITH_CONFLICT_FLAG,11583;11584,Drought risk duplicated with conflicting class values; droughtRiskLevel uses conservative maximum and raw values are retained.
NR-MONTHLY-2025-12-300208,2025-12,3002,ครบุรี,300208,บ้านใหม่,NR-RESEARCH-AREA-059,59,Khon Buri,Ban Mai,0;1,0,1,1,CONSERVATIVE_MAX_WITH_CONFLICT_FLAG,11772;11773,Drought risk duplicated with conflicting class values; droughtRiskLevel uses conservative maximum and raw values are retained.
NR-MONTHLY-2025-12-300210,2025-12,3002,ครบุรี,300210,ครบุรีใต้,NR-RESEARCH-AREA-061,61,Khon Buri,Khon Buri Tai,0;1,0,1,1,CONSERVATIVE_MAX_WITH_CONFLICT_FLAG,12132;12133,Drought risk duplicated with conflicting class values; droughtRiskLevel uses conservative maximum and raw values are retained.
NR-MONTHLY-2025-12-300303,2025-12,3003,เสิงสาง,300303,โนนสมบูรณ์,NR-RESEARCH-AREA-266,266,Soeng Sang,Non Sombun,0;1,0,1,1,CONSERVATIVE_MAX_WITH_CONFLICT_FLAG,53878;53879,Drought risk duplicated with conflicting class values; droughtRiskLevel uses conservative maximum and raw values are retained.
NR-MONTHLY-2025-12-300701,2025-12,3007,โชคชัย,300701,กระโทก,NR-RESEARCH-AREA-086,86,Chok Chai,Krathok,0;1,0,1,1,CONSERVATIVE_MAX_WITH_CONFLICT_FLAG,17458;17459,Drought risk duplicated with conflicting class values; droughtRiskLevel uses conservative maximum and raw values are retained.
NR-MONTHLY-2025-12-300705,2025-12,3007,โชคชัย,300705,ท่าลาดขาว,NR-RESEARCH-AREA-090,90,Chok Chai,Tha Lat Khao,0;1,0,1,1,CONSERVATIVE_MAX_WITH_CONFLICT_FLAG,18250;18251,Drought risk duplicated with conflicting class values; droughtRiskLevel uses conservative maximum and raw values are retained.
NR-MONTHLY-2025-12-300707,2025-12,3007,โชคชัย,300707,ท่าเยี่ยม,NR-RESEARCH-AREA-092,92,Chok Chai,Tha Yiam,0;1,0,1,1,CONSERVATIVE_MAX_WITH_CONFLICT_FLAG,18648;18649,Drought risk duplicated with conflicting class values; droughtRiskLevel uses conservative maximum and raw values are retained.
NR-MONTHLY-2025-12-300805,2025-12,3008,ด่านขุนทด,300805,ตะเคียน,NR-RESEARCH-AREA-100,100,Dan Khun Thot,Takhian,0;1,0,1,1,CONSERVATIVE_MAX_WITH_CONFLICT_FLAG,20301;20302,Drought risk duplicated with conflicting class values; droughtRiskLevel uses conservative maximum and raw values are retained.
NR-MONTHLY-2025-12-300806,2025-12,3008,ด่านขุนทด,300806,บ้านเก่า,NR-RESEARCH-AREA-101,101,Dan Khun Thot,Ban Kao,0;1,0,1,1,CONSERVATIVE_MAX_WITH_CONFLICT_FLAG,20512;20513,Drought risk duplicated with conflicting class values; droughtRiskLevel uses conservative maximum and raw values are retained.
NR-MONTHLY-2025-12-300813,2025-12,3008,ด่านขุนทด,300813,หินดาด,NR-RESEARCH-AREA-108,108,Dan Khun Thot,Hin Dat,0;1,0,1,1,CONSERVATIVE_MAX_WITH_CONFLICT_FLAG,21982;21983,Drought risk duplicated with conflicting class values; droughtRiskLevel uses conservative maximum and raw values are retained.
NR-MONTHLY-2025-12-300815,2025-12,3008,ด่านขุนทด,300815,ห้วยบง,NR-RESEARCH-AREA-109,109,Dan Khun Thot,Huai Bong,0;1,0,1,1,CONSERVATIVE_MAX_WITH_CONFLICT_FLAG,22192;22193,Drought risk duplicated with conflicting class values; droughtRiskLevel uses conservative maximum and raw values are retained.
NR-MONTHLY-2025-12-301004,2025-12,3010,โนนสูง,301004,บิง,NR-RESEARCH-AREA-134,134,Non Sung,Bing,0;1,0,1,1,CONSERVATIVE_MAX_WITH_CONFLICT_FLAG,27438;27439,Drought risk duplicated with conflicting class values; droughtRiskLevel uses conservative maximum and raw values are retained.
NR-MONTHLY-2025-12-301005,2025-12,3010,โนนสูง,301005,ดอนชมพู,NR-RESEARCH-AREA-135,135,Non Sung,Don Chomphu,0;1,0,1,1,CONSERVATIVE_MAX_WITH_CONFLICT_FLAG,27642;27643,Drought risk duplicated with conflicting class values; droughtRiskLevel uses conservative maximum and raw values are retained.
NR-MONTHLY-2025-12-301401,2025-12,3014,ปักธงชัย,301401,เมืองปัก,NR-RESEARCH-AREA-178,178,Pak Thong Chai,Mueang Pak,0;1,0,1,1,CONSERVATIVE_MAX_WITH_CONFLICT_FLAG,36280;36281,Drought risk duplicated with conflicting class values; droughtRiskLevel uses conservative maximum and raw values are retained.
NR-MONTHLY-2025-12-301402,2025-12,3014,ปักธงชัย,301402,ตะคุ,NR-RESEARCH-AREA-179,179,Pak Thong Chai,Takhu,0;1,0,1,1,CONSERVATIVE_MAX_WITH_CONFLICT_FLAG,36489;36490,Drought risk duplicated with conflicting class values; droughtRiskLevel uses conservative maximum and raw values are retained.
NR-MONTHLY-2025-12-301403,2025-12,3014,ปักธงชัย,301403,โคกไทย,NR-RESEARCH-AREA-180,180,Pak Thong Chai,Khok Thai,0;1,0,1,1,CONSERVATIVE_MAX_WITH_CONFLICT_FLAG,36698;36699,Drought risk duplicated with conflicting class values; droughtRiskLevel uses conservative maximum and raw values are retained.
NR-MONTHLY-2025-12-301404,2025-12,3014,ปักธงชัย,301404,สำโรง,NR-RESEARCH-AREA-181,181,Pak Thong Chai,Samrong,0;1,0,1,1,CONSERVATIVE_MAX_WITH_CONFLICT_FLAG,36911;36912,Drought risk duplicated with conflicting class values; droughtRiskLevel uses conservative maximum and raw values are retained.
NR-MONTHLY-2025-12-301405,2025-12,3014,ปักธงชัย,301405,ตะขบ,NR-RESEARCH-AREA-182,182,Pak Thong Chai,Takhop,0;1,0,1,1,CONSERVATIVE_MAX_WITH_CONFLICT_FLAG,37122;37123,Drought risk duplicated with conflicting class values; droughtRiskLevel uses conservative maximum and raw values are retained.
NR-MONTHLY-2025-12-301406,2025-12,3014,ปักธงชัย,301406,นกออก,NR-RESEARCH-AREA-183,183,Pak Thong Chai,Nok Ok,0;1,0,1,1,CONSERVATIVE_MAX_WITH_CONFLICT_FLAG,37332;37333,Drought risk duplicated with conflicting class values; droughtRiskLevel uses conservative maximum and raw values are retained.
NR-MONTHLY-2025-12-301407,2025-12,3014,ปักธงชัย,301407,ดอน,NR-RESEARCH-AREA-184,184,Pak Thong Chai,Don,0;1,0,1,1,CONSERVATIVE_MAX_WITH_CONFLICT_FLAG,37542;37543,Drought risk duplicated with conflicting class values; droughtRiskLevel uses conservative maximum and raw values are retained.
NR-MONTHLY-2025-12-301409,2025-12,3014,ปักธงชัย,301409,ตูม,NR-RESEARCH-AREA-185,185,Pak Thong Chai,Tum,0;1,0,1,1,CONSERVATIVE_MAX_WITH_CONFLICT_FLAG,37753;37754,Drought risk duplicated with conflicting class values; droughtRiskLevel uses conservative maximum and raw values are retained.
NR-MONTHLY-2025-12-301410,2025-12,3014,ปักธงชัย,301410,งิ้ว,NR-RESEARCH-AREA-186,186,Pak Thong Chai,Ngio,0;1,0,1,1,CONSERVATIVE_MAX_WITH_CONFLICT_FLAG,37963;37964,Drought risk duplicated with conflicting class values; droughtRiskLevel uses conservative maximum and raw values are retained.
NR-MONTHLY-2025-12-301411,2025-12,3014,ปักธงชัย,301411,สะแกราช,NR-RESEARCH-AREA-187,187,Pak Thong Chai,Sakae Rat,0;1,0,1,1,CONSERVATIVE_MAX_WITH_CONFLICT_FLAG,38173;38174,Drought risk duplicated with conflicting class values; droughtRiskLevel uses conservative maximum and raw values are retained.
NR-MONTHLY-2025-12-301412,2025-12,3014,ปักธงชัย,301412,ลำนางแก้ว,NR-RESEARCH-AREA-188,188,Pak Thong Chai,Lam Nang Kaeo,0;1,0,1,1,CONSERVATIVE_MAX_WITH_CONFLICT_FLAG,38381;38382,Drought risk duplicated with conflicting class values; droughtRiskLevel uses conservative maximum and raw values are retained.
NR-MONTHLY-2025-12-301416,2025-12,3014,ปักธงชัย,301416,ภูหลวง,NR-RESEARCH-AREA-189,189,Pak Thong Chai,Phu Luang,0;1,0,1,1,CONSERVATIVE_MAX_WITH_CONFLICT_FLAG,38589;38590,Drought risk duplicated with conflicting class values; droughtRiskLevel uses conservative maximum and raw values are retained.
NR-MONTHLY-2025-12-301417,2025-12,3014,ปักธงชัย,301417,ธงชัยเหนือ,NR-RESEARCH-AREA-190,190,Pak Thong Chai,Thong Chai Nuea,0;1,0,1,1,CONSERVATIVE_MAX_WITH_CONFLICT_FLAG,38798;38799,Drought risk duplicated with conflicting class values; droughtRiskLevel uses conservative maximum and raw values are retained.
NR-MONTHLY-2025-12-301418,2025-12,3014,ปักธงชัย,301418,สุขเกษม,NR-RESEARCH-AREA-191,191,Pak Thong Chai,Suk Kasem,0;1,0,1,1,CONSERVATIVE_MAX_WITH_CONFLICT_FLAG,39007;39008,Drought risk duplicated with conflicting class values; droughtRiskLevel uses conservative maximum and raw values are retained.
NR-MONTHLY-2025-12-301419,2025-12,3014,ปักธงชัย,301419,เกษมทรัพย์,NR-RESEARCH-AREA-192,192,Pak Thong Chai,Kasem Sap,0;1,0,1,1,CONSERVATIVE_MAX_WITH_CONFLICT_FLAG,39217;39218,Drought risk duplicated with conflicting class values; droughtRiskLevel uses conservative maximum and raw values are retained.
NR-MONTHLY-2025-12-301420,2025-12,3014,ปักธงชัย,301420,บ่อปลาทอง,NR-RESEARCH-AREA-193,193,Pak Thong Chai,Bo Pla Thong,0;1,0,1,1,CONSERVATIVE_MAX_WITH_CONFLICT_FLAG,39426;39427,Drought risk duplicated with conflicting class values; droughtRiskLevel uses conservative maximum and raw values are retained.
NR-MONTHLY-2025-12-301502,2025-12,3015,พิมาย,301502,สัมฤทธิ์,NR-RESEARCH-AREA-212,212,Phimai,Samrit,0;1,0,1,1,CONSERVATIVE_MAX_WITH_CONFLICT_FLAG,42796;42797,Drought risk duplicated with conflicting class values; droughtRiskLevel uses conservative maximum and raw values are retained.
NR-MONTHLY-2025-12-301507,2025-12,3015,พิมาย,301507,ชีวาน,NR-RESEARCH-AREA-217,217,Phimai,Chiwan,0;1,0,1,1,CONSERVATIVE_MAX_WITH_CONFLICT_FLAG,43954;43955,Drought risk duplicated with conflicting class values; droughtRiskLevel uses conservative maximum and raw values are retained.
NR-MONTHLY-2025-12-301509,2025-12,3015,พิมาย,301509,กระชอน,NR-RESEARCH-AREA-219,219,Phimai,Krachon,0;1,0,1,1,CONSERVATIVE_MAX_WITH_CONFLICT_FLAG,44417;44418,Drought risk duplicated with conflicting class values; droughtRiskLevel uses conservative maximum and raw values are retained.
NR-MONTHLY-2025-12-301701,2025-12,3017,ชุมพวง,301701,ชุมพวง,NR-RESEARCH-AREA-077,77,Chum Phuang,Chum Phuang,0;1,0,1,1,CONSERVATIVE_MAX_WITH_CONFLICT_FLAG,15427;15428,Drought risk duplicated with conflicting class values; droughtRiskLevel uses conservative maximum and raw values are retained.
NR-MONTHLY-2025-12-301702,2025-12,3017,ชุมพวง,301702,ประสุข,NR-RESEARCH-AREA-078,78,Chum Phuang,Prasuk,0;1,0,1,1,CONSERVATIVE_MAX_WITH_CONFLICT_FLAG,15660;15661,Drought risk duplicated with conflicting class values; droughtRiskLevel uses conservative maximum and raw values are retained.
NR-MONTHLY-2025-12-301710,2025-12,3017,ชุมพวง,301710,โนนรัง,NR-RESEARCH-AREA-082,82,Chum Phuang,Non Rang,0;1,0,1,1,CONSERVATIVE_MAX_WITH_CONFLICT_FLAG,16574;16575,Drought risk duplicated with conflicting class values; droughtRiskLevel uses conservative maximum and raw values are retained.
NR-MONTHLY-2025-12-301714,2025-12,3017,ชุมพวง,301714,หนองหลัก,NR-RESEARCH-AREA-083,83,Chum Phuang,Nong Lak,0;1,0,1,1,CONSERVATIVE_MAX_WITH_CONFLICT_FLAG,16800;16801,Drought risk duplicated with conflicting class values; droughtRiskLevel uses conservative maximum and raw values are retained.
NR-MONTHLY-2025-12-301717,2025-12,3017,ชุมพวง,301717,โนนยอ,NR-RESEARCH-AREA-085,85,Chum Phuang,Non Yo,0;1,0,1,1,CONSERVATIVE_MAX_WITH_CONFLICT_FLAG,17259;17260,Drought risk duplicated with conflicting class values; droughtRiskLevel uses conservative maximum and raw values are retained.
NR-MONTHLY-2025-12-301801,2025-12,3018,สูงเนิน,301801,สูงเนิน,NR-RESEARCH-AREA-253,253,Sung Noen,Sung Noen,0;1,0,1,1,CONSERVATIVE_MAX_WITH_CONFLICT_FLAG,51248;51249,Drought risk duplicated with conflicting class values; droughtRiskLevel uses conservative maximum and raw values are retained.
NR-MONTHLY-2025-12-301802,2025-12,3018,สูงเนิน,301802,เสมา,NR-RESEARCH-AREA-254,254,Sung Noen,Sema,0;1,0,1,1,CONSERVATIVE_MAX_WITH_CONFLICT_FLAG,51449;51450,Drought risk duplicated with conflicting class values; droughtRiskLevel uses conservative maximum and raw values are retained.
NR-MONTHLY-2025-12-301803,2025-12,3018,สูงเนิน,301803,โคราช,NR-RESEARCH-AREA-255,255,Sung Noen,Khorat,0;1,0,1,1,CONSERVATIVE_MAX_WITH_CONFLICT_FLAG,51657;51658,Drought risk duplicated with conflicting class values; droughtRiskLevel uses conservative maximum and raw values are retained.
NR-MONTHLY-2025-12-301804,2025-12,3018,สูงเนิน,301804,บุ่งขี้เหล็ก,NR-RESEARCH-AREA-256,256,Sung Noen,Bung Khi Lek,0;1,0,1,1,CONSERVATIVE_MAX_WITH_CONFLICT_FLAG,51861;51862,Drought risk duplicated with conflicting class values; droughtRiskLevel uses conservative maximum and raw values are retained.
NR-MONTHLY-2025-12-301805,2025-12,3018,สูงเนิน,301805,โนนค่า,NR-RESEARCH-AREA-257,257,Sung Noen,Non Kha,0;1,0,1,1,CONSERVATIVE_MAX_WITH_CONFLICT_FLAG,52066;52067,Drought risk duplicated with conflicting class values; droughtRiskLevel uses conservative maximum and raw values are retained.
NR-MONTHLY-2025-12-301806,2025-12,3018,สูงเนิน,301806,โค้งยาง,NR-RESEARCH-AREA-258,258,Sung Noen,Khong Yang,0;1,0,1,1,CONSERVATIVE_MAX_WITH_CONFLICT_FLAG,52272;52273,Drought risk duplicated with conflicting class values; droughtRiskLevel uses conservative maximum and raw values are retained.
NR-MONTHLY-2025-12-301807,2025-12,3018,สูงเนิน,301807,มะเกลือเก่า,NR-RESEARCH-AREA-259,259,Sung Noen,Makluea Kao,0;1,0,1,1,CONSERVATIVE_MAX_WITH_CONFLICT_FLAG,52478;52479,Drought risk duplicated with conflicting class values; droughtRiskLevel uses conservative maximum and raw values are retained.
NR-MONTHLY-2025-12-301808,2025-12,3018,สูงเนิน,301808,มะเกลือใหม่,NR-RESEARCH-AREA-260,260,Sung Noen,Makluea Mai,0;1,0,1,1,CONSERVATIVE_MAX_WITH_CONFLICT_FLAG,52680;52681,Drought risk duplicated with conflicting class values; droughtRiskLevel uses conservative maximum and raw values are retained.
NR-MONTHLY-2025-12-301809,2025-12,3018,สูงเนิน,301809,นากลาง,NR-RESEARCH-AREA-261,261,Sung Noen,Na Klang,0;1,0,1,1,CONSERVATIVE_MAX_WITH_CONFLICT_FLAG,52886;52887,Drought risk duplicated with conflicting class values; droughtRiskLevel uses conservative maximum and raw values are retained.
NR-MONTHLY-2025-12-301810,2025-12,3018,สูงเนิน,301810,หนองตะไก้,NR-RESEARCH-AREA-262,262,Sung Noen,Nong Takai,0;1,0,1,1,CONSERVATIVE_MAX_WITH_CONFLICT_FLAG,53090;53091,Drought risk duplicated with conflicting class values; droughtRiskLevel uses conservative maximum and raw values are retained.
NR-MONTHLY-2025-12-301811,2025-12,3018,สูงเนิน,301811,กุดจิก,NR-RESEARCH-AREA-263,263,Sung Noen,Kut Chik,0;1,0,1,1,CONSERVATIVE_MAX_WITH_CONFLICT_FLAG,53291;53292,Drought risk duplicated with conflicting class values; droughtRiskLevel uses conservative maximum and raw values are retained.
NR-MONTHLY-2025-12-301904,2025-12,3019,ขามทะเลสอ,301904,หนองสรวง,NR-RESEARCH-AREA-033,33,Kham Thale So,Nong Suang,0;1,0,1,1,CONSERVATIVE_MAX_WITH_CONFLICT_FLAG,6422;6423,Drought risk duplicated with conflicting class values; droughtRiskLevel uses conservative maximum and raw values are retained.
NR-MONTHLY-2025-12-302001,2025-12,3020,สีคิ้ว,302001,สีคิ้ว,NR-RESEARCH-AREA-236,236,Si Khio,Sikhio,0;1,0,1,1,CONSERVATIVE_MAX_WITH_CONFLICT_FLAG,47879;47880,Drought risk duplicated with conflicting class values; droughtRiskLevel uses conservative maximum and raw values are retained.
NR-MONTHLY-2025-12-302002,2025-12,3020,สีคิ้ว,302002,บ้านหัน,NR-RESEARCH-AREA-237,237,Si Khio,Ban Han,0;1,0,1,1,CONSERVATIVE_MAX_WITH_CONFLICT_FLAG,48078;48079,Drought risk duplicated with conflicting class values; droughtRiskLevel uses conservative maximum and raw values are retained.
NR-MONTHLY-2025-12-302003,2025-12,3020,สีคิ้ว,302003,กฤษณา,NR-RESEARCH-AREA-238,238,Si Khio,Kritsana,0;1,0,1,1,CONSERVATIVE_MAX_WITH_CONFLICT_FLAG,48271;48272,Drought risk duplicated with conflicting class values; droughtRiskLevel uses conservative maximum and raw values are retained.
NR-MONTHLY-2025-12-302004,2025-12,3020,สีคิ้ว,302004,ลาดบัวขาว,NR-RESEARCH-AREA-239,239,Si Khio,Lat Bua Khao,0;1,0,1,1,CONSERVATIVE_MAX_WITH_CONFLICT_FLAG,48465;48466,Drought risk duplicated with conflicting class values; droughtRiskLevel uses conservative maximum and raw values are retained.
NR-MONTHLY-2025-12-302005,2025-12,3020,สีคิ้ว,302005,หนองหญ้าขาว,NR-RESEARCH-AREA-240,240,Si Khio,Nong Ya Khao,0;1,0,1,1,CONSERVATIVE_MAX_WITH_CONFLICT_FLAG,48659;48660,Drought risk duplicated with conflicting class values; droughtRiskLevel uses conservative maximum and raw values are retained.
NR-MONTHLY-2025-12-302006,2025-12,3020,สีคิ้ว,302006,กุดน้อย,NR-RESEARCH-AREA-241,241,Si Khio,Kut Noi,0;1,0,1,1,CONSERVATIVE_MAX_WITH_CONFLICT_FLAG,48853;48854,Drought risk duplicated with conflicting class values; droughtRiskLevel uses conservative maximum and raw values are retained.
NR-MONTHLY-2025-12-302108,2025-12,3021,ปากช่อง,302108,โป่งตาลอง,NR-RESEARCH-AREA-201,201,Pak Chong,Pong Ta Long,0;1,0,1,1,CONSERVATIVE_MAX_WITH_CONFLICT_FLAG,40680;40681,Drought risk duplicated with conflicting class values; droughtRiskLevel uses conservative maximum and raw values are retained.
NR-MONTHLY-2025-12-302202,2025-12,3022,หนองบุญมาก,302202,สารภี,NR-RESEARCH-AREA-271,271,Nong Bunmak,Saraphi,0;1,0,1,1,CONSERVATIVE_MAX_WITH_CONFLICT_FLAG,54881;54882,Drought risk duplicated with conflicting class values; droughtRiskLevel uses conservative maximum and raw values are retained.
NR-MONTHLY-2025-12-302203,2025-12,3022,หนองบุญมาก,302203,ไทยเจริญ,NR-RESEARCH-AREA-272,272,Nong Bunmak,Thai Charoen,0;1,0,1,1,CONSERVATIVE_MAX_WITH_CONFLICT_FLAG,55099;55100,Drought risk duplicated with conflicting class values; droughtRiskLevel uses conservative maximum and raw values are retained.
NR-MONTHLY-2025-12-302204,2025-12,3022,หนองบุญมาก,302204,หนองหัวแรต,NR-RESEARCH-AREA-273,273,Nong Bunmak,Nong Hua Raet,0;1,0,1,1,CONSERVATIVE_MAX_WITH_CONFLICT_FLAG,55319;55320,Drought risk duplicated with conflicting class values; droughtRiskLevel uses conservative maximum and raw values are retained.
NR-MONTHLY-2025-12-302205,2025-12,3022,หนองบุญมาก,302205,แหลมทอง,NR-RESEARCH-AREA-274,274,Nong Bunmak,Laem Thong,0;1,0,1,1,CONSERVATIVE_MAX_WITH_CONFLICT_FLAG,55538;55539,Drought risk duplicated with conflicting class values; droughtRiskLevel uses conservative maximum and raw values are retained.
NR-MONTHLY-2025-12-302207,2025-12,3022,หนองบุญมาก,302207,ลุงเขว้า,NR-RESEARCH-AREA-276,276,Nong Bunmak,Lung Khwao,0;1,0,1,1,CONSERVATIVE_MAX_WITH_CONFLICT_FLAG,55975;55976,Drought risk duplicated with conflicting class values; droughtRiskLevel uses conservative maximum and raw values are retained.
NR-MONTHLY-2025-12-302208,2025-12,3022,หนองบุญมาก,302208,หนองไม้ไผ่,NR-RESEARCH-AREA-277,277,Nong Bunmak,Nong Mai Phai,0;1,0,1,1,CONSERVATIVE_MAX_WITH_CONFLICT_FLAG,56185;56186,Drought risk duplicated with conflicting class values; droughtRiskLevel uses conservative maximum and raw values are retained.
NR-MONTHLY-2025-12-302209,2025-12,3022,หนองบุญมาก,302209,บ้านใหม่,NR-RESEARCH-AREA-278,278,Nong Bunmak,Ban Mai,0;1,0,1,1,CONSERVATIVE_MAX_WITH_CONFLICT_FLAG,56403;56404,Drought risk duplicated with conflicting class values; droughtRiskLevel uses conservative maximum and raw values are retained.
NR-MONTHLY-2025-12-302501,2025-12,3025,วังน้ำเขียว,302501,วังน้ำเขียว,NR-RESEARCH-AREA-231,231,Wang Nam Khiao,Wang Nam Khiao,0;1,0,1,1,CONSERVATIVE_MAX_WITH_CONFLICT_FLAG,46950;46951,Drought risk duplicated with conflicting class values; droughtRiskLevel uses conservative maximum and raw values are retained.
NR-MONTHLY-2025-12-302502,2025-12,3025,วังน้ำเขียว,302502,วังหมี,NR-RESEARCH-AREA-232,232,Wang Nam Khiao,Wang Mi,0;1,0,1,1,CONSERVATIVE_MAX_WITH_CONFLICT_FLAG,47141;47142,Drought risk duplicated with conflicting class values; droughtRiskLevel uses conservative maximum and raw values are retained.
NR-MONTHLY-2025-12-302504,2025-12,3025,วังน้ำเขียว,302504,อุดมทรัพย์,NR-RESEARCH-AREA-234,234,Wang Nam Khiao,Udom Sap,0;1,0,1,1,CONSERVATIVE_MAX_WITH_CONFLICT_FLAG,47506;47507,Drought risk duplicated with conflicting class values; droughtRiskLevel uses conservative maximum and raw values are retained.
NR-MONTHLY-2025-12-303202,2025-12,3032,เฉลิมพระเกียรติ,303202,ท่าช้าง,NR-RESEARCH-AREA-073,73,Chaloem Phra Kiet,Tha Chang,0;1,0,1,1,CONSERVATIVE_MAX_WITH_CONFLICT_FLAG,14587;14588,Drought risk duplicated with conflicting class values; droughtRiskLevel uses conservative maximum and raw values are retained.
