{"type":"FeatureCollection","name":"nakhon-ratchasima-boundary","bbox":[101.181047281352,14.120014740932,103.012703433367,15.808008691394],"features":[{"type":"Feature","properties":{"provinceCode":"30","provinceNameTh":"จังหวัดนครราชสีมา","provinceNameEn":"Nakhon Ratchasima","derivedFrom":"public/geodata/nakhon-ratchasima-subdistricts.geojson","sourceGeometry":"GISTDA subdistrict geometry used by the local map","derivationMethod":"deterministic shared-edge dissolve of all subdistrict polygon rings","generatedBy":"npm run generate:nr-boundary","sourceFeatureCount":289,"sourceAdminCodes":["300101","300102","300103","300104","300105","300106","300107","300108","300109","300110","300111","300112","300113","300114","300115","300116","300117","300118","300119","300120","300121","300122","300123","300124","300125","300201","300202","300203","300204","300205","300206","300207","300208","300209","300210","300211","300212","300301","300302","300303","300304","300305","300306","300401","300402","300403","300404","300405","300406","300407","300408","300409","300410","300501","300502","300503","300504","300601","300603","300604","300605","300607","300610","300611","300613","300701","300702","300703","300704","300705","300706","300707","300708","300709","300710","300801","300802","300803","300804","300805","300806","300807","300808","300809","300810","300811","300812","300813","300815","300817","300818","300901","300902","300903","300904","300905","300906","300907","300908","300909","300914","301001","301002","301003","301004","301005","301006","301007","301008","301009","301010","301011","301012","301013","301014","301015","301016","301101","301102","301103","301104","301105","301106","301107","301201","301203","301204","301206","301207","301208","301214","301215","301220","301224","301301","301303","301304","301306","301307","301308","301309","301310","301313","301314","301315","301317","301318","301401","301402","301403","301404","301405","301406","301407","301409","301410","301411","301412","301416","301417","301418","301419","301420","301501","301502","301503","301504","301505","301506","301507","301508","301509","301510","301511","301512","301601","301602","301603","301604","301605","301606","301607","301608","301609","301610","301701","301702","301703","301704","301705","301710","301714","301716","301717","301801","301802","301803","301804","301805","301806","301807","301808","301809","301810","301811","301901","301902","301903","301904","301905","302001","302002","302003","302004","302005","302006","302007","302008","302009","302010","302011","302012","302101","302102","302103","302104","302105","302106","302107","302108","302109","302110","302111","302112","302201","302202","302203","302204","302205","302206","302207","302208","302209","302301","302302","302303","302304","302305","302401","302402","302403","302404","302405","302501","302502","302503","302504","302505","302601","302602","302603","302604","302701","302702","302703","302704","302801","302802","302803","302804","302805","302901","302902","302903","302904","303001","303002","303003","303004","303101","303102","303103","303104","303105","303201","303202","303203","303204","303205"],"boundaryRingCount":1},"bbox":[101.181047281352,14.120014740932,103.012703433367,15.808008691394],"geometry":{"type":"Polygon","coordinates":[[[101.181047281352,14.543832244862],[101.181059711832,14.543622045277],[101.181127234763,14.543472325159],[101.181300059777,14.543241430161],[101.181513521109,14.543015803841],[101.181726029438,14.542870380064],[101.182112581348,14.542618291844],[101.182512576751,14.542377372551],[101.182916787263,14.542093493269],[101.183239980026,14.54182505295],[101.183443898717,14.541513673138],[101.183704940017,14.540938592527],[101.183898581729,14.54028959493],[101.18408424977,14.53888843688],[101.184172216915,14.537692625195],[101.18414912064,14.536876226482],[101.184130998766,14.536507054881],[101.184055046417,14.536034510661],[101.183987845118,14.535803593656],[101.18392028623,14.535595269476],[101.183863022604,14.535490761129],[101.183758571451,14.535362973663],[101.183585499785,14.535095770676],[101.18353036206,14.534853446203],[101.18365195491,14.534601567994],[101.183801106456,14.534086263846],[101.184028677012,14.533704636338],[101.184259232364,14.53339075037],[101.184596418636,14.533013748759],[101.184929799672,14.532721493002],[101.18581553821,14.53182546031],[101.186378807724,14.5312114157],[101.187228805222,14.530337172613],[101.187575757784,14.530010903079],[101.187933197317,14.529748915281],[101.188346685421,14.529527065598],[101.188747062309,14.529327926328],[101.188966552203,14.529245683466],[101.189277083407,14.529224710928],[101.189579888211,14.529243342652],[101.189946461266,14.529143911929],[101.190194667341,14.529034292279],[101.190409786982,14.52892046287],[101.190682550378,14.528832073201],[101.191011652339,14.528871917266],[101.191199288804,14.5289695573],[101.191350325908,14.529118364766],[101.191475622725,14.52930242737],[101.191605135142,14.529443530513],[101.191736642695,14.529551860214],[101.191990898601,14.529644357578],[101.192356064354,14.529696286388],[101.192555741304,14.529721525436],[101.192838693486,14.529725655447],[101.193239575764,14.529754658269],[101.193405542802,14.529829909707],[101.193519348662,14.529965511254],[101.193726616936,14.530289988795],[101.193935066795,14.530557982386],[101.194161867434,14.530746740056],[101.19442162114,14.530926153072],[101.194742074617,14.531029322695],[101.195126004241,14.53104379763],[101.195451218274,14.530924415248],[101.195678442058,14.53068622609],[101.195872522625,14.530320717363],[101.196009693092,14.529828110994],[101.196115247894,14.529069245304],[101.19632881036,14.528152370283],[101.196550665984,14.527488419452],[101.19668641893,14.527087313274],[101.196717830169,14.526569720311],[101.196809996579,14.526275193636],[101.19693580544,14.52592387817],[101.197205929148,14.525627683304],[101.197462666017,14.5254434311],[101.197702346894,14.525351955894],[101.19823439198,14.525279198602],[101.198522295301,14.525139832715],[101.198794089617,14.524895576242],[101.199063362777,14.524631012765],[101.199309994907,14.524304540785],[101.199545076853,14.523982694882],[101.199813368341,14.52373621147],[101.200073032706,14.523614051054],[101.200252192208,14.523558155098],[101.200760465338,14.523485615846],[101.201219254593,14.523392080343],[101.201554017123,14.523243235527],[101.202018250457,14.52293843646],[101.202698922182,14.522361659977],[101.203202394044,14.521804618726],[101.203835515516,14.521227158028],[101.204239660988,14.521001982784],[101.204598351057,14.520869851328],[101.204903212799,14.520804863971],[101.205598141451,14.520849154341],[101.206116698468,14.520879289778],[101.206378889312,14.520837291323],[101.206637600272,14.520736593276],[101.207079222419,14.520374395931],[101.207347384612,14.520057879132],[101.207524953931,14.519725274031],[101.207671131298,14.519383928729],[101.207734465842,14.519106613279],[101.207747941426,14.518185971117],[101.207800308277,14.517913275887],[101.20789727387,14.517636773268],[101.208025130398,14.517435654642],[101.208162052014,14.517271721959],[101.208295644339,14.517181236499],[101.208518067194,14.517104597427],[101.208824652944,14.517097192078],[101.209046452826,14.517249839978],[101.209196458404,14.517469802206],[101.209376924983,14.517604767717],[101.209594863201,14.517660316808],[101.209842071649,14.517686224774],[101.210125704211,14.51764402064],[101.210339663934,14.517532446347],[101.210601285772,14.517375243278],[101.210804459932,14.517170025094],[101.210921913536,14.516972390808],[101.210964201854,14.516735934042],[101.210948974192,14.516195063456],[101.210911773755,14.515951449838],[101.210957165032,14.515618959705],[101.211204663515,14.515149028075],[101.216384859041,14.507295558447],[101.216594887158,14.506964901619],[101.216877777389,14.506500279521],[101.217154897535,14.506213037373],[101.217432949233,14.506019531993],[101.217761652069,14.505848135905],[101.218176445841,14.505648819655],[101.21860318494,14.505543134684],[101.219608254604,14.505361953621],[101.221013919655,14.505186014165],[101.22165968452,14.505013872125],[101.222115224785,14.504832235088],[101.222774472951,14.50444310663],[101.223092041633,14.504144181148],[101.223477626638,14.503574670865],[101.223756412614,14.503049091253],[101.224095491296,14.502466466645],[101.224396772867,14.501988111361],[101.224601905186,14.501691379427],[101.224674298912,14.501394775052],[101.224638557353,14.500253233003],[101.224717724887,14.499241619331],[101.224998748087,14.498069968595],[101.22527843502,14.497112927295],[101.225567816477,14.496256315261],[101.225844608166,14.495648303673],[101.231799145713,14.487536535759],[101.237492317922,14.479584150597],[101.238660817358,14.478086671406],[101.239678019663,14.476356832951],[101.240527217834,14.474924508955],[101.241329580057,14.473446321544],[101.241639405988,14.472902363239],[101.24188593557,14.472519389022],[101.242093737189,14.472204551352],[101.242782448912,14.471530481968],[101.242821502838,14.471552698376],[101.243117195976,14.471852570568],[101.243282590085,14.472162720766],[101.243377862336,14.472588742795],[101.243391197712,14.472935355136],[101.243304480084,14.473360854357],[101.242931022395,14.474089521308],[101.242025232296,14.476060008606],[101.241850953386,14.476769832788],[101.241815158285,14.477418476869],[101.241939941961,14.478474449547],[101.241979628803,14.478790316713],[101.241874932936,14.479099653895],[101.241187893082,14.480288735524],[101.241143465998,14.480655100394],[101.241165335545,14.480928217911],[101.241524080991,14.482830174369],[101.242328153395,14.485730828738],[101.243236972828,14.487921185286],[101.243854080347,14.489171235174],[101.244465092506,14.489872431123],[101.244790668259,14.490143775738],[101.245202234616,14.490205349834],[101.245607026529,14.490054653417],[101.245984587905,14.489674939766],[101.246384090108,14.489171906162],[101.246564194022,14.489041427888],[101.246755674005,14.489004584079],[101.247219056516,14.489031777041],[101.247877693981,14.489166656249],[101.248786134078,14.489473076512],[101.249514906343,14.489895287474],[101.249758255856,14.490058984999],[101.250130782779,14.490387472838],[101.250354091605,14.49069028307],[101.25049826494,14.491077429446],[101.250556151476,14.491414576936],[101.25055715131,14.491800836089],[101.250441467939,14.49222661407],[101.25027330466,14.492621269763],[101.250191086904,14.493032044415],[101.250233785326,14.4935297182],[101.250352969586,14.493852725985],[101.250638684864,14.494250939346],[101.251075498476,14.494630762348],[101.25185463927,14.495159776444],[101.255678079236,14.497532173033],[101.256148260444,14.497714012536],[101.256612219877,14.497796520876],[101.257037668764,14.497739348171],[101.25726221903,14.49764796446],[101.257787433801,14.497254389669],[101.258041804354,14.497188695453],[101.258279691651,14.497212384466],[101.258554485003,14.49733172064],[101.258734842244,14.497455353241],[101.260015563372,14.498687665619],[101.260178536229,14.498811464186],[101.26031897004,14.498884654442],[101.260689040624,14.498968058081],[101.260828086371,14.499018672804],[101.260981212866,14.49908609415],[101.261571432553,14.499444086617],[101.262233062326,14.499870285144],[101.26253473264,14.500067287329],[101.262775868277,14.500296496492],[101.262911448434,14.500462345588],[101.263047285602,14.50071064021],[101.263142782779,14.500867840114],[101.263265555546,14.501028165261],[101.263370286358,14.501124287003],[101.26348108284,14.501189854795],[101.26357827468,14.501228447498],[101.263692170105,14.501256715147],[101.264783134069,14.501493537756],[101.265327876699,14.501767250947],[101.266131786932,14.502389713374],[101.266659332221,14.502909804197],[101.267027610671,14.503556797878],[101.267307293469,14.504497168023],[101.2673884733,14.505809907918],[101.26761012359,14.506857004321],[101.267942482755,14.507447871129],[101.268280961193,14.507785686614],[101.269300528782,14.508350707238],[101.270584873003,14.508732452294],[101.271261702974,14.509053434896],[101.271678127231,14.509474067779],[101.272013721922,14.510096519111],[101.2722999797,14.51173479973],[101.272443296254,14.512259722407],[101.27259920889,14.512485226002],[101.272982862885,14.512647534127],[101.273590468127,14.512772659893],[101.274966889199,14.512802234217],[101.276014774744,14.512618138712],[101.277158731866,14.51247602482],[101.277696463461,14.51217376693],[101.278095021308,14.511809612375],[101.278625994994,14.511017250609],[101.278818970008,14.510162664553],[101.278880056804,14.509504749206],[101.278934532115,14.508257341848],[101.279052309082,14.507418168639],[101.279455418955,14.506480224574],[101.280346151443,14.50516031637],[101.28105037578,14.504364009708],[101.282187563251,14.50356575165],[101.283736371946,14.502493554139],[101.283765153757,14.502474074098],[101.28390500666,14.502376713315],[101.284216857397,14.501981771089],[101.284245166346,14.501746577108],[101.284196137825,14.501487288666],[101.284092745769,14.501239823301],[101.283968721796,14.500958675344],[101.283767986011,14.500657945087],[101.283237277799,14.49983185655],[101.282819887238,14.499146970383],[101.282599258761,14.498601347679],[101.28250660799,14.498157257945],[101.282522543685,14.497732441931],[101.282699549541,14.496905117523],[101.283018940358,14.495548970284],[101.283432997504,14.493985220034],[101.283537077984,14.493225239107],[101.28353957886,14.492846860639],[101.283424924185,14.492178230899],[101.283337312091,14.491546608715],[101.283372305773,14.491001888781],[101.283445790402,14.490593455445],[101.283577007874,14.490219471761],[101.283717992444,14.490006900033],[101.284107660132,14.489684616109],[101.284311383283,14.489542587981],[101.284627293419,14.489432221612],[101.284987976119,14.489392572314],[101.285429921248,14.489421026911],[101.286582402857,14.489670707345],[101.288685667143,14.490452110757],[101.2900522845,14.490839734765],[101.290837553389,14.490943889721],[101.291600913689,14.490946609038],[101.29203334445,14.490951425918],[101.292456781136,14.490983434635],[101.292881619859,14.491039147321],[101.293376933494,14.49118452359],[101.293658929835,14.491327464285],[101.2939321665,14.491576655168],[101.29420344583,14.491860875428],[101.29485271042,14.492772743299],[101.295311493736,14.493648069712],[101.295488762363,14.493920784137],[101.295643343888,14.494072872988],[101.295797472956,14.494180918468],[101.297839407415,14.495303910158],[101.298672375815,14.495872884806],[101.299008797304,14.496177919679],[101.299201834864,14.496405298986],[101.299539685433,14.496961046864],[101.299969326439,14.497705635102],[101.300200907443,14.497960871583],[101.300497778039,14.498139797284],[101.301061563322,14.498403071353],[101.301334191631,14.498479457124],[101.301716100243,14.498529925303],[101.30224385456,14.49850329293],[101.302643628255,14.498431608381],[101.302928365191,14.498445756523],[101.303696277414,14.498606504877],[101.303899752675,14.498665495687],[101.304135827443,14.498794189936],[101.304286516793,14.498849181744],[101.304483001746,14.498904852413],[101.304711744201,14.498941006476],[101.304941470603,14.498960210588],[101.305207892215,14.498940653749],[101.305426181851,14.498862840635],[101.306059893617,14.498601373098],[101.306247150668,14.498493369511],[101.306359246987,14.498347705594],[101.306452312376,14.49821126287],[101.306534372103,14.498019588731],[101.30657747901,14.497872342818],[101.30675498788,14.497102606741],[101.30699186753,14.495124957436],[101.307004025813,14.4933313495],[101.307087058399,14.492169509895],[101.307110597153,14.491307545618],[101.307011745303,14.490660240262],[101.306292381382,14.488297819407],[101.306232260456,14.487976529583],[101.306261222136,14.487638554577],[101.306384362396,14.487216078744],[101.30641487365,14.486971828508],[101.306406137109,14.486407213825],[101.306450454716,14.486040852248],[101.306496462752,14.485501676292],[101.306604705346,14.485039817835],[101.307076790055,14.483948698721],[101.307856965491,14.482442324057],[101.308588885503,14.481258299998],[101.309215416463,14.480027875427],[101.309593160533,14.479063045582],[101.309723573255,14.478672120886],[101.309971765558,14.477901690432],[101.31011341791,14.477084871342],[101.31018471631,14.476246156586],[101.310226197805,14.475718318578],[101.310173052943,14.475119129936],[101.310288072256,14.474584922385],[101.310501745287,14.473951488955],[101.310716154649,14.47338920014],[101.311017554157,14.472944642849],[101.311814970967,14.471877428854],[101.312322504056,14.471359693046],[101.312947212723,14.471020377729],[101.313735002858,14.470759644508],[101.314348233198,14.470767163455],[101.314955937033,14.470912522893],[101.315522897606,14.471096680228],[101.316041971488,14.471189826928],[101.316408120283,14.471178315935],[101.316821879685,14.471063559844],[101.317069614101,14.470810393475],[101.317447472048,14.470028517418],[101.317699935235,14.469393568152],[101.317813136255,14.469244502458],[101.317991144157,14.469085762031],[101.318071714131,14.469087226774],[101.319289551263,14.469110234194],[101.321377057911,14.46928051011],[101.322064327916,14.469386666586],[101.322479489003,14.469407414016],[101.323186296632,14.469330412572],[101.32357067442,14.469177535683],[101.323965532691,14.4689737332],[101.324686003701,14.468595044658],[101.324969042729,14.468449944535],[101.325121469409,14.468395356716],[101.325264422244,14.4683770028],[101.3255597597,14.46841135274],[101.325751305338,14.468384613302],[101.325925861366,14.468284629879],[101.326152904743,14.468105071253],[101.326646712818,14.467553563415],[101.326857532855,14.467318824002],[101.326983545003,14.467176404442],[101.327195493908,14.46705007454],[101.327407051378,14.466941819401],[101.327569816162,14.466822753041],[101.327968638909,14.466388509558],[101.328452684788,14.465790790887],[101.328589092626,14.465589539884],[101.328795303318,14.465468912573],[101.329057056734,14.465395170244],[101.329456537742,14.465469143405],[101.331369286812,14.466056678628],[101.33160934839,14.466070110799],[101.331817696635,14.465987859676],[101.331994861875,14.465860742261],[101.332145917699,14.46567515486],[101.332538503681,14.465033160892],[101.333801611408,14.463734267247],[101.334609110334,14.463146882861],[101.334876420149,14.462884472325],[101.335443172169,14.462218159323],[101.335668121357,14.46195052169],[101.335856325981,14.461826680639],[101.336138589347,14.461719974846],[101.336798557524,14.461600485057],[101.33750961233,14.461378841181],[101.338111813311,14.461000163232],[101.338584417646,14.460586630949],[101.338867756186,14.460195308697],[101.339056880761,14.459827510165],[101.339288469743,14.459585779625],[101.339633153845,14.459408428472],[101.340100667034,14.459284066568],[101.340343346407,14.459160810284],[101.340816049147,14.458812778271],[101.341327773728,14.458317538586],[101.341855161865,14.457437022782],[101.342339182923,14.456344615483],[101.342503121553,14.45573086054],[101.342585423363,14.455566282269],[101.342775995331,14.45544806022],[101.343128097489,14.455315806302],[101.344887553984,14.455107424929],[101.345432650257,14.454977763761],[101.345835395086,14.454812249761],[101.346152690641,14.454621612096],[101.347014793679,14.454218867466],[101.347667395803,14.453621697865],[101.348301563749,14.452759307828],[101.348523272304,14.452516539668],[101.348837830097,14.452286398481],[101.349148001041,14.452080016592],[101.34954143212,14.451966542152],[101.34983565547,14.451896973239],[101.350296872782,14.451947709919],[101.350769516905,14.452093198553],[101.351041780744,14.452305061969],[101.351181389337,14.452686525604],[101.351170940654,14.453070616097],[101.351044535377,14.453669316982],[101.351029194492,14.453863722446],[101.351052518708,14.453987720048],[101.35110467233,14.454097878221],[101.35124135156,14.454255755046],[101.351355856045,14.454343831514],[101.351492792622,14.454415873603],[101.351647630955,14.454482089034],[101.351842331464,14.454536613356],[101.352025182256,14.4545664089],[101.352244925818,14.454577765794],[101.352447497823,14.454554283682],[101.352812883647,14.454473836193],[101.352981528202,14.454420199804],[101.353319619223,14.454279036776],[101.353632705304,14.454019540722],[101.354096797897,14.453627526181],[101.354534226692,14.453069760802],[101.35483161288,14.45253033605],[101.354915447734,14.452292329856],[101.355054922229,14.452110236334],[101.355267358224,14.451978233489],[101.355516288482,14.451900075843],[101.356058883884,14.451589718573],[101.356335451917,14.45138479385],[101.356515907998,14.451187606942],[101.356884939035,14.450738942984],[101.356936189214,14.45059838792],[101.356948337235,14.450486459248],[101.357019526148,14.450368291896],[101.35713671334,14.450271122929],[101.357476453745,14.450177372818],[101.357623492841,14.450163477731],[101.357866340137,14.450058274156],[101.358211083749,14.449834595259],[101.358417979296,14.449672153684],[101.358641045997,14.449449692843],[101.358821443155,14.44930219812],[101.358976219582,14.449197875731],[101.359039370207,14.449141903452],[101.359156528602,14.448987136461],[101.35924624824,14.448922993346],[101.359329266103,14.448882633963],[101.359439586371,14.4488487772],[101.359753936785,14.448765442863],[101.359907795411,14.448739055177],[101.360056063482,14.44873192258],[101.360720155275,14.448734302411],[101.361017131339,14.448761818078],[101.361282931908,14.448855149811],[101.36192627353,14.449142334104],[101.362112886678,14.44925452875],[101.362323936338,14.44943085165],[101.362563835557,14.449705139243],[101.362714066385,14.449828991905],[101.362930051963,14.44992395065],[101.363214485463,14.449970788249],[101.363488179472,14.449988370823],[101.363788097211,14.449965031993],[101.36401609634,14.449935638624],[101.364253682564,14.449881302886],[101.364854472485,14.449705866468],[101.365492020397,14.449499566742],[101.365669657643,14.449365647418],[101.365857952703,14.449143530076],[101.365944617729,14.448955185058],[101.36598767334,14.448752596496],[101.366088876794,14.448404865912],[101.366117662352,14.448222749162],[101.366103338643,14.448073816899],[101.366067959585,14.447961236523],[101.366035656763,14.44775601696],[101.365993480413,14.447548637852],[101.365932829166,14.447402429656],[101.365857705082,14.447257496169],[101.365763723862,14.447137598842],[101.365539312539,14.446958025204],[101.365358254387,14.446823190273],[101.365163489214,14.44665235333],[101.365103125378,14.446533246526],[101.365069294308,14.446402580594],[101.3650399916,14.446152155323],[101.365055051453,14.445877568971],[101.365099553079,14.445702070595],[101.365184921527,14.445555526112],[101.365278754786,14.445387437893],[101.365421071331,14.445256132543],[101.365645481891,14.445107061412],[101.3660784731,14.444955896024],[101.366294693713,14.444854340585],[101.366568715552,14.444684442807],[101.3668496128,14.444452360101],[101.367041545841,14.444246016946],[101.367268832758,14.443930900088],[101.367392702414,14.443808814055],[101.36799463628,14.443360055388],[101.368939480224,14.442899942193],[101.369168640415,14.442762114146],[101.369399507954,14.442566672484],[101.369519319953,14.442444625496],[101.369647588678,14.442245698103],[101.369734390722,14.441961354892],[101.369789225377,14.441612960825],[101.369802100229,14.441296610761],[101.369777519742,14.44001503348],[101.369895590054,14.439071959472],[101.369968322812,14.438498641771],[101.370025098747,14.438278974803],[101.370098391456,14.438141585614],[101.370214336786,14.438037647207],[101.370343816517,14.438008111016],[101.370488659734,14.438006655018],[101.370649372217,14.438026496148],[101.37078080097,14.438071477583],[101.370935447217,14.438174952736],[101.371052344769,14.438325111139],[101.37110482474,14.438465753422],[101.371147059106,14.438842534009],[101.371175726134,14.439087316528],[101.371221255822,14.439337577025],[101.371265016663,14.439530256381],[101.371300532857,14.439601049247],[101.371351876642,14.439634413205],[101.371421450184,14.439638230463],[101.371973790688,14.43959653274],[101.372127026098,14.439566756346],[101.372337439748,14.439519463903],[101.372677369214,14.439446021435],[101.373023760835,14.439326209924],[101.373280676466,14.439183581791],[101.374027337009,14.438670109604],[101.374286406174,14.438457438986],[101.374525068542,14.438178341956],[101.37471223003,14.438014958603],[101.374912980285,14.437876283954],[101.375184556773,14.437750446677],[101.375377231288,14.437615241152],[101.375538528012,14.437417107165],[101.375662285609,14.437230645937],[101.3757507298,14.436992589555],[101.37583375984,14.436681178959],[101.375893302537,14.43650439982],[101.375998931373,14.436302309436],[101.376151795991,14.435855801927],[101.376243807397,14.435680953225],[101.376364821727,14.435509201054],[101.376508551707,14.435348512425],[101.376742421745,14.435164328695],[101.377006618964,14.435053246785],[101.377344900854,14.434934640401],[101.377749337986,14.434825531303],[101.37823581636,14.434694136159],[101.378489927153,14.4346701154],[101.378659111409,14.434669537512],[101.378916898806,14.434718886041],[101.379179625399,14.434742210277],[101.379445890462,14.434716935558],[101.379795814007,14.434658064799],[101.380343401711,14.43449781482],[101.380613844686,14.434429581397],[101.381146115516,14.434245768085],[101.381355680332,14.434119422739],[101.381570752886,14.43391170763],[101.381619142243,14.433667278657],[101.381606398291,14.433395233626],[101.381543755303,14.433171125323],[101.381336126135,14.432771173036],[101.381299092319,14.432612308109],[101.381283402268,14.432389984064],[101.381311126637,14.431727903149],[101.381275663181,14.430899315959],[101.381381518305,14.429956366553],[101.381334481115,14.429346990684],[101.381239177902,14.429157092335],[101.381110305114,14.429025130605],[101.38088236514,14.428894168191],[101.380614459696,14.428818947116],[101.380404570189,14.428805255162],[101.380072638515,14.428866202615],[101.379870399415,14.428863725558],[101.379540936558,14.428829781983],[101.37924482361,14.428771784173],[101.37896538239,14.4286469861],[101.378761113714,14.428507877123],[101.378521120814,14.428332989054],[101.378336193355,14.42810559517],[101.378215469815,14.427813180582],[101.378182762924,14.427461151113],[101.378159448446,14.427066111559],[101.378194524337,14.426713399406],[101.378237514283,14.426396745778],[101.378288876129,14.426322820008],[101.378391110622,14.426238217035],[101.378748633514,14.426077630551],[101.378866933175,14.425978183815],[101.379141042151,14.425655811721],[101.379221397845,14.425529643211],[101.379445312963,14.424954800967],[101.379634218822,14.424138630913],[101.379710145474,14.423813739583],[101.379775920236,14.42367868331],[101.37989529388,14.423571320002],[101.380066056078,14.423501836033],[101.380253147277,14.423442350425],[101.380448684885,14.423414403043],[101.381523207995,14.42339113482],[101.38190978565,14.423457252012],[101.382301921661,14.42361027222],[101.382502591964,14.423738121358],[101.382797855266,14.423989243004],[101.382978057508,14.42409922885],[101.383204858412,14.424232460005],[101.383482655135,14.424312095348],[101.383777327229,14.424344128104],[101.384084771116,14.424324080519],[101.384290991226,14.424265528657],[101.38469833968,14.424105560747],[101.38511910814,14.423954491282],[101.385312147272,14.423909624049],[101.385515551859,14.423913213716],[101.385682492799,14.423974769556],[101.385808386995,14.423990436371],[101.386100983787,14.423990864642],[101.386363083627,14.42395659139],[101.386571836328,14.423918341156],[101.386752479606,14.423852139749],[101.386838850048,14.423801574586],[101.386929372903,14.423705793576],[101.387036043679,14.423657281614],[101.387228021327,14.423567249851],[101.387461008758,14.423519717969],[101.387786794578,14.423535619124],[101.388003644944,14.42349615549],[101.388166487244,14.423390607178],[101.388358018697,14.423258793379],[101.388499705554,14.423071016077],[101.388573851318,14.422906510428],[101.38868829002,14.422554123876],[101.388894199934,14.421814574567],[101.388983325505,14.421587802377],[101.38918395834,14.42133166732],[101.389431721059,14.421094253646],[101.389769082446,14.420892072077],[101.389901725313,14.420780052786],[101.389998656416,14.420633384683],[101.39011716811,14.420391633121],[101.390286311832,14.42011661762],[101.390494291204,14.419897675703],[101.390816830705,14.419609813158],[101.391226086297,14.419358338833],[101.391579602842,14.419204553227],[101.391957908788,14.419093430835],[101.393315217968,14.418806366282],[101.394047264335,14.418725533481],[101.394754169032,14.418731912811],[101.395123189732,14.418728167154],[101.395343943498,14.418783523376],[101.395534681864,14.418795138989],[101.39567572031,14.418764344192],[101.395873917109,14.418714899502],[101.395954054694,14.418677946911],[101.396006650897,14.418611911165],[101.396026661745,14.418478445079],[101.396018707346,14.418059539345],[101.395952750033,14.417580238253],[101.395929420669,14.417403168017],[101.395947319558,14.417288923044],[101.395996029195,14.417130320108],[101.396080028962,14.416966841482],[101.396219013357,14.41685249632],[101.39672662893,14.416427226398],[101.396898464726,14.416296735635],[101.396997960096,14.416173756506],[101.397050253033,14.415971072893],[101.397068983634,14.415772118203],[101.39705684137,14.415557666362],[101.397021804894,14.415369421831],[101.396842859788,14.415105843857],[101.396631729006,14.414920516893],[101.396437505736,14.414636764629],[101.396348667936,14.414564259644],[101.396220075882,14.414458277171],[101.39614479043,14.41435288366],[101.396112108421,14.414276419504],[101.39610082422,14.414196350991],[101.396112302672,14.413643984931],[101.396218822706,14.412931417197],[101.39661688357,14.411417444281],[101.396655395135,14.411171985836],[101.396671108332,14.410961768364],[101.396631247323,14.410267626873],[101.396643484903,14.410057444679],[101.396685085999,14.409775816032],[101.396843750883,14.409172264877],[101.397055577271,14.40877258612],[101.397374641481,14.408378593536],[101.397846201964,14.407996604981],[101.398354593697,14.407700071273],[101.399062472551,14.407367630638],[101.399496786135,14.407187040825],[101.399995122296,14.407034033003],[101.400425511484,14.406811695209],[101.400821190739,14.406540018865],[101.401053333218,14.406361482044],[101.401305470946,14.406102557958],[101.401520524443,14.405897089608],[101.402205154862,14.405288188454],[101.402450004648,14.405160341407],[101.40281892587,14.405041395783],[101.405695965933,14.404344669955],[101.406361802599,14.40409169103],[101.406784825333,14.403777943361],[101.407265532683,14.403171107497],[101.407690146093,14.402573878383],[101.408363229009,14.401539321159],[101.409224494182,14.40001045458],[101.409844932541,14.399145832392],[101.410191721623,14.398855443875],[101.410404639642,14.398722268396],[101.41072318619,14.398607214437],[101.410926137099,14.398517055695],[101.411123174025,14.398415663864],[101.411313280978,14.398262392577],[101.411705706842,14.397960244115],[101.412163565669,14.397493672642],[101.412564340093,14.396998320898],[101.412919722105,14.396430025939],[101.413283861437,14.395814209467],[101.41444016345,14.393767342164],[101.416434380223,14.39023813165],[101.418015676889,14.387639185367],[101.419085505567,14.386230132594],[101.419277860807,14.386018109181],[101.419509675183,14.385812458722],[101.420163231821,14.385340486699],[101.420867060966,14.38491091374],[101.421083635532,14.384742685788],[101.421877576122,14.383913534994],[101.422402761054,14.383248629508],[101.423007089024,14.383960690446],[101.423372231558,14.384570172914],[101.42471424076,14.387882279022],[101.42516781564,14.388525858787],[101.42568452217,14.38922186837],[101.42601278285,14.389525676304],[101.426317046042,14.389752935382],[101.426575209742,14.389949046303],[101.42683904981,14.39008072744],[101.427115650898,14.390160328564],[101.427517242842,14.390227352539],[101.42810729576,14.390258560386],[101.429589916447,14.390172179568],[101.429912756718,14.390134982397],[101.430251239742,14.390044545217],[101.430826084599,14.389794701256],[101.431057704466,14.389732465528],[101.432181945465,14.389450994308],[101.432234448431,14.389698905093],[101.43224529672,14.389951760819],[101.432268353155,14.390262085953],[101.43233772437,14.390837325149],[101.432442765123,14.391229247347],[101.432642063619,14.391873166553],[101.432805696721,14.392379675333],[101.432922658139,14.392909251521],[101.433251042313,14.393704298965],[101.433355417975,14.394301763027],[101.433578516811,14.394682304567],[101.433931254074,14.395051346685],[101.434272607545,14.395385496682],[101.434660494178,14.395950676479],[101.43525987522,14.396733892277],[101.43597687112,14.397518152778],[101.436599781049,14.398440027293],[101.437163872871,14.399119702685],[101.437234476872,14.399166406208],[101.437727939088,14.399903274753],[101.438327359152,14.400847971116],[101.43886780703,14.401643075122],[101.439290975547,14.402254181081],[101.439537433239,14.402703360672],[101.439571923906,14.403105039891],[101.439571198562,14.403358013286],[101.439487809162,14.403680729257],[101.439357563804,14.403956497366],[101.439274577831,14.404369553813],[101.439179028144,14.40485275714],[101.439083390959,14.405381133707],[101.439082121998,14.405957096709],[101.439057336021,14.40655475856],[101.439008847445,14.407210260864],[101.43924219916,14.408211809555],[101.439523978091,14.408924881986],[101.439652338034,14.409327849501],[101.440016838049,14.409869540625],[101.440357541631,14.410353882253],[101.440544915163,14.410802540399],[101.440626527113,14.411274877923],[101.440649486625,14.41173427103],[101.44075407969,14.41240174169],[101.440917848188,14.413023427967],[101.441116244329,14.41389885059],[101.441279036035,14.414749796342],[101.441478192732,14.415428710167],[101.441771588248,14.416142787195],[101.442100199232,14.416845205144],[101.442487816406,14.417432952639],[101.442793142751,14.417858929478],[101.443287430348,14.418240035539],[101.443935329867,14.418575507288],[101.444405932006,14.418909425066],[101.44458268836,14.418967446817],[101.4446531773,14.419002854162],[101.444995018949,14.419164191969],[101.445395135084,14.419303467561],[101.445749106711,14.419408212383],[101.446243599282,14.419488913641],[101.44664419746,14.419778379007],[101.446879489208,14.419997283694],[101.447008782231,14.42011226072],[101.447090993062,14.420319200317],[101.447196228306,14.420618504611],[101.447325018797,14.420952572777],[101.447406749489,14.421274705827],[101.447430243338,14.421516133359],[101.447464719992,14.4218613435],[101.447334478324,14.422137115749],[101.447133685598,14.422424912896],[101.446920689829,14.422815602927],[101.446659970179,14.423239538531],[101.446470700053,14.423733878887],[101.446245278912,14.424366368918],[101.446043128825,14.425113808108],[101.445699243587,14.425986939454],[101.445450535478,14.426503352693],[101.445167339729,14.426779581181],[101.444872161765,14.427019795981],[101.444458643563,14.427352710749],[101.444198913359,14.427443488595],[101.443880624402,14.427477277725],[101.44351548443,14.427465251391],[101.443208683661,14.427383731637],[101.442820472206,14.427221744931],[101.442525591132,14.427117514642],[101.442360795236,14.4270943768],[101.442124829049,14.427186035615],[101.441924039141,14.427368803623],[101.44185291622,14.427541195292],[101.441757756819,14.427794016467],[101.441686893119,14.42799012083],[101.441603973603,14.428196513761],[101.441520857173,14.428437917164],[101.441355227523,14.428816820766],[101.441176800926,14.429403650707],[101.441081141464,14.43003592431],[101.440843904369,14.430702414451],[101.440548615263,14.431092823934],[101.440099257514,14.431700526126],[101.439508046834,14.432423756558],[101.438893250137,14.433216117732],[101.438290642414,14.433904454699],[101.437793665694,14.434662845406],[101.437402811683,14.435536456718],[101.436953048682,14.436374539072],[101.436716307758,14.436821935851],[101.43638465504,14.437545865746],[101.436064484921,14.438419874697],[101.43579167665,14.439120609822],[101.435696029962,14.439648987174],[101.435695611597,14.439983268486],[101.435765581264,14.440236640388],[101.435871042101,14.440397042085],[101.43602428098,14.440581794515],[101.436236034287,14.440765941778],[101.436541721763,14.441169333243],[101.437000991821,14.441469497952],[101.437189401825,14.441584997846],[101.437330019,14.441781172763],[101.437447831441,14.442011462691],[101.437529391062,14.442264714641],[101.437576510778,14.442494606537],[101.437611116372,14.442852239512],[101.437527781361,14.443127524142],[101.437326701914,14.443391604641],[101.437161049993,14.443610146245],[101.436819037709,14.443862132776],[101.436629420951,14.444114801236],[101.436416390866,14.44450548724],[101.436133075558,14.444826883007],[101.436002627155,14.44503263763],[101.435966944781,14.44532098094],[101.435966346077,14.445585245966],[101.43607173504,14.445791949466],[101.43617766803,14.4459421819],[101.436377471025,14.446092572599],[101.436636540213,14.446311237692],[101.437025696979,14.446450635189],[101.43742606085,14.446554906592],[101.437932509008,14.44671680311],[101.438462772426,14.446937176646],[101.43885159787,14.447099159415],[101.439558458834,14.447307537676],[101.440324403006,14.447620326691],[101.441337639974,14.447921515987],[101.442386072742,14.448314938294],[101.443422194798,14.448801085833],[101.444023052767,14.449170910731],[101.444929956928,14.449656132978],[101.445801546574,14.450037822354],[101.44672024102,14.450487905838],[101.447368071034,14.450754465502],[101.447803517686,14.450939663071],[101.448816328878,14.451517498633],[101.449334607189,14.451805726772],[101.450170868057,14.452187765061],[101.450748081999,14.452407618487],[101.451573150473,14.452719750375],[101.452409365192,14.453044186056],[101.452456430652,14.453056118024],[101.452986458883,14.453252741627],[101.453469546222,14.453448722895],[101.454046818324,14.453726160589],[101.454446831203,14.454060780179],[101.454941768183,14.454280350463],[101.455777850485,14.454697375852],[101.456649373077,14.455228086355],[101.457403217789,14.455701298434],[101.458133328154,14.456070860777],[101.458945915706,14.456510704116],[101.459534912777,14.456799296485],[101.459758563579,14.456903113394],[101.460241414387,14.457076495339],[101.460843078542,14.457146998051],[101.46129100314,14.457147961783],[101.461892033958,14.457160874703],[101.462552242054,14.45712799456],[101.463330394513,14.457176317025],[101.463636635523,14.457360575008],[101.464249749831,14.457523550267],[101.464979844075,14.457732729527],[101.465545618772,14.457963954871],[101.465910710837,14.458125006332],[101.466688397878,14.45828850974],[101.467878619616,14.458658861647],[101.468102331619,14.458820262507],[101.468490807127,14.459052209911],[101.46887966959,14.459214136112],[101.469504150172,14.459513621007],[101.469869464233,14.459641914014],[101.470116636739,14.459618992668],[101.470388098421,14.459539352059],[101.470624012732,14.459493962775],[101.470977884411,14.459425878427],[101.47133221926,14.459242602154],[101.471721442089,14.459070251807],[101.471698017099,14.45904791224],[101.472063881474,14.458806919786],[101.472512416532,14.458601196198],[101.472866227938,14.458475516703],[101.473220288795,14.458372419684],[101.473479888362,14.458373079306],[101.473821771969,14.45837400302],[101.47406900016,14.458408671274],[101.474292736443,14.458467300167],[101.474516847914,14.458559804118],[101.4747169341,14.458732739164],[101.474975867057,14.458882469586],[101.475199515796,14.459090163911],[101.475517346546,14.4593781761],[101.475741259918,14.459609581779],[101.475834716068,14.459781378795],[101.476140644398,14.460093229886],[101.476529233718,14.460439218075],[101.476729323106,14.460612150868],[101.477165239334,14.460888753778],[101.477565689924,14.461154436384],[101.477954368281,14.461351355463],[101.478519503274,14.46162772383],[101.479025871114,14.46188212431],[101.47940283873,14.462067871245],[101.479756750975,14.462160130769],[101.480204470832,14.462298830372],[101.480935112564,14.462346462739],[101.481395011872,14.462486161655],[101.48173648985,14.462658727411],[101.482148682049,14.46272891214],[101.482502344875,14.462798583494],[101.482915209741,14.462772771667],[101.483198366621,14.462755102839],[101.483775697109,14.462824670928],[101.484235416288,14.462791586545],[101.484530690583,14.462769271099],[101.48488410482,14.462712463178],[101.485320712262,14.462633319872],[101.485686560644,14.462496201365],[101.486169910008,14.462347677389],[101.486582938472,14.462232644466],[101.486960841422,14.461981340715],[101.487291458287,14.461854754893],[101.48750375674,14.461614235127],[101.487539505536,14.461442207614],[101.487564049163,14.46109639044],[101.487587758875,14.460831890256],[101.487670829958,14.46059047715],[101.487683531439,14.460326093348],[101.487577902037,14.460050538503],[101.487566916558,14.459636211559],[101.487567389766,14.459314364336],[101.48756805369,14.458957506886],[101.487910866749,14.458417479129],[101.488112281633,14.458084473558],[101.488348397237,14.457693507481],[101.488738208089,14.457315597521],[101.489210540159,14.456959399719],[101.489482317722,14.456753257308],[101.48964740264,14.4565922837],[101.489966765837,14.456236573473],[101.490297589508,14.455869449046],[101.490427267571,14.455755149556],[101.4906049872,14.455376093499],[101.490746960542,14.455065171569],[101.49078264424,14.454835552152],[101.490795611598,14.454283201294],[101.490891047425,14.453903886579],[101.490998021627,14.453364092244],[101.491057523122,14.453087920932],[101.491116632373,14.452880638974],[101.491412110302,14.452409995488],[101.491648667762,14.452111623677],[101.492038716502,14.451652399879],[101.492392906534,14.451251148651],[101.492546650353,14.451112879207],[101.492877651563,14.450814636034],[101.49319642149,14.450562822768],[101.493597787651,14.450183656023],[101.494011128765,14.449943261383],[101.494258812878,14.449759955733],[101.494684003401,14.44933536381],[101.494979004275,14.44908267126],[101.495215678651,14.448795588416],[101.495463877459,14.448554683066],[101.495569783159,14.448439504354],[101.495947652134,14.448084298217],[101.496384413136,14.447866238253],[101.497630719779,14.445997641381],[101.498010728393,14.445160214043],[101.498390062883,14.444885167278],[101.498709851454,14.444622044309],[101.498959199739,14.444381125165],[101.499327082815,14.444014728663],[101.49964764823,14.443717718716],[101.499932862142,14.44341995436],[101.500123428564,14.443052050022],[101.50023217081,14.44267259309],[101.500529935016,14.442201917532],[101.500755851912,14.441834767909],[101.500970698238,14.441514035311],[101.501256093216,14.441077368327],[101.501422844714,14.440859908641],[101.501589204577,14.440607446023],[101.501922628834,14.440113806597],[101.502183944581,14.439803871595],[101.502492322198,14.439505860228],[101.502942984978,14.439186009673],[101.503333714302,14.438946972445],[101.503700930906,14.438729641308],[101.504198325913,14.438444299248],[101.504613126806,14.438078527737],[101.505051992866,14.437688785488],[101.505348589905,14.437425902604],[101.505763640717,14.437082712061],[101.506225613162,14.436739021978],[101.506758925802,14.436350531436],[101.507139134752,14.435948988406],[101.507613028542,14.435583713589],[101.508039462909,14.43537816791],[101.508619318213,14.435059193434],[101.509210624276,14.434831564479],[101.509565474406,14.434649364488],[101.510026989734,14.434420858059],[101.510642255488,14.434160222497],[101.51108046895,14.433920669988],[101.511625278729,14.433577218192],[101.512228421689,14.433269279719],[101.512737131532,14.433065109315],[101.513233869933,14.432929949857],[101.513931187403,14.432702310418],[101.514356657289,14.432566779601],[101.514793839209,14.432442415637],[101.515196322251,14.432272121958],[101.515575040975,14.432100952028],[101.515634327338,14.432066441904],[101.516474490507,14.431610291541],[101.517775844927,14.431053227641],[101.51855639716,14.430758061554],[101.519065013257,14.430495158457],[101.519621142044,14.430232876813],[101.520164859844,14.430052032373],[101.520626235733,14.429916107706],[101.521063663278,14.429711553471],[101.521394474106,14.429608642398],[101.521915145181,14.429439333252],[101.522732227152,14.428890812789],[101.523406347125,14.428663396742],[101.523867577875,14.428412284339],[101.524506556349,14.428151364404],[101.52513354019,14.427854434768],[101.525618147132,14.427673082997],[101.52648126862,14.427355553924],[101.527013374297,14.427173690684],[101.527688188616,14.426854787012],[101.5283151762,14.42655898016],[101.529060530659,14.426228024414],[101.529545257247,14.426057956648],[101.530182752317,14.425923513832],[101.530832538544,14.425800230775],[101.531269497006,14.425709719018],[101.531825483563,14.425540011333],[101.532262384881,14.425495797172],[101.532675660456,14.425360367832],[101.532971389989,14.425281532922],[101.533326133254,14.425144472743],[101.53389362927,14.424917045986],[101.534495656809,14.424874441432],[101.535074245929,14.424808374298],[101.535558205046,14.424776070068],[101.535924109312,14.424755198301],[101.536420104559,14.42471147058],[101.536809562488,14.424724221137],[101.537281173248,14.424727052459],[101.53764669759,14.424775065305],[101.537941594024,14.42477640987],[101.538271839073,14.42477850195],[101.53862608877,14.424802920712],[101.538944101835,14.424850312759],[101.53926256532,14.424886408099],[101.539533657381,14.424934304502],[101.539840212491,14.424993111869],[101.540064048511,14.42506297282],[101.540334635322,14.425168465325],[101.54049937407,14.425237832249],[101.540629228205,14.425296283461],[101.540876193787,14.425413321123],[101.541134677945,14.425575404454],[101.541369540787,14.425749035194],[101.541639394996,14.426096188897],[101.541885661062,14.426304702164],[101.542131679819,14.4265933921],[101.542365878183,14.426963514471],[101.54250512556,14.427389992485],[101.54267958073,14.427804798384],[101.542795725207,14.428186356042],[101.542888160943,14.428520741694],[101.542980886038,14.428727520487],[101.543004777135,14.428739684319],[101.543331018184,14.429409188685],[101.543352846206,14.429800796071],[101.54340905367,14.43026091632],[101.543453636361,14.430768590375],[101.543674836588,14.431217896471],[101.543790158406,14.431679637014],[101.543930293102,14.431979630198],[101.544105831208,14.432234071171],[101.54434014546,14.432511592206],[101.544538448868,14.4329848578],[101.544830843183,14.433376932206],[101.544982385815,14.433711807189],[101.545098578968,14.434045934476],[101.545262082785,14.434311796304],[101.545366756856,14.434600878705],[101.545483507853,14.434831109953],[101.545611663587,14.435096223907],[101.545669703308,14.435258206368],[101.545786972474,14.435431970498],[101.545939254933,14.435627940809],[101.546080198635,14.435743858503],[101.546268206913,14.435871688171],[101.546527404707,14.43594228811],[101.546881221174,14.435977988495],[101.547306420519,14.435922577964],[101.547719582105,14.435878589065],[101.548534320569,14.435790735339],[101.549278926144,14.43559861892],[101.55038886797,14.435385609758],[101.5512270298,14.435320078076],[101.552159769093,14.435267069981],[101.553044504391,14.435272168459],[101.553552047497,14.435274574456],[101.554366327586,14.435197998343],[101.555109947715,14.435224944383],[101.556041860605,14.435252105368],[101.556690530835,14.435335407708],[101.557398042766,14.435396614582],[101.558046275023,14.435492340065],[101.55875446751,14.435460938789],[101.55922585071,14.435543900189],[101.559780585953,14.435569494566],[101.560429739856,14.435492432608],[101.561102772618,14.435426400666],[101.561480719619,14.435394063827],[101.56224847776,14.435201656578],[101.562780021419,14.435124736881],[101.563370509464,14.435034754525],[101.563996986804,14.4349003391],[101.564458058187,14.434740620854],[101.565142603396,14.434617992092],[101.565792507542,14.434505902354],[101.566594818994,14.434498296982],[101.567172861911,14.434536041659],[101.567844971785,14.434642770951],[101.568482340325,14.434599692212],[101.569000643954,14.434682122398],[101.56947216919,14.434777482641],[101.570133239459,14.434780438476],[101.570758652915,14.434806365493],[101.57138376025,14.434856007477],[101.571867225748,14.434881220814],[101.572361909583,14.434975193985],[101.572868771352,14.435070161409],[101.573399880091,14.435107273529],[101.573977367439,14.435247764611],[101.574589753569,14.435400294153],[101.575214494589,14.435518811801],[101.575980689795,14.435695629286],[101.576475281951,14.435882187851],[101.577099210591,14.436080882259],[101.577864982883,14.436371746907],[101.578477327152,14.436570563966],[101.579148596232,14.436804868734],[101.579655228041,14.436979996044],[101.580255397063,14.437177812038],[101.580903672772,14.437377357849],[101.58149208335,14.43761030424],[101.581975272554,14.437761969652],[101.582563873259,14.437961035048],[101.583047428142,14.438043813056],[101.583919841851,14.438186691253],[101.584452062876,14.438219247067],[101.584533226648,14.438224003722],[101.585275901768,14.438319743369],[101.585960276451,14.43833368926],[101.586573485411,14.438406003205],[101.587433810139,14.438605460107],[101.588436010717,14.438749153896],[101.58929723485,14.438775826492],[101.590335799232,14.438757638057],[101.591150200832,14.438693354198],[101.591894437807,14.438523694735],[101.592484693321,14.438514943776],[101.593014922047,14.438575732399],[101.593675140844,14.438705098577],[101.594359395148,14.438708858371],[101.595115128489,14.43863165669],[101.595658185811,14.438599703741],[101.596094817038,14.438532789123],[101.596543916701,14.438442022541],[101.597028060315,14.438375710989],[101.597417798281,14.438261884214],[101.597737486104,14.438102532567],[101.598104322051,14.437862487729],[101.598672734892,14.437519723069],[101.599051602207,14.437268252534],[101.599490056534,14.436959665054],[101.599786205082,14.436719269614],[101.599987733128,14.436512663247],[101.600272480077,14.436238516771],[101.600616084895,14.436043893405],[101.600947035154,14.435906997576],[101.601230574506,14.435828212929],[101.601596830775,14.435738352222],[101.601844663584,14.435727711951],[101.602045390692,14.435751466962],[101.602434190529,14.435856705318],[101.603010934189,14.436032135597],[101.603494629432,14.436127290426],[101.6038717005,14.436220234788],[101.604260329509,14.436360476308],[101.604672578171,14.436489164253],[101.604907889658,14.436547539856],[101.605238451851,14.436526947972],[101.605628759445,14.436413102418],[101.606066582469,14.436150808509],[101.606362852103,14.435921695574],[101.606612242253,14.435646804586],[101.606860958211,14.435463385159],[101.607157267075,14.43518797478],[101.607595400925,14.434903090777],[101.608223413079,14.434456891025],[101.609039931373,14.433930690231],[101.610009408107,14.433555232118],[101.611003262036,14.433134334402],[101.611948929294,14.43280430091],[101.612681942085,14.43252065895],[101.61339140089,14.432154845632],[101.614077438248,14.4319168876],[101.614562290431,14.431665349999],[101.61529696257,14.431127618164],[101.616254696165,14.430740976342],[101.616716556587,14.430455816021],[101.617271875027,14.4302859219],[101.617838947246,14.430080891837],[101.61840655951,14.429922150486],[101.619151136493,14.429638362626],[101.61971930641,14.429329432018],[101.620062130764,14.429169797306],[101.620405136513,14.428976284234],[101.620583153245,14.42879250973],[101.621009486997,14.428541611404],[101.620025921391,14.429342962324],[101.620333544212,14.429195010107],[101.620641688699,14.428943167484],[101.621043908443,14.428760287998],[101.621292433654,14.428611862555],[101.621529146851,14.428394688184],[101.621719325084,14.428210777812],[101.621897779082,14.427866654315],[101.622040849986,14.427568091777],[101.622160384184,14.427337540905],[101.622291736797,14.427027816966],[101.622338621577,14.426875987337],[101.622339740376,14.426872587397],[101.62238774297,14.426717356935],[101.622424485103,14.426441430964],[101.622390849018,14.426141445117],[101.622297949371,14.425875994155],[101.622216465016,14.425645420329],[101.622088233157,14.425380362085],[101.62183091949,14.424975591241],[101.621666776728,14.424710931856],[101.621183030789,14.424708403947],[101.621056292534,14.424224268937],[101.620939685113,14.423912783749],[101.62072843028,14.423681392799],[101.620482291516,14.423439097501],[101.620235729786,14.423160672285],[101.620036691094,14.422883978042],[101.619838125747,14.422548560645],[101.619720866095,14.422329674358],[101.619616217466,14.422099355326],[101.619499222327,14.421903049281],[101.619381741235,14.42176433704],[101.619194422241,14.421498802337],[101.619019173424,14.421175546684],[101.618855564129,14.42095604424],[101.618691415116,14.420690252587],[101.618528684881,14.420297977134],[101.618424153614,14.419928768052],[101.618342940113,14.419720772207],[101.618285577547,14.419422178025],[101.618240403796,14.419076022496],[101.618194126986,14.418833763688],[101.618184299513,14.418488345003],[101.618256877993,14.41815556275],[101.618317858082,14.417821780047],[101.6184373904,14.41744217986],[101.618557292962,14.41714387667],[101.618783766103,14.416695339402],[101.619056867812,14.416420177453],[101.619400905519,14.416018890078],[101.619839813116,14.415606386588],[101.620218801131,14.415321014727],[101.620668135187,14.415057444534],[101.621058761194,14.414875826713],[101.621401733843,14.414681187695],[101.621768560348,14.414544999949],[101.622217330367,14.414431613679],[101.622702060779,14.414272660312],[101.623209826968,14.414102158332],[101.623705969964,14.413978080395],[101.624225821869,14.413900033634],[101.624898475543,14.41381125384],[101.625300276532,14.41374355116],[101.62570177566,14.413699563636],[101.626020737262,14.413631652289],[101.626327755785,14.413483702831],[101.626635667673,14.413313159824],[101.626825698066,14.41311795693],[101.627050976458,14.412865903425],[101.627276737982,14.412556257091],[101.627372163942,14.412394853663],[101.627538532871,14.412108451621],[101.627717051119,14.411820785098],[101.627907782665,14.411487815121],[101.628051503081,14.411097782128],[101.628183736055,14.410567859984],[101.628268498106,14.410188645003],[101.628365327083,14.40975170839],[101.62847439185,14.409222044236],[101.628653491139,14.408786449888],[101.628820495504,14.408406320029],[101.629000158718,14.407969590161],[101.629166875013,14.407614304993],[101.629404345108,14.407315819036],[101.629594368533,14.407120615092],[101.629843385546,14.406868295864],[101.630116028015,14.406605551728],[101.630376759711,14.406364393222],[101.630578510566,14.406181478852],[101.630755850157,14.40609029927],[101.630992278239,14.405999590318],[101.631299993445,14.405862920311],[101.631618942188,14.405795003518],[101.632090467713,14.405796523475],[101.632291480237,14.405797670061],[101.632751603761,14.40576544013],[101.633082098248,14.405743689122],[101.633482482226,14.405803586734],[101.634013156974,14.405909454808],[101.63453183756,14.40598045155],[101.635109306132,14.406075632454],[101.63543880227,14.406215358684],[101.635874361386,14.406458912782],[101.636262151658,14.406679286124],[101.636579716097,14.406888023142],[101.636885732618,14.407050592325],[101.63714412477,14.407202401453],[101.637662111381,14.407411156229],[101.638063209295,14.407482328944],[101.638569911397,14.407519574313],[101.638994756463,14.407590479955],[101.639501376552,14.407719187416],[101.639937539624,14.40776738074],[101.640515694582,14.407723653806],[101.641011161583,14.407692142037],[101.641518990827,14.407579191083],[101.641849931077,14.407546130066],[101.642357660985,14.407375591816],[101.642972630068,14.407113520035],[101.643588257108,14.406759977422],[101.644001997807,14.406576938681],[101.644403508398,14.406486626575],[101.644994559675,14.406259821772],[101.645526687853,14.405997542231],[101.646059325905,14.40563137431],[101.646425803956,14.405517739634],[101.646875707017,14.405208955838],[101.647242528416,14.40502643731],[101.647715908223,14.404694805186],[101.648083419584,14.404374522828],[101.648343959306,14.404168353569],[101.64856915754,14.403961451349],[101.648782472084,14.403778395253],[101.648996131381,14.403526456325],[101.649079821003,14.403353886382],[101.649187646844,14.403067001903],[101.649283429295,14.402790414836],[101.649284498013,14.40253747322],[101.64926256564,14.402249786096],[101.64924117794,14.4018119155],[101.649196522859,14.401316718505],[101.649151657182,14.400901694108],[101.649106624929,14.400521675975],[101.649037847902,14.400141923206],[101.648898434806,14.399715538377],[101.648453310939,14.399102882804],[101.648242273377,14.398791345087],[101.648044208789,14.398352067094],[101.647893050144,14.397960816378],[101.647741120098,14.397602319399],[101.647566830194,14.397165032477],[101.647438759437,14.396864983423],[101.647321659541,14.39661110728],[101.647252674938,14.396311525064],[101.647137013359,14.395884872028],[101.647068195817,14.395550285101],[101.647058577795,14.395078406107],[101.647048712698,14.394732996296],[101.647144330725,14.394491415536],[101.647393839007,14.394136324909],[101.647572318886,14.393848649739],[101.647868868605,14.393504323214],[101.648141472748,14.393241563441],[101.648414509809,14.392966377975],[101.648710364609,14.392759814521],[101.648983100983,14.392508344955],[101.6490473505,14.392455683055],[101.64905308849,14.392451102144],[101.64920798843,14.392325159496],[101.649468169303,14.392187874106],[101.649810534268,14.392143386121],[101.650364966861,14.392203789115],[101.650824575456,14.392229121795],[101.651331327295,14.392322802498],[101.651932338737,14.392452686035],[101.652285907539,14.392523242369],[101.652768915946,14.392617186265],[101.653182194761,14.392643034255],[101.653606151333,14.392690215323],[101.654031489307,14.39265833917],[101.654445061671,14.392463997884],[101.654812167946,14.39225888658],[101.655320015643,14.392053321673],[101.655770400963,14.391641768664],[101.656221592856,14.391102612105],[101.656815234308,14.39041393623],[101.657610691676,14.389404571721],[101.65822797835,14.388659169853],[101.658986891163,14.387890721147],[101.659555965943,14.38732990998],[101.660362431617,14.386469462126],[101.661121609766,14.385724717702],[101.661679122361,14.385117738575],[101.662378898509,14.384395113798],[101.663019766431,14.383638146988],[101.66367234595,14.382892339423],[101.664087360486,14.382480044983],[101.664834559589,14.381655258017],[101.665511004196,14.380920469577],[101.666079764015,14.380335939589],[101.666649248275,14.379763820985],[101.667135551058,14.379259259294],[101.667668431019,14.378824176934],[101.668320300569,14.378216124082],[101.669019232876,14.377621087601],[101.669873332039,14.376681041424],[101.671047627131,14.375442674076],[101.67185270342,14.37481368842],[101.672493944685,14.374044281186],[101.67340730022,14.37302451727],[101.674071678788,14.372302269305],[101.674735742689,14.371602606238],[101.675388248738,14.370856777488],[101.675933486046,14.370295080979],[101.67658592821,14.369641840105],[101.677237491641,14.369012319597],[101.677782853387,14.368461909162],[101.678328791527,14.367911491356],[101.678791140559,14.367442187544],[101.67930099724,14.366926050341],[101.679750831155,14.366524634388],[101.680272574456,14.365985778704],[101.681041363707,14.365621398441],[101.681691485306,14.365358852372],[101.68261370226,14.364845942771],[101.683324336517,14.364364784871],[101.683987015295,14.363941755077],[101.684756878932,14.363231839974],[101.685503872408,14.362498471017],[101.686238998303,14.361741523591],[101.686831181929,14.36128428497],[101.6874709492,14.36064132887],[101.688028934488,14.359988007906],[101.688456047437,14.359529252877],[101.688858973669,14.359082062246],[101.689215428271,14.358622979519],[101.689773630753,14.357843192459],[101.690046798797,14.357441510776],[101.690402283165,14.357143901654],[101.690757430818,14.356915172037],[101.691100270844,14.356674162476],[101.691443837577,14.35644556364],[101.69177560435,14.356101928781],[101.692273529418,14.355609620092],[101.692713664632,14.354885368283],[101.693154529914,14.353931896712],[101.6936456797,14.352438134905],[101.694239602958,14.351645516496],[101.694774143999,14.350923576741],[101.695141871215,14.350440648414],[101.695415021963,14.350038963549],[101.695889432307,14.349615793859],[101.696374533964,14.349215084074],[101.69682490554,14.348767345239],[101.697348306311,14.347986815895],[101.698024622535,14.347161637977],[101.698381264713,14.346576083781],[101.698808553878,14.345990853975],[101.699164970484,14.345531762057],[101.69929565025,14.345371069318],[101.700042612939,14.344498789908],[101.700647706193,14.343868626497],[101.701346112933,14.343342405751],[101.701985139115,14.342838314252],[101.702754631041,14.342301119043],[101.703394561577,14.34172813798],[101.704069865675,14.341063294634],[101.704448932351,14.340707817932],[101.70444937584,14.340696521815],[101.705076830238,14.340146262009],[101.705693183424,14.339539672458],[101.706499258382,14.338771712597],[101.707068740772,14.338071940006],[101.707839400607,14.337200503013],[101.708397784147,14.336396976844],[101.708849097926,14.335742586293],[101.709288033915,14.335214796136],[101.709821657887,14.334664470708],[101.710213056262,14.334228680764],[101.710568522358,14.333838465099],[101.710889308954,14.33335718736],[101.711233931714,14.33293209289],[101.711518807732,14.332450096063],[101.711721888015,14.331955484939],[101.711865391909,14.331610596098],[101.712090961377,14.331300901136],[101.712339506641,14.331072239471],[101.712600060652,14.330831019309],[101.712896033481,14.330694401087],[101.713108295884,14.330626485879],[101.713545113727,14.330501805335],[101.7141597281,14.330332184268],[101.714820520247,14.330150742349],[101.715528934128,14.329981173748],[101.716072593176,14.329833813173],[101.716663338255,14.32960574644],[101.717467597605,14.329125701835],[101.718083894328,14.328471668617],[101.718676601153,14.327830324691],[101.719340183954,14.327257043236],[101.720014292925,14.326788644638],[101.720677406487,14.326272949608],[101.721328801358,14.325746096656],[101.722028067445,14.325012067579],[101.722680457158,14.324232283062],[101.723202170971,14.323659491512],[101.723711554903,14.32312071346],[101.724328123619,14.322444084478],[101.724909361609,14.321766730972],[101.725941342483,14.320586270553],[101.726368460805,14.320092468013],[101.726771706843,14.319587649209],[101.727163066094,14.319105547417],[101.727754746385,14.31867082453],[101.728063076849,14.318361298025],[101.728654772694,14.317880280709],[101.729365166911,14.317400155137],[101.730097653243,14.317023651657],[101.730422985402,14.316731992843],[101.730443607112,14.316713690328],[101.730571335861,14.316599312887],[101.731328475055,14.316107354323],[101.731991219151,14.315661644215],[101.732594866841,14.315260647018],[101.733303741906,14.314895698143],[101.733930230956,14.314564438516],[101.734427460581,14.31422111691],[101.735149766947,14.313579382765],[101.735895817864,14.312938501724],[101.736322899673,14.312444687408],[101.736749229002,14.31203217604],[101.737270232686,14.311597120565],[101.737684980194,14.311184740609],[101.737993627871,14.31076003513],[101.738279137212,14.310289302978],[101.738705799337,14.309761618424],[101.738979422749,14.309313605379],[101.73926479164,14.308831583466],[101.73956136553,14.308509762328],[101.739845950464,14.30815420685],[101.740130040348,14.307948824351],[101.740449271585,14.307776909499],[101.740650077767,14.307674105144],[101.740957135622,14.307548622362],[101.741229001177,14.307481128261],[101.741523699087,14.30748224414],[101.741841703174,14.307495511437],[101.742065460989,14.307518897789],[101.742082963958,14.307529986547],[101.742123827063,14.30755774184],[101.742312335231,14.307682023538],[101.742571048446,14.307866464757],[101.74286477872,14.308121634055],[101.743146035065,14.308398399356],[101.743369469298,14.308538083767],[101.743779761306,14.308999655441],[101.744131131074,14.309519490516],[101.744436104262,14.309889692954],[101.744681853626,14.310293322311],[101.744951367736,14.310651514552],[101.745349661762,14.311125640731],[101.745642743763,14.311517430726],[101.745959621196,14.311818619189],[101.746559517704,14.312350254347],[101.746915740973,14.312792120188],[101.747126828959,14.313010977771],[101.747349203539,14.313253415951],[101.747571579522,14.313495852919],[101.747735778805,14.313715252203],[101.747887671797,14.313922374826],[101.747992812376,14.314141328116],[101.748133111887,14.314394875675],[101.748249373621,14.314671282713],[101.748319203314,14.31489064529],[101.748412478697,14.315086025061],[101.748446967797,14.315350958527],[101.748516646818,14.315557902027],[101.748539285335,14.315752970199],[101.748562074179,14.315960456403],[101.748514075306,14.316155213135],[101.748430473248,14.316374091569],[101.748359318848,14.316569116326],[101.748275658276,14.316878322936],[101.748179688081,14.317222672335],[101.748072428543,14.317590862902],[101.748000649234,14.317877350574],[101.747917183758,14.318107519029],[101.747880883982,14.318359723012],[101.747832426557,14.318612067713],[101.74780803771,14.31879638865],[101.74786709831,14.318796835039],[101.747912542577,14.319153096514],[101.747875769707,14.319509181457],[101.747874339353,14.319819693551],[101.747978860436,14.320130109155],[101.748072411922,14.320395487898],[101.748200697395,14.320660464443],[101.748317238845,14.320959449866],[101.748421652782,14.321213411858],[101.748644466848,14.321443422244],[101.74878480197,14.321651805184],[101.748960117466,14.321927527099],[101.749123870146,14.322204512704],[101.749287622334,14.322481497227],[101.749369187316,14.322665720806],[101.749439036897,14.322838789346],[101.749532621532,14.323011582886],[101.74972012568,14.323241999897],[101.749778123679,14.323345203253],[101.749895457562,14.323518850476],[101.749988920096,14.323634062601],[101.75014112698,14.323818596259],[101.750222845616,14.323967815504],[101.750292862476,14.324107009591],[101.750339268246,14.32425663889],[101.750362670232,14.324371532721],[101.750374248306,14.324371398541],[101.750420488167,14.324554901794],[101.750478457607,14.324750688836],[101.750489050635,14.325049771111],[101.750452905541,14.325314393046],[101.750416455845,14.325601599892],[101.750368472786,14.325750064947],[101.750285008479,14.325980234191],[101.750131178669,14.326232670347],[101.74998816711,14.326565146799],[101.749822592386,14.326851591963],[101.749692084131,14.327069886558],[101.749479023291,14.327355752814],[101.749312382911,14.327792376418],[101.749216731364,14.328067849564],[101.749026340912,14.328503620151],[101.748884528003,14.328744626946],[101.748706642068,14.32901879466],[101.748600033547,14.329202940012],[101.7484220094,14.329465818522],[101.74835071448,14.329649553823],[101.748196728065,14.32993699334],[101.748101530937,14.330154878519],[101.748065109329,14.330349501441],[101.748005999988,14.33048793365],[101.747969288244,14.330706270417],[101.747945326739,14.330878166697],[101.747944551723,14.331004632476],[101.747955919166,14.331177249486],[101.748001869548,14.331384467059],[101.74801307089,14.331590958089],[101.748023843767,14.33180987385],[101.748034799811,14.331901201627],[101.748081177025,14.332143415373],[101.74813960391,14.332281615024],[101.748220716928,14.332523426262],[101.748384174288,14.33282299588],[101.748560261278,14.333018543625],[101.748724234242,14.333122776927],[101.748817794817,14.333388154001],[101.748922507561,14.333618400591],[101.748956880218,14.3338257519],[101.748967323435,14.334112415402],[101.748930873419,14.334399623316],[101.748835205483,14.334721388775],[101.748752331444,14.334905259466],[101.74849144451,14.335305716479],[101.748242591404,14.335695872265],[101.748052498015,14.336109058397],[101.747922259402,14.336349931343],[101.747721072826,14.336613078677],[101.74740160177,14.336910339412],[101.747212296656,14.337150767416],[101.747034432342,14.337379771182],[101.746892475694,14.337609488886],[101.746809143051,14.337850947234],[101.746748939242,14.338137300496],[101.746570740161,14.338481475045],[101.746510854513,14.338746372276],[101.746438752679,14.339101736709],[101.746390248715,14.339492958988],[101.746435563438,14.339837930753],[101.746563666606,14.340229365295],[101.746690357557,14.340885020429],[101.746817368984,14.341471796513],[101.746943439904,14.342218913117],[101.747035260244,14.342863680094],[101.747138370557,14.343484605599],[101.747265856278,14.343967500956],[101.747416485737,14.344543841579],[101.747496802808,14.344957281018],[101.747648677816,14.345303275686],[101.747881977706,14.345821074651],[101.748009480983,14.346305097913],[101.748137924592,14.34658136046],[101.748289664809,14.346868644304],[101.748488164234,14.347191515876],[101.748651787752,14.347503500116],[101.748780702466,14.347675882271],[101.748886183251,14.347825954791],[101.748938413767,14.347882931392],[101.749002968848,14.347953314727],[101.74910861577,14.348022091351],[101.749202835033,14.348103421151],[101.7492967659,14.348161042914],[101.749366958315,14.348218940961],[101.749461026148,14.348287851734],[101.749578570704,14.348335037759],[101.749672376906,14.348335078328],[101.749885078851,14.348255833463],[101.750014823227,14.348164002377],[101.750250876453,14.347958030691],[101.750499115935,14.347706753803],[101.75083141426,14.347179007762],[101.751292695407,14.346687023302],[101.751695045795,14.346205885005],[101.752144152461,14.345760332552],[101.752475039483,14.345496804816],[101.752841449522,14.345107536984],[101.753289891066,14.344844900229],[101.753985779014,14.34450374134],[101.754422323612,14.344310113991],[101.755035778215,14.344094107479],[101.755518472194,14.343981235426],[101.756048488645,14.343902814078],[101.75717945654,14.343769981333],[101.757615391208,14.343668939809],[101.758593497747,14.343489329356],[101.75905286518,14.343410593871],[101.759465349434,14.343286111885],[101.759948302423,14.343242101955],[101.760372943482,14.343117476969],[101.760702447069,14.343072993467],[101.760961707435,14.343108361818],[101.7612551278,14.343190753303],[101.761490199222,14.343283985689],[101.761701796885,14.343398943407],[101.761936856148,14.343538466795],[101.762159744865,14.343677002667],[101.762441539024,14.343897272968],[101.76264081851,14.344093665348],[101.762793050293,14.34427818628],[101.762968717203,14.344485015925],[101.763203141365,14.344808581372],[101.763413699367,14.345027423384],[101.763660165642,14.345246974576],[101.763906807846,14.345386360393],[101.764118120447,14.345525028891],[101.764423968616,14.345676143155],[101.764740966675,14.345792126165],[101.765129492653,14.345885822112],[101.765458812393,14.345967788641],[101.765775974306,14.346049896554],[101.766046955593,14.346096412364],[101.766352688841,14.346143652153],[101.766634985845,14.346168583141],[101.766799575428,14.346180211215],[101.766811733412,14.346180069274],[101.767081837765,14.346296596284],[101.767692807765,14.346586404535],[101.768057123056,14.346783121754],[101.768409443633,14.346946107763],[101.768785780162,14.347131392697],[101.769172818993,14.347386553961],[101.769454911244,14.347583100351],[101.769666228651,14.34772176289],[101.769936312234,14.347883448341],[101.769806621403,14.347837544149],[101.770065575947,14.347941777004],[101.770241888707,14.348011976018],[101.77042961734,14.348115912926],[101.770570609774,14.348139103582],[101.770665146043,14.34815154684],[101.770783152206,14.34809484357],[101.770995111205,14.348003170106],[101.77112530812,14.347854871098],[101.771291270549,14.34764857134],[101.771562615938,14.347442168053],[101.771974947864,14.347352667379],[101.772293160294,14.347284589111],[101.772658572303,14.347240797275],[101.772941616317,14.347138129169],[101.773294878905,14.347048187601],[101.773542305346,14.34696851664],[101.773719213911,14.346946123218],[101.773907855275,14.346936012761],[101.774060726811,14.346936481402],[101.774249067212,14.346948954241],[101.774331269215,14.346994282845],[101.774413346117,14.347029452358],[101.774472104148,14.34709876536],[101.774542579362,14.347179232528],[101.774600447946,14.347317427763],[101.774670627567,14.34746789924],[101.774693754138,14.347559082151],[101.774693736571,14.347651664199],[101.774693116459,14.347789416078],[101.774669061055,14.347904860527],[101.774597486159,14.348111186042],[101.774502613043,14.348306493882],[101.774430744961,14.348489111931],[101.774395550233,14.348593397242],[101.774359461774,14.348719144008],[101.774312094114,14.348822442797],[101.7742875986,14.348949182874],[101.774252089024,14.349074923765],[101.774239611559,14.349190232662],[101.77427460942,14.349304986598],[101.774344775806,14.349454329193],[101.774414687744,14.34953593101],[101.774579238184,14.349685297346],[101.774684743914,14.349789064079],[101.775202126592,14.349907200593],[101.775837030379,14.35007025084],[101.776377981341,14.350268270653],[101.777212938827,14.35050123135],[101.778036488443,14.350654160454],[101.778518982907,14.35076027957],[101.778918371498,14.350888823334],[101.779283457288,14.350959058533],[101.779577308895,14.35107529058],[101.779964797466,14.351271714519],[101.780270360766,14.35144538928],[101.780481408304,14.351561462708],[101.780622079586,14.351746104433],[101.780797782379,14.3519540447],[101.780891397739,14.352173109766],[101.781007703686,14.352494652038],[101.781030093368,14.352713424079],[101.781087931066,14.35298936104],[101.781098127084,14.353346020113],[101.781014970221,14.353598773465],[101.780907915036,14.353885678619],[101.780741169221,14.354356190103],[101.780621787235,14.354723401883],[101.780431588043,14.355170478795],[101.780336280003,14.355377084061],[101.78024126368,14.355607395763],[101.78020623274,14.355584097099],[101.78012264226,14.355801855207],[101.779981161971,14.355974001196],[101.779815050618,14.356167888933],[101.779708593516,14.35640962526],[101.779683940377,14.356570238573],[101.779612815173,14.356718978763],[101.779553731195,14.356811124616],[101.779518084903,14.356925577133],[101.779505610518,14.357040885833],[101.779528601276,14.357120778892],[101.779575197092,14.357236523338],[101.779622380269,14.357305971054],[101.779704440396,14.357386298903],[101.779751190513,14.357420750462],[101.779798380209,14.357443907335],[101.779892201902,14.357445064117],[101.780057685162,14.357387798506],[101.780364195038,14.357262263693],[101.780812162347,14.357103453524],[101.781248549452,14.356944779507],[101.781755285274,14.356808989241],[101.782037887006,14.356763895198],[101.782344526264,14.356695937644],[101.782721082477,14.3567095781],[101.783133255654,14.356700219516],[101.783568705589,14.356747038572],[101.783944955357,14.356829552894],[101.784262275044,14.356922920732],[101.784697733794,14.357017157072],[101.785003314532,14.357144532971],[101.785390665536,14.357422238558],[101.785872704254,14.357677376864],[101.786353705813,14.357988979818],[101.786670411043,14.358266384058],[101.786975817165,14.358566502335],[101.787186556803,14.358844024605],[101.787385264347,14.359131848644],[101.787561284509,14.359270906872],[101.787702257796,14.359385538767],[101.787890157129,14.35950187613],[101.788054603905,14.359594778824],[101.788242787892,14.359687402767],[101.788478029324,14.359745601337],[101.788630907822,14.359746058987],[101.788760626349,14.359746789309],[101.788925084325,14.359747110388],[101.789278800149,14.359599556657],[101.789762988396,14.359279980398],[101.790246735236,14.358971699804],[101.790778256255,14.358640273851],[101.791085063046,14.358445851379],[101.791439077881,14.358229419606],[101.791675095108,14.35802341164],[101.791958904159,14.357749097265],[101.792148149058,14.357553800783],[101.792183341013,14.357543224573],[101.792431490703,14.357428524553],[101.792725990203,14.357269245529],[101.792879604213,14.357235821112],[101.793173636355,14.357225579164],[101.793361820435,14.357318199017],[101.793573014204,14.357491837437],[101.793737142823,14.35765248249],[101.794006659617,14.357953013623],[101.794206120924,14.358114370386],[101.794405875919,14.358299433082],[101.794628510598,14.358461644952],[101.794875765103,14.35855469521],[101.795063954992,14.358601022237],[101.795346413008,14.35854462374],[101.795617594014,14.358419487333],[101.795865923372,14.35817945869],[101.796398040717,14.357663983213],[101.797165276173,14.357103956002],[101.797613965978,14.356864946552],[101.798168339245,14.356603237172],[101.798733532405,14.356466720712],[101.799335230667,14.356285739543],[101.799735988553,14.356057455373],[101.800220147048,14.355784151746],[101.800952171992,14.355280982337],[101.801624838942,14.354847383744],[101.802309382023,14.354344772755],[101.802818319029,14.353783270118],[101.803490682247,14.353325961666],[101.803951820588,14.352925345099],[101.804483481488,14.352422280196],[101.804968090575,14.35190735327],[101.805311246244,14.351472002275],[101.805583898261,14.351001358177],[101.8058803,14.350531560791],[101.806341746582,14.349970615807],[101.80672007377,14.34947726708],[101.807004012062,14.349122777494],[101.80735873676,14.348733578468],[101.807736457079,14.348470556728],[101.808243588927,14.348230840167],[101.808904324027,14.347957689436],[101.809469795511,14.347799697354],[101.81003554856,14.347664281049],[101.810412508261,14.347619166867],[101.810765744578,14.347575461619],[101.811330743974,14.34756537303],[101.812001713736,14.347648862871],[101.81243715475,14.34774304937],[101.812848267623,14.347836394779],[101.813142562185,14.347941287421],[101.813142124247,14.347952582762],[101.813706242251,14.348242817354],[101.814117637011,14.348451317218],[101.814551891554,14.348728414485],[101.814904220937,14.348982773894],[101.815173749199,14.34923698834],[101.815549816101,14.349537354875],[101.815878411593,14.349745704968],[101.816324843454,14.34993120351],[101.816736835341,14.350048239959],[101.817089325094,14.350222433649],[101.817418063719,14.350349490728],[101.817782428577,14.350500961791],[101.818301412262,14.350329953325],[101.818666524957,14.35026351524],[101.819184928169,14.350185090669],[101.819526712151,14.35010537992],[101.819832744097,14.350037384314],[101.820163104519,14.349923938438],[101.820551796082,14.349891087211],[101.820916597297,14.349892389127],[101.82119859753,14.34998612692],[101.821492599988,14.350067302327],[101.821728130205,14.350149173735],[101.821986817941,14.35023076905],[101.822292118814,14.350381807164],[101.822820484501,14.350682603828],[101.823325539687,14.351017547016],[101.823853910022,14.351410920102],[101.824240555681,14.351815012456],[101.824697989949,14.352230679804],[101.825073201408,14.352646196653],[101.825425242514,14.353060860024],[101.82596388205,14.353672002837],[101.826561889496,14.35430727349],[101.82692551631,14.354768084481],[101.827253544106,14.355160451401],[101.827581138349,14.355610400996],[101.827861964449,14.356024780297],[101.828072732989,14.356347417611],[101.828236309533,14.356646909199],[101.828376870459,14.356957964576],[101.82837657521,14.356980548111],[101.828492962604,14.357303182962],[101.828526830054,14.357648254353],[101.828548827976,14.358108625517],[101.828547649319,14.358475565576],[101.828510296471,14.358912936652],[101.828555010244,14.359522065332],[101.828565272071,14.359923868594],[101.82857569779,14.360246638973],[101.828727254083,14.360649012142],[101.828784568443,14.361062672127],[101.828912249558,14.361500329254],[101.828981884404,14.361788522897],[101.82912230294,14.361995710751],[101.829333230372,14.362238183798],[101.829509120249,14.362411077405],[101.829590480677,14.362756709475],[101.830073131027,14.362826583829],[101.830343137311,14.36297802949],[101.830836655597,14.36317534989],[101.831319164707,14.363233933186],[101.831730759771,14.363317072685],[101.832190248973,14.363340930575],[101.832614282146,14.363216183395],[101.833073791617,14.363149718757],[101.833521707194,14.363082263049],[101.833933432162,14.363037820594],[101.834216179596,14.363051370506],[101.834675096989,14.36316780891],[101.835086539835,14.363284814012],[101.835404157466,14.363354395416],[101.83581530993,14.363540271209],[101.836261343315,14.363874756245],[101.836496312092,14.364094353312],[101.836777891753,14.364290812518],[101.837118114214,14.36459156472],[101.837528972168,14.364891469508],[101.837787832507,14.365076908711],[101.838010782238,14.36526164914],[101.838374602887,14.365550826109],[101.838538480594,14.365688856635],[101.838773443136,14.365815873522],[101.839067631466,14.365955727598],[101.839302589253,14.366036454403],[101.83976138551,14.366142721932],[101.839820017905,14.366154437325],[101.840173396772,14.366120843295],[101.840597575768,14.366053658346],[101.840963116425,14.365928469107],[101.841316649511,14.365769553857],[101.841529592582,14.365620228958],[101.841742113257,14.365483327857],[101.84189600421,14.365243262745],[101.842108801561,14.36494491189],[101.842286423436,14.364658273199],[101.842381672038,14.364451652753],[101.842429289779,14.364233185393],[101.842335623415,14.364106733592],[101.842053603167,14.363921577889],[101.841748850013,14.36363282683],[101.841244457527,14.363125188744],[101.840728193365,14.362640271416],[101.840376395014,14.362248215425],[101.840083809038,14.361867867252],[101.839591139859,14.361325084907],[101.839380933788,14.360911006626],[101.839206187116,14.360507791807],[101.839089640402,14.360173878132],[101.839067918199,14.359737217253],[101.839069061016,14.359322862014],[101.839048061036,14.358759744516],[101.838968003104,14.358151047285],[101.83889966329,14.357507209816],[101.838855193675,14.356781797804],[101.8388453522,14.356230966119],[101.838800023894,14.355804748837],[101.83873096503,14.355425104594],[101.838708519614,14.355068610432],[101.838674789887,14.354689672558],[101.838629188312,14.354333455863],[101.838595596764,14.35391951661],[101.838584594073,14.353597883962],[101.838610210802,14.353195654948],[101.838646685894,14.352782004994],[101.838859773796,14.352461074803],[101.839119753367,14.352277319503],[101.839556074747,14.3520270987],[101.840098492161,14.351879472467],[101.840605873235,14.351570818707],[101.840971400192,14.351400473951],[101.84144301858,14.35114869802],[101.841844447466,14.350932761055],[101.84251612601,14.350750839626],[101.843199249956,14.350650065359],[101.843811886701,14.350561426105],[101.844377173539,14.350437225331],[101.844954333855,14.350428038274],[101.845649032851,14.350327118276],[101.846061739866,14.35013362023],[101.84649831937,14.349904836224],[101.846958361544,14.349654318012],[101.84734775832,14.349494967751],[101.847748734464,14.349244030035],[101.848102939341,14.348957525613],[101.848339463658,14.348751464373],[101.84889501603,14.348041426807],[101.849084776288,14.34775464054],[101.849344599877,14.347468140713],[101.849616299035,14.347296655053],[101.84985239934,14.347103016724],[101.850370757871,14.346931950758],[101.850913588323,14.346681560653],[101.851361310683,14.346465054351],[101.851680199485,14.346316706681],[101.852765537447,14.345608191022],[101.853332517399,14.345162191243],[101.853709885987,14.34492281893],[101.854146301945,14.344682735969],[101.85479549503,14.34423687245],[101.855432837496,14.343861146988],[101.855940595449,14.343448596373],[101.856518149947,14.343152618365],[101.856978158475,14.342947244307],[101.857379396759,14.34271887037],[101.857780063358,14.342536790801],[101.858264238385,14.342228386499],[101.858653601194,14.341931285626],[101.85900792254,14.341656058348],[101.859409572394,14.34123236229],[101.859940927843,14.340764200916],[101.860354866717,14.340305358261],[101.860662281805,14.339892958605],[101.861111125002,14.339538688495],[101.861500909165,14.339275449346],[101.861854792615,14.338966354276],[101.862256301304,14.338669102592],[101.862669810472,14.338222681187],[101.863355285448,14.337582178036],[101.863863162252,14.337135744621],[101.864335998948,14.336574577797],[101.864808967536,14.335978410738],[101.86526979021,14.335520124251],[101.86578952427,14.334959518902],[101.866427225052,14.334433613152],[101.86692335329,14.3339748987],[101.867490703906,14.333426133043],[101.868105222741,14.332807929969],[101.868648102754,14.33233848612],[101.869120917915,14.331777313632],[101.869452464642,14.331307038833],[101.869748545817,14.330779614663],[101.869997442412,14.330320499197],[101.870246071144,14.329931383678],[101.870459235887,14.329621724774],[101.870518574984,14.329553268805],[101.871202856493,14.329095658738],[101.871686975974,14.328695788478],[101.872170654724,14.328352372888],[101.872618894608,14.328135828739],[101.873067403462,14.327804127222],[101.873563931406,14.327242662114],[101.873942368392,14.326727785304],[101.874179405335,14.326383966357],[101.874510780571,14.325856111599],[101.874735516299,14.325501151778],[101.874984254123,14.325030745995],[101.875303631754,14.324652060012],[101.875670199925,14.324251350752],[101.875976738178,14.324091839265],[101.876424821415,14.323864003146],[101.876990990715,14.323589576379],[101.877592216819,14.323385847914],[101.878157267695,14.323341740147],[101.878757786493,14.323309620292],[101.879546458978,14.323232315633],[101.880099943397,14.323234631879],[101.880711191125,14.323317530619],[101.881275696139,14.323457443051],[101.881876212319,14.32342531533],[101.882418519802,14.323232451497],[101.883066888264,14.322912984105],[101.88365609114,14.322765835288],[101.884245147011,14.322652555555],[101.884751004918,14.322643021449],[101.885256755665,14.322806218366],[101.885845270492,14.32283180347],[101.886422181177,14.322764953209],[101.886892874046,14.322767131691],[101.887552268585,14.322676697276],[101.887882421537,14.322644456356],[101.888224253768,14.322484501403],[101.888483864533,14.322278129894],[101.888696430615,14.322014754295],[101.888898261887,14.321636356308],[101.888910653176,14.321383319688],[101.888900575567,14.320957826223],[101.8889019701,14.320659764519],[101.888913941784,14.32046431038],[101.88883337723,14.320049835288],[101.888716242597,14.319808534602],[101.888717636777,14.319555631773],[101.888717741518,14.319382900134],[101.888812512936,14.319233854289],[101.888954485726,14.319154228928],[101.889248177629,14.319304192659],[101.889646299151,14.319743025769],[101.890080467708,14.320238996362],[101.890420378685,14.320562254567],[101.890878923323,14.320701177547],[101.891384265398,14.320968229579],[101.891701272781,14.32117548187],[101.891982710717,14.321453162691],[101.892135303961,14.321615001663],[101.892299183562,14.321799281907],[101.892451618116,14.321948704103],[101.892521988817,14.322064128053],[101.89254491022,14.322271575884],[101.892423947376,14.323132182561],[101.892256504114,14.323844333838],[101.892324139802,14.324649581442],[101.892497747002,14.325547239747],[101.892554328896,14.326167473519],[101.89263369043,14.326983867123],[101.892771544584,14.327892120993],[101.89298087216,14.328640321532],[101.893225772068,14.329227776524],[101.89328426513,14.329319636718],[101.893472303669,14.329400886188],[101.893553866127,14.329711481288],[101.893646990346,14.329930491587],[101.893811298264,14.33005718706],[101.89397576536,14.330241457559],[101.894222443811,14.330380695988],[101.894386751696,14.330462234047],[101.894728185463,14.330451294957],[101.895282084129,14.33030454592],[101.896236584282,14.330020818613],[101.897380199413,14.329496570383],[101.898088287114,14.329004733027],[101.898725335788,14.328616495738],[101.899279482207,14.328354583574],[101.899987000593,14.327954192969],[101.900376146761,14.327737195257],[101.90095387564,14.327463702188],[101.901543069368,14.327316508896],[101.902297622697,14.326882798216],[101.902804603667,14.326735478887],[101.90333460956,14.326622873901],[101.904217343914,14.326568043951],[101.90473591682,14.326466865317],[101.90533669759,14.326365807961],[101.905936772547,14.326344913109],[101.906572334147,14.326382286642],[101.907054748936,14.326395569357],[101.907431787426,14.326407884476],[101.907737341001,14.326443652808],[101.908066626633,14.326479130762],[101.908408210848,14.326480589499],[101.908820550915,14.326402154137],[101.90903228345,14.326345369555],[101.909327072529,14.32621983049],[101.909551517277,14.326071446141],[101.909787808666,14.325854050616],[101.909999667735,14.32576226687],[101.910223569119,14.325706461071],[101.91054072,14.325833527947],[101.911104050071,14.326330123018],[101.911597396338,14.32660743285],[101.912219767,14.327058142766],[101.912641711948,14.327589207306],[101.913052336139,14.328050416151],[101.913674158184,14.328592570888],[101.914483754228,14.329239665607],[101.915036312851,14.329528657965],[101.915528721704,14.330001273217],[101.916080622298,14.330462996289],[101.916526562686,14.330878605659],[101.916784167655,14.331190410047],[101.917159991808,14.331421734471],[101.91731248638,14.331663708474],[101.917512522449,14.331687213313],[101.917541537391,14.331692501039],[101.917700548991,14.331722155851],[101.918018671792,14.331655022612],[101.918290126608,14.331471054189],[101.918609008737,14.331104745271],[101.918798080281,14.33081792917],[101.918999175414,14.33052080473],[101.919259317673,14.330268110468],[101.919436152726,14.3301541708],[101.919672048892,14.330085789932],[101.920071845982,14.330156507507],[101.92043648551,14.330284103305],[101.920717925498,14.330469169894],[101.920976212543,14.330654520272],[101.921140964388,14.330769900152],[101.921363887108,14.330861984138],[101.921564494901,14.330840322623],[101.921835141514,14.330817797319],[101.922212296441,14.330704774902],[101.922553960205,14.330533485388],[101.922919906918,14.33027045285],[101.923179478559,14.330018891048],[101.923393119818,14.329662905593],[101.923535277387,14.329330379412],[101.923653465194,14.329158455146],[101.923983938895,14.328883440623],[101.924373627751,14.32862124377],[101.924750448434,14.328438229353],[101.925198661037,14.328314166828],[101.925728222862,14.328257964294],[101.926233977749,14.328374780365],[101.926939765527,14.328515091581],[101.92755188681,14.328575275397],[101.927893013546,14.328541713745],[101.928269779125,14.328577705362],[101.928646638641,14.328487255839],[101.929236594227,14.328133394608],[101.929460547015,14.32790371761],[101.929708655599,14.327617295589],[101.929887355682,14.327112720387],[101.929948070165,14.326572347137],[101.929972532625,14.326182568905],[101.929962902439,14.32561935713],[101.929999629893,14.325193301303],[101.930118863895,14.324745906249],[101.930296726588,14.324355362734],[101.930498218992,14.324045809149],[101.930758037927,14.323725374939],[101.931077158842,14.32333534444],[101.931349007922,14.323049757571],[101.931703448866,14.322660418307],[101.932210630283,14.322397889441],[101.932599827692,14.322099562605],[101.933012931098,14.321814487717],[101.933343257842,14.321574461984],[101.933579779246,14.321288181109],[101.933852109923,14.320817444123],[101.93414813928,14.320254972311],[101.934350093752,14.319669956227],[101.934504772293,14.319233411812],[101.934753484065,14.318682813875],[101.934978779883,14.318201368878],[101.935180624198,14.317741663966],[101.935453248249,14.317249473483],[101.935606989682,14.317008242773],[101.935666666855,14.316789624441],[101.935702704886,14.31644486057],[101.935598322568,14.315985553484],[101.935540853069,14.31561710973],[101.9355184193,14.31527193896],[101.93551960775,14.314962602134],[101.935754454167,14.315215961901],[101.93566096262,14.314881830831],[101.935661749336,14.314675229764],[101.93568597272,14.314445760746],[101.93576899376,14.314330713547],[101.935827998431,14.314238542362],[101.936087754817,14.314137115516],[101.936394345211,14.313942537843],[101.936712649949,14.313713948633],[101.936960473855,14.313496390105],[101.937208583318,14.313256250606],[101.937409772159,14.312969276291],[101.937540211222,14.31271704431],[101.937647428973,14.312326242984],[101.937637254979,14.31185561243],[101.937638527058,14.311463863831],[101.937687118099,14.311016213439],[101.937688550979,14.310636881738],[101.937677683838,14.31024641218],[101.937725782049,14.310027937127],[101.93793791952,14.309959836537],[101.938279823559,14.309765950671],[101.938598244305,14.309502361795],[101.93884701821,14.309135774902],[101.939071629043,14.308780775026],[101.939237777825,14.308470526722],[101.939439314201,14.307988245776],[101.939677599929,14.307127325478],[101.939867706312,14.306656475008],[101.940175444461,14.306106274228],[101.940483351818,14.305613645399],[101.940790142023,14.305257628701],[101.940967729489,14.304937078268],[101.941227524608,14.304661795259],[101.941511447069,14.304283483021],[101.941748080593,14.303963330225],[101.942090765102,14.303607997075],[101.94233883443,14.303321569484],[101.942551323742,14.303103316594],[101.94275199154,14.302955202933],[101.942940637596,14.30281739817],[101.943094141321,14.30269244559],[101.943294793657,14.302543202882],[101.943412399787,14.302417565886],[101.943459824746,14.302325537275],[101.943390107452,14.302083685683],[101.942534555693,14.301104226712],[101.94210077696,14.300642228025],[101.941550374894,14.29984751482],[101.940940954009,14.299098686113],[101.940460225997,14.298453251359],[101.9394161355,14.2974840107],[101.938582897078,14.296882441095],[101.937890216883,14.296317513604],[101.937045242533,14.29565850769],[101.936211855549,14.29495532724],[101.935590781042,14.294331932047],[101.934933015456,14.293869293854],[101.934192932261,14.293441536569],[101.933453402579,14.292922326776],[101.932819944682,14.292414224737],[101.932173953223,14.292055291703],[101.931727425276,14.291812434401],[101.931186843416,14.291592185743],[101.930834546583,14.291429446771],[101.930457823705,14.291347162113],[101.930187345581,14.291289533653],[101.929905522901,14.291115764451],[101.929576922239,14.29081613335],[101.929342795948,14.290481469522],[101.929167282533,14.290158501501],[101.928968613777,14.289790661743],[101.928887980861,14.289329925801],[101.928784026042,14.288766744561],[101.928610258143,14.288041857735],[101.928588784472,14.287456212049],[101.928578605796,14.286938161422],[101.928603758361,14.286421934529],[101.928653136561,14.285720265972],[101.928713757365,14.285261177245],[101.928810337599,14.284628920524],[101.929036427042,14.283940882287],[101.929509621968,14.283115459564],[101.930065058381,14.282473038063],[101.93045436182,14.282187142558],[101.930831678266,14.281958968953],[101.931268573498,14.281638619665],[101.931563530713,14.281352756143],[101.931811192279,14.281169077483],[101.932059007128,14.280952659111],[101.93243671653,14.280665775182],[101.932649892535,14.28032221499],[101.932862369414,14.280058816254],[101.933111646616,14.279553375296],[101.93331334369,14.27908351705],[101.933573900464,14.278555358646],[101.933846582103,14.277935608686],[101.934002574252,14.277154732663],[101.934359031757,14.276121893821],[101.934596387561,14.275456293837],[101.934727081725,14.275135199287],[101.934751212458,14.2750321698],[101.935330843905,14.274160273408],[101.935826660503,14.273564865421],[101.936063795309,14.273105858747],[101.936301555317,14.272382678906],[101.936491633199,14.271865549077],[101.936752198341,14.271383675032],[101.937060875307,14.270684455561],[101.937323225735,14.269581655458],[101.937597115864,14.26874400899],[101.937941036651,14.267906627536],[101.938202757009,14.267068001362],[101.93848833361,14.266150058064],[101.938631627829,14.265507066453],[101.938846361513,14.264794329977],[101.939272334806,14.263992061122],[101.939509308456,14.263521766674],[101.939759205434,14.262798436963],[101.939902377997,14.262235599545],[101.94008151609,14.261500724122],[101.940224777474,14.260766291466],[101.940369562805,14.259881694237],[101.940524042139,14.259387581778],[101.940738850304,14.258458093106],[101.941059591396,14.257619868611],[101.941345297014,14.256713212147],[101.941464748754,14.256195824955],[101.941760558444,14.255622073549],[101.942009666134,14.255106472782],[101.942222764957,14.254670340875],[101.942506859558,14.254130601018],[101.942791378783,14.253534409531],[101.943158770869,14.252858172201],[101.943419160115,14.252365009844],[101.943679453361,14.251998287029],[101.943798832742,14.251698780691],[101.943862063889,14.251442865217],[101.943885545142,14.251200988362],[101.943868861,14.250985572315],[101.943710539027,14.250469357169],[101.943657599235,14.250225037106],[101.943648802877,14.249948561722],[101.943675983206,14.249857913606],[101.943735793978,14.249650584327],[101.943819467034,14.249409093238],[101.94390330109,14.249180018134],[101.943975810851,14.248881090632],[101.94407164902,14.248640578252],[101.944167472382,14.248398937143],[101.944262900115,14.248216004048],[101.944358165658,14.248020655876],[101.944489702026,14.247676971304],[101.944644125367,14.247447025442],[101.944893586439,14.247138010515],[101.945083479915,14.246921172451],[101.94528480707,14.246738060257],[101.945592171546,14.246520900907],[101.945958590989,14.24635042579],[101.94638333931,14.246215354539],[101.946926152498,14.246081081569],[101.947245394169,14.245887480736],[101.947823763171,14.245683903445],[101.948295135476,14.245663401023],[101.948954883339,14.245621378086],[101.94943881545,14.245543144136],[101.949898729992,14.245442629198],[101.950358358869,14.245364694097],[101.950865346836,14.245368582868],[101.951359999159,14.245313919487],[101.951819512056,14.245316135923],[101.95219643191,14.245330662831],[101.952726686267,14.245299262867],[101.953139725408,14.24524334938],[101.953481164897,14.245199609956],[101.953987989564,14.245191076264],[101.954388337248,14.245182731585],[101.954729931416,14.245195433372],[101.955083520614,14.245151541194],[101.955520148254,14.245085171386],[101.955991368501,14.245053366963],[101.956274092297,14.245078086038],[101.95670989509,14.245081715875],[101.957110496526,14.245048526919],[101.957428813617,14.245051354286],[101.95779383597,14.245041183272],[101.958124132459,14.244986287541],[101.958548876804,14.244896352095],[101.959021451633,14.244657936607],[101.959587920324,14.244430774016],[101.960131502992,14.244135031867],[101.960545337543,14.243918791857],[101.960982354804,14.243749677837],[101.96144293145,14.24356785282],[101.961985671877,14.243340980023],[101.962493437318,14.243183402875],[101.962812521356,14.243023652885],[101.963261365334,14.24278552611],[101.963745537852,14.242638399752],[101.964146525852,14.242502466196],[101.964524395731,14.242413103787],[101.964866498726,14.242288060954],[101.965291653846,14.242141665334],[101.965858132668,14.24196077429],[101.966365459777,14.241814484219],[101.966754724759,14.241667403709],[101.967215574071,14.241462987967],[101.967947663621,14.241202139481],[101.968514273489,14.24098737472],[101.96898642231,14.24080652205],[101.969683455057,14.240476113518],[101.970369048475,14.240111980127],[101.970900196721,14.239885233457],[101.971431774545,14.239647192517],[101.971963214883,14.239443018762],[101.972341046926,14.239307361707],[101.972564704551,14.239285384289],[101.97260001231,14.239286073272],[101.973355135966,14.239106203835],[101.973921047379,14.238971587243],[101.974488221187,14.238756803218],[101.975207186359,14.238599955927],[101.975738336643,14.238418355972],[101.976222905339,14.238214758452],[101.976635608439,14.238091078091],[101.977108037957,14.237932785573],[101.977579605593,14.237797081434],[101.978075234022,14.237731065617],[101.978440907895,14.237595551774],[101.978935940989,14.237528413745],[101.979431017124,14.237508686066],[101.979760727077,14.2374989255],[101.980149345132,14.237524551858],[101.980443775631,14.237560385942],[101.980690763833,14.237596812283],[101.980949352405,14.237679376366],[101.981149447316,14.237714130271],[101.981290528623,14.237749620435],[101.981420319861,14.237762675006],[101.981585241411,14.237762872021],[101.981715152575,14.237740928951],[101.981844914528,14.237707698946],[101.98195120863,14.237649926947],[101.982046198055,14.237524562901],[101.982129424678,14.237340645349],[101.982060162044,14.237133797398],[101.981814573194,14.23676320753],[101.981628338453,14.236417839744],[101.981277781577,14.235897290518],[101.980821095003,14.235446927431],[101.980282197441,14.234949048159],[101.979777670359,14.234600879419],[101.979179614132,14.234136471928],[101.978558257305,14.233615910332],[101.978006723202,14.233301060825],[101.977137554116,14.232812936217],[101.976327698352,14.232302620365],[101.97569410768,14.231907507252],[101.97527232921,14.231514267611],[101.974838131553,14.231188915421],[101.974321525295,14.230933450706],[101.973770405843,14.230561010958],[101.973147454437,14.230270742782],[101.972606724795,14.230117174326],[101.971842591112,14.229871557672],[101.971160223272,14.22968362442],[101.970489870882,14.229529405121],[101.969995604714,14.229388797666],[101.969525638059,14.229247887735],[101.969054945749,14.229095696938],[101.968643170791,14.22902405229],[101.968290302297,14.228987798878],[101.967913671575,14.228904427082],[101.967666545029,14.228856698201],[101.967442723632,14.228821098044],[101.967183903721,14.228808509464],[101.967019525553,14.22876088125],[101.966819534371,14.228644832411],[101.966667405466,14.228471744275],[101.966574830588,14.228206476139],[101.966588686792,14.227849573645],[101.966589117958,14.22783827941],[101.966625589909,14.227573665623],[101.966720855938,14.227424596774],[101.966898426493,14.227241768411],[101.96712319426,14.227128344497],[101.967288530132,14.227072103334],[101.967548157568,14.226969533849],[101.968173098671,14.226881616231],[101.968738875725,14.226827170333],[101.969222595082,14.226692462874],[101.969576269284,14.226613558322],[101.969741172832,14.226568609858],[101.970602162949,14.226389697425],[101.971452929817,14.226004321855],[101.972256075046,14.225605990802],[101.973011816052,14.225299687157],[101.973437173775,14.22508328946],[101.974003590898,14.224857233254],[101.974688593888,14.224584543588],[101.975384522283,14.224439279572],[101.975820654341,14.224339020482],[101.976199130799,14.224122073924],[101.977002421078,14.223736145384],[101.977746144711,14.223441267533],[101.978384610815,14.222973851405],[101.978811568887,14.222527134919],[101.979390750136,14.222128189782],[101.980100932459,14.221614721609],[101.98068000262,14.221295925691],[101.981482560258,14.220943860551],[101.982332970286,14.220534752023],[101.983042188479,14.220125145531],[101.983656554085,14.219807031914],[101.984365781262,14.219442577989],[101.985038736693,14.219136148031],[101.985782430884,14.218841249094],[101.986749519476,14.218594356416],[101.987541211393,14.218253697873],[101.988214023108,14.217981128201],[101.989064006742,14.217629577389],[101.989784488241,14.217242391046],[101.990423486636,14.216774944388],[101.990955252583,14.216513164529],[101.991676941306,14.215954370955],[101.992374493336,14.215452320443],[101.992883303055,14.215029396141],[101.993297845957,14.214697961053],[101.993913079946,14.214184521837],[101.994315870355,14.213795660711],[101.994718408976,14.213475662959],[101.995168587235,14.212994769157],[101.995537134126,14.212422330371],[101.995904037318,14.21203278762],[101.996184819862,14.211693994961],[101.996188809827,14.211689429495],[101.996189951941,14.211688286316],[101.99640259127,14.211403404258],[101.997142382983,14.210156893259],[101.997198021216,14.21012007207],[101.998023410511,14.209837665897],[101.998730506412,14.209623343955],[101.999449452038,14.209386294285],[102.000321659681,14.209057010488],[102.001005547549,14.208750407564],[102.001654987039,14.208376503214],[102.002492280012,14.207944924281],[102.003355055857,14.207340307925],[102.004216157309,14.206828276413],[102.005102209668,14.206190626066],[102.005680603974,14.205870662305],[102.007014404818,14.205097559423],[102.007557241289,14.204801745143],[102.008100042973,14.204459647402],[102.008796047457,14.204108848886],[102.009680479308,14.20374438876],[102.010341045774,14.20342676831],[102.011107894664,14.203052495448],[102.012097956284,14.202713790102],[102.012887281785,14.202464531433],[102.014043032231,14.202011975756],[102.014855953632,14.201797408237],[102.015444884841,14.201663553683],[102.016245969284,14.201472836863],[102.016917597085,14.201292781379],[102.018211601789,14.201276456768],[102.018670436144,14.201279697629],[102.019894001419,14.201274412528],[102.020412209681,14.201174174936],[102.021095715418,14.201017664978],[102.021849976905,14.200699962299],[102.022510532389,14.200427467403],[102.02307678412,14.200155034062],[102.024042553655,14.199906898637],[102.02500915491,14.199591018982],[102.026010368521,14.19935484625],[102.027188719869,14.199039666345],[102.028237502242,14.198770146945],[102.029156401687,14.198522586243],[102.030004082465,14.198401225713],[102.030757318537,14.198312666218],[102.031534148329,14.198214774804],[102.031535883642,14.198214752812],[102.031543373275,14.198212400235],[102.032582752594,14.19793282215],[102.03338433856,14.197695764409],[102.034245139787,14.19734394159],[102.035058505417,14.196992717955],[102.035837220584,14.196559526468],[102.036298702775,14.196068273823],[102.036631138917,14.195531246959],[102.036999232784,14.194935068365],[102.037343180691,14.194350484308],[102.037617114145,14.193721634986],[102.037891644883,14.192964091985],[102.03810657071,14.192378887968],[102.038285784341,14.191805424692],[102.038465852172,14.191209374997],[102.038751699673,14.190476522444],[102.03911935311,14.189891636789],[102.040244223355,14.1885656547],[102.04076530578,14.187947211938],[102.041272961966,14.187536643302],[102.041992897247,14.187080481218],[102.043373689034,14.186250178226],[102.044247087994,14.185806735467],[102.045024582486,14.185546249783],[102.04585015759,14.18516097931],[102.04662833617,14.184865487099],[102.047465900542,14.184468772159],[102.048043199578,14.18420631093],[102.048055983954,14.184080848688],[102.048998991514,14.183696332794],[102.050154490038,14.183196224669],[102.051524286921,14.18228362096],[102.052834497522,14.181371771023],[102.054074546536,14.180448393653],[102.055090650171,14.17964977994],[102.056023664144,14.178953817119],[102.057109751883,14.178155433139],[102.057889399254,14.177584461733],[102.058626090861,14.177002749833],[102.058928885732,14.176762961817],[102.059826827485,14.175998578226],[102.060465156411,14.175415861209],[102.061044899862,14.174821473894],[102.061779100613,14.173883083318],[102.062288206633,14.173198163889],[102.062856823203,14.172465072577],[102.063366017513,14.171744029184],[102.063923538786,14.170874493378],[102.064208191293,14.17040465662],[102.064232352484,14.170265504132],[102.064978767988,14.169247936424],[102.065782526787,14.16849490312],[102.067105846701,14.167363844026],[102.068346249523,14.166347850043],[102.069397364424,14.165537459865],[102.070377330245,14.164899555694],[102.0715219048,14.164157947047],[102.072229640336,14.163794436725],[102.073408042915,14.163375224532],[102.074669063893,14.16299219797],[102.076364919412,14.162599072225],[102.077624755778,14.162386495168],[102.078872535267,14.162266628312],[102.079848530893,14.162238291053],[102.080801956671,14.162209111975],[102.081602154187,14.162098366599],[102.08239119563,14.161975346371],[102.083250774239,14.161807394042],[102.083957491519,14.161627858714],[102.084700122405,14.161366587074],[102.085394903602,14.161117216989],[102.085878750595,14.16092474143],[102.086385272313,14.160698109732],[102.087128410087,14.160346522612],[102.087918373037,14.159993200945],[102.088613915174,14.159629806379],[102.090581937719,14.159008455597],[102.091336234752,14.158713152672],[102.092313969572,14.158430769618],[102.093432628921,14.158218807825],[102.094386150877,14.15802816112],[102.095376412487,14.157689166488],[102.096330185056,14.157474805284],[102.098332918261,14.156900358341],[102.099169376574,14.156651381746],[102.099935487332,14.15633332628],[102.100501968355,14.155924161556],[102.101386930352,14.15545669821],[102.102059677256,14.154908446173],[102.102957351657,14.15427036929],[102.1035591166,14.153904764754],[102.104327011999,14.153208537691],[102.106728195958,14.151359012846],[102.106729337167,14.151357869306],[102.107245932174,14.151024966197],[102.107811423154,14.1505875828],[102.109012888788,14.150345137681],[102.110061253445,14.150412823897],[102.111180247856,14.150400576445],[102.111804442959,14.150112549935],[102.112416738156,14.149502978626],[102.112958541182,14.149111043169],[102.113829761826,14.148743052322],[102.115078138279,14.14871895051],[102.1155731533,14.148925859652],[102.116221058151,14.149317028424],[102.117080918595,14.149431153677],[102.118011258592,14.14920008939],[102.118894629979,14.149129915075],[102.119837061022,14.148979957176],[102.120614363784,14.148554468909],[102.121673910864,14.147748304136],[102.124641204823,14.144469046751],[102.126960918592,14.142603496117],[102.127820370724,14.141717520415],[102.128161684284,14.141005348445],[102.129774669344,14.139313784007],[102.13114055937,14.138289137483],[102.132153215007,14.137781541771],[102.133201357309,14.137585013378],[102.135132973693,14.137457090341],[102.138843083242,14.137085810084],[102.141563890067,14.137279369657],[102.143153920886,14.137210029722],[102.14663992407,14.137114717457],[102.149031162346,14.137146585614],[102.151492900977,14.137258771553],[102.153613146711,14.137602290084],[102.154921203296,14.138474544295],[102.156275659626,14.13885292751],[102.157641988938,14.139002015898],[102.160104020008,14.139469650965],[102.161765301882,14.139744635062],[102.163246551403,14.140424930069],[102.163438035495,14.140512703896],[102.163710126417,14.140616346904],[102.165676356397,14.141362471183],[102.166689637315,14.141867187499],[102.167408762922,14.142637640651],[102.167774444506,14.143693802882],[102.168010746743,14.144636543623],[102.168081915952,14.146016015788],[102.16792949973,14.147453746727],[102.168119441941,14.14943212407],[102.168237368808,14.150178901681],[102.16844993134,14.151202091436],[102.16887467793,14.152720238064],[102.169441085329,14.154110097134],[102.170066255291,14.155191039212],[102.170608656912,14.156558635059],[102.171210044951,14.15780016247],[102.171611044315,14.158938237803],[102.171552960611,14.160294581796],[102.171011354253,14.160984611005],[102.170469655767,14.161376662703],[102.169704209676,14.161733294926],[102.167855559825,14.162597484695],[102.167266513435,14.163121086265],[102.166749225832,14.163939461498],[102.166281043776,14.164879088758],[102.166054774126,14.16603787554],[102.166267753581,14.167256326733],[102.16659786371,14.167912261427],[102.16688077444,14.168542857886],[102.166787118124,14.169462864672],[102.166564289342,14.171119368935],[102.166670785994,14.172499501301],[102.166988969889,14.173212026392],[102.167378525988,14.173649330207],[102.168049750576,14.17408516762],[102.168697865724,14.174647722074],[102.169075396867,14.175176606792],[102.169405780557,14.175808827132],[102.169759541511,14.176624715581],[102.169971874414,14.177544058823],[102.169878168971,14.17808481993],[102.169913572603,14.178717555316],[102.170055252173,14.179464011355],[102.170249188085,14.179975005583],[102.170550609485,14.180395409051],[102.171281531137,14.181004261436],[102.172177045361,14.181635761714],[102.17321399506,14.18216380048],[102.173490541892,14.182375718308],[102.173721285529,14.18270449774],[102.173885999859,14.183151538402],[102.173937457228,14.183606851563],[102.173863016578,14.184118011178],[102.173463513665,14.185336661049],[102.173395399108,14.185596036553],[102.173473401508,14.186088244932],[102.173723011868,14.186774573024],[102.173876570517,14.187624706507],[102.174289944218,14.188855152414],[102.174761551754,14.18973944238],[102.175315580037,14.190394639756],[102.176270359706,14.191082892807],[102.177000834219,14.191531448178],[102.177979345228,14.192012825728],[102.178368208001,14.192437695211],[102.178828327303,14.193243115706],[102.179523403217,14.193931414581],[102.180655238954,14.19482835727],[102.181751320709,14.195608384728],[102.182859214332,14.19603271017],[102.183789849178,14.196066603312],[102.184543845238,14.196168308935],[102.185557336907,14.196294773721],[102.187089095074,14.196212296257],[102.188855899224,14.196061211631],[102.190057523546,14.195784466537],[102.190882350636,14.195657213008],[102.192001297565,14.195012481164],[102.192766489801,14.194056435733],[102.193837918515,14.192664017325],[102.194908652203,14.191305466114],[102.195497452674,14.190477054381],[102.195873590559,14.189086013054],[102.196355602803,14.187325609196],[102.196542795794,14.185578171134],[102.196966194105,14.184381761977],[102.197707936061,14.183242049618],[102.198402256766,14.182309517877],[102.199237948323,14.181147103656],[102.200439000442,14.179847750884],[102.201369087875,14.178983170825],[102.202498548353,14.177200567198],[102.203640784807,14.176163844979],[102.20486542965,14.175312246832],[102.206631720671,14.174562875802],[102.206671963234,14.174545407128],[102.207550468719,14.174170215677],[102.208516488855,14.173766761533],[102.209081751981,14.173697114608],[102.210236404143,14.173546206126],[102.210601635035,14.173441989445],[102.210860503198,14.173177798336],[102.211331252571,14.172762912448],[102.211507362651,14.172084481181],[102.211836377047,14.170681655677],[102.212577345976,14.168714618519],[102.212999995341,14.166815053882],[102.213257301692,14.164756306985],[102.213103077114,14.162962669206],[102.212973198321,14.162446352238],[102.212619198239,14.161744551212],[102.212241567654,14.160883924606],[102.212040609129,14.160124766986],[102.211686401904,14.159078722385],[102.211202745003,14.15771048308],[102.210883850588,14.156583828675],[102.210599804653,14.155056028622],[102.21062237182,14.153699068258],[102.210868816355,14.152387644868],[102.211304034292,14.151340059339],[102.211632847675,14.149799543125],[102.212303036873,14.148394412425],[102.213244825764,14.147221535888],[102.214221049702,14.145989505971],[102.215009937893,14.145171945973],[102.216022616952,14.144641452051],[102.217012121225,14.144272664269],[102.2178836122,14.14427114079],[102.218778665529,14.144259141154],[102.220451626198,14.144417288339],[102.221099716777,14.144567732651],[102.222088976551,14.144715854288],[102.222949134528,14.144772025363],[102.224244382466,14.144596619597],[102.225316267983,14.14441179279],[102.226176633208,14.144318967948],[102.227825369535,14.144318247899],[102.230016469702,14.144107062221],[102.2309942608,14.144221440349],[102.232125075471,14.144565126275],[102.233456350232,14.14468940648],[102.234316128451,14.144596560676],[102.235540973782,14.144433330671],[102.236978031145,14.144432013931],[102.238179655405,14.144385333676],[102.23915708262,14.144106915267],[102.239981469444,14.143761712496],[102.2406876942,14.143403430493],[102.241453247668,14.14270236795],[102.242653717973,14.141963828516],[102.243536711612,14.141226187481],[102.244467099597,14.140731688883],[102.24540883518,14.140303624106],[102.246032617676,14.139923871023],[102.246130186615,14.139871763522],[102.247611954864,14.140089868182],[102.248331385553,14.140378094458],[102.249015516421,14.140745800658],[102.249699878,14.140885518111],[102.250631501327,14.141252125752],[102.252012125715,14.141839502005],[102.253581192744,14.142380299387],[102.255102567179,14.143185828754],[102.255893021235,14.143830839186],[102.256454146469,14.144209217024],[102.257250093549,14.144508789033],[102.258170140874,14.14475137016],[102.259728741124,14.145083467514],[102.2610932362,14.145388845632],[102.262555062735,14.145787697291],[102.263962403921,14.146258381595],[102.265259973128,14.146695564097],[102.266132948857,14.146799932663],[102.267291078698,14.146625034436],[102.268775607797,14.146305738079],[102.269660574517,14.145914470932],[102.270509669477,14.14483523769],[102.271217094374,14.143191372957],[102.271618062115,14.142075358664],[102.271983329064,14.141212638118],[102.271971754403,14.140040172659],[102.271735693403,14.137970136094],[102.271617307327,14.135636658055],[102.271558113389,14.133842976947],[102.271722997428,14.132473986152],[102.271439167189,14.131105462966],[102.271345068439,14.130024408282],[102.271438963794,14.129230846649],[102.271651396719,14.128760709875],[102.271993302882,14.128610463794],[102.272736682749,14.128634197652],[102.273326654021,14.128726607781],[102.274352763612,14.129071523328],[102.275992617644,14.129715047316],[102.277184203294,14.130187482099],[102.279248191388,14.130809394418],[102.280652244498,14.130935814957],[102.281985254664,14.130946951521],[102.283223937933,14.131557526628],[102.283743104728,14.131993969278],[102.284793352977,14.132568737217],[102.286291524573,14.133570753051],[102.287801487525,14.13462789524],[102.288497868456,14.13496145383],[102.288886631354,14.135054317984],[102.289394161074,14.13488146464],[102.290066408126,14.134582209454],[102.290679586335,14.134076101573],[102.291458391435,14.133225760087],[102.292908668958,14.132063752439],[102.294843023384,14.13086914324],[102.296258945601,14.130616103857],[102.297155275741,14.130259586382],[102.297626692354,14.129949527163],[102.298204471562,14.129316361511],[102.298971518814,14.128696397216],[102.299336688277,14.128316694313],[102.299702601118,14.12770787811],[102.300174144782,14.126926068285],[102.30030322718,14.124890593767],[102.300326112057,14.123429896078],[102.30098665652,14.123084508878],[102.301765013928,14.122889859336],[102.303369170638,14.122222272487],[102.305303487148,14.121475651108],[102.30616456992,14.120924351019],[102.30726109041,14.120060580654],[102.307803937607,14.120014740932],[102.308523477369,14.120072553544],[102.310953640311,14.120751225343],[102.31333692155,14.1216257571],[102.315118486984,14.122752330896],[102.316310102198,14.123546202666],[102.317584404935,14.124259925272],[102.3189525611,14.124627003859],[102.319766874788,14.124879840676],[102.320462921719,14.125190736349],[102.321088548213,14.1257091284],[102.321985221664,14.126616510491],[102.323011672319,14.127421650744],[102.324038090631,14.127985275476],[102.324793327738,14.12803125371],[102.325795841314,14.127904525047],[102.325970397794,14.127860352318],[102.325977318516,14.127859127962],[102.326751589231,14.127663326166],[102.327541950022,14.127421029723],[102.328202012785,14.126767484873],[102.32899163225,14.125202531799],[102.329415949563,14.123765650919],[102.329922514565,14.122338917114],[102.330558786187,14.121005184027],[102.33077810999,14.120620694819],[102.330894779721,14.12045318198],[102.331089425106,14.120280073468],[102.331347752131,14.120152353547],[102.331539794329,14.120078593681],[102.331785130407,14.120051493868],[102.331958877522,14.120111156391],[102.332162627576,14.120246015297],[102.33239807088,14.120413162368],[102.332646655931,14.120648968973],[102.333566874053,14.121385565269],[102.334558306652,14.122247565373],[102.335325403762,14.123109288524],[102.336351965935,14.123960633785],[102.337638267126,14.124661656535],[102.339124792385,14.125651051778],[102.339715007757,14.125800846088],[102.340552399696,14.125811777445],[102.341637355056,14.125512301937],[102.34312368935,14.125260280147],[102.344433241718,14.125018609087],[102.3465093685,14.124730145106],[102.348090286899,14.124937218338],[102.349222553105,14.125225016038],[102.35004876982,14.125776636537],[102.350945418302,14.126557490952],[102.351110634368,14.126902773958],[102.351205754618,14.127317874416],[102.351276532484,14.127926292788],[102.351583634926,14.129076493789],[102.35183210425,14.129973593207],[102.352091786598,14.130491349052],[102.352339888689,14.130731649417],[102.352907987722,14.130988924845],[102.353626089865,14.131065798028],[102.354793808344,14.131008866998],[102.355926172499,14.131261639409],[102.356704996812,14.131536274649],[102.3572833496,14.132019099328],[102.357708614224,14.132629327694],[102.357944712319,14.133193673526],[102.358003703652,14.133824820749],[102.357908286826,14.134651104197],[102.357745164994,14.135434321373],[102.357167909667,14.136642010765],[102.357076418062,14.136947990532],[102.357108949873,14.137194681888],[102.357534510121,14.138217944229],[102.357936017875,14.139414204389],[102.358172889525,14.141368874551],[102.35862252231,14.143439061245],[102.359048464566,14.145509576776],[102.359604204285,14.147912314363],[102.360348378064,14.149994166937],[102.360549996379,14.151396347776],[102.360349500726,14.152350496591],[102.359890502854,14.154168196729],[102.358771794387,14.158272489033],[102.358359821057,14.16045742949],[102.35797113442,14.161906249977],[102.357583265861,14.164000572688],[102.357795944664,14.164620536347],[102.358268187522,14.165195108554],[102.3591767836,14.165712780558],[102.360392206749,14.16597787258],[102.361725426627,14.166034787986],[102.362917271921,14.166230229301],[102.364132047752,14.164803668576],[102.364544503432,14.164067732436],[102.365050970463,14.162883584618],[102.366407169872,14.161480989857],[102.367786646202,14.160089349715],[102.369567202272,14.157938225037],[102.371571980061,14.155936290136],[102.37306870472,14.153521687302],[102.375120702742,14.15198063093],[102.377172553715,14.150196936191],[102.378316316767,14.149219352954],[102.379955499996,14.147921065648],[102.380863058464,14.146964856981],[102.382372706146,14.146136709749],[102.383918109238,14.145849728579],[102.386572663664,14.145297692486],[102.388389269602,14.144778902501],[102.391421162243,14.144836515544],[102.393521261645,14.145031399705],[102.394017345771,14.145146260719],[102.394030114168,14.145149465571],[102.39500835866,14.145375996586],[102.395550968277,14.145547749112],[102.396554040279,14.14592739456],[102.398016597642,14.145904434213],[102.399125688363,14.145753310444],[102.399798334424,14.145765223354],[102.400270696677,14.145995511536],[102.401509880022,14.147087242405],[102.4024428155,14.148386432899],[102.402927626158,14.149801434895],[102.404061775814,14.151835782095],[102.405160047357,14.153284950956],[102.406034065591,14.154158391927],[102.407044930363,14.154824502677],[102.408252837124,14.155364804163],[102.409609912603,14.155710010452],[102.411568636243,14.155686670846],[102.413054778361,14.155420649611],[102.414966169077,14.155132768161],[102.416806367403,14.154454310255],[102.418339470062,14.154004780622],[102.418705526888,14.154200428454],[102.419402327624,14.154936406051],[102.420170103308,14.155855305914],[102.420772360148,14.15676415119],[102.421244908587,14.157235874975],[102.422070914372,14.1576021212],[102.422979600015,14.157890449217],[102.423758247916,14.157913186398],[102.424737220993,14.157567442339],[102.425256230532,14.157049970483],[102.425739171871,14.156325378443],[102.426069171061,14.155543162647],[102.426398944101,14.154553315362],[102.426704021032,14.153150808581],[102.427140671421,14.152655952616],[102.42763599542,14.152449140222],[102.428426306453,14.152402864323],[102.429842047297,14.152689563769],[102.430833065416,14.152493712472],[102.431275930104,14.152297799602],[102.431293732311,14.152289645857],[102.431427111958,14.152431049578],[102.432164113476,14.152839159174],[102.43295825546,14.153432640303],[102.43370143015,14.154404875799],[102.434780403527,14.155943289428],[102.435855370232,14.157906044661],[102.437111603502,14.160538742827],[102.437911882295,14.164108926351],[102.438075239671,14.166661363353],[102.438865033847,14.170069191219],[102.439642235628,14.17240969273],[102.440832523497,14.174570475974],[102.441795690859,14.175934454058],[102.442853398399,14.177277883278],[102.443686186101,14.178699015951],[102.444260634855,14.180129502001],[102.445280588232,14.181688985824],[102.446502376534,14.183057108948],[102.447837765214,14.184861416058],[102.448444622059,14.186557722864],[102.448998057739,14.188964575097],[102.449502576098,14.190278686784],[102.450478197785,14.191539737987],[102.451889717177,14.192828345999],[102.453420388034,14.193888410815],[102.45578050764,14.194347448082],[102.458276130242,14.194208699219],[102.460161823714,14.193892559359],[102.463134051892,14.1931138304],[102.466025525112,14.192198572804],[102.467696859504,14.192087468783],[102.468765782163,14.19229201283],[102.469608609054,14.192725510269],[102.470319305005,14.193444150095],[102.471014094652,14.194598579122],[102.471750077295,14.196330148188],[102.473558116011,14.199150844799],[102.475054647077,14.200163842116],[102.477064493152,14.200365948285],[102.47819773881,14.200008693128],[102.479097024477,14.199441571543],[102.480273337973,14.19823287634],[102.48158193086,14.196750310831],[102.482752343109,14.194968473704],[102.48377106907,14.193025227386],[102.484847708675,14.191126271917],[102.486417268018,14.189393906734],[102.488673234775,14.188493303145],[102.491228842337,14.188241642023],[102.496042068314,14.186297148362],[102.496666792223,14.186196624536],[102.498845962442,14.186137698307],[102.500647119948,14.186353961016],[102.503680321617,14.187494362709],[102.506210347461,14.190356075084],[102.507992259016,14.194501507726],[102.510137600906,14.199108718689],[102.511977538544,14.201082280451],[102.516098651664,14.201354580761],[102.521692859527,14.201414425303],[102.527040022193,14.201543224726],[102.531445625688,14.201517690136],[102.534861022423,14.201556360292],[102.538580737115,14.2021253057],[102.540095142109,14.203120637413],[102.541056227798,14.204159131838],[102.541911501134,14.20519805918],[102.542848848837,14.206270742944],[102.543996190035,14.207792764744],[102.546776638333,14.212724018134],[102.547651754478,14.21447458478],[102.548632873917,14.216272088509],[102.549795858043,14.217011908313],[102.550949399688,14.217109850902],[102.553153932241,14.216775808505],[102.556334065273,14.216848084118],[102.560238913425,14.218255580255],[102.565010848171,14.220483872209],[102.569855479725,14.222401808793],[102.57366402008,14.224222310772],[102.577834187018,14.226748136216],[102.580792608177,14.229149887281],[102.583795642754,14.231955969703],[102.585930814299,14.233929965096],[102.589535066136,14.236784448717],[102.592475062893,14.237970003143],[102.595404097966,14.238936796409],[102.598669200971,14.241145204299],[102.602555831957,14.244174559677],[102.613512832784,14.256552564691],[102.616309558572,14.258923434254],[102.618831383496,14.260882114767],[102.621353884456,14.262771927226],[102.623383541122,14.264258525908],[102.625565558798,14.265722473862],[102.627807396957,14.267127943515],[102.630353539891,14.268788237817],[102.632547816751,14.270218067006],[102.635140774732,14.271980246937],[102.637840379585,14.27353768019],[102.640035284487,14.274713562522],[102.642077922091,14.275879339137],[102.645692566351,14.278184191367],[102.648239719596,14.279533963589],[102.650189295831,14.280089593155],[102.65245673793,14.28052073581],[102.654947208321,14.281008221675],[102.657014838409,14.281530384865],[102.658623468589,14.282211894628],[102.66047794635,14.283215654335],[102.662038632962,14.284436019687],[102.663997975999,14.286162423679],[102.665651948714,14.28756859703],[102.668152094131,14.289146721113],[102.67132163279,14.290980722777],[102.675560025076,14.293125314011],[102.679798942183,14.295155857509],[102.683168492179,14.296794774821],[102.686039806962,14.298525974648],[102.685659546286,14.298760889954],[102.685397066248,14.298946596017],[102.684679808569,14.299231864142],[102.683526902638,14.299654751521],[102.682127318592,14.300133354295],[102.680785935367,14.300669711701],[102.67946938974,14.300849178837],[102.678611617461,14.300641341728],[102.678012169215,14.300560369392],[102.677481763053,14.301131537486],[102.676867828053,14.302577200615],[102.676442256293,14.30365442133],[102.67537944385,14.30577716524],[102.673965237087,14.307529664565],[102.671867906744,14.309785738093],[102.669087506629,14.312764240831],[102.666425309457,14.315260295689],[102.663670740266,14.316952236096],[102.660175817988,14.318620600951],[102.656927857192,14.320288503311],[102.653374371278,14.32159892613],[102.648375803686,14.322883020156],[102.645115955709,14.324470873099],[102.642149864858,14.325909768983],[102.638727178276,14.326842306742],[102.637469135065,14.326825501195],[102.637285688098,14.326822673876],[102.63548252533,14.326798422072],[102.632524388844,14.325183011349],[102.628733943784,14.322464474097],[102.625059185925,14.320423280897],[102.621287013697,14.320022820868],[102.619181797355,14.320498336141],[102.617216564018,14.321297760617],[102.615204318294,14.322233276093],[102.612499784173,14.322535096107],[102.609339319673,14.321896100135],[102.605954233184,14.321862954622],[102.604036498462,14.322490065946],[102.602882156522,14.323497074377],[102.602079563937,14.324757108055],[102.601205468621,14.326431167024],[102.59973194264,14.328068066528],[102.597200475167,14.329760499836],[102.594316706075,14.331059979679],[102.591574709491,14.332326821569],[102.589466882838,14.3337792263],[102.588122711131,14.335336272699],[102.58750794771,14.336735601435],[102.58739852894,14.338112614434],[102.587629979784,14.339457388797],[102.58822379787,14.34171959683],[102.588419655479,14.343190145203],[102.588368390786,14.344911526254],[102.588091334363,14.347459959993],[102.587262931212,14.349615084312],[102.58612813554,14.351861725792],[102.584902212523,14.353292879799],[102.58372345855,14.354380323192],[102.583192439529,14.355227792428],[102.582907351828,14.356329914596],[102.58242153461,14.357763400607],[102.581219043662,14.359033977515],[102.579594374666,14.359993892838],[102.577345440974,14.361180993297],[102.575038272018,14.362310286035],[102.573333035432,14.362500770121],[102.571770435454,14.361980528388],[102.570490710519,14.361344306178],[102.569079702987,14.361478418088],[102.568148370415,14.362302571058],[102.567474658483,14.363608001712],[102.566599996764,14.365488501884],[102.565854132838,14.367426860183],[102.564765759159,14.369845390868],[102.563418785344,14.372343413392],[102.562175343723,14.375715428083],[102.561733568138,14.378147911165],[102.561512715708,14.381556424344],[102.561600939856,14.383543145298],[102.562041482149,14.385885608027],[102.562530009115,14.387895626139],[102.562840048195,14.390583051802],[102.562692500907,14.393028024838],[102.562401594974,14.3961036189],[102.562452731236,14.398995783349],[102.562856750775,14.401730302137],[102.563449344135,14.404165230733],[102.563804653301,14.405107628267],[102.5639865397,14.405590045043],[102.565015213829,14.407819799049],[102.565799479512,14.409165276438],[102.566652857947,14.410924913106],[102.567435169806,14.412982357762],[102.568003370075,14.41605961854],[102.568136475012,14.418965188514],[102.567999333221,14.421765405741],[102.56811080041,14.424038336013],[102.568823360498,14.425854236617],[102.569817856868,14.427671503743],[102.570965788132,14.429235959778],[102.572688555605,14.431490094579],[102.574341072652,14.433583931395],[102.575736182151,14.435252913772],[102.577270802623,14.437427487074],[102.578981600469,14.439865636478],[102.58065741457,14.441960176833],[102.582299428324,14.443641137949],[102.584776726922,14.445245053379],[102.587491857031,14.445975421002],[102.590173317081,14.445834124843],[102.592515176529,14.445382069548],[102.59586727131,14.445368120675],[102.597277596606,14.445774180088],[102.597991644491,14.447050598729],[102.598387281815,14.448612814948],[102.598838512103,14.451541615722],[102.59954865661,14.45429834201],[102.600790842907,14.456013446308],[102.602306078917,14.456889458291],[102.603692444943,14.457456037188],[102.604653833065,14.458664319049],[102.60519063025,14.460215319456],[102.605924682748,14.462938916837],[102.606669965847,14.465890239433],[102.606780710186,14.468623388736],[102.606689774134,14.471951957714],[102.606730023033,14.474477463695],[102.60716034978,14.476349372286],[102.607764486371,14.479301715618],[102.608416634333,14.481748994797],[102.609210344725,14.484069986586],[102.610037476771,14.48734494386],[102.610429752998,14.490329856427],[102.610104858711,14.492969277007],[102.610114022208,14.49410639457],[102.609991657695,14.494487362729],[102.609537692806,14.494092694336],[102.607901101405,14.494501461106],[102.60581737257,14.495080683231],[102.60324019602,14.495509512753],[102.602546039454,14.495621712278],[102.599956535175,14.496005567926],[102.597438230211,14.496353328636],[102.594508839682,14.496380170418],[102.590920612501,14.496484754174],[102.587226064339,14.496747736233],[102.58371965461,14.497117229683],[102.580954047908,14.497430237195],[102.577624150804,14.49761642701],[102.57392932114,14.498155636452],[102.570432603973,14.499062978967],[102.568692365711,14.499157153922],[102.568532698975,14.499166351595],[102.566832399594,14.499259904543],[102.563338846863,14.499247552565],[102.559949209352,14.499651036573],[102.556912458209,14.500433871303],[102.55576977224,14.500855122593],[102.555029797725,14.501620036772],[102.55340608965,14.50212529175],[102.550196380395,14.502742554913],[102.54738757436,14.503264578639],[102.544201024677,14.503884799918],[102.541488397769,14.504303757802],[102.540269113104,14.504500438672],[102.540111424733,14.504525385225],[102.538020536441,14.504861579405],[102.53499942377,14.505402464972],[102.531919551108,14.506000615133],[102.528795663462,14.506344390307],[102.524746618323,14.506447031668],[102.520217476769,14.506402229254],[102.516618625588,14.506302770621],[102.512848088734,14.506626696687],[102.508616880976,14.506345896476],[102.505026517135,14.505684215139],[102.502146750652,14.505503823645],[102.499474209471,14.505612545978],[102.49686020409,14.505393144019],[102.496750976191,14.505407184617],[102.496452185172,14.505445489377],[102.495239636324,14.505487258971],[102.494039309081,14.505496118036],[102.493003686173,14.505631150866],[102.491249089189,14.506004811493],[102.489847394008,14.506541335238],[102.487691871308,14.507384695741],[102.485299057242,14.508904072341],[102.482656172726,14.51146862981],[102.481365427464,14.514473466988],[102.481698018743,14.517666324837],[102.482598614198,14.519998820581],[102.48364059384,14.521964743293],[102.484941039243,14.524161512834],[102.486325394009,14.525761244922],[102.488026576287,14.527693625487],[102.490210010077,14.530054347957],[102.491606170756,14.531700118204],[102.492624971957,14.533618926434],[102.493149799534,14.535319427781],[102.493475036138,14.537180873721],[102.493762404658,14.53976390292],[102.493800864813,14.542944161273],[102.493463864872,14.54589419972],[102.493198380845,14.54842003847],[102.493261793186,14.551197101132],[102.49362022596,14.553654944092],[102.494404470128,14.555344782216],[102.494600635899,14.556803066864],[102.494312991337,14.558766188007],[102.494038109842,14.560326297304],[102.494667800371,14.56249798824],[102.495202800925,14.564945281518],[102.495199031784,14.564963391467],[102.495182832572,14.565038104754],[102.494809861278,14.566768934555],[102.494264359637,14.568248465697],[102.493492967637,14.570611491706],[102.492215628371,14.572996752979],[102.490171914112,14.575641707622],[102.487198005959,14.578446107641],[102.48429713325,14.580448258335],[102.480196256597,14.581847676693],[102.476568884156,14.582526850428],[102.472917617513,14.583272902343],[102.469463944847,14.584837423665],[102.468117367061,14.586485689827],[102.468374204008,14.587348467213],[102.469430113887,14.58873985626],[102.471272254208,14.590799951329],[102.473160709268,14.593446087592],[102.474248855006,14.595779152671],[102.475392939911,14.599273595682],[102.476350073907,14.60226079049],[102.477717011096,14.606178405767],[102.478130016875,14.607608654223],[102.479186478144,14.611267972599],[102.480742507378,14.614969461472],[102.482580244625,14.618821300248],[102.483806635186,14.622406940486],[102.484571872572,14.626873947941],[102.484514218225,14.630707847442],[102.484011255363,14.633898481223],[102.483213428398,14.636984080183],[102.481895977131,14.640850388834],[102.48068487853,14.64455487949],[102.479342905427,14.648707033433],[102.478120064211,14.652295481474],[102.478060984138,14.652590868749],[102.478048077287,14.652654250122],[102.477403364556,14.655863942824],[102.47718517591,14.658193897128],[102.476909639813,14.660561947245],[102.476893853108,14.660699843633],[102.476859087638,14.660993738882],[102.476511591026,14.663392204469],[102.476103575678,14.666031918797],[102.475102231643,14.670403531167],[102.473949385551,14.674210975263],[102.472701297577,14.678191357143],[102.471690398401,14.681632216046],[102.470798982272,14.684603014356],[102.470180456604,14.686724580304],[102.470336262355,14.690020475538],[102.471223468842,14.692834888068],[102.471959869052,14.694650688089],[102.472072787529,14.696476953245],[102.471112169484,14.698700690122],[102.469917868302,14.700442726905],[102.469408347024,14.701577599469],[102.46975900326,14.702566442524],[102.470897999413,14.703740938175],[102.472766804121,14.705100820811],[102.474166316422,14.705850506974],[102.474178227873,14.705870639692],[102.475256410606,14.707667745705],[102.475814013264,14.710447564146],[102.475831473051,14.712537031103],[102.475540029135,14.715726776535],[102.475483021073,14.719297774117],[102.476215156208,14.722697816756],[102.477877503307,14.726376114851],[102.479529704167,14.729411376984],[102.480027346632,14.732638890775],[102.479888177796,14.735956100318],[102.479677823831,14.739572267988],[102.478940995559,14.741797198483],[102.478726091387,14.742829496371],[102.479039060376,14.744610975483],[102.479811216722,14.746576229995],[102.480758329309,14.74911543194],[102.481446942734,14.751402385719],[102.481739742768,14.7520230804],[102.481922527307,14.755201156011],[102.48289161602,14.756930975103],[102.483181888296,14.758774837812],[102.483186431074,14.758805235574],[102.482724895395,14.758984835893],[102.481269157269,14.759608205623],[102.480075210837,14.759924094261],[102.478025284075,14.761209722027],[102.476747979043,14.761534749798],[102.475391407707,14.761469424279],[102.474679381124,14.762086073594],[102.47409411638,14.763127334334],[102.473232888907,14.763112087715],[102.472905141517,14.762627309643],[102.472364259123,14.762302580498],[102.472090848574,14.762610223672],[102.471576877878,14.763687643955],[102.469896892916,14.764251139404],[102.468342946523,14.763587321568],[102.467155473309,14.762925885279],[102.465370096135,14.763352142116],[102.463785835476,14.763847583419],[102.462817484886,14.763841803695],[102.461611386902,14.764236774577],[102.459725323415,14.763835144704],[102.457611289275,14.765844873605],[102.455899758874,14.767717671041],[102.453925185744,14.76821100261],[102.451587671306,14.770174392099],[102.450073292089,14.77253054705],[102.448081169675,14.775735619084],[102.447783954556,14.776118072665],[102.446010284586,14.778399106764],[102.444532417981,14.780540307308],[102.44439955859,14.782813744537],[102.444362388517,14.784904081549],[102.444496067959,14.787972436725],[102.444034246748,14.790013829384],[102.442206076445,14.793368779227],[102.441108695771,14.795154495188],[102.441051626358,14.800209425421],[102.443100321344,14.80108377387],[102.445029195143,14.802117867591],[102.445809992163,14.803673515496],[102.446572814717,14.806181787898],[102.446845901228,14.809550449851],[102.447342972121,14.812999253506],[102.447507847351,14.816746411528],[102.447687196822,14.819941570074],[102.44901366294,14.822913030138],[102.451282575525,14.826247208973],[102.45337517743,14.829430539975],[102.455245158191,14.832359915577],[102.456891502924,14.833403730404],[102.458337472121,14.834319653433],[102.459693605787,14.83480136561],[102.459751351673,14.834821935994],[102.460856616435,14.833680305805],[102.46170918118,14.831456986424],[102.462985297373,14.829500352143],[102.464711092169,14.827339474103],[102.466828130608,14.824984253793],[102.468555927838,14.822480308592],[102.470985395121,14.819174787449],[102.472714132811,14.816553464853],[102.474641262271,14.81430149953],[102.477389676426,14.812858558829],[102.480665323634,14.812004516057],[102.483491548148,14.811298279966],[102.485550321649,14.81050659895],[102.487125532866,14.809757209326],[102.488084812978,14.809257483315],[102.489920301681,14.808394684037],[102.492360927777,14.806973189652],[102.494199085109,14.805628522383],[102.495732093886,14.804132768357],[102.496717581153,14.803173384349],[102.500321825475,14.80196320351],[102.50213190302,14.801728065612],[102.504859813109,14.802964952026],[102.507891711929,14.805144960185],[102.510031664828,14.805300769839],[102.51232596346,14.805318805858],[102.51487537589,14.806808761788],[102.518510378621,14.809197150074],[102.522373011628,14.810668049511],[102.525609505743,14.81189459922],[102.528256416406,14.812556960488],[102.530891117346,14.813288300269],[102.53272183559,14.814074828993],[102.533912735565,14.815706107882],[102.534629789181,14.816689118927],[102.53636146611,14.818980017622],[102.538435127726,14.821686485683],[102.540797827281,14.826542374614],[102.542286028102,14.831108186622],[102.543349546653,14.835409737263],[102.545334013483,14.840310846289],[102.547449813232,14.844865764477],[102.549165545502,14.848640419834],[102.550208101394,14.852102775259],[102.550753293008,14.85579170091],[102.551809807594,14.858506902145],[102.55184825597,14.858977925408],[102.552026702283,14.861127908646],[102.550680686279,14.864329353044],[102.548779524501,14.867209931601],[102.547007874116,14.870422472324],[102.546434065315,14.872293008262],[102.546783798298,14.874099612698],[102.547915705116,14.875354793109],[102.548811834386,14.876415038822],[102.549883936156,14.877877604118],[102.550175736245,14.879083721923],[102.549568303219,14.880564402437],[102.548783418754,14.881906797021],[102.547253240542,14.883397254163],[102.545131151734,14.884839323479],[102.542819199367,14.886556231527],[102.54132342503,14.888275171971],[102.540669228535,14.889561375596],[102.540675114544,14.891411670419],[102.541168175662,14.892723008679],[102.541505435823,14.894722750952],[102.541109279861,14.896641318522],[102.541301712803,14.899468074656],[102.542124679597,14.901297823418],[102.543549966059,14.903277327038],[102.546384415002,14.905044299047],[102.548852603544,14.906372367696],[102.551309373484,14.907780687529],[102.55348278693,14.908924848941],[102.555302001018,14.909907506721],[102.556776832711,14.911255419235],[102.557364633839,14.912567475535],[102.558118601415,14.9137528335],[102.559240392074,14.914480028789],[102.560018881124,14.915250923689],[102.560477657951,14.916229879605],[102.561184976434,14.917081982911],[102.56118302091,14.917667581018],[102.561168794344,14.918564768966],[102.561769124484,14.91957762004],[102.562557887816,14.920970010324],[102.56354872059,14.921914711144],[102.564374223318,14.922824753241],[102.565256074872,14.924758366638],[102.565691713722,14.925597760481],[102.566198581061,14.926288240167],[102.566918632365,14.926818563044],[102.567342985279,14.927360269042],[102.567234867053,14.927980239573],[102.566781783082,14.929071565487],[102.56667943159,14.929619238188],[102.566577586335,14.93016239003],[102.566136490294,14.931242246451],[102.565294155792,14.932021479937],[102.565078122218,14.933168903316],[102.565192616925,14.934375477131],[102.565485709626,14.935399869131],[102.564843435621,14.936489636985],[102.563739651152,14.937635121503],[102.561891161792,14.938411999652],[102.559214431476,14.939243524351],[102.557341835307,14.940249784838],[102.556168552515,14.940843478225],[102.555648477288,14.940796294118],[102.554595352625,14.94075966557],[102.553516830384,14.941365410823],[102.552889750932,14.94137404296],[102.552168632094,14.94102760348],[102.551386727534,14.941324092512],[102.551113079618,14.9417604764],[102.551052505699,14.942345862989],[102.551051192342,14.942794934871],[102.550671350769,14.943230714379],[102.550243735958,14.943654825765],[102.549970426812,14.94418259361],[102.549649563827,14.944606173122],[102.549282010743,14.944766462257],[102.548535920007,14.944948432009],[102.547991388117,14.945073109136],[102.547777749564,14.945313367795],[102.547681901401,14.945589028082],[102.547302014391,14.946128606649],[102.546851675464,14.946265356773],[102.546330522413,14.94643592738],[102.546140005529,14.946953381217],[102.54810003492,14.948221557815],[102.549787634972,14.949858381606],[102.552277747747,14.952129191876],[102.554509565367,14.953617587779],[102.557794152545,14.955396424774],[102.561482028031,14.95678642519],[102.564924314595,14.957323850256],[102.568213299466,14.957608634784],[102.570829709329,14.957224695893],[102.572690742964,14.956218488818],[102.574315885951,14.954774823445],[102.577457554953,14.952898949611],[102.579733290363,14.951572545323],[102.582413539248,14.949589909015],[102.584405913795,14.948045656955],[102.586907527799,14.94621246038],[102.589883814454,14.944071671042],[102.592195916233,14.942605831836],[102.597021909513,14.938942092754],[102.598694116042,14.937660033088],[102.599951001559,14.936628209685],[102.601064878874,14.936101819792],[102.603385576223,14.935682746804],[102.606450650281,14.935369230589],[102.609172374131,14.93537587175],[102.622842786856,14.93519099476],[102.673736006118,14.934495251906],[102.696544865187,14.934180198264],[102.696695076099,14.934177767362],[102.709898275986,14.956455637543],[102.709889597583,14.956490749574],[102.709266552847,14.958921779244],[102.709253505957,14.958972755651],[102.709062690541,14.959718146508],[102.709033066988,14.962176750423],[102.709074495918,14.9647853631],[102.708348885185,14.966382145416],[102.707481316685,14.96809179137],[102.707003881968,14.969815395337],[102.707590281579,14.972230136184],[102.708922079362,14.974598894346],[102.709638544577,14.977083701543],[102.710285154756,14.978981904299],[102.711630501367,14.980650993274],[102.712538489412,14.982159114281],[102.71357731372,14.983447374914],[102.714971111021,14.984760293519],[102.718519386604,14.985837217373],[102.721334254933,14.987015187499],[102.723827915135,14.988675548131],[102.725457228893,14.990448167528],[102.72701675746,14.991875592097],[102.728706979097,14.993075245843],[102.730857901663,14.994573036769],[102.731880652078,14.99469163143],[102.73286969702,14.994807390094],[102.735226443053,14.994456236725],[102.736940473176,14.99528654749],[102.738917023999,14.995462765048],[102.740690325281,14.996697040923],[102.742085633386,14.997216688949],[102.744380295173,14.998198691388],[102.746815604183,14.999558502854],[102.748108329423,15.000449796616],[102.752141179015,15.002739788185],[102.752496931454,15.003971384044],[102.752381189768,15.005152101851],[102.751865857611,15.006146518001],[102.751467963022,15.007153660464],[102.751454327457,15.008897844868],[102.751590668451,15.011021961528],[102.751631337263,15.013283021825],[102.752251762795,15.015445393572],[102.754361569243,15.01742410036],[102.755763024293,15.018418431103],[102.755955603705,15.018546100215],[102.756153885173,15.018668033745],[102.756348185704,15.018794545927],[102.756529919648,15.018932546064],[102.756691724619,15.019092308262],[102.756843824304,15.019261255087],[102.756994783682,15.019431348653],[102.757143462197,15.019603735861],[102.757290421184,15.019777279397],[102.757436258685,15.019953097405],[102.757580955883,15.020130062165],[102.757724493028,15.020307045971],[102.75786688987,15.020485176533],[102.758009307645,15.02066443464],[102.75815114459,15.020843702216],[102.758292981789,15.021022969646],[102.758435399394,15.02120222733],[102.758577797496,15.02138035716],[102.758720796691,15.021559604935],[102.75886433585,15.021736587563],[102.759009035573,15.021913550839],[102.759154856339,15.02208823935],[102.759298976409,15.022265211929],[102.759441976869,15.022444458962],[102.759583816339,15.02262372507],[102.759725095669,15.022804128342],[102.759865234702,15.022985678384],[102.760005954147,15.023167218676],[102.760147235168,15.023347621498],[102.760288515514,15.02352802419],[102.760431516825,15.023707270212],[102.760575658939,15.023885369169],[102.760721482476,15.024060056043],[102.760869608062,15.024233576615],[102.76102001407,15.024404803206],[102.761173841974,15.024572588877],[102.761330512539,15.024736943214],[102.761491184228,15.024897847021],[102.761655838188,15.025054172573],[102.761824513972,15.025208175266],[102.761995452236,15.025358756208],[102.762169851009,15.025508151603],[102.762346532037,15.025655252937],[102.762525513228,15.025801187034],[102.762707336138,15.025943690662],[102.762891441294,15.026083900213],[102.763077826835,15.026221815711],[102.76326589466,15.026356319037],[102.76345624286,15.026488528303],[102.763648873286,15.026618443472],[102.763842584162,15.026743828406],[102.76403857725,15.026866919236],[102.764236250728,15.026986597907],[102.764435026262,15.027102873104],[102.764634902016,15.02721574666],[102.764836459989,15.02732520802],[102.765039679443,15.0274301295],[102.765245739572,15.027531619568],[102.765454042238,15.027628559209],[102.765664585604,15.027720950254],[102.765877411105,15.027811047161],[102.766091898027,15.02789660417],[102.766308085027,15.027979875784],[102.766525973984,15.028060863773],[102.766745544139,15.028138439551],[102.766965654957,15.028213750063],[102.767186885652,15.028286784796],[102.767408677752,15.028358682842],[102.767631010493,15.02842831562],[102.767853902757,15.02849681084],[102.768076756395,15.028563049502],[102.76829902997,15.028629298445],[102.768521303634,15.028695547138],[102.768743556624,15.028760667001],[102.768965751181,15.028822404426],[102.769189646677,15.028881857321],[102.769413482759,15.028937925989],[102.769638458507,15.028992848368],[102.769863975763,15.029045505465],[102.770090033575,15.029095896393],[102.770316671626,15.029146278337],[102.77054384931,15.029194395029],[102.770771008124,15.029241382862],[102.770998167001,15.029288371346],[102.771225886243,15.02933422135],[102.771453625379,15.029381199692],[102.771680783467,15.029428187438],[102.771907942513,15.029475174014],[102.77213512146,15.02952328893],[102.77236174013,15.029572540922],[102.772588378676,15.029622919448],[102.772813895714,15.029675573299],[102.7730388534,15.029729363311],[102.773264411177,15.029784272018],[102.773489369004,15.029838062432],[102.773714925964,15.02989296975],[102.773939923614,15.029949015034],[102.774164341163,15.030005069713],[102.77438933893,15.030061113593],[102.774613755684,15.030117167787],[102.774838773456,15.030174339752],[102.775063211112,15.030231520212],[102.775287648854,15.030288701323],[102.775512105595,15.030347009883],[102.77573656332,15.030405317274],[102.775960440966,15.030463634967],[102.77618489885,15.030521942759],[102.776409375726,15.030581377095],[102.776632713148,15.030641959054],[102.776856070512,15.030703668444],[102.777078887505,15.030767641698],[102.777301703671,15.030831615619],[102.777523920811,15.030894471248],[102.777746738056,15.030958443752],[102.777970115698,15.031021279571],[102.778192892452,15.031082997131],[102.77841681066,15.031143566531],[102.778640689209,15.031201881222],[102.778865088369,15.031256802969],[102.779090646984,15.031311704261],[102.779316166849,15.031364350831],[102.779542266942,15.031416987491],[102.779768327314,15.03146736764],[102.779995527281,15.031516601457],[102.780222108291,15.031563589313],[102.780449829783,15.031609429015],[102.78067751156,15.031653014014],[102.780905713865,15.031693205167],[102.781134475567,15.031732259647],[102.781363758722,15.031767921169],[102.781593002098,15.031801326189],[102.781822785889,15.031832466845],[102.782053110053,15.031861341333],[102.782283974615,15.031887951458],[102.782514818336,15.031913432774],[102.782745623204,15.031936659381],[102.782976428049,15.031959884838],[102.78320779317,15.031981973608],[102.783439138379,15.032002934457],[102.783669903394,15.032023903828],[102.783900628604,15.032042618511],[102.784132473375,15.032059057373],[102.784363699089,15.032073251207],[102.784595485018,15.03208630655],[102.784827811281,15.032097097534],[102.785059557327,15.032107897048],[102.785291283443,15.032117569551],[102.785523029418,15.032128368579],[102.785754795289,15.032140295937],[102.785987100519,15.032149957149],[102.78621882649,15.032159628681],[102.78645053249,15.032168171401],[102.786682818616,15.0321767042],[102.786914524553,15.032185247338],[102.787147911164,15.032190377288],[102.787385119825,15.032181908118],[102.787621227832,15.032176840166],[102.78784959206,15.032193334097],[102.788066549,15.032254009246],[102.788279102512,15.032361006521],[102.78847080697,15.032503319521],[102.78862282001,15.032665470832],[102.788707428215,15.032888531117],[102.788687027472,15.033113344295],[102.788588925477,15.033308998595],[102.788459374692,15.03349840896],[102.788311718926,15.033681354417],[102.788156381208,15.033856531159],[102.788001483915,15.034023804501],[102.78784128609,15.03418665516],[102.787676946178,15.034345061987],[102.78750910507,15.034502399179],[102.787340063533,15.034657501233],[102.787169841463,15.034811494011],[102.787001379586,15.034966585339],[102.786832917477,15.035121677498],[102.786663855007,15.035275650698],[102.786493631942,15.035429643187],[102.786321628276,15.03558141021],[102.78614724388,15.035729831968],[102.785969918516,15.035876046706],[102.785787831972,15.036015572778],[102.785603384632,15.036152882133],[102.785417156689,15.036287965989],[102.78523210875,15.036424157157],[102.785050621294,15.036564800843],[102.7848732745,15.036709887377],[102.784697147575,15.036858338386],[102.784523380928,15.037009005047],[102.784356115494,15.037166331217],[102.784198272112,15.037331397104],[102.784053351764,15.037505270539],[102.783919633857,15.037689109143],[102.783796519264,15.037881795824],[102.78368220585,15.038079975735],[102.783574914178,15.038281421648],[102.783473444108,15.038483899379],[102.783379035639,15.038691898469],[102.78329279039,15.038902018344],[102.78321704717,15.039115347111],[102.783148425371,15.03933758117],[102.78306901605,15.039606243307],[102.783045328302,15.039842391267],[102.783152333517,15.039953408276],[102.78334401297,15.039995332889],[102.783577488626,15.04000497525],[102.783834874127,15.039988275397],[102.784095962324,15.039951208535],[102.784341126365,15.039899742977],[102.784561142985,15.039837416654],[102.784777439273,15.039761616176],[102.784991775678,15.039673440194],[102.785203051563,15.039576291091],[102.785411867017,15.03947128687],[102.785617681688,15.039360692561],[102.785820535417,15.039246763514],[102.786019887869,15.039131764756],[102.786213898866,15.039010087],[102.786402528552,15.038879474925],[102.786586377031,15.038741046533],[102.786769025036,15.038600382076],[102.786951092589,15.038459726308],[102.787134940309,15.038321297632],[102.787322368516,15.038188449089],[102.787512737237,15.038057807353],[102.787705466291,15.037929382102],[102.787901795769,15.037807664622],[102.788104146048,15.037698253587],[102.788313757293,15.037605642972],[102.788528689587,15.037518582445],[102.788747802534,15.037438219932],[102.78896937555,15.037365712147],[102.789192848414,15.037302196432],[102.789418241091,15.03724880044],[102.789644993371,15.037206661512],[102.789877106713,15.037172329713],[102.790112279411,15.037146969661],[102.790347712224,15.037136269887],[102.790580543254,15.037142532378],[102.790807391273,15.037171455403],[102.791028856449,15.037224155129],[102.791247159846,15.037294956274],[102.791462840852,15.037381592928],[102.791675801597,15.037478425849],[102.791886560601,15.037582064191],[102.792093879554,15.037688015775],[102.792298897929,15.037795133569],[102.792495432431,15.037914800873],[102.792685805654,15.03804697888],[102.792874457593,15.038180313443],[102.793066491922,15.038307950382],[102.793265808346,15.03842080235],[102.793475769951,15.038512044246],[102.793694694179,15.038585088162],[102.79391922154,15.038646757312],[102.794145389693,15.038702759714],[102.794371577882,15.038759889519],[102.79459602559,15.038817047278],[102.794823253518,15.03886739124],[102.795051022661,15.038915469915],[102.795277091251,15.038965831863],[102.795500998998,15.039025254538],[102.795719884053,15.039096040898],[102.795941790888,15.039173544395],[102.796164938091,15.039255537941],[102.796384143141,15.039344366034],[102.796592565648,15.039446910187],[102.796784461957,15.039566650514],[102.796954672303,15.039707057376],[102.797102214361,15.03987829916],[102.797228709722,15.040073580833],[102.797336279255,15.040281587051],[102.797425383197,15.040495542212],[102.797498182333,15.040706386274],[102.797559457981,15.040921935139],[102.797610950664,15.041142159684],[102.797654940183,15.041364765781],[102.797693148935,15.041588596613],[102.797727316527,15.041813623065],[102.797760322951,15.042038668934],[102.797793310438,15.04226258711],[102.797825117673,15.042485396135],[102.797854063171,15.042710509931],[102.79787894841,15.042935691693],[102.797899772447,15.043160941438],[102.797915373967,15.043386278618],[102.79792457444,15.043610594983],[102.797925091218,15.043836184736],[102.797900700816,15.044064447534],[102.797844239065,15.044284223473],[102.79774974491,15.044486587563],[102.797623161075,15.044679337986],[102.797475409266,15.044856650088],[102.797309851604,15.045011701414],[102.797108762384,15.04512673908],[102.796907092724,15.045241786329],[102.796728009925,15.045386911013],[102.796569593495,15.045551993441],[102.796434144267,15.045735868053],[102.796314599961,15.045933011354],[102.796225985789,15.046139789686],[102.796197072224,15.046374896374],[102.796283538555,15.046570847948],[102.796462157087,15.046726905091],[102.796666586277,15.046832898399],[102.796896023989,15.046876432479],[102.797129884329,15.046907485281],[102.797372107705,15.046919221085],[102.797584420449,15.04697883391],[102.797748595133,15.047138515601],[102.797865953742,15.047341844724],[102.797894882128,15.04756583061],[102.797803208357,15.047763636707],[102.797586452132,15.047846226038],[102.797367254895,15.047922087245],[102.797151678651,15.048005784456],[102.79693136061,15.048083920954],[102.796703359784,15.048154289991],[102.796559286927,15.048310109658],[102.796505885538,15.048538857522],[102.79650314082,15.04877691003],[102.79666063444,15.048919784412],[102.796895537548,15.04894405159],[102.797115956406,15.048871553188],[102.797335574886,15.04878666014],[102.797552972332,15.048707444051],[102.797769769371,15.048627109856],[102.797987186407,15.048549021076],[102.798207344229,15.048461862314],[102.798429722509,15.04840173786],[102.798662704139,15.048415883585],[102.798896005801,15.048480783077],[102.799079269283,15.048604047961],[102.799226501433,15.048789955595],[102.799326656579,15.049004851556],[102.799352545098,15.049220991896],[102.799301647774,15.049459849728],[102.799175022762,15.049650346028],[102.798996759255,15.049776283459],[102.798796747837,15.049886793371],[102.798582010981,15.049985142009],[102.798358330739,15.050070104474],[102.798132149411,15.050144956771],[102.797910449503,15.050210709907],[102.797686868775,15.050268598447],[102.797461467235,15.050322004436],[102.797234204926,15.050368674362],[102.797005141846,15.050411990274],[102.796775418421,15.050450805078],[102.796545614855,15.05048510815],[102.796315210972,15.050518293969],[102.796085327188,15.050548086891],[102.795854182886,15.050572259847],[102.795622858566,15.050586284585],[102.795390853981,15.050594679628],[102.795158209158,15.050599702084],[102.794925584254,15.05060585196],[102.794693640333,15.050617629251],[102.794462415525,15.050637291114],[102.794230090133,15.050660354239],[102.793997224405,15.050685683063],[102.793766239069,15.050718876135],[102.79353955485,15.050765532924],[102.793319532501,15.050827869032],[102.793099209483,15.050906002783],[102.792880286414,15.050997648845],[102.792669745784,15.051103818416],[102.79247577048,15.05122775862],[102.792305943241,15.051371599552],[102.792163865189,15.051542047186],[102.792043674331,15.051735817448],[102.791935287308,15.05194066929],[102.791829841154,15.052147728823],[102.791718473741,15.052348118521],[102.79160530467,15.05254515526],[102.791492155392,15.052743319649],[102.791380746575,15.052941454013],[102.791272838883,15.053140658705],[102.791169053387,15.053343177526],[102.791070508768,15.053546737587],[102.790981907636,15.053754643326],[102.790903830224,15.053966884145],[102.790832776224,15.054182392396],[102.790764622311,15.054397852152],[102.790701730261,15.054615479907],[102.790648182539,15.054836334481],[102.790597534969,15.055057141464],[102.790538724254,15.055275828984],[102.790462948055,15.05548690427],[102.790368583594,15.055697161521],[102.790258492964,15.055904298678],[102.790129515333,15.056093702834],[102.789977329491,15.056250784081],[102.789767842827,15.05635129473],[102.789530126725,15.05639813341],[102.78929809414,15.056405396053],[102.789060240481,15.056378916774],[102.788840916413,15.056317158654],[102.788671654813,15.056165451642],[102.788544572729,15.055970175492],[102.788430736339,15.055769037829],[102.788346932295,15.055559502109],[102.788306366959,15.055333451667],[102.788326704619,15.05510525529],[102.788431294274,15.054915130664],[102.788582020959,15.054741155741],[102.788742070919,15.054569280923],[102.788887495249,15.054390881636],[102.789025276654,15.054206970982],[102.789113839107,15.05399681022],[102.789174712722,15.053763424377],[102.78916101626,15.053547077016],[102.789049241253,15.053363952986],[102.788882024773,15.053196419493],[102.788694200049,15.053045022215],[102.78850839473,15.052909383844],[102.788306083469,15.05279206817],[102.788092065776,15.052702019839],[102.787867482984,15.052638091766],[102.787629694905,15.052582280969],[102.787391686703,15.052546776651],[102.787166520567,15.052548282403],[102.786964599649,15.052617078683],[102.78678878334,15.052783576522],[102.78666296378,15.05298759022],[102.786598167083,15.05319622547],[102.786567903589,15.053421203876],[102.786548182921,15.053651646176],[102.786513277634,15.053876702134],[102.786464366202,15.054097479163],[102.786411393162,15.054318324951],[102.786357240593,15.054538062451],[102.786308329024,15.054758840411],[102.786267540586,15.054979482687],[102.786238977711,15.055202175847],[102.786220337648,15.055428088158],[102.786210401967,15.055653855067],[102.786209188789,15.055880604267],[102.786215499639,15.056106099774],[102.786228193099,15.056331488648],[102.786243846724,15.056560212062],[102.78626762462,15.056788799738],[102.786306989101,15.057012614998],[102.786367081569,15.057227059925],[102.78645716771,15.057430851682],[102.786583068947,15.057625020951],[102.786734822508,15.057804094129],[102.786903583332,15.057960322966],[102.787096596009,15.058076666378],[102.787318563106,15.058156428819],[102.787542251084,15.058235035148],[102.787740386574,15.058345652266],[102.787905247451,15.058510969269],[102.788023127196,15.058710911375],[102.788081442465,15.058923129066],[102.788113885866,15.059149315187],[102.788123200668,15.059380399922],[102.78811036574,15.059606214947],[102.788073101839,15.05982905437],[102.788005044338,15.060050151692],[102.787905954524,15.060255976724],[102.787778073382,15.06044197818],[102.787633326053,15.060626006456],[102.787475092238,15.060802363236],[102.787303773452,15.060960891601],[102.787119790211,15.061092558694],[102.786920582058,15.061183872184],[102.786697945812,15.061230457111],[102.78646026443,15.061246836378],[102.786218941846,15.061254253153],[102.785983501432,15.061266082482],[102.785748521466,15.061271136776],[102.785512241251,15.061268315645],[102.785280822429,15.06127782196],[102.785059365778,15.061325513658],[102.784852750866,15.061457557337],[102.784748656271,15.061643160432],[102.784745723199,15.061871066629],[102.784769601266,15.062105292955],[102.784897606523,15.062287019697],[102.785084039139,15.062424906151],[102.785289062396,15.062530897766],[102.785492384061,15.062639173584],[102.785694285384,15.062765520912],[102.785839960237,15.062928903596],[102.785896714524,15.063151300114],[102.785907768006,15.063382356317],[102.78588112616,15.06361517046],[102.785749060169,15.063794473478],[102.785525217379,15.063904246067],[102.785322290993,15.063851235979],[102.785121949164,15.063747423362],[102.784922888381,15.063617644192],[102.784725990132,15.063478804654],[102.784532672452,15.063345545082],[102.784349720636,15.063207600129],[102.784172991278,15.063060527024],[102.783830157338,15.06280906688],[102.78362007151,15.062712183311],[102.78340776454,15.062620975708],[102.783181291426,15.062549180474],[102.782959834496,15.06256415839],[102.782796653854,15.062723675546],[102.782782713201,15.062952893955],[102.782909096625,15.063141417175],[102.783026876231,15.063335723963],[102.783145237262,15.063530020933],[102.783273362181,15.063718514719],[102.783399186282,15.063908174811],[102.783525730512,15.064105718775],[102.783649453523,15.064307821746],[102.783698924153,15.064512292829],[102.783654091668,15.064734131054],[102.783549373076,15.064950200624],[102.783410221492,15.065122854088],[102.783197741486,15.065218899092],[102.782970316018,15.065290377457],[102.782747372854,15.065352756745],[102.782522008747,15.065409535344],[102.78229610411,15.065468579679],[102.782063736689,15.065523219703],[102.781849175657,15.065600122315],[102.781675828723,15.065742888972],[102.781552881275,15.065945727316],[102.781502204016,15.066165406304],[102.781547930772,15.066387988771],[102.78171847774,15.066546446979],[102.781938974129,15.066608190622],[102.782170898254,15.066626879044],[102.78240720516,15.066630829076],[102.782639449259,15.066634846708],[102.782872715146,15.066630951912],[102.783105360794,15.066624810327],[102.783337485972,15.066622062109],[102.783569230314,15.066630599137],[102.783800073483,15.066653815909],[102.784033277576,15.066679248092],[102.784268262372,15.066706907177],[102.784501625178,15.06674136021],[102.784731667039,15.066784893389],[102.78495608596,15.066838672285],[102.785171500194,15.066908392522],[102.785379249059,15.067004185545],[102.785577893119,15.06714299452],[102.785746921886,15.067313882272],[102.785868028807,15.067499106871],[102.785936270955,15.067714543037],[102.785957490788,15.06796234918],[102.785920403984,15.068195337988],[102.785815608549,15.068374186639],[102.785655788967,15.068526882133],[102.785459693291,15.068663263904],[102.785241768211,15.068779706403],[102.785018781547,15.068872545318],[102.784802278793,15.068938203669],[102.784574672422,15.068966823352],[102.784338443247,15.068967385965],[102.784100134895,15.068948807942],[102.783866948202,15.068924503173],[102.783638184143,15.068887716237],[102.783410941446,15.06883849651],[102.783184719657,15.068781362554],[102.7829579585,15.06872649336],[102.782730735922,15.068678400542],[102.782502612162,15.068644985668],[102.782272506456,15.068630780616],[102.78203857818,15.068630174305],[102.781804929076,15.068645356052],[102.781572659786,15.068672922577],[102.781344711475,15.068715079891],[102.781123484972,15.06877630176],[102.78090725935,15.068857744048],[102.780693553978,15.068950424147],[102.780480448589,15.069044222073],[102.780264282133,15.069129046883],[102.780043154338,15.069195906231],[102.779816024311,15.069251585503],[102.779585292877,15.069300555733],[102.779352601233,15.069337151284],[102.779120712169,15.069353429086],[102.778893625987,15.069345937449],[102.778662079316,15.069315960748],[102.778427272595,15.069265733136],[102.778199010743,15.069191707887],[102.777987739643,15.06909371075],[102.777803842627,15.068968185432],[102.777639257551,15.068818648695],[102.777486519714,15.068649738025],[102.777344547361,15.068465983522],[102.77721230134,15.068274170594],[102.777087499483,15.068076593341],[102.776969681022,15.067880027519],[102.776863428332,15.067681012701],[102.776779627059,15.06747147132],[102.776709052639,15.067254941257],[102.776643101555,15.067037206038],[102.776571366984,15.066820695211],[102.776513439491,15.066597186059],[102.776448068296,15.066379441022],[102.776330430868,15.066193023602],[102.77616048743,15.06603567834],[102.775963188394,15.065906989189],[102.775754703303,15.065802174513],[102.775531110699,15.065696483396],[102.775303954069,15.065619051709],[102.775085356112,15.065599006645],[102.774870353003,15.065651094251],[102.774648221157,15.0657597011],[102.774447074951,15.065906310531],[102.774295088641,15.066075788987],[102.774211952516,15.06626555334],[102.774182176808,15.066486012948],[102.77418345469,15.066722875322],[102.774192895262,15.066961857704],[102.774194033975,15.067190826297],[102.774203816134,15.067416265915],[102.774219982281,15.067641600045],[102.774232686802,15.067868119863],[102.774232004446,15.06809260673],[102.774214495205,15.068317374008],[102.774188261074,15.068541158675],[102.774162047776,15.068766071013],[102.774145117923,15.06899082865],[102.774136952841,15.069218824265],[102.774137530799,15.069448930201],[102.774171606446,15.069669452868],[102.774256487711,15.06987446551],[102.774374846029,15.070068768009],[102.774505330673,15.070259484241],[102.774627171147,15.070453728468],[102.774735324143,15.07066173779],[102.774823406569,15.07088361683],[102.774800876981,15.071087034593],[102.77468424358,15.071286381894],[102.774517306802,15.071464006541],[102.774327983583,15.071590115684],[102.774120614655,15.071680429079],[102.773897199704,15.071749577501],[102.773667202412,15.071807555297],[102.773438925882,15.071864376194],[102.773214770859,15.071924512248],[102.77298935557,15.071979028131],[102.772763320045,15.072031299021],[102.772536644375,15.072080196328],[102.772309348468,15.072126847732],[102.77208135274,15.072166742494],[102.771850216682,15.072193152267],[102.771620320673,15.072224054124],[102.771388842843,15.072264006235],[102.771153243186,15.072300641824],[102.770925465588,15.072352940049],[102.770718534843,15.072435347354],[102.770525424341,15.072577309263],[102.770376690264,15.072767037748],[102.770324562878,15.072970948858],[102.77034420764,15.073196226064],[102.770405153313,15.073426455571],[102.770485049778,15.073645089267],[102.770659082827,15.073770785778],[102.770883267297,15.073843758067],[102.771099447201,15.073923631524],[102.77128978854,15.074052439828],[102.771464841258,15.074202934904],[102.77164059295,15.074360185336],[102.771765677394,15.074540840903],[102.771781982679,15.074774069354],[102.771693277542,15.074977462864],[102.771568375297,15.075169051237],[102.771424744294,15.075351926565],[102.771273370273,15.075523650682],[102.771086021114,15.07566326246],[102.770868582591,15.075742461553],[102.77063481937,15.075784706926],[102.770408666272,15.075764785299],[102.770183979873,15.075696333368],[102.769970901971,15.07559497536],[102.769783500802,15.075468373148],[102.769614671813,15.075308748967],[102.769471579322,15.07512726374],[102.769356682783,15.074931772701],[102.76925503377,15.074730420906],[102.769160849234,15.074524432678],[102.769070667303,15.074314993679],[102.768979925183,15.074106691949],[102.768885141134,15.073899585445],[102.768782332666,15.073698252527],[102.768674321706,15.073498134134],[102.768562288723,15.073300338627],[102.768447974586,15.073104837024],[102.768333640808,15.072908207623],[102.76821988756,15.072711568456],[102.768110136927,15.072511478516],[102.76800040641,15.072312516161],[102.767881490932,15.072119346647],[102.767750389702,15.071926379788],[102.767609964425,15.0717313119],[102.767437936813,15.071587530584],[102.767227721841,15.071516578632],[102.767006760649,15.071461596616],[102.766777853424,15.071416898731],[102.7665439025,15.071382437583],[102.766307209082,15.071357045062],[102.76607125488,15.071340665065],[102.765837721096,15.071329883769],[102.765607228685,15.07132694871],[102.76537256966,15.071351154343],[102.765140688462,15.071401258989],[102.764922030148,15.071477088105],[102.764716034241,15.071579779087],[102.764514016251,15.071710604384],[102.764336826778,15.071866962249],[102.764205876904,15.072045110931],[102.764120646048,15.072248445024],[102.764065387072,15.072472712433],[102.764039902475,15.072706638009],[102.764044532504,15.072936678892],[102.764072796623,15.073157302673],[102.764114387709,15.073376576852],[102.764167024349,15.073596795392],[102.764227184171,15.073815760792],[102.764294288759,15.074033482656],[102.764364875297,15.074251146575],[102.764437183052,15.074467653796],[102.764509471141,15.074683033264],[102.764586902636,15.074893815054],[102.764678802007,15.075102100148],[102.764775864678,15.07530691523],[102.764871206546,15.075512886869],[102.764956161946,15.075722415233],[102.765028451252,15.075937794297],[102.76508917451,15.076155621717],[102.765136630525,15.07637818185],[102.765176562662,15.076601995115],[102.765208969972,15.076827061537],[102.765223389003,15.077052427144],[102.76520817207,15.077276029652],[102.765140168447,15.07750163822],[102.765007376793,15.077674178434],[102.764794491512,15.077781497407],[102.764564244988,15.077825935656],[102.764333000853,15.077846701783],[102.764098016551,15.077852864665],[102.763863334427,15.077843230843],[102.763634097795,15.077813200887],[102.763409568489,15.077753763776],[102.763186942537,15.077670607149],[102.762965958324,15.077581781944],[102.762745713402,15.077501968396],[102.762524805299,15.077450367166],[102.762300568754,15.077440557076],[102.76206009893,15.077464858242],[102.761814922356,15.07751856517],[102.761582368711,15.077596879582],[102.761379246936,15.077698393288],[102.761225947148,15.077827280572],[102.761162982165,15.078042651993],[102.761169789137,15.078297473934],[102.761213819982,15.078523476637],[102.761306378525,15.078736264595],[102.761443263756,15.078928011347],[102.761611351584,15.079078630433],[102.761828310236,15.079202492478],[102.762056501654,15.079272022297],[102.762252691283,15.079238304521],[102.762409616427,15.079084540534],[102.762421024034,15.079073070648],[102.762590859151,15.078894274518],[102.762792933059,15.078700278947],[102.762950261203,15.078668334764],[102.763046669497,15.078835936617],[102.763122798169,15.079071557063],[102.763194443482,15.079316276187],[102.763261728011,15.079544147387],[102.763315924747,15.079786900475],[102.763416014498,15.079965721022],[102.76363064647,15.079990353456],[102.763899156366,15.079943023246],[102.764084347203,15.080009881739],[102.76419482365,15.08018514496],[102.764275859254,15.080402634637],[102.764341543631,15.080638427961],[102.764403087481,15.080869778012],[102.764446101258,15.081103692291],[102.764459296565,15.081358406972],[102.764494085955,15.081586817896],[102.764601264824,15.08173957505],[102.764793321832,15.081800677335],[102.765034332015,15.081806820799],[102.765293113239,15.081800259171],[102.765537903335,15.081823259532],[102.765747766555,15.081906625977],[102.765945480148,15.082025162147],[102.766132004218,15.08216757367],[102.766306020986,15.082324857425],[102.766463947316,15.082491432973],[102.766584388293,15.082704881161],[102.7666848764,15.082938965735],[102.76680031747,15.083132192559],[102.766966238266,15.083225313131],[102.767171829446,15.083230915556],[102.767398018131,15.083186541081],[102.767637136261,15.083118262708],[102.767880896706,15.083049906812],[102.768119311292,15.083007584146],[102.768353099691,15.082999179754],[102.768593911458,15.082994041307],[102.768835522332,15.083001298399],[102.769069406673,15.083031243383],[102.769288239378,15.083096408285],[102.769485735648,15.083202537009],[102.769677648767,15.08332116672],[102.769867879907,15.083443208294],[102.770056470722,15.083570916173],[102.770242799279,15.083702046491],[102.770428608375,15.08383656931],[102.770612735531,15.083974504002],[102.770795161776,15.084114722869],[102.770977048675,15.084257206556],[102.77115837447,15.08440082741],[102.771338580613,15.084546722759],[102.771518225658,15.084693755277],[102.771697871869,15.084840787578],[102.771876956986,15.084988957051],[102.772055442108,15.085136008315],[102.772234488782,15.085281921104],[102.772413534779,15.085427834611],[102.77259312242,15.085571482862],[102.772772709364,15.085715130929],[102.772950015103,15.085861072869],[102.773126221129,15.086010416997],[102.773301265826,15.086159780302],[102.773475189968,15.086311418132],[102.773647974563,15.086464202795],[102.773820778399,15.086618114962],[102.773993583408,15.086772026923],[102.774165787483,15.086924820709],[102.774339152443,15.087077594941],[102.774512478713,15.087228113608],[102.774687525328,15.087377475371],[102.774863112621,15.087524570997],[102.775040402194,15.087669382907],[102.775219392168,15.087811910225],[102.775400044523,15.087949897563],[102.775582957652,15.08808446294],[102.775768693789,15.088214468957],[102.775960052989,15.08833422882],[102.776168845008,15.08842211319],[102.776391705589,15.088484945353],[102.776623012793,15.08853297303],[102.776856561546,15.088576450082],[102.77708678798,15.088629007317],[102.777308608826,15.08869862478],[102.777534451214,15.088765918818],[102.777764857403,15.088828623445],[102.777997584989,15.088891289937],[102.778228031265,15.088956250278],[102.77845281312,15.089029200119],[102.778669070755,15.089112445064],[102.778872820811,15.089210562803],[102.779061240604,15.089328112549],[102.779231449439,15.089466270471],[102.77939147302,15.089619261575],[102.779543570967,15.08978366591],[102.7796888849,15.089958335506],[102.779827374904,15.09014101503],[102.779960162642,15.090329429739],[102.780087846551,15.090524697648],[102.780210928027,15.090722298366],[102.780330007361,15.090923349873],[102.780446185322,15.091124450666],[102.780559461871,15.091325598947],[102.780670977706,15.091525648551],[102.780777250839,15.091724657691],[102.780866274047,15.09193297915],[102.780941469375,15.092147171732],[102.78100980078,15.092367119031],[102.781075229784,15.092587114802],[102.781142941289,15.092804816352],[102.781219278087,15.093017861618],[102.781308842917,15.093223917616],[102.781417359242,15.093418376606],[102.781546588063,15.093602337108],[102.781691906694,15.093777004389],[102.781850434356,15.093943553692],[102.782017586478,15.094105447476],[102.782188721283,15.094262762456],[102.782359817301,15.094417821895],[102.782530292331,15.094570635532],[102.782709893119,15.094714272309],[102.782895758864,15.09485103607],[102.783082764591,15.09498665255],[102.783266349405,15.095125710064],[102.783440227681,15.095273953799],[102.783599817624,15.095434844447],[102.783744019469,15.095611784446],[102.783878494816,15.095796783076],[102.784120130797,15.096132269081],[102.784438011332,15.096544310478],[102.785061720207,15.09825971579],[102.786265794245,15.099932685859],[102.787021673523,15.101406729896],[102.786566235069,15.102207344802],[102.785943430905,15.103292762594],[102.786171094063,15.104442894733],[102.787489903292,15.104956597582],[102.78822969295,15.105490150649],[102.788927834016,15.106816253493],[102.790704543139,15.107712541899],[102.792837425689,15.108429122692],[102.794544335708,15.110621480384],[102.79569558669,15.112938210145],[102.79684931323,15.115001088366],[102.798818564433,15.116955489173],[102.800758086774,15.11815235891],[102.801743311416,15.119031393923],[102.802459244588,15.121183937264],[102.803381165028,15.122613352382],[102.804393161905,15.123136603542],[102.80537004645,15.123546515554],[102.806187146442,15.124826530418],[102.806258826466,15.126238677866],[102.806808487083,15.126977256817],[102.807778347524,15.126765756852],[102.80823772749,15.127033232416],[102.808673336328,15.128665957825],[102.808768680462,15.130101387419],[102.809132173431,15.130460716362],[102.809506411724,15.130933787039],[102.80959829983,15.132759553138],[102.809681495777,15.134229025451],[102.810316229593,15.134658215447],[102.811640077203,15.134564789791],[102.81324769431,15.135954351078],[102.814587308954,15.136870171766],[102.815837787911,15.137120860931],[102.816362726732,15.138031272149],[102.816499670454,15.140098770585],[102.816777728231,15.142361274364],[102.818087918016,15.144093076173],[102.820607981847,15.145168196114],[102.822957948461,15.145242284873],[102.824936258397,15.144603018482],[102.827972068722,15.144717305597],[102.831187851689,15.145991406172],[102.833715007918,15.14761780372],[102.835000687796,15.14946268114],[102.836548952024,15.152504333731],[102.837396166133,15.154437861555],[102.838179922291,15.157004110301],[102.839107549693,15.159272380051],[102.84039473836,15.160968286366],[102.842166061124,15.162623212063],[102.844165426169,15.163818540762],[102.846057762414,15.165130722389],[102.846718050933,15.166833895987],[102.847321220828,15.168364341073],[102.848913362591,15.168777018577],[102.851383569336,15.168681762183],[102.852775650769,15.169013238876],[102.853943796767,15.169227852054],[102.854858522912,15.168533183436],[102.855011566343,15.16711164064],[102.85614373816,15.165857182621],[102.858591405945,15.165611099639],[102.860563741819,15.16572956102],[102.862340935003,15.165111442499],[102.865002326135,15.164773650013],[102.866589195719,15.164291861478],[102.867757480497,15.164483844737],[102.869072422398,15.165618484597],[102.870104095583,15.166693692132],[102.870387213537,15.167891169413],[102.870585375574,15.168728048635],[102.870961655384,15.170544266949],[102.871556540876,15.171546890583],[102.873070326249,15.171386629318],[102.874506833824,15.170523879964],[102.874731172215,15.170503099782],[102.875754013294,15.17118704248],[102.876798586611,15.173696664782],[102.87813062877,15.175761444692],[102.879714360541,15.177298529684],[102.881360377857,15.17836644995],[102.882735230574,15.179466103929],[102.883705988261,15.180758823779],[102.884986647673,15.181755191254],[102.886514984835,15.182799151432],[102.887662431519,15.18428842715],[102.888909118134,15.185076692739],[102.889946163724,15.185452387637],[102.890760136758,15.185665011381],[102.892424873454,15.185848245851],[102.89413250995,15.186628496792],[102.895113937762,15.188117209383],[102.895423973185,15.189346857582],[102.897046327079,15.190540227908],[102.898976602161,15.190003733599],[102.902078590346,15.189176206015],[102.905201313002,15.188877245854],[102.908156441573,15.188749209011],[102.911159367128,15.18863157996],[102.914137446139,15.188584271126],[102.9157924246,15.188584780178],[102.916584476963,15.188521359923],[102.917270932285,15.188400001164],[102.91778049319,15.188196006964],[102.91758374046,15.187667091311],[102.917234344042,15.186953612776],[102.91759659253,15.185910811591],[102.917648487503,15.185199364529],[102.917106147125,15.183439220167],[102.917115115642,15.18225820932],[102.917802265177,15.181986837482],[102.918897908356,15.182453853168],[102.920121063905,15.183253609886],[102.921348589637,15.183504022103],[102.921943652122,15.182900402828],[102.922791618576,15.183318706104],[102.922740873163,15.183777494352],[102.922522748874,15.184511010577],[102.922871379694,15.185339531373],[102.92397114975,15.185243652719],[102.924766527654,15.184733525766],[102.92546091843,15.185104870771],[102.926892643079,15.184873482928],[102.927485349435,15.184613882712],[102.927697087542,15.18482221766],[102.928166119407,15.185284332813],[102.928708255506,15.185460954684],[102.929494438173,15.184674655148],[102.929553302033,15.18305631519],[102.930730311626,15.182053409588],[102.932761419219,15.182332571759],[102.935240585745,15.182694101659],[102.937603133012,15.182779071902],[102.938601421977,15.18369317443],[102.939895957749,15.184425012615],[102.941335049,15.184779873531],[102.942246908627,15.186197346475],[102.9436488246,15.186769380406],[102.944991662444,15.187536424527],[102.945214677498,15.18766333826],[102.946863215145,15.188444176837],[102.948483091904,15.188340174037],[102.949829122772,15.18849811014],[102.951337015626,15.189209202051],[102.952942351549,15.189415567542],[102.95391037533,15.189604934582],[102.956123351781,15.190883276983],[102.958820633305,15.192130507367],[102.961380515132,15.192766600238],[102.962823895812,15.192570863006],[102.96391328475,15.192324969733],[102.965415219929,15.192186830046],[102.966216264714,15.19251328954],[102.966640987837,15.194295594448],[102.968182306947,15.196911918818],[102.970129134362,15.19907107297],[102.971497821593,15.201054338145],[102.971699134668,15.202686061509],[102.972526673824,15.204298816651],[102.973851760403,15.205718936592],[102.974236484909,15.206353835223],[102.974194035006,15.206381652981],[102.97256322236,15.207454826761],[102.970615202374,15.208831334722],[102.968548507793,15.210229101921],[102.966636223563,15.211501198745],[102.964485927346,15.213058306777],[102.962666463685,15.214607305518],[102.96109374513,15.21634028349],[102.960042658042,15.217894883993],[102.959363335175,15.220323732313],[102.958974690313,15.223420746967],[102.95887323431,15.226036766074],[102.959090377026,15.228701296701],[102.95981492642,15.231540698084],[102.960672268198,15.233933396258],[102.961069691296,15.236266544899],[102.960733851332,15.23858332379],[102.960041273369,15.241172565992],[102.959669756014,15.243476443967],[102.959060824909,15.245973987528],[102.957935449463,15.247940441485],[102.957310300358,15.249418746398],[102.957155090012,15.250341769041],[102.957156251296,15.250341748526],[102.957389787211,15.251087606937],[102.957809444177,15.251598978869],[102.960263104567,15.255510780273],[102.962097463492,15.258452316613],[102.962662148426,15.260467832842],[102.962651516586,15.26188114077],[102.96184843126,15.263472003699],[102.960443181454,15.264888564819],[102.958564474429,15.266334923509],[102.95654187789,15.268194333123],[102.955288331178,15.26989803723],[102.955038605551,15.271666326623],[102.955604976328,15.273461916402],[102.956982976693,15.275757421709],[102.958514692989,15.278100941281],[102.960973557918,15.281369726382],[102.96282178659,15.284012092106],[102.964603433864,15.286139087274],[102.966456337694,15.28825351762],[102.967574296584,15.290547883791],[102.967678234496,15.291254285254],[102.967756875525,15.291789712655],[102.967810885655,15.292158666301],[102.967049634334,15.294428872528],[102.966139641887,15.296020539271],[102.964826740326,15.297689279349],[102.963028537838,15.299503089089],[102.960328105146,15.30178287757],[102.957844278894,15.30353551196],[102.955037345915,15.305873537659],[102.953102599294,15.308467898509],[102.952319550419,15.31048473177],[102.952314375061,15.312805832247],[102.952440823289,15.313258095757],[102.952970927975,15.315154684999],[102.954055507293,15.317183548961],[102.955268743164,15.31950222143],[102.955720807502,15.322343014087],[102.954608915333,15.325564537605],[102.952845817521,15.32901188879],[102.951906268396,15.332934105107],[102.952669961231,15.335226910016],[102.955256689359,15.337220077076],[102.958051414762,15.338284721151],[102.963072620914,15.340444290505],[102.967065608294,15.342584816028],[102.97098559119,15.345070523685],[102.975395498257,15.348443974705],[102.97904636966,15.352110555174],[102.983086914164,15.355940367598],[102.983486406714,15.356535443186],[102.983664448103,15.356791642473],[102.983773627282,15.356940807691],[102.983800475718,15.356977543995],[102.983939386753,15.357162266017],[102.984080020305,15.357345829312],[102.984221815029,15.357529371676],[102.984362448182,15.357712934686],[102.984501338827,15.357896527841],[102.984636787105,15.358082438888],[102.984768190642,15.358269549963],[102.984894409027,15.358459009246],[102.985013118573,15.358650858352],[102.985124340706,15.358846224666],[102.985225751729,15.35904514981],[102.985317351625,15.359247633803],[102.985397999972,15.359454824835],[102.985468837154,15.359665574752],[102.985532186844,15.359879841955],[102.985587446661,15.360096509491],[102.985636379873,15.360316673545],[102.985678966882,15.360539206725],[102.98571694952,15.360764077841],[102.985750283955,15.360989032179],[102.98578017678,15.36121630364],[102.985807165091,15.361443627102],[102.985831828878,15.361670992181],[102.985855331853,15.361898378034],[102.985878253063,15.36212577339],[102.985901734815,15.36235203184],[102.985926335643,15.362576014724],[102.985950354723,15.362800008012],[102.985973212979,15.363024022078],[102.985994349996,15.363249194714],[102.98601374339,15.363474398571],[102.986031954497,15.363698495842],[102.986047883937,15.36392488948],[102.986062631082,15.364150176535],[102.986075635494,15.364375493899],[102.986086315337,15.364600853801],[102.986095855772,15.36482736186],[102.986103050157,15.365052784192],[102.986108502732,15.365278237724],[102.986112211635,15.365503722492],[102.986114178717,15.365729238464],[102.986113822105,15.365954796065],[102.986111721783,15.366180384004],[102.986107277245,15.366404887095],[102.986100508059,15.366629431838],[102.986091437535,15.366855145567],[102.986080042349,15.367080900952],[102.986066883841,15.367305560183],[102.986051400658,15.367530261071],[102.986034197035,15.367756119639],[102.98601522823,15.367980882993],[102.985994517534,15.368205677564],[102.98597264403,15.368430492977],[102.985949608644,15.368655329216],[102.985924831336,15.368880195772],[102.985899472173,15.369105073663],[102.985872930588,15.369328844998],[102.985845226175,15.369552637177],[102.985817522693,15.369776429347],[102.985788075425,15.370000252771],[102.985757467162,15.370224096107],[102.985724534169,15.370447982011],[102.985689836845,15.370670771788],[102.985652838077,15.370894730568],[102.985612912108,15.371117613158],[102.985570641777,15.371339410919],[102.985525465703,15.371561260761],[102.985476782389,15.37178204571],[102.985425173694,15.372001754439],[102.985370056825,15.372220399193],[102.985310830264,15.3724368621],[102.985246999807,15.372655663021],[102.985177380181,15.372875694543],[102.985100746031,15.37309359717],[102.985015914864,15.373308263434],[102.984922260895,15.373517448137],[102.984818580221,15.373718919143],[102.984703625018,15.373908185988],[102.984570380815,15.374083120643],[102.984395975355,15.374232853567],[102.984191446924,15.374357187798],[102.983973083994,15.374456959173],[102.983754872689,15.374534172584],[102.983533434544,15.374594527309],[102.983305370528,15.37464259433],[102.983073605129,15.374679450795],[102.982839903639,15.374706191917],[102.98260605187,15.374725040308],[102.982373771338,15.374734839179],[102.982142502517,15.374736724499],[102.98191106209,15.374729591504],[102.981678911971,15.374715703531],[102.981446634114,15.374695051956],[102.981214893382,15.374672134094],[102.98098252881,15.374646972534],[102.980750745185,15.374621799415],[102.980519563977,15.374597743917],[102.980288383676,15.374573687246],[102.98005718102,15.374548503865],[102.979826516445,15.37452105418],[102.979595809007,15.374491349491],[102.979365639699,15.3744593803],[102.979136568965,15.374424007014],[102.978907411624,15.374384124887],[102.978680385329,15.374334053633],[102.978454866311,15.374271549792],[102.978230445987,15.374205643656],[102.978005508107,15.374143128899],[102.977780160713,15.374089643297],[102.977552252211,15.374054248331],[102.977323028259,15.37404143097],[102.977092211311,15.374036537089],[102.976860920411,15.374037289349],[102.976629176989,15.374044816936],[102.976396895331,15.37405460853],[102.97616411829,15.374068920697],[102.975931406321,15.37408661475],[102.975698714715,15.374105435065],[102.975465442052,15.374124266433],[102.975233352636,15.374144204176],[102.97500066072,15.374163023788],[102.974769087848,15.374179568534],[102.974536933892,15.37419612253],[102.974304758451,15.37421154981],[102.974072561513,15.374225849473],[102.973840386796,15.374241275364],[102.973607630099,15.374256712321],[102.97337547566,15.374273265142],[102.973143321141,15.374289818631],[102.972911811684,15.374309743659],[102.972680302106,15.374329667554],[102.97244885662,15.374352974275],[102.972218034764,15.374378524257],[102.971987857955,15.374407446694],[102.971758327097,15.374439740673],[102.971528859328,15.374475415704],[102.97130001519,15.374513335815],[102.971071794658,15.374553500109],[102.970843014391,15.37459480195],[102.970614836319,15.374637219689],[102.970386700879,15.374681892892],[102.970158586668,15.374727693271],[102.969931096019,15.374775736942],[102.969704207583,15.374824898324],[102.969476759387,15.374875197258],[102.969250515733,15.374927730023],[102.96902429327,15.374981389072],[102.968798673005,15.375036165839],[102.968573096245,15.375093197169],[102.968348701707,15.375151334969],[102.968124328363,15.375210599962],[102.967901159521,15.375272097903],[102.96767859286,15.375334713578],[102.967455466403,15.375398466818],[102.967232963472,15.375464464285],[102.967010481716,15.375531588954],[102.966788602094,15.375599829559],[102.966567367366,15.375671442693],[102.9663461538,15.375744183035],[102.966126144717,15.375819157254],[102.965907340114,15.375896365354],[102.965689159003,15.375975817703],[102.965472182362,15.376057503942],[102.965256410187,15.376141424076],[102.965041863813,15.376228704603],[102.964829102897,15.376318209576],[102.964617546434,15.376409948461],[102.964408399098,15.376506155335],[102.964201079895,15.376606840565],[102.963996750791,15.376711983444],[102.963794250736,15.376821604681],[102.963592975529,15.376934587275],[102.963393507081,15.377050920858],[102.963195845387,15.377170605437],[102.96299818344,15.377290289893],[102.962801725926,15.377412209212],[102.962605289484,15.377535254907],[102.96240941243,15.377657162728],[102.962212954132,15.377779080783],[102.962016474235,15.377899871318],[102.961818810763,15.378019555039],[102.961621125695,15.378138111236],[102.961422838044,15.378255550262],[102.961224571481,15.378374116562],[102.961026283327,15.378491555336],[102.960828016259,15.378610121386],[102.960629748939,15.37872868731],[102.960432083695,15.37884837016],[102.960235601521,15.378969159589],[102.960039700105,15.379089939448],[102.959844422081,15.37921296274],[102.959650327125,15.379337092618],[102.959458017567,15.379463446141],[102.959266891077,15.379590906258],[102.959077549983,15.379720590029],[102.958889413286,15.379852507805],[102.958700716661,15.379985563225],[102.958510857779,15.380118639233],[102.958320417653,15.380251726382],[102.958129999502,15.380385939908],[102.957940182482,15.380521270404],[102.957751548522,15.38065770751],[102.957564699948,15.38079636829],[102.957379615438,15.380936125344],[102.957197499658,15.381079213703],[102.957018912259,15.381224493822],[102.956844476904,15.38137421108],[102.956674731963,15.381526100334],[102.956509698781,15.381681289901],[102.956350560658,15.381840884711],[102.956197338939,15.382006013083],[102.95605293868,15.382176624228],[102.955920371481,15.382358301686],[102.955798433666,15.38254881223],[102.955685337758,15.382745933013],[102.955581084695,15.382949663129],[102.955483329129,15.383158915635],[102.955391426157,15.383370320459],[102.955304235987,15.383585023872],[102.955221111852,15.383799655829],[102.955139709316,15.384013129365],[102.955060007053,15.38422431617],[102.954983232003,15.384436579577],[102.954911146656,15.384651015108],[102.95484314961,15.384866504777],[102.954778682142,15.38508418812],[102.954718883104,15.385302916181],[102.954662591408,15.385522709624],[102.954609807979,15.385743567531],[102.954559928671,15.385964374669],[102.954513557668,15.386186247173],[102.954470069476,15.386406940597],[102.954429507646,15.386628708839],[102.954397683356,15.38685145029],[102.954378102202,15.387076229449],[102.954366677617,15.387301991247],[102.954359921634,15.387528797751],[102.954354349989,15.387756710968],[102.95434701306,15.38798352691],[102.954333824248,15.388208192324],[102.954310735795,15.388431906137],[102.954275985136,15.388653571932],[102.95422548187,15.388872134722],[102.954165058444,15.389088617591],[102.954096480189,15.389304118713],[102.954021445653,15.389516351379],[102.953941203051,15.389729803623],[102.953858013498,15.389941053641],[102.953774241863,15.390152314022],[102.953691653464,15.390364680235],[102.953611389087,15.390577005996],[102.95353581641,15.390791503845],[102.953464890942,15.391005918097],[102.953394567744,15.391221450329],[102.953325988482,15.391436951534],[102.953261518056,15.391654634303],[102.953202276882,15.391872224925],[102.95315005163,15.392091946283],[102.953108886405,15.39231259862],[102.953078824788,15.392536435836],[102.953056360237,15.392762394344],[102.953036218922,15.392988311515],[102.953013733081,15.393213142624],[102.952985414607,15.393436949749],[102.9529454336,15.39365870795],[102.952890259317,15.393876226287],[102.952824583586,15.39409167594],[102.952749009662,15.394306173959],[102.952666979262,15.394517402612],[102.952579698048,15.394727597822],[102.952490071193,15.394936706085],[102.952399261741,15.395144708504],[102.952300833681,15.395349463128],[102.952187815347,15.395551093106],[102.9520683627,15.395750582889],[102.951950652981,15.395950040739],[102.951843445511,15.396151568181],[102.951754334693,15.39635728387],[102.951692037289,15.396567034518],[102.951653174568,15.396786518304],[102.951625521371,15.397014824964],[102.95160957539,15.397247434477],[102.951606475581,15.397483197878],[102.951617279413,15.397716459192],[102.951643125844,15.397946069446],[102.95168623441,15.398166350176],[102.951746561587,15.398375046554],[102.951836245604,15.398568559172],[102.951972590252,15.398739813283],[102.95214182079,15.398898076268],[102.952328915999,15.399048126565],[102.952518915816,15.399198124942],[102.952696260592,15.399355115103],[102.95285574214,15.399520317585],[102.95301757043,15.399686605906],[102.953179419379,15.399854021471],[102.953336103055,15.400024912191],[102.953482391934,15.400199371192],[102.953614262166,15.400379724821],[102.953718022461,15.40057975217],[102.953742342421,15.400820666629],[102.953667135628,15.401023880803],[102.953526834605,15.401196675133],[102.953350831732,15.401356572577],[102.953159982076,15.40149981656],[102.952964035746,15.401619467613],[102.952742959389,15.401701221121],[102.952518892191,15.401778516531],[102.952322774527,15.401889147883],[102.952152452718,15.402042175917],[102.951991209133,15.402214214702],[102.95184649102,15.402399493651],[102.951726348012,15.402593356543],[102.951639474892,15.402794522656],[102.951600655235,15.403016261446],[102.951604487147,15.40324964674],[102.951637309509,15.403479131713],[102.95168795325,15.403698150216],[102.951753768942,15.40392028197],[102.951836349637,15.404137604059],[102.9519384533,15.404342172826],[102.952062211359,15.404523800182],[102.952233538343,15.404669619011],[102.952444340013,15.404782028899],[102.952665196802,15.404872831496],[102.952882807038,15.404945646122],[102.953106552251,15.405004818684],[102.95333477636,15.405054888918],[102.953563496232,15.405100438006],[102.953791677769,15.405148252903],[102.954019256014,15.405194950499],[102.954247352268,15.405238254346],[102.954476008307,15.405280421079],[102.954704685725,15.40532371496],[102.954932802508,15.405368145457],[102.9551592411,15.405415989859],[102.955385184041,15.405468353079],[102.955622145139,15.405519392808],[102.955854714846,15.405584043943],[102.95604742096,15.40569226111],[102.956194084363,15.405855431481],[102.956320405939,15.406049415371],[102.95642384787,15.406262979304],[102.956501808237,15.406481508504],[102.956546582596,15.406697245865],[102.956534519483,15.40691963532],[102.956495251706,15.40714814866],[102.956467606355,15.407376454823],[102.95647015471,15.407603094959],[102.956472746775,15.40783198988],[102.956478243351,15.408060832116],[102.956491273613,15.408288413159],[102.956515882836,15.408513532196],[102.956557795489,15.408731576022],[102.956622824278,15.408942440984],[102.956719231613,15.409152746437],[102.956844501009,15.409352387136],[102.95699206972,15.409532457767],[102.957157161834,15.409686276748],[102.957344898366,15.409808113804],[102.95755254661,15.409907039889],[102.957771602052,15.409994483557],[102.95799349989,15.410078493825],[102.958209134165,15.410169382247],[102.958609257733,15.410210740322],[102.958843734073,15.410222346304],[102.959063819568,15.410180076186],[102.959278529511,15.410099556323],[102.959497114431,15.41000881712],[102.959714925646,15.409907941523],[102.959928498023,15.409798119155],[102.960132559073,15.409677188562],[102.960323062614,15.409546349763],[102.960496521238,15.409405664129],[102.960647040557,15.409250727584],[102.960757964626,15.40906153651],[102.960834608736,15.408842506304],[102.960884825412,15.408609286646],[102.960917589315,15.408375250709],[102.960941786766,15.408149263026],[102.960963077905,15.407923326317],[102.960979054804,15.407692973341],[102.960988617616,15.407461607062],[102.960988303168,15.407230417062],[102.960977011628,15.407002806298],[102.960953043502,15.406781060649],[102.960912913326,15.406565242302],[102.960845040652,15.406357814356],[102.960723880747,15.406160358574],[102.960565250857,15.405979360186],[102.960387312842,15.405822389505],[102.960202441948,15.405698247937],[102.959985970847,15.405624292264],[102.959750277782,15.405578873768],[102.959516350282,15.405534552186],[102.959280439488,15.405508309307],[102.959050728167,15.405471806457],[102.958851673281,15.405365961004],[102.958656257833,15.405237494783],[102.958466419224,15.405096523279],[102.95828800903,15.40494519772],[102.958126882525,15.404785669294],[102.958010092619,15.404603922283],[102.958007910917,15.404365998124],[102.958056580146,15.404142957146],[102.958169637338,15.403943578431],[102.95832622716,15.403771618938],[102.958501560295,15.403607218739],[102.958696341678,15.403487583832],[102.958909234073,15.403434165848],[102.959136840918,15.40342108449],[102.959373632732,15.403432650273],[102.959613501704,15.403453184058],[102.95984979881,15.403469270164],[102.960082395803,15.403474143308],[102.960316112129,15.403476740675],[102.960549332842,15.403483858656],[102.96078098036,15.40350002579],[102.961009937234,15.403527519376],[102.961241991802,15.403565107447],[102.961474238771,15.403612840927],[102.961699811427,15.403676483051],[102.961911286136,15.403762932087],[102.962107004374,15.403876728778],[102.962295488768,15.404007570129],[102.962476654794,15.404150948357],[102.962651601367,15.404303459622],[102.96282030526,15.404463976576],[102.962982660482,15.40462686224],[102.963136966613,15.404794402542],[102.963280404811,15.404971158936],[102.963416395442,15.405153687045],[102.963548985499,15.405340786842],[102.963682135492,15.405526748731],[102.963819289029,15.405709255664],[102.963960488899,15.40589056242],[102.964098373787,15.406080950438],[102.964235139606,15.406273613851],[102.964374726383,15.406461715636],[102.964520533073,15.406640683976],[102.964674735075,15.406802585577],[102.964841271439,15.406940583413],[102.965041389006,15.407010313792],[102.965283029019,15.40700148662],[102.965531556137,15.406988024139],[102.965760815099,15.407031295245],[102.965995194502,15.4070992847],[102.966220640854,15.407186606552],[102.966414038972,15.407300439647],[102.966553738342,15.407463726457],[102.966625659085,15.407700401953],[102.966614338029,15.407930670766],[102.966512029373,15.408114070668],[102.966346665103,15.408282809584],[102.966158962894,15.408438413467],[102.965972618258,15.408573693072],[102.965764798131,15.408680034228],[102.96556588652,15.408796366009],[102.965376397161,15.408949745836],[102.965264811222,15.409134439943],[102.965288699097,15.40935167438],[102.965379539248,15.409574479084],[102.965497176453,15.409769738284],[102.965638940821,15.409949905151],[102.965789357379,15.410126533926],[102.965932284429,15.410306679715],[102.966050440436,15.410498545819],[102.966142122171,15.410704418276],[102.966231006713,15.410915978613],[102.966316490677,15.41113211165],[102.966394463654,15.41135063442],[102.966462601305,15.411571588486],[102.966518536447,15.411792760635],[102.966557598044,15.412013106616],[102.966578023237,15.412231530193],[102.966569910279,15.412447080629],[102.966520498514,15.412661113839],[102.966441407619,15.412873421194],[102.966345486579,15.413087158102],[102.966246058386,15.413299829934],[102.966155366797,15.413513472452],[102.966079826178,15.413729100573],[102.965994406964,15.413944905294],[102.965904361242,15.414161919592],[102.965820146774,15.414379958329],[102.96575334345,15.414596558056],[102.965713271102,15.414812679049],[102.965712109482,15.415026977607],[102.965755671466,15.415239348889],[102.965833475179,15.415448852451],[102.965932779514,15.415657971567],[102.966040240811,15.41586807253],[102.966141331757,15.416079415061],[102.966223267341,15.416292227767],[102.966280948052,15.416513368496],[102.966324918302,15.41674715983],[102.966343879243,15.416980270554],[102.966322424221,15.417197187371],[102.966232380069,15.417383752121],[102.966057498238,15.417541383957],[102.965853756764,15.417679232703],[102.965650146253,15.417793394842],[102.965422734612,15.417878659347],[102.965217768636,15.41798269545],[102.965072585812,15.418143180061],[102.964950794788,15.418341589878],[102.964851448584,15.418558771514],[102.964783610223,15.418782156562],[102.964755740259,15.418998059601],[102.964783805204,15.419220858061],[102.964865418413,15.419447210323],[102.964989024077,15.419650256313],[102.965143733953,15.419807635138],[102.965331160959,15.419943001142],[102.965542608058,15.420057637524],[102.965766928944,15.420146104671],[102.965994093818,15.420200686612],[102.966218893151,15.420222606105],[102.966447999376,15.420226403076],[102.96667973251,15.420215492692],[102.966914178188,15.420194382705],[102.967149033424,15.420164243886],[102.967383221679,15.420129604777],[102.967615623615,15.420092741852],[102.967845701014,15.42005592119],[102.968073863455,15.420010111505],[102.968301854237,15.419955282519],[102.968529135109,15.419893699409],[102.968755833761,15.419832126511],[102.968982533172,15.419770554299],[102.96920877993,15.419715755693],[102.969434616959,15.419669986361],[102.969660130085,15.419637756737],[102.96988768661,15.41962127817],[102.970130952168,15.419636095664],[102.970376583017,15.419683576693],[102.970603077611,15.41976410527],[102.970788377545,15.419879204143],[102.970925743781,15.420041399505],[102.971026885123,15.420254992862],[102.971088962294,15.420492968714],[102.971109694624,15.420727173798],[102.971088202351,15.420941834277],[102.971030702178,15.421158268214],[102.970947052223,15.421375170412],[102.970844700413,15.42158676776],[102.970732899652,15.42179064083],[102.970609735867,15.421977799945],[102.970435371995,15.42213204367],[102.970253948743,15.422281901733],[102.97011955016,15.422459111973],[102.97003598479,15.422680523688],[102.970019979105,15.42290862021],[102.970107455889,15.423106669766],[102.970263891966,15.423293334609],[102.970392499372,15.423483880886],[102.970421520571,15.42369538144],[102.97039440909,15.423920293471],[102.970331892634,15.424148095029],[102.970249383165,15.424363849162],[102.97013454662,15.424561009209],[102.969981679998,15.42474531789],[102.969832838003,15.424927298022],[102.969729537359,15.425119741282],[102.96969698164,15.425333472314],[102.969713086797,15.425568888331],[102.969770430905,15.425802438156],[102.969866238135,15.426010488312],[102.970001370389,15.426177234553],[102.970182499821,15.426317218292],[102.970391738605,15.426437526372],[102.970610514203,15.426539619125],[102.970825523317,15.42662711721],[102.971047206478,15.426698707671],[102.97127564854,15.42675889914],[102.971506888005,15.426813400498],[102.971737568828,15.426869040263],[102.971964267752,15.426929262162],[102.972183066308,15.427002030771],[102.972390565542,15.427091917169],[102.972582824669,15.427205760388],[102.972760405239,15.427342421729],[102.972924941436,15.427496233114],[102.973081040234,15.427664856472],[102.973231479341,15.427841475449],[102.973379636254,15.428020390701],[102.973530117922,15.428199264124],[102.973685141446,15.428372417153],[102.973848645796,15.428533012587],[102.974021858568,15.42868441169],[102.974199245914,15.428841373665],[102.974382961447,15.428994839588],[102.974572812713,15.429134662135],[102.974771574522,15.429254024967],[102.974979012312,15.429340526901],[102.975197449546,15.429394126262],[102.975423828223,15.4294374322],[102.975655911668,15.429474997662],[102.97589309628,15.429505703895],[102.976133617203,15.42952845659],[102.976374590248,15.429544433439],[102.976615950006,15.429550254146],[102.976854814149,15.429547096384],[102.977089998006,15.429533855472],[102.977319715145,15.429508306161],[102.977542243682,15.429471608038],[102.97775637836,15.429421528146],[102.977965283297,15.429341091558],[102.978168355811,15.42922918227],[102.978363335868,15.42908922415],[102.978546908735,15.428930297885],[102.978716233361,15.428755839579],[102.9788685547,15.428573792112],[102.979000514181,15.42839098144],[102.979112006221,15.428201772504],[102.979205203823,15.427998230219],[102.979281871916,15.427781451576],[102.979343279411,15.427557053489],[102.979389471203,15.427327288865],[102.979423459546,15.427097743314],[102.979445308075,15.426871798958],[102.979455040215,15.426650584032],[102.979449038386,15.426427395122],[102.979428487318,15.426203339608],[102.979396293547,15.425978365306],[102.979355382311,15.425753547453],[102.979308079008,15.4255288443],[102.979257333146,15.425306458413],[102.979204864696,15.425085231162],[102.979153580134,15.42486511038],[102.979102209725,15.424640480075],[102.979046170052,15.42441480577],[102.978982639744,15.424192649118],[102.978908778717,15.423977444346],[102.978820540747,15.423770391803],[102.978715127825,15.42357718046],[102.978581046851,15.423404783052],[102.978410807977,15.423256718082],[102.97821760366,15.423123724907],[102.978015231798,15.422997662524],[102.977816862473,15.422868144823],[102.977630008917,15.422732781524],[102.977435708694,15.422603190379],[102.977240826657,15.422473609444],[102.977053414157,15.422339383279],[102.976882013985,15.422191336618],[102.976731169423,15.422023750125],[102.976589924524,15.421841329548],[102.976461808902,15.421646268034],[102.976351557301,15.42144299175],[102.976264442564,15.421233661707],[102.976203434586,15.421021607979],[102.976154997089,15.420798051218],[102.976120957411,15.420567469719],[102.976104888956,15.420334310474],[102.976110967679,15.420104137434],[102.97614394782,15.41988250418],[102.976206779605,15.419671614247],[102.976281814304,15.419460504639],[102.976366166968,15.419250355737],[102.976458634295,15.419038934492],[102.976559860827,15.41882961082],[102.976668727331,15.418624661203],[102.976785793411,15.418422948741],[102.976909960342,15.418227874602],[102.977041811092,15.418039430126],[102.977180225483,15.417859890005],[102.977325784578,15.417689242904],[102.977481996425,15.417528555466],[102.977652304558,15.417375509497],[102.977834406066,15.417231273124],[102.978026557706,15.417095879385],[102.978227016194,15.416969358616],[102.978433478671,15.416852879854],[102.978644223376,15.416747601717],[102.978856925987,15.41665356588],[102.979070424359,15.416570793177],[102.979286461777,15.416499252326],[102.979508567781,15.416441136407],[102.979736096802,15.416393071903],[102.9799672832,15.416353963615],[102.980200945212,15.416322705877],[102.980435919728,15.416299317742],[102.980671582707,15.41628155579],[102.980906750519,15.416268314404],[102.981139658392,15.416258495695],[102.981370306374,15.416252101471],[102.981603515141,15.416258065439],[102.981837583597,15.416278675429],[102.982071329948,15.416312823086],[102.982301783406,15.416357180276],[102.982527222252,15.416412904766],[102.982745299736,15.416478910044],[102.98295535039,15.416581148191],[102.983149753833,15.416716371886],[102.983318418453,15.416873484858],[102.983461837436,15.4170479673],[102.983586489698,15.41724421392],[102.983688114003,15.417452151517],[102.983760167752,15.417664003381],[102.983801595359,15.417885427279],[102.983815260999,15.418114116299],[102.983801614687,15.418343294972],[102.983765156294,15.41856499003],[102.983721121281,15.418785693434],[102.98367129779,15.419007628569],[102.983614500223,15.419229688077],[102.983549502785,15.419448512524],[102.983473959547,15.419663015389],[102.983387849867,15.419872068384],[102.983288244909,15.42007459816],[102.983177469918,15.42027056204],[102.983057311163,15.420462182532],[102.982930093012,15.420649418781],[102.982797021621,15.420834505525],[102.982659859883,15.421018537042],[102.98252151423,15.421201462935],[102.982382587239,15.421384398332],[102.982246005944,15.421568420224],[102.982112954026,15.421754633308],[102.981985777437,15.421944125022],[102.981863271862,15.422134659687],[102.981741389303,15.422327439554],[102.98162066873,15.422520197634],[102.981501734307,15.422715180033],[102.981386307797,15.422911226282],[102.981274410755,15.423109465555],[102.981166603678,15.423308758233],[102.981064649575,15.423510202227],[102.980967408663,15.423714943953],[102.980876043198,15.423922964355],[102.980791737833,15.42413536902],[102.980715050308,15.424351019281],[102.980648263016,15.42456762046],[102.980593141737,15.424786267708],[102.980550825337,15.425005811923],[102.98052546863,15.425230691333],[102.980518191782,15.425458629409],[102.980527207572,15.425687402717],[102.980551826451,15.42591138485],[102.980591512238,15.426132840928],[102.980652204243,15.426358430819],[102.980736570511,15.42657570128],[102.980849025187,15.426772167703],[102.980995142741,15.426935324632],[102.981180883044,15.427072959248],[102.981391160477,15.427186469234],[102.981610304607,15.427277265543],[102.98182962202,15.427346631165],[102.982056795309,15.427401193726],[102.982289456025,15.427438742059],[102.98252355968,15.427460475669],[102.982753875252,15.427466487642],[102.982987246916,15.427449890322],[102.983221350109,15.427410723681],[102.983447446555,15.427348017904],[102.983657960209,15.427260781423],[102.983857905717,15.427137646667],[102.98403632804,15.426983321564],[102.984174782358,15.426806031019],[102.984265110792,15.426604795762],[102.9843277618,15.426384885273],[102.984385677726,15.426160548892],[102.984460035961,15.425944939917],[102.984536138325,15.425729298701],[102.984613359728,15.425511381878],[102.984700609644,15.425301179974],[102.984808478971,15.425105267325],[102.984944004619,15.424926902486],[102.985102408449,15.424759402994],[102.985279063153,15.424603981536],[102.985468846442,15.424466367989],[102.985667174116,15.424350027969],[102.985874713461,15.424259460442],[102.986095532243,15.424194592238],[102.986324766307,15.424144234173],[102.986555808117,15.424097225733],[102.986784396101,15.424043494709],[102.987006871282,15.423974084928],[102.987233457057,15.423906856529],[102.987459999556,15.423837374115],[102.987681138627,15.423758965805],[102.987890957394,15.423666100207],[102.988083536178,15.423553245102],[102.988259197465,15.42340686179],[102.988415035728,15.42322700168],[102.988543217373,15.423029595975],[102.988636425253,15.422827179728],[102.988679291462,15.42260649736],[102.988666588175,15.422367642901],[102.988603092563,15.42214774598],[102.98848968846,15.421962579066],[102.988334144903,15.421792831555],[102.988157876159,15.421633605426],[102.987980573841,15.421481164162],[102.987788595191,15.421351541551],[102.987588071789,15.421231094344],[102.987409845902,15.421091074277],[102.987278515837,15.420910739678],[102.987176347791,15.420705070196],[102.987071877162,15.420500569765],[102.986950770543,15.420307645794],[102.986825618084,15.420115922185],[102.986691878761,15.419931119301],[102.986543267341,15.419758988844],[102.98634821341,15.419620397714],[102.986167041248,15.419478173606],[102.986065090556,15.419283776783],[102.986029082366,15.419041957033],[102.98608957904,15.418831108481],[102.986215824791,15.418654037567],[102.986369531196,15.418484368212],[102.986541983751,15.418322256102],[102.986724486749,15.418168985248],[102.986907764352,15.418025849205],[102.987092957245,15.417891701519],[102.987284671018,15.417764202989],[102.987480581338,15.417643395384],[102.987678837272,15.417523673231],[102.987878298193,15.417406184778],[102.988075369914,15.41728535591],[102.988269471352,15.417161197083],[102.988458192017,15.417029240665],[102.988639788649,15.416889517117],[102.988815423443,15.416742007362],[102.988986904252,15.41659006124],[102.989156576935,15.41643476432],[102.989326249344,15.416279466425],[102.989497729383,15.416127520081],[102.989669768696,15.415974435853],[102.989841248223,15.415822489359],[102.990012726564,15.415670542806],[102.990184786636,15.415518584807],[102.990357449093,15.415367744538],[102.990532478689,15.415219117093],[102.990709896974,15.415073829822],[102.990888412473,15.414925138591],[102.991070500368,15.414780894875],[102.991259216878,15.414648936978],[102.991460028752,15.414541571688],[102.991676852633,15.414450834294],[102.991905642597,15.414377925284],[102.992137274036,15.414332031647],[102.992362708588,15.414326847104],[102.992584980207,15.414369085295],[102.99280619954,15.414447428993],[102.993022082695,15.41455067968],[102.99322602139,15.414667677998],[102.993417909692,15.41479278718],[102.993603018525,15.414928167851],[102.993782489414,15.415072671732],[102.993956301742,15.415225171467],[102.994125551096,15.415382264123],[102.994290195252,15.415541694089],[102.994450256747,15.415704590514],[102.99460689585,15.415870931612],[102.994760113495,15.416040717375],[102.994911609754,15.416211661716],[102.9950619657,15.416383754171],[102.995212903908,15.416555835981],[102.995364422521,15.416727907177],[102.995521063168,15.416894247261],[102.996501052304,15.418288525047],[102.997227214859,15.419449417414],[102.99780798167,15.421516244961],[102.998008129886,15.423012528867],[102.99867884574,15.423978183985],[102.999309235553,15.425205070261],[102.999895147935,15.426961663661],[103.00071046283,15.427766816116],[103.001325145631,15.42780985349],[103.002747480551,15.427682680993],[103.004577892218,15.427919152777],[103.0064827445,15.428671890126],[103.008235967557,15.429307810568],[103.009140690347,15.429712090692],[103.009696071197,15.430480174752],[103.010100260497,15.43109423827],[103.010596360146,15.431137137314],[103.011307806165,15.43037771133],[103.011868786838,15.430076606507],[103.012563048634,15.430327926229],[103.012703433367,15.43115876988],[103.012344555568,15.432084359371],[103.011543595856,15.432542052515],[103.010262656896,15.432707327173],[103.009248629358,15.432484341035],[103.008327097884,15.432355532217],[103.007627942163,15.432424562116],[103.007041881375,15.432782498487],[103.00673301828,15.433559448709],[103.007168494073,15.434440223663],[103.008340195441,15.435848989468],[103.009004716701,15.436457215741],[103.009442054375,15.43652711545],[103.009206525406,15.437126815804],[103.008830930896,15.43763770445],[103.008322120985,15.437629994091],[103.00714656588,15.437140397943],[103.006555045698,15.437154478196],[103.006164891619,15.43781561523],[103.006123060255,15.438905756683],[103.006013898238,15.43978961371],[103.005683185289,15.44042824949],[103.005046416535,15.440992349985],[103.004466249303,15.441718946307],[103.004475483421,15.442592770449],[103.004444311819,15.443753767473],[103.003809901402,15.444168963831],[103.002821409107,15.444521767895],[103.001923943943,15.445104107652],[103.00110683272,15.44654094333],[103.000663645295,15.448256338845],[103.000036450242,15.44968410519],[102.999004771362,15.450484262174],[102.997705866171,15.450992646358],[102.996795325118,15.451471458828],[102.996546814271,15.451851482142],[102.996419641393,15.452040982119],[102.996292468326,15.452230482977],[102.996167081826,15.452422206125],[102.996045763355,15.452613856713],[102.995929740146,15.452808793992],[102.995820756702,15.45300698828],[102.995719995153,15.453209545079],[102.995621601403,15.453414313698],[102.995526737845,15.453621274963],[102.995435404457,15.45383042707],[102.995348742935,15.454040623483],[102.995266773052,15.454252990681],[102.995191239275,15.454467496275],[102.99512151814,15.454681897854],[102.995059394601,15.45489841777],[102.995004869595,15.455117055106],[102.994955619383,15.455337853611],[102.994912223289,15.455560801927],[102.994875263446,15.455785889545],[102.994845321973,15.456013105055],[102.994822913353,15.45623905776],[102.994809245092,15.456465980434],[102.994804272091,15.456691618411],[102.994809115341,15.456913695977],[102.994829069532,15.457135500754],[102.994875692633,15.457353440867],[102.994942636779,15.457569886353],[102.99502176443,15.45778498319],[102.99510552019,15.457998869569],[102.995185229479,15.458213956671],[102.995258544954,15.45842915915],[102.995354011748,15.45864734481],[102.995457055924,15.458866521295],[102.995542040118,15.459083768329],[102.995583908057,15.459296155203],[102.995558764816,15.459500730259],[102.995482347574,15.459699464811],[102.995372714615,15.459894287318],[102.995239790404,15.460087275817],[102.995094595914,15.460277101739],[102.994948819982,15.46046693812],[102.994812364615,15.46065773481],[102.994685164888,15.460846107978],[102.994550345404,15.461031236389],[102.994413178317,15.461215278514],[102.994280122698,15.461401502751],[102.994158196203,15.461592036082],[102.994052737895,15.461792422621],[102.993958409712,15.461997118264],[102.993867073032,15.46220627175],[102.993779826269,15.462416479138],[102.9936978751,15.462629973239],[102.99362294248,15.462845597018],[102.993556770172,15.463063318132],[102.993499337478,15.463282008317],[102.993452970217,15.463501627391],[102.993417644913,15.463721047139],[102.993391102613,15.463943691551],[102.993372160208,15.464168453343],[102.993360191414,15.464393090147],[102.993353497745,15.464619887195],[102.993351453803,15.464846600301],[102.993353477463,15.465073239969],[102.993358429814,15.465300954497],[102.993365103305,15.465527510208],[102.993372337357,15.465752927152],[102.993381335853,15.465979440874],[102.993403122062,15.466205723704],[102.993434207808,15.466431838611],[102.993471104902,15.466657848567],[102.993509165497,15.466883837488],[102.993544901371,15.467109868359],[102.993574199783,15.467333759972],[102.993591853258,15.467556734107],[102.993594350946,15.467777726434],[102.993576485317,15.467997957839],[102.993532185739,15.468234455817],[102.993461818737,15.46847593548],[102.993369729096,15.46870653004],[102.993258520742,15.468910403231],[102.993133121638,15.469071678617],[102.992974821329,15.469154606391],[102.992736730401,15.469109284836],[102.99248786748,15.468987470349],[102.992304294303,15.468844177549],[102.992168377597,15.468669575284],[102.992053491229,15.468469782994],[102.991943684648,15.468262004725],[102.991824730252,15.468062285645],[102.991697230898,15.467871742596],[102.991574208491,15.4676720967],[102.991447182718,15.467475906152],[102.991309933231,15.467292305125],[102.991153376835,15.467132734916],[102.990972369052,15.467001799282],[102.99077762763,15.466882389568],[102.990573179637,15.466772175793],[102.990361326453,15.466669989573],[102.990143274667,15.466578064604],[102.989920768828,15.466496369401],[102.989696153548,15.46642599031],[102.989471173334,15.466366894059],[102.989247615982,15.466321304796],[102.989020227035,15.466288190464],[102.988788447741,15.466268687072],[102.988554559727,15.46626049979],[102.988318541304,15.466262499462],[102.988082675046,15.466272391247],[102.987847540268,15.466290163805],[102.987614816681,15.466312402725],[102.987385107135,15.466340226697],[102.987149047262,15.466370419509],[102.986908510374,15.466409715649],[102.986671741509,15.46646360432],[102.986446985719,15.466537575666],[102.986244253323,15.466638215794],[102.986070024133,15.466769918976],[102.98591540703,15.466923823551],[102.985771576648,15.467094450775],[102.985637885076,15.467278427302],[102.985511921985,15.467471286502],[102.985391319314,15.467670816465],[102.985274290167,15.467874792103],[102.985158401693,15.468077620327],[102.985042491427,15.468279321182],[102.984924127388,15.468474298851],[102.984808668376,15.468669225059],[102.984696158494,15.468866352706],[102.984587179009,15.469065673128],[102.984480545844,15.469266078108],[102.984375678739,15.469467579911],[102.98427139175,15.469669070351],[102.984167126209,15.469871689048],[102.984062257657,15.470073189951],[102.983956786127,15.470273574864],[102.983849571662,15.47047399117],[102.983741774845,15.470674417057],[102.983634559106,15.470874833368],[102.983527343178,15.47107524877],[102.983420730855,15.471276781941],[102.983314698648,15.47147830375],[102.983210991234,15.471679784573],[102.983109048942,15.471882360438],[102.983008871812,15.472086033152],[102.982911623237,15.472290780855],[102.982817882588,15.472496592211],[102.98272765084,15.47270346901],[102.98263976549,15.472911430391],[102.982555992824,15.473121574092],[102.982474587254,15.473333930659],[102.98239669059,15.473547350871],[102.982321119732,15.473760730096],[102.982249078481,15.47397630125],[102.982179964924,15.474192946523],[102.982114338759,15.474409529889],[102.982052222502,15.474627177792],[102.981993033041,15.474845899832],[102.98193789066,15.475063422135],[102.98188683947,15.475281998506],[102.981849242365,15.475504843547],[102.981826801795,15.475729670187],[102.981817212582,15.475957649499],[102.981818065243,15.476184312971],[102.981827635795,15.476410819402],[102.981848767597,15.476633734311],[102.981891384219,15.476855134426],[102.981947347264,15.47707516633],[102.982007358586,15.47729399751],[102.982062160405,15.477514050247],[102.981958698667,15.477910627775],[102.981906140413,15.478141636677],[102.981853000829,15.47837265516],[102.981795104102,15.478598121505],[102.981728293153,15.478813598695],[102.981650135853,15.479013490887],[102.981555358622,15.479195639378],[102.981368003542,15.479280212606],[102.981099524035,15.479257981979],[102.980867489368,15.479195624157],[102.980649402519,15.47907211533],[102.980446196843,15.479057730202],[102.980243105648,15.479170779763],[102.980067336654,15.479344236708],[102.979955270138,15.479534589564],[102.979895476316,15.479752195807],[102.979846919754,15.479979749474],[102.979772550116,15.480195361809],[102.979690065225,15.480412248944],[102.979610593537,15.480634720589],[102.979530583623,15.480859456537],[102.979445234285,15.481078650776],[102.979349809945,15.481287876659],[102.979240713165,15.481481559288],[102.97911260553,15.481654156905],[102.978959588009,15.481801265582],[102.978763059971,15.481923218374],[102.978534625171,15.482018679396],[102.978289934711,15.482085111258],[102.978044574998,15.48211659362],[102.977814240452,15.482112845742],[102.977604636896,15.482068124357],[102.977398346125,15.481983871672],[102.977194961485,15.48186911794],[102.976996397587,15.481732848939],[102.976803969927,15.481582936195],[102.976619614636,15.481429494689],[102.976445206805,15.481279257242],[102.97627941038,15.48112322587],[102.976120976555,15.48095691203],[102.975969947552,15.480782570494],[102.975826368371,15.480602455983],[102.975689699949,15.480418833725],[102.975559920715,15.480230576367],[102.975439398853,15.48003989684],[102.975332073821,15.479839957752],[102.975233360181,15.479634224881],[102.975138112797,15.479427301817],[102.975042284381,15.479220389119],[102.974940126989,15.479016973439],[102.974827636472,15.478820510051],[102.974701928089,15.478632178575],[102.974566984451,15.478447396327],[102.974425152169,15.47826724885],[102.974276431261,15.478091737031],[102.974121423578,15.477921975989],[102.973961293512,15.477757945677],[102.973796061679,15.477600773475],[102.973620475183,15.477449426043],[102.973431110187,15.477307348186],[102.97323102567,15.477182379208],[102.973025042167,15.477083454532],[102.972809996172,15.477027548339],[102.972571960207,15.47704648646],[102.972340059354,15.477112680985],[102.972136123749,15.477212205626],[102.971945578783,15.477343066845],[102.971760501843,15.477486235086],[102.971574154414,15.477623787239],[102.971393145786,15.47776688308],[102.971210952817,15.477908871438],[102.971020320387,15.478035222632],[102.970810398341,15.478156281434],[102.970585772147,15.478268582127],[102.970367280851,15.478306339995],[102.970166011625,15.478241160838],[102.969970964973,15.478136397936],[102.969778372666,15.478007907671],[102.969586662293,15.477864740397],[102.969394328797,15.47771932946],[102.969199282034,15.477584116006],[102.968998230005,15.477469309942],[102.968784217164,15.477376163917],[102.96856251971,15.477306838708],[102.968330358539,15.477268151702],[102.968096905297,15.477283619542],[102.967881513666,15.477361918786],[102.967668834207,15.477460468984],[102.967464636475,15.477576911062],[102.967276993596,15.477707716845],[102.967108467328,15.47786524675],[102.966966054343,15.478050501216],[102.966859938746,15.478248638326],[102.966838600555,15.478471191672],[102.966868565463,15.478700719529],[102.966925698551,15.478921865364],[102.966983414015,15.479143000702],[102.966995187878,15.479363832845],[102.966954259004,15.479595760873],[102.966858755512,15.479801601137],[102.966696406356,15.479947742588],[102.966488654505,15.480060864877],[102.966284496669,15.480179561363],[102.966092716999,15.480337507492],[102.966023025489,15.480524841006],[102.966100934897,15.480737719882],[102.966231589849,15.480941757673],[102.966390534203,15.481104687005],[102.966578758038,15.48124791946],[102.966733656438,15.481412049724],[102.966845604096,15.481610783876],[102.966961168781,15.481816219601],[102.967075657265,15.482026185605],[102.967182653985,15.482239669301],[102.967275721829,15.482454530736],[102.967348444248,15.482669757376],[102.967394364405,15.482882081881],[102.967407668495,15.483091608673],[102.967382671839,15.483305206453],[102.967322368665,15.483527331641],[102.967233000443,15.4837499796],[102.967119089091,15.483966301617],[102.966987480757,15.484169407241],[102.96684211527,15.484352460908],[102.966689817324,15.484507443884],[102.966509553121,15.484629095812],[102.966293206204,15.484718690089],[102.966055373274,15.484779347885],[102.965809531523,15.48481646515],[102.965570300192,15.484834292331],[102.965344028584,15.484830459039],[102.965117692743,15.484792792659],[102.964890883626,15.484730323572],[102.964665001475,15.484655433012],[102.964441960382,15.484577106992],[102.964224150979,15.484498686841],[102.964011789833,15.484400996577],[102.963801645523,15.484297627436],[102.963587712915,15.484208987942],[102.963366243639,15.48415206011],[102.963138250599,15.484118933167],[102.962908642713,15.484092600668],[102.962677980691,15.484071925687],[102.962445681384,15.484056919584],[102.962212843743,15.484044177527],[102.96197888651,15.484033711741],[102.961745532002,15.484024361766],[102.961511597116,15.484015022847],[102.961278802321,15.484004534556],[102.96104594303,15.483990664747],[102.960809681936,15.483981365863],[102.960565476208,15.483982360008],[102.960319612502,15.483987894702],[102.960075406613,15.483988887404],[102.959838586451,15.483980726162],[102.959613650068,15.483955434147],[102.959405141359,15.483907291977],[102.959218401617,15.483811393783],[102.959069880502,15.483615565301],[102.958979770207,15.483372451243],[102.958970845476,15.483148182534],[102.959039274243,15.482955233453],[102.95915657377,15.482763665214],[102.959305368874,15.482577170618],[102.959468179907,15.482393809072],[102.959627050559,15.48221728383],[102.959788460914,15.482051991687],[102.959972260461,15.481902087138],[102.960158449304,15.481755523002],[102.96032584353,15.481599144702],[102.960452139737,15.481422076037],[102.960534302683,15.481217603001],[102.960585291604,15.480994517379],[102.960609349255,15.480761763539],[102.960610133425,15.480528299023],[102.960591929828,15.480305324769],[102.960555124577,15.480082683857],[102.960498534627,15.47985926969],[102.960423408516,15.479639570969],[102.960331619931,15.479430320746],[102.960223274439,15.47923715598],[102.960084271131,15.479052434862],[102.959915946283,15.478885155591],[102.959727792638,15.47874529892],[102.959527537517,15.478641746786],[102.959309412914,15.478576858958],[102.959076646798,15.478537044254],[102.958837830282,15.478515383001],[102.958602694606,15.478503804654],[102.95837130418,15.478505693219],[102.958138534828,15.478526778471],[102.9579071855,15.478561370504],[102.957678915077,15.478604930314],[102.957456325793,15.478672071554],[102.957235027644,15.478745956161],[102.957008478128,15.478788355854],[102.956777451793,15.478809408555],[102.956543907113,15.478820356079],[102.95631019066,15.478822283287],[102.956077443593,15.478814043767],[102.955846807937,15.478794487492],[102.955617571902,15.478756862312],[102.955389305345,15.478709068585],[102.955162137032,15.4786578716],[102.954935465195,15.478602155243],[102.95471030036,15.47853400515],[102.954485845586,15.478472608787],[102.954260184188,15.478439429236],[102.954021300397,15.478444829713],[102.953786697646,15.478491882255],[102.953590261373,15.478589002151],[102.953455390397,15.478774115649],[102.953330098416,15.478973719877],[102.953203148141,15.479177863979],[102.953079856875,15.479390965793],[102.952944985022,15.479576079197],[102.952784520876,15.479699623024],[102.952564664967,15.479727237625],[102.952313017376,15.479673093113],[102.952094119433,15.479567611406],[102.951925710739,15.479426265282],[102.951775862888,15.479251881315],[102.951641905311,15.479056912933],[102.951521231689,15.478857195772],[102.951415090286,15.47865721869],[102.951328541115,15.478447868966],[102.951251206875,15.47823384329],[102.951172150443,15.478020976123],[102.95107925074,15.477813995279],[102.950970656824,15.477607294881],[102.950849856387,15.477400812559],[102.950709807112,15.47722174105],[102.95053664128,15.477105289583],[102.950294680174,15.47710171929],[102.950059000176,15.477153298108],[102.94984374742,15.477239473126],[102.949638890218,15.47735252915],[102.949441760706,15.477474469268],[102.949247751507,15.477607631399],[102.949077981345,15.477761788352],[102.948945948146,15.477943465769],[102.948823515048,15.478140761603],[102.948714042154,15.478346848199],[102.94862327617,15.478558238636],[102.948558150654,15.478772555283],[102.948529668112,15.478987345106],[102.948550226454,15.479212535809],[102.948605705625,15.479439359096],[102.948679076235,15.479659095948],[102.948770855348,15.47986835373],[102.948892151648,15.480070317291],[102.949022124639,15.480269870115],[102.949141053498,15.480469620157],[102.949228054771,15.480672196205],[102.949265151365,15.480880175151],[102.94925888633,15.481101334647],[102.949220779091,15.481329829916],[102.949155933517,15.481558803022],[102.949067061266,15.481778054498],[102.948958684997,15.481980738578],[102.948832462803,15.482162312648],[102.948680967379,15.482329677942],[102.948508351501,15.482487269564],[102.948319783436,15.482631612657],[102.948122238673,15.482762582548],[102.94792036756,15.482880096126],[102.947716452456,15.482981857013],[102.947500072954,15.483070306934],[102.947272930113,15.483143159876],[102.947041332537,15.483195791944],[102.946809349324,15.483228129529],[102.946581566692,15.483236709129],[102.946352688804,15.483218240142],[102.946121058471,15.483177265113],[102.945890807165,15.483117091814],[102.945666629069,15.483039892905],[102.945452679873,15.482950106268],[102.945248936315,15.482846602745],[102.945049501755,15.48272497736],[102.944857926359,15.482588550117],[102.944678905174,15.48243949281],[102.944515925047,15.482277743226],[102.944368446564,15.482105566621],[102.944218365927,15.481918774974],[102.944076748197,15.481718298582],[102.943957112862,15.481511790748],[102.943874034942,15.481301247],[102.943840432025,15.481093203651],[102.943860349757,15.480886461664],[102.943919236177,15.480680151152],[102.944006583338,15.480472204945],[102.944113092416,15.480262789879],[102.944227739322,15.480053228671],[102.944341783368,15.479842551317],[102.944444782774,15.479632070165],[102.944530923813,15.479421889884],[102.944620531979,15.479210520832],[102.944711883842,15.478999119758],[102.944798542521,15.478785547761],[102.944875899601,15.478572140878],[102.944936938812,15.478356769654],[102.944975265187,15.478139548228],[102.94499415161,15.477909141144],[102.94499708766,15.477665484309],[102.944978536907,15.477423338748],[102.944934064071,15.477194061536],[102.944858737228,15.476993529778],[102.944739400951,15.476833256142],[102.944535323017,15.476711711807],[102.944282648614,15.476633890563],[102.944031539521,15.476607920545],[102.943822920245,15.476645476513],[102.943625141152,15.476764040203],[102.943444168417,15.476940949334],[102.943303774151,15.477141946009],[102.943232531555,15.477340582158],[102.943246561269,15.477559125241],[102.943300397165,15.477791619528],[102.943341466424,15.478025469331],[102.943332394881,15.47825231908],[102.943304894344,15.478488519986],[102.943246370928,15.478713995507],[102.943139433546,15.478900862804],[102.942980291083,15.479063849003],[102.942787198549,15.479215035019],[102.942575012699,15.47934062219],[102.942358569016,15.479425684462],[102.942147429671,15.479453134282],[102.941914639947,15.479412173498],[102.941681383931,15.479315959566],[102.941476530587,15.479184276187],[102.941322403124,15.479029132038],[102.941197193736,15.478835126929],[102.941099999182,15.478615810599],[102.941035206271,15.478388021859],[102.941008970684,15.478169695784],[102.941037440914,15.477953777696],[102.941113575404,15.477737009768],[102.941216492462,15.477522020806],[102.941324273338,15.477318222198],[102.941455647303,15.47713204857],[102.941608118138,15.47695452021],[102.941749480295,15.476773807396],[102.941850972261,15.476575759849],[102.941930594299,15.476358930627],[102.942003586998,15.47612981295],[102.942059657495,15.475897613651],[102.942090238223,15.475670380998],[102.942085035421,15.475457319118],[102.942026052907,15.475259877586],[102.94188299759,15.475075213085],[102.941688077621,15.47491515693],[102.941477091768,15.47479711551],[102.94126577612,15.474723063861],[102.941033509064,15.474678709141],[102.94079191595,15.47466384227],[102.940552600828,15.474677130412],[102.940326630091,15.474719502351],[102.940106812886,15.474779810109],[102.939888414422,15.474853625994],[102.939671391936,15.474938695179],[102.939456865228,15.475032742119],[102.939244167559,15.475131267504],[102.939033277561,15.47523314392],[102.938825336424,15.47533722324],[102.938619138877,15.475441271344],[102.938415372988,15.475550914986],[102.938214641382,15.475667271243],[102.938017503976,15.47578920235],[102.937825123324,15.475916687609],[102.937638080706,15.47604971668],[102.937455234914,15.476189437707],[102.937265520258,15.476334920895],[102.937078861172,15.476488243276],[102.936908067237,15.476650305431],[102.936766593416,15.476825379888],[102.936666045004,15.477012130407],[102.936606676486,15.477224087942],[102.936580223744,15.477454631954],[102.936584749014,15.477693645806],[102.936617672947,15.477927643566],[102.936675292519,15.478145412215],[102.936760558777,15.478349154765],[102.93687422295,15.478547880219],[102.937011593011,15.478739416487],[102.937166187536,15.478919367756],[102.937332669073,15.479082190055],[102.937506301846,15.479223456515],[102.937703170616,15.479332730339],[102.937919375291,15.479419103382],[102.938145249331,15.479494024958],[102.938369422356,15.479571233084],[102.938586790001,15.479657584632],[102.938813869721,15.47973474043],[102.939046095688,15.47980729213],[102.939271473576,15.479886733316],[102.939478571768,15.479983417073],[102.939656557632,15.480108814552],[102.939803817419,15.480269720484],[102.939934710647,15.480456858342],[102.940047366143,15.480663493811],[102.940138749202,15.480882914231],[102.94020698673,15.481108386238],[102.940249562977,15.481329804529],[102.940268263563,15.481549392898],[102.940267801967,15.481770450723],[102.940252851727,15.481994022485],[102.94022803993,15.482218897888],[102.940196274868,15.482445024176],[102.940162205071,15.48267232027],[102.940130460452,15.482899574911],[102.940103948441,15.483126736258],[102.940086714914,15.483352604366],[102.940082270937,15.483578244424],[102.940083660448,15.483804907358],[102.940090282681,15.484031477882],[102.940102718007,15.484257944741],[102.94012212812,15.484484287213],[102.940149053446,15.484708240055],[102.940184655682,15.484929782543],[102.940233562977,15.485147704331],[102.940316661429,15.485359377316],[102.940424627927,15.485563839916],[102.940545750873,15.485756789772],[102.940681278419,15.48594271579],[102.940839781407,15.486113570468],[102.941020915776,15.486251314213],[102.941221280128,15.486360520654],[102.94143301506,15.486455990435],[102.94165321307,15.486537775405],[102.941876124269,15.486609360627],[102.942099985203,15.486669651574],[102.942327055931,15.486715223629],[102.942557443364,15.486751712963],[102.942788928329,15.486784799963],[102.94301987573,15.486820151889],[102.943247506489,15.486864584218],[102.943471345441,15.486923746217],[102.9437045719,15.486987250658],[102.943946043777,15.487056247496],[102.944177868992,15.487137822002],[102.94438394131,15.487241284127],[102.944547553652,15.487374826811],[102.944665390379,15.487547530806],[102.944756546265,15.487754545851],[102.944821391296,15.487984586538],[102.944859107676,15.488225261778],[102.944869458882,15.488464170095],[102.944851629848,15.488688920341],[102.944805058712,15.488900650354],[102.944731123955,15.489110612552],[102.944635055478,15.489318715335],[102.944520880493,15.489522630281],[102.944393830753,15.489722263043],[102.944258471133,15.489913022719],[102.944119473515,15.490095951862],[102.943975052081,15.490268827663],[102.943818853321,15.490434020048],[102.94365382751,15.490593730102],[102.943483462554,15.490747896436],[102.943310750678,15.490900977699],[102.943137478612,15.491055195774],[102.942966552963,15.491210499674],[102.942801525866,15.491370209378],[102.942644765434,15.491536539121],[102.942495690325,15.491709497491],[102.942347217701,15.491883572854],[102.942213022021,15.49204386067],[102.942199951233,15.492059883134],[102.942054470351,15.492238416188],[102.941911917265,15.492418025639],[102.94177233475,15.492600964518],[102.941636842678,15.492784958151],[102.941506065199,15.492972251901],[102.941381143545,15.493161695805],[102.941262100092,15.493354419073],[102.941150655546,15.493549261402],[102.941052128432,15.493750640878],[102.940968865482,15.493959642529],[102.940896755557,15.494174083234],[102.940831684765,15.494391782622],[102.940770725995,15.49461166423],[102.940708605401,15.494831565679],[102.940642953031,15.49504927547],[102.9405685164,15.495263758634],[102.940485296392,15.49547501425],[102.940402160934,15.495690780457],[102.940318486811,15.495908811877],[102.940231884472,15.496125766854],[102.940139965342,15.496338306418],[102.940041500648,15.496543067291],[102.939934123201,15.496737837912],[102.939815422014,15.496918148292],[102.939655709755,15.497051823762],[102.939416343625,15.49709443902],[102.939169248813,15.49712817043],[102.938922749025,15.497223919974],[102.938692893891,15.497308094357],[102.938485573467,15.497292619192],[102.938286573581,15.497194666842],[102.938088698575,15.49706398707],[102.93790195778,15.496907169052],[102.937736988286,15.496733045512],[102.937605544226,15.496548173696],[102.937500649506,15.496352678083],[102.937410010482,15.496142266737],[102.937334272624,15.49592031158],[102.937274749171,15.495694683831],[102.93723262227,15.495466490239],[102.937208602407,15.49524248497],[102.937206823923,15.495025977736],[102.937252132565,15.494808630933],[102.937336434154,15.494592845393],[102.937445279813,15.494383388133],[102.937563016312,15.49418279565],[102.937688544144,15.49399446914],[102.937833470414,15.493817075616],[102.937987223297,15.493645163658],[102.938140975915,15.493473250747],[102.938283554775,15.493294771142],[102.93840615442,15.493105368887],[102.93852841176,15.492897928801],[102.938642918253,15.49268047582],[102.938726593834,15.492462444882],[102.938757497027,15.492252122819],[102.93871876862,15.492049808483],[102.938624019414,15.491837215156],[102.93848750068,15.491629877807],[102.938322882251,15.491443341794],[102.938143337107,15.491297672596],[102.937953235539,15.491208581494],[102.937728613051,15.491169729837],[102.937483789688,15.491169582433],[102.937234871394,15.491198831521],[102.936999643982,15.491244753339],[102.93677983093,15.491306188517],[102.936564470711,15.491387845498],[102.936352294697,15.491484106998],[102.936142636057,15.491590473705],[102.935935947894,15.491700170732],[102.935731542051,15.491807571331],[102.935533829664,15.491930641774],[102.935342767983,15.492067127237],[102.935152287376,15.492203603136],[102.934958062163,15.492326611077],[102.934754001401,15.492421598996],[102.934528910357,15.492480870748],[102.934284554486,15.492505524407],[102.934044704284,15.492491752137],[102.933831323168,15.492432394969],[102.933626563824,15.492306343412],[102.933447564457,15.492127953706],[102.933340911106,15.491931358254],[102.933337131596,15.491731802822],[102.933405698647,15.491514042757],[102.933510825071,15.491292247275],[102.93361610079,15.491078343776],[102.933731578248,15.490881176579],[102.933865765574,15.490689314266],[102.933990070192,15.490497628844],[102.934076935021,15.490294203473],[102.934125692539,15.490074540648],[102.934152685768,15.489841730899],[102.934152313279,15.489607152948],[102.934117878783,15.48938558752],[102.934043071402,15.489181658197],[102.933930563868,15.488982911447],[102.93378858013,15.488793711963],[102.93362482589,15.488621817107],[102.933447548196,15.488472719012],[102.933259631312,15.488345238492],[102.93305328231,15.48822710839],[102.932834444301,15.488124990599],[102.932609077925,15.488046671828],[102.932381962642,15.487998834746],[102.932157855611,15.487987034636],[102.931930709692,15.487998971465],[102.931699253649,15.488029030623],[102.931466954906,15.48807602169],[102.931235493354,15.48813653135],[102.93100835685,15.488210496647],[102.930787828006,15.488295623171],[102.930577933359,15.488389582779],[102.930374603665,15.488492447906],[102.930173791,15.488605418403],[102.929976076666,15.488728483941],[102.929782580648,15.488859369887],[102.929595068199,15.488999170861],[102.929412894027,15.489144515825],[102.929237802104,15.489295373772],[102.929070373764,15.489451734378],[102.92891119036,15.489613588221],[102.928758551475,15.489783219383],[102.928611895275,15.489961766584],[102.928472945364,15.490148072272],[102.928342843055,15.490340986545],[102.928221524431,15.490537128916],[102.928111336119,15.490737583672],[102.9280128178,15.490940087405],[102.927927711621,15.491144608238],[102.927864519647,15.491370166906],[102.927828906965,15.491608769777],[102.92782466392,15.49184568696],[102.927855584598,15.492066189384],[102.927932393612,15.492253169074],[102.928097960377,15.492397968797],[102.928313138142,15.492521585278],[102.928525431704,15.492646379708],[102.928725127203,15.492781549201],[102.928942157231,15.492910771008],[102.929133778527,15.493049467094],[102.929252018594,15.493213152623],[102.929281458635,15.493416763632],[102.929250930558,15.493647381286],[102.929179771986,15.493882104403],[102.929085663853,15.494102575204],[102.928982430174,15.494301779941],[102.928869335827,15.494502287018],[102.928745130944,15.49469960922],[102.928609149723,15.494889245324],[102.928460725487,15.495066696826],[102.928299191569,15.495227465212],[102.928123881267,15.495367049257],[102.927938495946,15.495496662113],[102.927745403628,15.495618517259],[102.927545788326,15.495733721426],[102.927340812726,15.495842253915],[102.927131682172,15.495946348898],[102.926920162023,15.496047102782],[102.92670685495,15.496145632654],[102.92649350499,15.496241907494],[102.926281297091,15.496337034046],[102.926070272039,15.496433267217],[102.925856793451,15.496522776958],[102.925639677332,15.496604456492],[102.925420171657,15.496682794882],[102.925200020475,15.496757761114],[102.924979890383,15.496833853699],[102.924760965423,15.49691218121],[102.924545032244,15.496994966628],[102.924333317472,15.497085571613],[102.924125842404,15.49718512362],[102.923916729601,15.497290343668],[102.923704795035,15.49740012498],[102.923494108141,15.497514395235],[102.923289362332,15.497635326676],[102.923094690983,15.497766229332],[102.922915326264,15.497907010267],[102.922755982947,15.498060970104],[102.922620171382,15.498229172529],[102.92250978298,15.498419480516],[102.922421266658,15.498628571922],[102.922352169272,15.498849725237],[102.922298358398,15.499079629526],[102.922256776304,15.499310443478],[102.922223871944,15.499538848528],[102.922202446526,15.499759154904],[102.922213619792,15.499981137741],[102.922249273198,15.500206069078],[102.922297738884,15.500431900561],[102.922346743481,15.500655466794],[102.922389891091,15.500876881425],[102.922433663755,15.501100540557],[102.922479719386,15.501321902549],[102.922531588813,15.501543162098],[102.922590369904,15.501760915327],[102.922659552715,15.501975100203],[102.922756406777,15.502176387249],[102.922887908508,15.502364652426],[102.92302057323,15.5025528968],[102.923378442191,15.502410069952],[102.923574556769,15.502293802155],[102.923748499861,15.502142966012],[102.923917578624,15.501980938084],[102.92408243835,15.501811089461],[102.924245511105,15.501639017808],[102.924408023552,15.501468083868],[102.924571846744,15.501305020375],[102.924738209264,15.501153190732],[102.92490891822,15.501015945344],[102.925089568322,15.50091235759],[102.925315295764,15.500978269259],[102.925538019062,15.501100624868],[102.925752993898,15.501212966757],[102.925902631411,15.501376095208],[102.925998949147,15.501579645381],[102.926087362673,15.501795742024],[102.92615962629,15.50201889274],[102.926207493321,15.50224360517],[102.926223882555,15.502464366234],[102.926194776255,15.502678041865],[102.926122024068,15.502890237344],[102.926024811835,15.503100613191],[102.925922969856,15.503312199201],[102.925836889484,15.503526887394],[102.925785172666,15.503744348706],[102.925762737434,15.503972567338],[102.925762480432,15.504204902738],[102.925784832864,15.504433452516],[102.925829020522,15.504648080084],[102.925972415478,15.504819212765],[102.926184013273,15.504937253386],[102.926417233956,15.505030097131],[102.926616761871,15.504971284253],[102.926802799767,15.504845042412],[102.926982491234,15.504690718044],[102.927152043122,15.504523040249],[102.927308719294,15.504351079347],[102.92745017301,15.504173751111],[102.927580991183,15.503987588695],[102.92770705154,15.503795872757],[102.927832530308,15.503604166243],[102.927964509661,15.503417983981],[102.928107727702,15.503241751983],[102.928259148598,15.503068756484],[102.928414014755,15.502893444891],[102.928573035562,15.502722570543],[102.928738621815,15.502560600865],[102.928910816233,15.502409792509],[102.929092050969,15.502275740316],[102.929288827718,15.502163967576],[102.929513440427,15.502078766618],[102.929752603265,15.502024885125],[102.929988336913,15.502004899666],[102.930206234671,15.502025831803],[102.930417446291,15.502123574744],[102.930605953164,15.502281495667],[102.930749520034,15.502461645064],[102.930875194083,15.502648879825],[102.930996926071,15.502842951528],[102.931112908781,15.503040508938],[102.931222603563,15.503243817279],[102.931324783614,15.503449514988],[102.931418285265,15.503657622808],[102.931502528995,15.503868151078],[102.931575727024,15.504078875142],[102.931639794342,15.504298785175],[102.931691221372,15.504526815001],[102.931725270784,15.504758537802],[102.931737768012,15.504988388929],[102.931723372008,15.505210824515],[102.931677972243,15.50542366219],[102.931605721767,15.505631338295],[102.931510776488,15.505838291818],[102.931397702742,15.506039929259],[102.931270008176,15.506237315017],[102.931132280586,15.506426985723],[102.930988008137,15.50660887742],[102.930840636345,15.506780674002],[102.930683812863,15.506944745136],[102.930518721746,15.507102195715],[102.930347709853,15.507254112632],[102.930171422625,15.507403867809],[102.929992165138,15.50755029327],[102.929811722334,15.507695611035],[102.929631860639,15.507840918356],[102.929454366895,15.507988439035],[102.929279801123,15.508137035293],[102.929107021947,15.508287856175],[102.928934845226,15.508439793155],[102.928762086869,15.508591740409],[102.928588122792,15.508741453424],[102.928412392985,15.508890070883],[102.928234854712,15.509035336113],[102.928054345231,15.509177270712],[102.927870261813,15.509314757589],[102.927683831263,15.509451158334],[102.927496947151,15.509594333922],[102.927309503677,15.509738648078],[102.927120314833,15.509882992293],[102.926929920253,15.510025102234],[102.926737114486,15.510162743724],[102.926542393548,15.510291396672],[102.926345154729,15.510409943981],[102.926144171254,15.510515024026],[102.925940003194,15.51060549901],[102.925731983839,15.51067686952],[102.925513115267,15.510728132233],[102.925281050638,15.510758201047],[102.925039859694,15.510767002597],[102.924794214962,15.510755583334],[102.924549952606,15.510724965421],[102.924311140562,15.51067507739],[102.924083636373,15.510608071597],[102.923872070758,15.510522736084],[102.923677626029,15.510420178583],[102.923490980578,15.510299437089],[102.923312217896,15.510165021399],[102.923139014348,15.51001697375],[102.922970291524,15.509859822791],[102.922804907081,15.509694717563],[102.922641182706,15.509525071364],[102.922479181437,15.509354266531],[102.922316599057,15.509183471851],[102.922152335821,15.509016090327],[102.921985854832,15.508854387141],[102.921816595079,15.508699500079],[102.921650695058,15.508537786198],[102.921488177957,15.508370372913],[102.921326199882,15.50820069423],[102.921164243388,15.508032142806],[102.921000024635,15.507867014866],[102.920831305188,15.507709861463],[102.920656985276,15.507564086494],[102.920475341074,15.507430846594],[102.920284155434,15.507315821147],[102.920081618396,15.507215658825],[102.91986889454,15.507130338916],[102.919647662216,15.507056449019],[102.919419667352,15.506993956302],[102.919187233585,15.506942820382],[102.918952666044,15.506901873394],[102.918716546039,15.506871103211],[102.918481759174,15.506849332576],[102.918250050454,15.506836528711],[102.918020255265,15.506832714114],[102.917789985079,15.506834545926],[102.917558679821,15.506843163723],[102.917327459619,15.506856290167],[102.917095183016,15.506875075153],[102.916862970167,15.506897242247],[102.91663084326,15.50692391798],[102.916398736603,15.506951721848],[102.916166112288,15.506982918149],[102.915934069208,15.507014103001],[102.915702047297,15.507046415976],[102.915470585358,15.507077590957],[102.915239704658,15.507108754494],[102.91500880257,15.507138791256],[102.91477725515,15.507165455755],[102.914543964373,15.507192150046],[102.914310672563,15.507218845021],[102.914077401904,15.507246667215],[102.913844797568,15.507278987768],[102.913614001077,15.507314660417],[102.91338505494,15.50735593917],[102.913159185694,15.507406184875],[102.912936350819,15.507463144444],[102.912717216725,15.507531316492],[102.912501740859,15.507608446132],[102.912288179043,15.507694564303],[102.912075928606,15.50778855387],[102.911865528398,15.507888149626],[102.911658163374,15.507994458405],[102.911452647626,15.50810637341],[102.911250123596,15.508222746564],[102.911051193926,15.50834469503],[102.910855213454,15.508468846757],[102.910663366218,15.508596308599],[102.910475070831,15.508727090873],[102.910291511327,15.508862300436],[102.910115849711,15.509015416165],[102.90995213443,15.509185236706],[102.909804931651,15.509367170741],[102.909678871326,15.509560009324],[102.909579123204,15.509760275571],[102.909499268945,15.509966957206],[102.909432375274,15.510182431859],[102.909376635225,15.510403348052],[102.909332607105,15.510628567157],[102.909298526475,15.510856994409],[102.909274330533,15.511085246516],[102.909258812153,15.511311089195],[102.909251973222,15.511534522409],[102.909260313549,15.511761069241],[102.909286160684,15.511990690238],[102.909330570282,15.512217726601],[102.909393478638,15.512438795934],[102.909475941406,15.512648240333],[102.909581924025,15.51284035032],[102.909718445868,15.51301725711],[102.909876869067,15.513183625072],[102.910046275432,15.513346414683],[102.910214519254,15.513509224712],[102.91037182388,15.513677867641],[102.910537395077,15.513853130842],[102.910723358282,15.514030287985],[102.910900621979,15.514208726978],[102.911041882249,15.514390059811],[102.911117442883,15.514572557477],[102.911108266124,15.514764451576],[102.911036056189,15.514975509585],[102.910916859305,15.515193039909],[102.910764932219,15.515402127003],[102.910595654887,15.515585581543],[102.910422704748,15.515728500068],[102.910237304216,15.515797201388],[102.910005930325,15.515771978735],[102.909755164671,15.515705369753],[102.909512752396,15.515649891618],[102.909283966778,15.515607704764],[102.909055635074,15.515558742603],[102.90882730344,15.515509781081],[102.908598561385,15.515469848346],[102.908368931898,15.515444593832],[102.908136090179,15.515434056936],[102.907900447629,15.515429209492],[102.907663812171,15.515433401166],[102.907429757264,15.515451081802],[102.907201254559,15.51548558048],[102.906980691565,15.51554024025],[102.906764708131,15.515621886783],[102.90655433956,15.515723734752],[102.906351890225,15.515844615533],[102.90615953707,15.51597659574],[102.905981350017,15.516119604226],[102.905821526388,15.516280331915],[102.905674791,15.516456617491],[102.905531047426,15.516637362294],[102.905381964658,15.516812561508],[102.905219232964,15.516973340461],[102.905048298401,15.517130881979],[102.904873292695,15.5172884946],[102.904693507956,15.517439424717],[102.904507632707,15.517575800664],[102.904315000612,15.517693122859],[102.904110705553,15.517777944054],[102.903879078649,15.517801217737],[102.903636179319,15.517781831893],[102.903403448375,15.517746476927],[102.903181043658,15.517672591449],[102.90296120562,15.517580614832],[102.902740586942,15.517508953811],[102.902515237436,15.517494895261],[102.902280469707,15.517505816544],[102.90204199267,15.517535975623],[102.901808570055,15.517587474937],[102.901588426567,15.517664679477],[102.901388560443,15.517768593335],[102.901204859266,15.51789703364],[102.901030800068,15.518043348767],[102.900863369662,15.518201953732],[102.900699554814,15.518367260827],[102.900535180424,15.518533705594],[102.900367812862,15.518695691858],[102.900193858453,15.518847644853],[102.900010927824,15.51898622148],[102.899822679246,15.519120380675],[102.899630275571,15.519250101861],[102.89943369559,15.519374257555],[102.899233499527,15.519491709994],[102.899030247613,15.519601321413],[102.898822713384,15.519699729948],[102.898607756455,15.519774584801],[102.898378790313,15.519815851764],[102.898144336717,15.519843681358],[102.897912980946,15.519881605672],[102.897689692458,15.519946456388],[102.897462397356,15.520014761266],[102.897235811601,15.520089820486],[102.897017597919,15.520177137869],[102.896815464218,15.520284472161],[102.896638237959,15.520417306658],[102.896484196044,15.520576799721],[102.896346815566,15.520756300477],[102.896220155004,15.520949145049],[102.896098833137,15.521147535407],[102.895976930543,15.521345935104],[102.895848503871,15.521537683866],[102.895726070133,15.521707896678],[102.895356357006,15.521656907617],[102.895296362047,15.52165232831],[102.895017386259,15.521632443206],[102.894907096449,15.521458446023],[102.894820550164,15.521247938124],[102.894754617091,15.521020148288],[102.894710133802,15.520788596873],[102.894695409768,15.520562158134],[102.894743142717,15.520316570601],[102.89480780075,15.52007406768],[102.89483349231,15.519862704994],[102.894750564187,15.519720932757],[102.894499784587,15.519684758503],[102.894240000726,15.519726565573],[102.894049876187,15.519853986761],[102.893873410371,15.520027408538],[102.893689574254,15.520149079212],[102.893463183459,15.520141798227],[102.893240595217,15.520027303022],[102.893106447895,15.519852597791],[102.893017323585,15.519628599919],[102.892928865646,15.519409101613],[102.892795575746,15.519249042993],[102.892540493626,15.519200535871],[102.89234082002,15.519284137986],[102.892260174616,15.519480680962],[102.892205958077,15.519721871576],[102.892111674622,15.519935572182],[102.891991766451,15.520147470271],[102.891860746325,15.520356180008],[102.891716986588,15.520536919128],[102.891558192532,15.520660402095],[102.891349307341,15.520656193632],[102.891113241166,15.520536294721],[102.890921500516,15.520391928391],[102.890740236952,15.520216924886],[102.890606312895,15.520023040229],[102.890578358576,15.519835180747],[102.890695140349,15.519642511858],[102.890873163046,15.519458913981],[102.891047644472,15.519303574875],[102.891247550551,15.51917034413],[102.89143399873,15.519032839327],[102.891561064885,15.518861417976],[102.891594498847,15.518628489131],[102.891549565649,15.518403710351],[102.891425209411,15.518192739438],[102.891246908516,15.518051520273],[102.891034643115,15.518053008966],[102.890798318251,15.518136128392],[102.890585588944,15.518236877013],[102.890398559182,15.518374391325],[102.890199625461,15.5184974534],[102.889984199791,15.5186095277],[102.889765063039,15.518616776676],[102.889523766752,15.518558999707],[102.889293982601,15.51846380014],[102.889122913469,15.51833598573],[102.889057971264,15.518129604429],[102.889092835258,15.517879732314],[102.889205779661,15.517699538238],[102.889406352074,15.517570808915],[102.889598530363,15.51742869323],[102.889792114203,15.517268506942],[102.889941297596,15.517097824223],[102.88993496353,15.516915223269],[102.889782934134,15.516717145374],[102.889686468242,15.516504553108],[102.889606780289,15.516287153441],[102.889527588448,15.516065233532],[102.889456536784,15.515843170008],[102.889401807521,15.51562307431],[102.889372143119,15.515405920157],[102.889380420342,15.515195991942],[102.889479114275,15.515000260256],[102.889629100109,15.514810390313],[102.889765024901,15.514615129906],[102.889841867289,15.514401736923],[102.889904935051,15.514167157592],[102.889947588676,15.513929555604],[102.889954988108,15.513703852981],[102.889910672298,15.513511770151],[102.889749195773,15.513367995364],[102.889507768417,15.513271872249],[102.889274079478,15.513216216138],[102.889043658052,15.513179674815],[102.888807738669,15.513160148019],[102.888570994703,15.513158682122],[102.888339842822,15.513176290985],[102.888106830196,15.51321874439],[102.88786147009,15.513285101121],[102.887632273093,15.513375985653],[102.887447686489,15.513488641005],[102.887372819624,15.513652372991],[102.88746113069,15.513895563],[102.887584729259,15.514097528093],[102.887746279215,15.514276266993],[102.887909468032,15.514449337534],[102.888027390674,15.514627716327],[102.88800362584,15.514849196365],[102.887837390136,15.515010027621],[102.887615834687,15.51504325614],[102.887368516928,15.515036336468],[102.887131749292,15.515033741123],[102.886898279956,15.515020937563],[102.886669059919,15.515048660926],[102.886433887875,15.515100174901],[102.886216168671,15.515182961237],[102.886035618507,15.515324869151],[102.88589244681,15.51553717457],[102.885871533487,15.515724767908],[102.886072358095,15.515857701697],[102.886314665001,15.515907570518],[102.886557618193,15.515898778037],[102.886807210282,15.515871823445],[102.88704432787,15.515862005416],[102.887250418099,15.515903488543],[102.887425765446,15.516042509188],[102.88756889114,15.516262175565],[102.887651675452,15.516489672578],[102.887626980264,15.516661542401],[102.887412949653,15.516785995928],[102.887163642004,15.516859189544],[102.886935107226,15.516892541727],[102.88670098013,15.516906818626],[102.886465024094,15.516916615168],[102.886231583915,15.516936518774],[102.886005564568,15.516979975555],[102.885784058866,15.517047038576],[102.885560375156,15.517122034803],[102.885335634016,15.517202688771],[102.885113947712,15.517291183761],[102.884897039398,15.517386361571],[102.884689000226,15.517489278017],[102.884491574496,15.517599902403],[102.884307670315,15.517718183537],[102.884176050789,15.517895320419],[102.88412998552,15.518137495253],[102.884145278769,15.518363927187],[102.884203556187,15.518587346291],[102.88430182528,15.518803293762],[102.884436093263,15.518984771161],[102.884610776432,15.519119294138],[102.884816392639,15.519228459025],[102.885034569151,15.519324995007],[102.88524647681,15.519428409248],[102.885514436297,15.519419177357],[102.885731747636,15.519345420806],[102.885944068177,15.519253706253],[102.886156326011,15.519158609057],[102.886372156779,15.519067960167],[102.886591327965,15.518969357213],[102.886809642454,15.518918139282],[102.887059280152,15.518955470814],[102.887247211599,15.519082990652],[102.887313293459,15.51928822485],[102.887352080599,15.519526648076],[102.887354343025,15.519771354464],[102.887310808345,15.519993182273],[102.887205915932,15.520168722584],[102.887033544635,15.520312743597],[102.886824225228,15.520440497929],[102.886611934908,15.520564920904],[102.886420121581,15.520695749965],[102.886228847153,15.52082431369],[102.886035183301,15.520949536731],[102.885841520103,15.521074758736],[102.885647876855,15.521201108127],[102.885456601393,15.521329671393],[102.885268296297,15.521461565783],[102.885084748169,15.521599015548],[102.88490963588,15.521752106634],[102.884744872838,15.521929829147],[102.884585574974,15.522119860884],[102.884428021189,15.522309862739],[102.884267887751,15.522486374739],[102.884099709226,15.522637087573],[102.883919183075,15.522749670521],[102.88372202793,15.522812920325],[102.883512483986,15.522835785131],[102.883293689108,15.522830615202],[102.883068096888,15.522804136265],[102.882836933632,15.522759708473],[102.882602050325,15.522702940325],[102.882365252828,15.522637181786],[102.882128392067,15.522568040479],[102.881892155093,15.522501143629],[102.881658350543,15.522439843896],[102.881429365647,15.522387481057],[102.881202748837,15.522337331999],[102.880977190365,15.522281525625],[102.880752191354,15.522224580377],[102.88052773166,15.522165370549],[102.880302712616,15.522107297272],[102.880077153482,15.522051488975],[102.879851076304,15.521999074041],[102.879623941795,15.52195231589],[102.879395687574,15.521907832918],[102.879166893237,15.521865615829],[102.878937580775,15.521826790299],[102.878707210958,15.521793623358],[102.878476926466,15.52176496523],[102.878244092468,15.521755526371],[102.878009164669,15.521758529749],[102.877776996408,15.521753590156],[102.877546066193,15.52172155876],[102.87730302282,15.521663800003],[102.877105566599,15.521555612131],[102.877004424212,15.521372418921],[102.876967434225,15.521136215579],[102.876964877299,15.520906174006],[102.877034673018,15.520688394716],[102.877116159933,15.520473794379],[102.877205227531,15.52026018772],[102.877253635971,15.520049551729],[102.877099624256,15.519869543765],[102.876929004893,15.519703362072],[102.876721283648,15.519637086013],[102.876483367199,15.519635628307],[102.876248079611,15.519681495642],[102.876033214563,15.5197619678],[102.87582265132,15.519854770764],[102.875614000831,15.519956562925],[102.875407178759,15.520062834287],[102.875199796072,15.520170243222],[102.874991789532,15.520275407223],[102.874781911943,15.52037383671],[102.874568937194,15.520462169597],[102.874351057739,15.520537054009],[102.874127216057,15.52060414697],[102.873897972573,15.520662312544],[102.873665610948,15.520709253938],[102.873432435944,15.520743802773],[102.873200732181,15.520763662254],[102.872972739416,15.520764283339],[102.872744906709,15.520742342962],[102.872514242659,15.520693383944],[102.872287207404,15.520620674632],[102.872068513976,15.520527516792],[102.871865225018,15.520418297929],[102.871674994656,15.520291932297],[102.871490263117,15.520148550847],[102.871313957838,15.519989230971],[102.871152000487,15.519819508115],[102.871009062781,15.519640428182],[102.870890440905,15.519455281879],[102.870824288915,15.519245529019],[102.870809464861,15.519012317599],[102.870821948773,15.518777498962],[102.870852106745,15.518554776758],[102.870932417318,15.518339070295],[102.87104329972,15.518140872349],[102.871165376768,15.51795037393],[102.871294473029,15.517762007127],[102.871426517487,15.517575845199],[102.871559144084,15.517389672118],[102.871688842218,15.51720242344],[102.871812662546,15.517011893388],[102.871931165502,15.516816946059],[102.872049086807,15.516622008019],[102.872165844128,15.516427091299],[102.872280815742,15.516229949258],[102.872392858939,15.51603173164],[102.872501392256,15.515832446855],[102.872605230875,15.515630989637],[102.872703774144,15.515426240855],[102.872799410098,15.515221544017],[102.872895003767,15.515014591263],[102.872989391369,15.514805403932],[102.87308027011,15.514595151236],[102.873166476172,15.514383851809],[102.873246846739,15.514171527876],[102.873319034082,15.513957090984],[102.873382479734,15.51374167972],[102.873434275643,15.51352534515],[102.873476557119,15.513297899806],[102.873508744595,15.513059352059],[102.873525750827,15.512817687262],[102.873521889809,15.512579772499],[102.873492718912,15.51235696451],[102.873432572268,15.512157257877],[102.873320602819,15.511985530079],[102.873126492262,15.511837801794],[102.872887080066,15.511724705729],[102.872645000553,15.511655642439],[102.872438923306,15.511645724362],[102.872244071493,15.511769828187],[102.872089340678,15.511986840582],[102.872042755077,15.51220195574],[102.87208330035,15.512411030093],[102.872167060919,15.512629496772],[102.872261932021,15.512851151984],[102.872337616197,15.513073143915],[102.872362631004,15.513291512839],[102.872322134666,15.513521183545],[102.872229658379,15.513739360082],[102.872096263105,15.513915394683],[102.871895202895,15.514049757648],[102.87166821455,15.514134948977],[102.871447800431,15.514104981226],[102.87132448904,15.513917661071],[102.871443278188,15.513706918043],[102.871498151799,15.513499553412],[102.871388703105,15.513275897845],[102.871218856029,15.513088266306],[102.871040075422,15.513045159714],[102.87084887046,15.513146640283],[102.870644160646,15.513303623728],[102.870433670501,15.513431383619],[102.870214640218,15.513537863498],[102.869988653518,15.513645593126],[102.869764550439,15.513729604057],[102.869551108029,15.513761545325],[102.869359885311,15.513706248991],[102.86919015201,15.513555833617],[102.869027242278,15.513365822569],[102.868854806086,15.513195152379],[102.868669003815,15.513056297957],[102.868474586372,15.512923232904],[102.868270228215,15.512818538965],[102.868052260647,15.512763710201],[102.867817879637,15.512764436079],[102.867580178167,15.512774242073],[102.867348136503,15.512744473617],[102.867092648331,15.512704964065],[102.866829517495,15.51266107753],[102.866593833902,15.512591895251],[102.86642305256,15.512478715627],[102.866339620013,15.512308738698],[102.866303361467,15.512110865763],[102.866298723489,15.511893265533],[102.86631474473,15.511660639859],[102.866341665096,15.511419927999],[102.866369083755,15.511174695879],[102.86638611986,15.510934157251],[102.866383514506,15.510700730132],[102.866349742447,15.510480255895],[102.866278303928,15.510267208985],[102.866173829433,15.510060380322],[102.866045124482,15.509864127986],[102.86590043408,15.509683945079],[102.865747835137,15.509516307309],[102.865588279443,15.509349919141],[102.865422392312,15.509187025373],[102.865249612399,15.509028763707],[102.865070044738,15.508880771711],[102.864884830216,15.508741901503],[102.864692912853,15.508617810994],[102.864493709326,15.508508510389],[102.864283025502,15.508407306711],[102.864062022312,15.508314177795],[102.863833649789,15.508231328631],[102.863601460357,15.508162080663],[102.863369606064,15.508110873643],[102.863141618265,15.508079899733],[102.862920446026,15.508071364912],[102.862702873624,15.508099986245],[102.86248099291,15.508178310765],[102.862264518117,15.508297144453],[102.862066010524,15.508443861627],[102.861895704833,15.508605874636],[102.861761033701,15.508776287027],[102.861651804437,15.508969940693],[102.861563884116,15.509183522522],[102.861493596305,15.509406947674],[102.86143734568,15.509634638729],[102.861391497728,15.509858764069],[102.861360725817,15.510080368894],[102.861352131257,15.510306098059],[102.861356973528,15.510534975731],[102.861364743083,15.510764930055],[102.861366054933,15.510991613726],[102.861352206704,15.511216306949],[102.861313231872,15.511434671705],[102.861247741064,15.511665908238],[102.861158495336,15.511902072092],[102.861049145769,15.512120541567],[102.860921035932,15.512299862323],[102.8607748259,15.512412954318],[102.860562699626,15.512390725081],[102.860318555756,15.512273184312],[102.860112492133,15.512139186445],[102.8599694013,15.511951075666],[102.859834990298,15.511760557097],[102.859640253538,15.511672603976],[102.859396182018,15.511715222104],[102.859187505929,15.511815871187],[102.858983383087,15.511942381981],[102.858811741492,15.512095393908],[102.858700014543,15.51228006757],[102.858644237187,15.512502110044],[102.858614835202,15.512734971018],[102.858618427445,15.512959359643],[102.858635996208,15.513184631684],[102.858641542708,15.513420265035],[102.858634214605,15.513651612016],[102.858589274753,15.513862186057],[102.858450177281,15.514045082805],[102.858229434993,15.514153837862],[102.858014526128,15.514138421601],[102.857790175677,15.514053241775],[102.857575248442,15.513943082333],[102.857386649211,15.513809904374],[102.857211045878,15.513656196871],[102.857018046293,15.513536630159],[102.856803456322,15.51344451017],[102.856579751236,15.513362701239],[102.856351855991,15.513305778075],[102.856124051201,15.51328494661],[102.855898121103,15.51330242967],[102.855671510183,15.513345866904],[102.855443987767,15.513402854605],[102.855215407089,15.51346550007],[102.85498730285,15.513522496616],[102.854758344552,15.513564846122],[102.854525960315,15.51361063896],[102.85429288968,15.513650803179],[102.854062972308,15.513672866621],[102.853839383542,15.513659854441],[102.853630230472,15.513547333928],[102.853451224618,15.513398193808],[102.853288702845,15.513228463384],[102.853179795579,15.513032982552],[102.85312579132,15.512818496303],[102.853096018308,15.512593435709],[102.853074322751,15.512364850322],[102.853044550909,15.51213978967],[102.853010624397,15.511910289963],[102.852981202931,15.511672817166],[102.852950619634,15.511435363736],[102.85291324679,15.511208179945],[102.852861652319,15.510998162966],[102.852788486991,15.510816720111],[102.852539819563,15.510831212559],[102.852381672366,15.510990752927],[102.852285145299,15.511211250882],[102.852091896093,15.51132854386],[102.851860020358,15.511432974495],[102.851618941192,15.511511624802],[102.851392723189,15.511544899427],[102.851206384597,15.51150190834],[102.851077653348,15.511334969413],[102.850971547151,15.51110221719],[102.850844928126,15.510892380918],[102.850671573419,15.510734115759],[102.850474027898,15.510588679502],[102.850266210634,15.510485154629],[102.850054001339,15.510458403502],[102.849815080392,15.510527990854],[102.849607503088,15.510656809938],[102.849496846436,15.510836950195],[102.849499705787,15.511085039816],[102.849594135319,15.511284159764],[102.849726149439,15.51147134478],[102.849881814545,15.511647965829],[102.850054027763,15.511807378492],[102.85023851063,15.511938380186],[102.850451934616,15.512030527903],[102.850676176806,15.512110079632],[102.850889602009,15.512202226822],[102.85107992006,15.512334252762],[102.851273774618,15.512500054669],[102.851433056056,15.512683378438],[102.851508651829,15.512870418908],[102.851467004574,15.513070785295],[102.851338931415,15.513283938681],[102.851166123803,15.513468548507],[102.850981635469,15.513587943018],[102.850758222334,15.513647110244],[102.850513726584,15.513667167818],[102.850274688398,15.513667956445],[102.850044618357,15.513650540956],[102.849814794861,15.51361507538],[102.849584783002,15.513569460809],[102.849355893173,15.513521571493],[102.849128663078,15.51346914044],[102.848915839175,15.513378109062],[102.848715950199,15.513263165791],[102.848518863117,15.513142534794],[102.8483228982,15.513019627285],[102.848126932561,15.512896719564],[102.847929286484,15.512777224642],[102.847728276517,15.512664555593],[102.847522783463,15.512560988642],[102.847309212151,15.512460945149],[102.847088706427,15.512363278138],[102.846863820252,15.512280350019],[102.846638791932,15.512221111037],[102.846416738615,15.512196784118],[102.846198490717,15.512220891499],[102.845981660501,15.512290090227],[102.84576535278,15.512387477336],[102.845551060938,15.512499491927],[102.845339010993,15.51260695565],[102.845129742602,15.512707603284],[102.844924732237,15.51281832772],[102.844722151925,15.512934649198],[102.844519571357,15.51305097054],[102.84431512078,15.513160556878],[102.844106951361,15.513257800877],[102.843892632832,15.513337105321],[102.843671521073,15.513395096775],[102.843444925346,15.513439649565],[102.843214611847,15.513471859905],[102.842980620521,15.513493981995],[102.84274588051,15.513507094507],[102.842510454501,15.51351457917],[102.84227612863,15.513518659787],[102.842044024069,15.513517062814],[102.841813392252,15.513500776196],[102.841583071291,15.513469821965],[102.841352624086,15.513432101301],[102.841121595472,15.513394391404],[102.840890692164,15.513363445636],[102.840658316912,15.513347189004],[102.84042602421,15.513335441431],[102.840192631223,15.513327097401],[102.839959300811,15.513322134868],[102.839726032995,15.513320555639],[102.839493450932,15.513324602893],[102.839260953242,15.513333160992],[102.839029742667,15.513348463036],[102.838777185205,15.513373160533],[102.838540952955,15.513431411139],[102.838378570942,15.513551539804],[102.838304888633,15.513750207952],[102.838282607656,15.513991969529],[102.838275422774,15.514232341426],[102.83828960669,15.51446444609],[102.838327733881,15.514701773689],[102.838345239796,15.514924797196],[102.838290600255,15.515115238657],[102.838065812075,15.515226302081],[102.837834412141,15.515231455374],[102.83760591288,15.51517339556],[102.83738553046,15.515082483795],[102.837188965331,15.514958447865],[102.837004109399,15.514807138024],[102.836811740101,15.514689796167],[102.836577823275,15.514653259755],[102.836323748348,15.5146903874],[102.83616188274,15.514807123058],[102.836106808182,15.515037048174],[102.836138620592,15.515278998141],[102.836245625073,15.515466628214],[102.836400081078,15.51564102578],[102.836570692181,15.515808374677],[102.836738769077,15.515964488293],[102.836925743309,15.516104482156],[102.837081153717,15.516267583248],[102.837189593862,15.516469850503],[102.837263936567,15.516683990053],[102.837275730802,15.516912752783],[102.837186058962,15.517127489114],[102.837037530009,15.517304901164],[102.836830553673,15.517372792317],[102.836591259942,15.517391618038],[102.836350925644,15.517385647424],[102.836119021209,15.517363738169],[102.835888444894,15.517319248103],[102.835668435772,15.517248630975],[102.835452786469,15.517162146919],[102.835239297245,15.5170666017],[102.835032576302,15.516959660258],[102.83483723552,15.516838984774],[102.834656117853,15.516701142993],[102.834486317871,15.516546185457],[102.834326194535,15.516379780315],[102.834174086865,15.516206468142],[102.834028332938,15.516030789523],[102.833894603311,15.515844750467],[102.833781577307,15.515645944302],[102.833696315843,15.515438760027],[102.833645132491,15.515218576276],[102.83360609653,15.51499479761],[102.833551423796,15.514774674433],[102.833488569115,15.514552438468],[102.833420481467,15.514330292492],[102.833336945656,15.514121949965],[102.833202408653,15.513955098773],[102.83296290797,15.513931061456],[102.832788146083,15.514073960275],[102.832696578497,15.514280833903],[102.832630886794,15.514503048848],[102.832600125302,15.514726912742],[102.832616109063,15.51496237068],[102.832634398882,15.515196661518],[102.832602265212,15.515409270049],[102.832492318417,15.515597288419],[102.832335686616,15.515777093637],[102.832149606197,15.515937107841],[102.831952994595,15.516062339309],[102.831749484561,15.516129038512],[102.831508006588,15.516092628197],[102.831280709214,15.516005213831],[102.831091433656,15.515866382229],[102.830968089432,15.515675648734],[102.830923843697,15.515453087416],[102.830934090019,15.51522055628],[102.830997623591,15.515007403197],[102.831116086298,15.514807958213],[102.831261152089,15.514631738447],[102.831429269616,15.514475419959],[102.831603284847,15.514323511545],[102.831765503933,15.514162784569],[102.83192873983,15.513994143499],[102.832079037529,15.513817832565],[102.832190686914,15.513627529985],[102.832226787214,15.513409212946],[102.832223637222,15.513175786844],[102.832207654511,15.512940327814],[102.832219270256,15.51271905235],[102.832368197656,15.512563067853],[102.832555315296,15.512427850371],[102.832754124276,15.512295813429],[102.832941697796,15.512153819366],[102.833102688888,15.511989729524],[102.833259380329,15.511813307188],[102.833405438641,15.511628045278],[102.833530438494,15.511436382608],[102.833622836117,15.511243029667],[102.833611837552,15.511025531148],[102.833522861333,15.51080600374],[102.833520431339,15.510800406356],[102.833420616204,15.510592346399],[102.833282904931,15.510410886935],[102.833076877665,15.510309569569],[102.83284047511,15.510295628705],[102.832622123938,15.510377248294],[102.832478743487,15.510550055095],[102.832353847032,15.510747355983],[102.832223030748,15.510939119156],[102.832062475071,15.511095306217],[102.831862691038,15.51123751063],[102.831642222593,15.511362027378],[102.831422062794,15.511440293741],[102.831222560919,15.511440373559],[102.831037299686,15.511329670287],[102.830865822664,15.511146539439],[102.830715610732,15.510949504089],[102.830592893923,15.510761014608],[102.830491420375,15.510557493189],[102.830399146171,15.510348172351],[102.830302843685,15.510141177213],[102.830072778304,15.509745883735],[102.830010698741,15.509533782588],[102.829990318012,15.50931193421],[102.829987898876,15.509086390279],[102.829995925961,15.508859537104],[102.830008582928,15.508631476547],[102.830019517321,15.508404572913],[102.830028145855,15.508178837228],[102.830040264026,15.507953040976],[102.830054146445,15.507728342032],[102.830069171894,15.507502495326],[102.830084196455,15.507276649542],[102.830098640514,15.507050812934],[102.830110757906,15.506825016709],[102.830120571314,15.506600388398],[102.830126895189,15.50637582065],[102.830128567596,15.506151333629],[102.830095956924,15.505928569501],[102.830012906045,15.505714577076],[102.829901946365,15.505501067988],[102.829751762652,15.505336740228],[102.829524003548,15.505318132863],[102.829306507003,15.505414396557],[102.829153885118,15.505590745209],[102.829060114342,15.505804423163],[102.829042616971,15.506022417425],[102.829062497326,15.506248786594],[102.829088836988,15.506478427456],[102.829091254433,15.506703971666],[102.829075272941,15.506941113472],[102.829044818781,15.50718189108],[102.828973079979,15.50739180309],[102.828833309696,15.507539730712],[102.828625280151,15.507644853428],[102.828383421388,15.507713341293],[102.828144364503,15.507744558719],[102.827925676718,15.50771338565],[102.82770748605,15.50761452806],[102.8274849967,15.507534920445],[102.827253039853,15.507509616421],[102.827015083233,15.507505847734],[102.826783460005,15.507530166277],[102.826566560843,15.507595963548],[102.82636276607,15.50771003437],[102.826173383243,15.507848669615],[102.825999325728,15.507998319237],[102.825842524996,15.508169099349],[102.825711557253,15.508352966694],[102.825672626279,15.508575844759],[102.825721493243,15.508797200646],[102.82578024595,15.509018385098],[102.825790738419,15.509240406264],[102.825767028377,15.509468660093],[102.825717672978,15.509693973889],[102.825637769147,15.509902899307],[102.825509686955,15.510085589722],[102.825348772801,15.510254185335],[102.825194919015,15.5104271702],[102.825091674057,15.510631988522],[102.825090702591,15.510863232032],[102.825243566976,15.511015109166],[102.825456341679,15.511103910323],[102.825682282069,15.511181204549],[102.825905376761,15.511261931642],[102.826110842547,15.511364394849],[102.82629080762,15.511503392908],[102.826457462818,15.511677588312],[102.826593676428,15.511872614248],[102.826678242705,15.512074175528],[102.82668680546,15.512286078498],[102.826626983993,15.512511574841],[102.82653921169,15.512735300152],[102.826452953845,15.512946591075],[102.826357932356,15.513155779048],[102.826247044802,15.513356217873],[102.826116097048,15.513541214506],[102.825961681587,15.513715337928],[102.825785668508,15.513885324143],[102.825595803068,15.514029609025],[102.825398023782,15.514123273281],[102.825175010716,15.514141802733],[102.824924438257,15.514085239385],[102.824711141315,15.513968248197],[102.824585395414,15.513804621614],[102.824511793581,15.513598357453],[102.824462155948,15.513366863296],[102.824411895437,15.513133124038],[102.824335199725,15.512916761979],[102.824229451935,15.5127020314],[102.824109126299,15.51248529755],[102.823974161128,15.51229475976],[102.823826197431,15.512156331996],[102.823588441557,15.512163836531],[102.823389396744,15.512315045287],[102.823413779857,15.51250186039],[102.823516681793,15.512720024683],[102.823620331757,15.512947199371],[102.823651215005,15.513171123478],[102.823619156303,15.513419825098],[102.823537173221,15.513642320774],[102.823392265243,15.513764394077],[102.823133304414,15.513757602002],[102.822917350547,15.513654190025],[102.822800660095,15.513476869957],[102.82271520219,15.513258402981],[102.822629661383,15.513035425636],[102.82251947119,15.512832050187],[102.822407391395,15.512620811841],[102.822283267403,15.51241880553],[102.822129074259,15.512257925655],[102.821934635569,15.512154140431],[102.82172645065,15.512061871556],[102.821510809827,15.511975371266],[102.82128831625,15.511895757028],[102.821061338236,15.511825244579],[102.820830434548,15.511762694493],[102.820597994262,15.511711450101],[102.820365761737,15.511671482102],[102.82013434006,15.511643906193],[102.819906094739,15.511630939107],[102.819678077786,15.511630374224],[102.819449105506,15.511641105914],[102.819219177844,15.51166313328],[102.818988813925,15.511693062626],[102.818757411534,15.511729778247],[102.81852669519,15.511772121456],[102.818295458576,15.51181785726],[102.818064865519,15.511866964618],[102.817834272314,15.51191607266],[102.817604862627,15.511966287942],[102.817376574197,15.512014227728],[102.81714944852,15.512062146277],[102.81692853161,15.512131388952],[102.81671014786,15.512211867011],[102.816491743148,15.512291217311],[102.81625593628,15.512341541999],[102.816054352192,15.512418345078],[102.816021889793,15.512645622676],[102.81612841945,15.512840042538],[102.816261053151,15.513030626916],[102.816390821276,15.513223516615],[102.816491142257,15.513428195031],[102.816567082812,15.513667133364],[102.816553559716,15.5138805489],[102.816409643774,15.514025159213],[102.816201806863,15.514141548843],[102.815978747685,15.514252561947],[102.815779154599,15.51437444927],[102.815584856726,15.514499627788],[102.81539410967,15.514628128589],[102.815217628895,15.514773301649],[102.815065486162,15.514945124285],[102.814881321243,15.515083662425],[102.814691175387,15.51521328126],[102.814484810871,15.515314980989],[102.814268291397,15.515402192913],[102.814061905671,15.515502764748],[102.813896159296,15.515662414731],[102.813719717949,15.515809842183],[102.813542051174,15.5159539069],[102.813354416059,15.516093632089],[102.813317673282,15.51630970545],[102.813436435229,15.516505043181],[102.813615818103,15.516644063425],[102.813808389517,15.516772703935],[102.813996432824,15.516908190184],[102.814175422512,15.517057368098],[102.814184928589,15.517257977482],[102.813976817465,15.517359707402],[102.813752923864,15.517425615898],[102.813529570074,15.517489258975],[102.813305572399,15.517549529154],[102.813080952515,15.517607554],[102.812853258203,15.517656607339],[102.812653930228,15.517761568208],[102.812699694432,15.517972831482],[102.812889400955,15.518103778068],[102.813102201059,15.518193719186],[102.813322873409,15.518268860677],[102.813539018424,15.518350846954],[102.813737218889,15.518469238372],[102.813876605231,15.518647299703],[102.813849769208,15.518864329723],[102.813682753871,15.519018362341],[102.813462492546,15.519092103716],[102.813239739146,15.519156864444],[102.813016383331,15.519220507447],[102.812799277708,15.519307729014],[102.81274540178,15.519509434531],[102.812880177901,15.519689832115],[102.813056220032,15.519836805668],[102.813234006872,15.519983748856],[102.8133940591,15.520146789736],[102.813474611769,15.520351811237],[102.813383000899,15.520557553224],[102.813234425167,15.520733826728],[102.813007724716,15.52077384019],[102.812776394478,15.520751897472],[102.812545979264,15.520716402447],[102.812317764702,15.520674102352],[102.81209004871,15.520627280699],[102.811862872806,15.520578194465],[102.811632622639,15.520583301581],[102.811457483999,15.52073860148],[102.811475398946,15.520953730302],[102.811633125052,15.5211168128],[102.811833591634,15.521231782594],[102.812035783087,15.521345594393],[102.812236270796,15.521461691303],[102.812391670946,15.52162481326],[102.812460198895,15.521840194612],[102.812340197801,15.522020484654],[102.812127927691,15.522117774106],[102.811902346834,15.522155512435],[102.811667235597,15.522149424539],[102.811434656735,15.52215457297],[102.81120216072,15.522164230604],[102.81096740085,15.522177311864],[102.810777765558,15.522303535552],[102.810665051565,15.522500619182],[102.81066685109,15.522725049381],[102.810705887393,15.522949964847],[102.810778982619,15.523160756259],[102.81093737483,15.523328339276],[102.81108716827,15.523502838434],[102.811263171891,15.523647557766],[102.811456850689,15.52377279627],[102.811644879661,15.523907155793],[102.811863273881,15.523984591952],[102.812087835674,15.524049514728],[102.812263073111,15.52418409476],[102.812243836103,15.524403249509],[102.812114052925,15.524589348627],[102.811929878392,15.524727886576],[102.811725268771,15.524830683507],[102.811493828378,15.52486626746],[102.811260975988,15.524888340251],[102.811029930196,15.524913764507],[102.810810679374,15.524979591601],[102.810621145463,15.525111453666],[102.810476053621,15.525287666204],[102.810423109127,15.525508531773],[102.81035369481,15.525719529606],[102.810162436157,15.525852549228],[102.809945800208,15.525934121776],[102.809719964604,15.525989910352],[102.809434693781,15.525945209645],[102.80922855284,15.52583823294],[102.809081686772,15.525664809922],[102.808962359336,15.525470607876],[102.808850468328,15.525269509545],[102.808734049861,15.525075257019],[102.808571857167,15.524922401317],[102.808340603114,15.524936546923],[102.808112255195,15.524982225566],[102.807917008883,15.52508824149],[102.807766640242,15.525262287955],[102.807674461324,15.525469166892],[102.807660577459,15.525694997491],[102.807649020592,15.5259207879],[102.807635697577,15.526145480868],[102.807609582275,15.526370394798],[102.807523758145,15.526574908129],[102.807353305172,15.526732381353],[102.807187524774,15.526890902647],[102.806980438781,15.526985843185],[102.806748391808,15.52702030441],[102.806516493646,15.526999494155],[102.80630040203,15.526920884306],[102.806093719881,15.526816168866],[102.805881991635,15.526721692774],[102.805662972152,15.526642004784],[102.805441315366,15.526577025442],[102.805212508803,15.526597894535],[102.805006833224,15.526706344416],[102.804837478695,15.526860413281],[102.804845689528,15.52708586297],[102.804902063635,15.527304841527],[102.8049653954,15.527522571988],[102.805029308866,15.527740292358],[102.805083357431,15.527959310929],[102.805073521093,15.528183944131],[102.804989500573,15.528391809845],[102.804817799109,15.528544792436],[102.804596755265,15.528608388645],[102.804368344914,15.528555933551],[102.804165067778,15.52844664585],[102.803987837737,15.528298557971],[102.803849592261,15.528119342374],[102.803725636585,15.527926344598],[102.803595387971,15.527739095062],[102.80345708117,15.52755649626],[102.803314183659,15.527377360391],[102.803162169349,15.527208533262],[102.802956090924,15.527104933033],[102.802727847875,15.527061495645],[102.802507551444,15.527134101205],[102.802313253281,15.527260399976],[102.802209334142,15.527461841546],[102.80224186354,15.527681231748],[102.802294787631,15.527902526929],[102.802323889346,15.528125360978],[102.802307674916,15.528351232657],[102.802264626837,15.52857305542],[102.802218090522,15.528794938366],[102.802147545249,15.529008210944],[102.802019555389,15.529197660348],[102.801817405685,15.529308303189],[102.801588801796,15.529340444354],[102.801364420826,15.529285660725],[102.801181478672,15.529143308614],[102.801067410176,15.528950138439],[102.800973426271,15.528741958362],[102.800880605639,15.528533758143],[102.800792998241,15.52832433999],[102.800702505075,15.528116099481],[102.80058378467,15.527923009047],[102.800391352391,15.527802250731],[102.800160506198,15.527838941503],[102.799943050583,15.527939694811],[102.799864529502,15.528130546329],[102.799919901586,15.528358568128],[102.799993052869,15.52857274787],[102.800073141263,15.528784552035],[102.800149179866,15.528997553016],[102.80021539483,15.52921410809],[102.800278140588,15.529431850889],[102.800277625307,15.529657452189],[102.800201241872,15.529869698217],[102.800049034693,15.53003926037],[102.799845740415,15.530151049466],[102.799625274724,15.530214632256],[102.799391791759,15.53020286604],[102.799161446363,15.530171869282],[102.798932077933,15.530130703796],[102.798706574412,15.530078192744],[102.798483708864,15.530010971594],[102.798261404283,15.529942613462],[102.798035401202,15.529894621188],[102.797801730455,15.529904287666],[102.797571400397,15.529937582605],[102.797369848905,15.530049339629],[102.797203974325,15.530203345248],[102.797074192826,15.530390566881],[102.796954441819,15.530585512305],[102.796847006083,15.530785884442],[102.796751886617,15.530991685092],[102.796664387973,15.53120073743],[102.796589786266,15.531415208293],[102.796572943196,15.531638835764],[102.796604407877,15.53186388691],[102.79667986356,15.532076900511],[102.79677039802,15.532287398331],[102.796883925419,15.532482836407],[102.797026759973,15.532658593149],[102.797178215415,15.532828562291],[102.797336005068,15.532995038237],[102.797495518917,15.533160356341],[102.797653890626,15.53332682192],[102.797808836329,15.533496730258],[102.797965463944,15.533663225563],[102.798120409239,15.533833133581],[102.798266714431,15.53400770221],[102.79839694359,15.534193827414],[102.798506485752,15.534393844635],[102.798598124504,15.534600938166],[102.79867881762,15.534813860124],[102.79874559532,15.535029277851],[102.798756129105,15.535254688931],[102.798724728895,15.535477438232],[102.798599079682,15.535667974651],[102.798399227383,15.535777448414],[102.798182158465,15.535868043531],[102.797964924799,15.535949617633],[102.797740525329,15.536021163435],[102.797524432703,15.536101588637],[102.797331183034,15.536222228325],[102.797183828728,15.536402985845],[102.797104471246,15.536611899268],[102.797077244491,15.5368402166],[102.797094754685,15.537065507852],[102.797131997212,15.537288203065],[102.79718836897,15.53750718465],[102.797275418294,15.537717741678],[102.797391317878,15.537915393754],[102.79754273615,15.538083106462],[102.797711955252,15.538238104574],[102.797892059542,15.538383891156],[102.798076691448,15.538522831716],[102.798267534467,15.538651512437],[102.798463488494,15.538773337957],[102.798661145076,15.538892877975],[102.79885824193,15.539013555378],[102.799050789093,15.539139950815],[102.799231414481,15.539282343069],[102.799396066086,15.539441930016],[102.799551578626,15.539610697189],[102.799663410716,15.539808417537],[102.799745312651,15.540023573462],[102.799770263771,15.5402419677],[102.799685778055,15.54045661004],[102.79930681657,15.540665051607],[102.79907302974,15.540669084148],[102.798844626964,15.54061775271],[102.798613956951,15.540601426834],[102.798381353808,15.54060656617],[102.798148293168,15.540618480905],[102.797915938106,15.540637150086],[102.797684267949,15.540661447922],[102.79744755075,15.540695984181],[102.797240903221,15.540784143897],[102.797068666001,15.540940515838],[102.796939523534,15.541131111572],[102.796856073498,15.541338967872],[102.796791441045,15.54155777939],[102.79673031761,15.541777657482],[102.796655112522,15.541991011467],[102.796483290071,15.542138352398],[102.79625240611,15.542173915159],[102.796019866054,15.542150851329],[102.795794244392,15.542092702088],[102.795574730517,15.542018654956],[102.795356298109,15.541940077085],[102.795138363777,15.54185697943],[102.794921011124,15.541773870597],[102.794703680205,15.5416918891],[102.794485808277,15.541612173501],[102.794266856006,15.541536987214],[102.794047447221,15.541468576321],[102.79381895703,15.541444313112],[102.793585226855,15.541483305011],[102.793347735562,15.541539281829],[102.79320436574,15.541683874619],[102.793188350269,15.541921023966],[102.793187268619,15.542147764429],[102.793207103661,15.542373016672],[102.793316502978,15.542565143258],[102.793493119191,15.54271099337],[102.793680641674,15.542848759668],[102.793863552261,15.542988861129],[102.794051615424,15.54312436086],[102.794239117006,15.543260998919],[102.79441687687,15.543405700356],[102.794578622746,15.543565341051],[102.794720904723,15.543742236411],[102.794851160084,15.543929490538],[102.79497454025,15.544122502832],[102.795098502243,15.54431550498],[102.795226432098,15.544502798811],[102.795357270061,15.544690042396],[102.795487526713,15.544877295872],[102.79561664209,15.545065696853],[102.7957411249,15.545255305525],[102.795852937462,15.545451900261],[102.795925533298,15.545667218335],[102.795984213844,15.545885031264],[102.795966230185,15.546109806528],[102.795837043095,15.546298148185],[102.795656992262,15.546441119298],[102.795444023793,15.546533899445],[102.795216830921,15.546580678152],[102.794983514467,15.546579058895],[102.79475217368,15.546558230873],[102.79452072855,15.546531763678],[102.794289304115,15.546506424734],[102.794057401458,15.54648673269],[102.793825519477,15.546468168901],[102.793593139504,15.546454124391],[102.793359220565,15.546451386688],[102.793139897343,15.546514947206],[102.792960487548,15.546661289372],[102.792957620784,15.546885804657],[102.793031337436,15.547098848957],[102.793106819678,15.547312989844],[102.793157979123,15.547533190433],[102.793184815689,15.547759449857],[102.79309311494,15.547961808308],[102.792875596834,15.548028721699],[102.792643562491,15.548065429005],[102.792412670522,15.548100989341],[102.792182941583,15.548136529417],[102.791982970666,15.54824036265],[102.791941698959,15.548464411635],[102.79198945003,15.548689183251],[102.792125317575,15.548865061598],[102.792296351121,15.549023415475],[102.792462191998,15.549184114546],[102.792628594979,15.549343675788],[102.7927955582,15.549502099232],[102.792957931003,15.549663985479],[102.793110499783,15.549830552335],[102.793156987119,15.550049705306],[102.793095838548,15.550268456974],[102.792989536346,15.550467682401],[102.792809521381,15.550612907605],[102.792622279004,15.550744721653],[102.792388706366,15.550761153352],[102.792165359857,15.55070070609],[102.791950221507,15.55061191894],[102.79174513762,15.550500398134],[102.791567953414,15.550355685534],[102.791423382725,15.550181083915],[102.791290236491,15.54999500573],[102.791155928272,15.549808947425],[102.790999268992,15.54964132135],[102.790778105586,15.549572939874],[102.790545284539,15.549566796171],[102.790321118069,15.549620286395],[102.790108765934,15.549715307824],[102.789882936953,15.549773338151],[102.789695173126,15.549908542808],[102.789611090789,15.550114153431],[102.789588448048,15.550339008928],[102.789578620063,15.550564772698],[102.789585638554,15.550789118487],[102.789601982325,15.5510144317],[102.789622979864,15.551239664783],[102.789646303882,15.5514648578],[102.789675443021,15.551689950686],[102.78973640565,15.551905471003],[102.789831537989,15.552112508085],[102.789952594454,15.5523055631],[102.790094942963,15.552485843725],[102.790257421266,15.552653369927],[102.790456607542,15.552760481536],[102.790680809557,15.552803995942],[102.790912864627,15.552831582407],[102.791147682098,15.552851226169],[102.791381898205,15.55286975116],[102.791614390191,15.552889434461],[102.791847900641,15.552901203296],[102.792077629319,15.552928829451],[102.792307894576,15.552985772299],[102.792513376952,15.553087133442],[102.792672927794,15.55325357982],[102.792779052036,15.553457041566],[102.792839437082,15.553672571081],[102.792885967334,15.553893979137],[102.792920947546,15.554120098068],[102.792946020951,15.554345259744],[102.792961788865,15.554570581777],[102.7929606895,15.554796193597],[102.792945071781,15.555023184501],[102.792917759073,15.555246993075],[102.792876447465,15.555468786996],[102.792816461524,15.555687517977],[102.792741832019,15.555900862421],[102.792657295375,15.556113249649],[102.792559858936,15.556320218469],[102.792443542129,15.556512850026],[102.792290772602,15.556684677533],[102.792104251552,15.556824375623],[102.79189469867,15.556913712041],[102.791662840388,15.55696056994],[102.79143056938,15.556984875407],[102.791199652093,15.556956142001],[102.790985731073,15.556870718112],[102.790792627784,15.55674658359],[102.79060569409,15.556609934938],[102.790419343166,15.556473276036],[102.790231869662,15.556338892194],[102.790044978923,15.556204498102],[102.78986149539,15.556065533252],[102.789684284862,15.555919693264],[102.78951220663,15.555768123961],[102.789344117238,15.555611973912],[102.789180597368,15.555451233128],[102.789020506336,15.555287049228],[102.788868454735,15.555117086903],[102.788727828904,15.554935648031],[102.788589509095,15.554753041349],[102.788442048207,15.554579615636],[102.788252875034,15.554447514661],[102.788028443913,15.554391595207],[102.787795591837,15.554415905407],[102.78760292208,15.554537658173],[102.78751422607,15.5547456041],[102.787500927746,15.55497255593],[102.787504496947,15.555199217472],[102.787481332045,15.55542746708],[102.787340647998,15.555592316],[102.787124861547,15.555690779064],[102.786904630995,15.555769014949],[102.786676825634,15.555783085717],[102.786441961846,15.555761183509],[102.786227626587,15.555684784299],[102.786030434553,15.55555958712],[102.785800475127,15.555519552226],[102.785600930465,15.555615478572],[102.785450708078,15.555799666224],[102.785465783605,15.556019362487],[102.785539560539,15.556235793013],[102.78568244972,15.556413811465],[102.785889178989,15.556519669223],[102.786091380353,15.556632372476],[102.786257163072,15.55678969211],[102.786413909626,15.556961831583],[102.786553974612,15.557144409682],[102.786667430248,15.557335341342],[102.786690253435,15.557565055629],[102.786649516592,15.557786839926],[102.786546153709,15.557988269579],[102.786376782567,15.558143461192],[102.786171065407,15.558251902417],[102.785948195599,15.558313263798],[102.785714281975,15.558311647637],[102.785493547104,15.558235358311],[102.78538067335,15.558044416821],[102.78528431572,15.557834014669],[102.78516147242,15.557638731683],[102.785024295444,15.557454974863],[102.784853982772,15.557304499068],[102.784643742604,15.557197572798],[102.784419098252,15.557161956353],[102.784198262343,15.557239072476],[102.784002118422,15.557362010748],[102.783837501391,15.557522758803],[102.783718328738,15.557718819647],[102.783648924326,15.5579320732],[102.783623989985,15.558159225757],[102.783648411507,15.558381017722],[102.783751685533,15.558587918019],[102.783909470612,15.558753272814],[102.784108266645,15.55887054812],[102.784330623092,15.558940043076],[102.784563205698,15.558964242036],[102.784794257197,15.558936581206],[102.785024998923,15.558892004975],[102.785255158877,15.558847438529],[102.78548382158,15.558816434194],[102.785705496757,15.558848715401],[102.785909049707,15.558971546855],[102.786053022246,15.559145034057],[102.786090803256,15.559365467322],[102.786074014537,15.559592479456],[102.786033318402,15.559816518175],[102.785960425711,15.560029832119],[102.785865889048,15.560236750677],[102.785748421194,15.560430527247],[102.785595041533,15.560601235209],[102.785455223828,15.560781860614],[102.78532363121,15.560966856349],[102.785159615501,15.561128723376],[102.784972358735,15.561260534012],[102.784758206032,15.561353328185],[102.784530431609,15.56140123758],[102.784297863159,15.561409749243],[102.784067439998,15.561376489627],[102.783841837746,15.561320586449],[102.783620059286,15.561251081556],[102.783401066179,15.561174761561],[102.783184295565,15.561092762318],[102.782973073086,15.560996003744],[102.782755783952,15.560917396844],[102.782529600661,15.560861503027],[102.782300154609,15.560818071877],[102.78207106024,15.560793810919],[102.781839547817,15.560828245151],[102.781620369097,15.560900819264],[102.78148821146,15.561086952],[102.781483528931,15.561308116855],[102.781561916955,15.56152221302],[102.781657630275,15.561729244344],[102.781769546907,15.561931485135],[102.781869851843,15.562135053418],[102.781897618371,15.562348892484],[102.781823099692,15.562569001893],[102.781700350779,15.562760612152],[102.781508895622,15.562885725784],[102.781301322646,15.562988555911],[102.781090156502,15.563085807759],[102.780878346594,15.563179685673],[102.780661800909,15.563269133806],[102.78046068682,15.563375236223],[102.780355529559,15.563574440489],[102.78034515471,15.563802471249],[102.780364421743,15.5640288646],[102.780450227308,15.564234938736],[102.780582275226,15.56442442632],[102.780733769024,15.564595531887],[102.780889294198,15.564764311142],[102.781028157528,15.564944657328],[102.78116433986,15.565137457211],[102.781276799084,15.565337432657],[102.781327188254,15.56554749894],[102.781315588801,15.565772166646],[102.781266224963,15.565999739569],[102.781200990766,15.56621856063],[102.781118142197,15.566428661613],[102.781020068579,15.566633384459],[102.780915575154,15.566837088785],[102.780809856396,15.567037431137],[102.780693585334,15.567233442071],[102.78058259109,15.567431619131],[102.780482770759,15.567636371057],[102.780389410277,15.567844396765],[102.780313581565,15.56805663301],[102.78027865465,15.568278317958],[102.780283984254,15.568506077858],[102.780321804673,15.568728768206],[102.78044629491,15.568918385186],[102.780623514032,15.569064232373],[102.780852618026,15.569088493728],[102.781074193723,15.569019261294],[102.781276227849,15.568899605739],[102.781417943053,15.568726843509],[102.781522997452,15.568522001245],[102.781615214164,15.568315122876],[102.781696857006,15.568102787357],[102.781780286848,15.56789267616],[102.781877176939,15.567686845395],[102.78198287317,15.567485375991],[102.782099745195,15.567290481334],[102.782242353792,15.567103040778],[102.782443882557,15.567019488561],[102.782683623281,15.567021005075],[102.782908691746,15.56707917335],[102.783071013697,15.5672376825],[102.783109356168,15.567456978906],[102.783107708941,15.567684859031],[102.783103715461,15.567911650639],[102.783072280579,15.568133275343],[102.782988872775,15.568344514377],[102.782847845096,15.568522904451],[102.782698008997,15.568696935003],[102.782555837271,15.568876472642],[102.782428371653,15.569064781085],[102.782409192977,15.569288450997],[102.782585665763,15.569425285276],[102.78280468984,15.569502732667],[102.783024938344,15.569583542663],[102.783245728244,15.569662086236],[102.783467598054,15.569736099975],[102.783690425702,15.569798817235],[102.783914771198,15.569849099508],[102.784140885735,15.569868896705],[102.784373549624,15.569833309356],[102.784606484262,15.569780797522],[102.784833038935,15.569761107387],[102.785010987427,15.569914832573],[102.785103157874,15.57011853786],[102.7851375345,15.570343541455],[102.785119522331,15.570567190932],[102.785061292686,15.570787020847],[102.78493368432,15.570967437158],[102.784720830448,15.571068106769],[102.784490430933,15.571100271866],[102.784270448029,15.571034122883],[102.784058653014,15.57093850633],[102.783844615075,15.570847439122],[102.783624446651,15.570771140817],[102.783392056771,15.570758220005],[102.783312370331,15.570950218787],[102.783482113206,15.571100703404],[102.783697752682,15.571183847569],[102.783916798646,15.571262420063],[102.784107234761,15.571399012241],[102.784037229599,15.571579565741],[102.783864316109,15.571732562091],[102.783667495902,15.571851002582],[102.783446562487,15.571923610952],[102.783216429062,15.571970434027],[102.782987965693,15.571949548769],[102.782759628793,15.571903846543],[102.782531209336,15.571853632675],[102.78230187439,15.571816970901],[102.782070246895,15.571845769987],[102.78185419287,15.57193070066],[102.781679970238,15.572075822357],[102.781530712747,15.572249842855],[102.781373146651,15.57241498149],[102.781213835332,15.572580150077],[102.781055687096,15.572745299498],[102.780898743193,15.572912683194],[102.780747095902,15.573083359675],[102.780614932139,15.573269493633],[102.780516274638,15.573474226088],[102.780469091289,15.573693865962],[102.780516179506,15.573914140652],[102.780677446534,15.574078308827],[102.780870004452,15.574203587457],[102.781077333987,15.574309436199],[102.781300125451,15.574369898787],[102.781531084553,15.574399766171],[102.781762063364,15.574430760031],[102.781993814156,15.574440309719],[102.782225403199,15.574409253926],[102.78245680282,15.57439963359],[102.78268761726,15.574421605473],[102.782918554693,15.574450343734],[102.78314903531,15.574485856543],[102.783379536623,15.574522497613],[102.783608354927,15.574562550408],[102.783834074876,15.574624088674],[102.78400550564,15.574771159185],[102.784120779761,15.574965443107],[102.784141799797,15.575191804757],[102.784111551711,15.575414536167],[102.783998189702,15.575610499924],[102.783862496924,15.575794439456],[102.783794254339,15.576007674075],[102.783818723083,15.576231720482],[102.783919580467,15.576433020378],[102.78405903794,15.576613352149],[102.784208863324,15.576787865415],[102.784367808768,15.576952069747],[102.784538201868,15.577105925049],[102.784713748492,15.577255178633],[102.784887549439,15.577404462986],[102.785042506883,15.577573247176],[102.785080876564,15.5777936698],[102.785013797568,15.578006884617],[102.784859243245,15.578177614042],[102.784647879709,15.578264723746],[102.784417933075,15.578258531538],[102.784196134977,15.578189031402],[102.783979864415,15.578103644221],[102.783777682175,15.577993199737],[102.783586199704,15.577863394375],[102.783395300057,15.577733578762],[102.783183060548,15.577645865287],[102.782955667278,15.577652035155],[102.782831627539,15.577836901897],[102.782753473603,15.578049179139],[102.782667155445,15.578260468021],[102.782573173051,15.578466249838],[102.782456858709,15.578660008271],[102.782283316063,15.578810759649],[102.782095482458,15.57894370927],[102.781905301234,15.579075571202],[102.781718048784,15.579208510596],[102.78153023505,15.579342587511],[102.781344186756,15.579477762816],[102.781160588801,15.579619662807],[102.781045935909,15.579808879487],[102.781032053597,15.580035842471],[102.781112697044,15.580245387423],[102.78121014749,15.580451259192],[102.781302965371,15.580658338565],[102.781396926188,15.580864270216],[102.781494938356,15.581069004092],[102.781599868986,15.581270234896],[102.781711198374,15.581471355485],[102.781825395118,15.581670170671],[102.781937867719,15.5818701434],[102.782046268776,15.582070186103],[102.7821465678,15.582272624114],[102.782234713618,15.582478654253],[102.782303767322,15.582690653739],[102.782325307898,15.582913622837],[102.782319031807,15.583142710636],[102.782314520559,15.583372896029],[102.782349960872,15.583592241898],[102.782488924499,15.583777094294],[102.782662730872,15.583926379479],[102.782869470455,15.584031105556],[102.783089592112,15.58410401861],[102.783314180453,15.584166702734],[102.783535944024,15.584233946233],[102.783744387948,15.584336386932],[102.783895320715,15.58450749626],[102.783970755107,15.584718256841],[102.783987145649,15.584945825931],[102.783978462427,15.585170442958],[102.78392839542,15.585391260881],[102.783816568297,15.585575918536],[102.783585983534,15.585630648659],[102.783352786257,15.58563804777],[102.78311996299,15.58563416136],[102.782886017622,15.58563254997],[102.782656058353,15.585657940172],[102.782453264166,15.585768589391],[102.782270202973,15.58590822607],[102.782107914185,15.586070065424],[102.781965733436,15.586249605234],[102.781819980564,15.586424695496],[102.781652352421,15.586580985803],[102.78147643561,15.586729522884],[102.781311175069,15.586888028225],[102.781156009787,15.587057640386],[102.781009112002,15.587233877138],[102.780875135351,15.587416659302],[102.780824484099,15.587637487336],[102.780859404035,15.587860226459],[102.780965481888,15.588060309195],[102.781094643071,15.588249842707],[102.781257566179,15.588408339557],[102.781445089505,15.588543853223],[102.781626318578,15.588685114916],[102.781805905178,15.58883204456],[102.781989543271,15.588977775366],[102.782169733669,15.589125822182],[102.782341301163,15.589279657156],[102.782497328236,15.589442783359],[102.782628590282,15.58961987159],[102.782704587623,15.589829494767],[102.78274950377,15.590057700776],[102.782798347308,15.590277943294],[102.782090372873,15.591304186765],[102.78123406702,15.591571598205],[102.780549514863,15.591367938199],[102.780128798175,15.590891275411],[102.779821598319,15.590830011122],[102.779558623477,15.591022909974],[102.779282718876,15.591272429085],[102.779020641173,15.591419064068],[102.778414376767,15.591550188207],[102.777630472709,15.591736254464],[102.776912505179,15.59231372223],[102.776645143297,15.592839448191],[102.776633314471,15.593782646891],[102.776827264297,15.594427901529],[102.777225121448,15.594800060912],[102.777861161038,15.595118491125],[102.778578988367,15.595517853991],[102.778890053409,15.596234409033],[102.778762624708,15.596933694369],[102.778601673819,15.597518502996],[102.778606916009,15.598058716032],[102.778872002199,15.598647472167],[102.779340944028,15.599055624761],[102.779745671347,15.59986531515],[102.779594284877,15.600622540966],[102.779326924824,15.601148270765],[102.779249483243,15.601653811718],[102.779444255028,15.602183992793],[102.779767744843,15.602878898153],[102.779735560645,15.603567520747],[102.779244733374,15.603997837797],[102.778334036983,15.60387251887],[102.777506534113,15.603714181445],[102.777144615624,15.604193034908],[102.777277467238,15.604964545569],[102.77712693176,15.60564167002],[102.776753560746,15.606130872609],[102.776613107319,15.606945438081],[102.776853699607,15.607625983155],[102.777000454374,15.608203240064],[102.776902314606,15.608500460963],[102.776414050059,15.608690470423],[102.77609342891,15.608755771829],[102.775582841362,15.608807421374],[102.775440115584,15.608862892571],[102.775069523376,15.609123065282],[102.775123519141,15.60956092268],[102.775473573316,15.609990301251],[102.775886843992,15.610121931167],[102.776171267468,15.610113652588],[102.776502686906,15.610129379295],[102.776774594583,15.610200273935],[102.776833078376,15.610247771101],[102.776926733949,15.610340908959],[102.776985257074,15.610422243861],[102.776910762805,15.610707778051],[102.776206092906,15.611124854751],[102.775386045597,15.611311549644],[102.774991841603,15.611617248726],[102.774902154123,15.612121873603],[102.77539083048,15.61287485404],[102.775963547935,15.613513586939],[102.775851599357,15.613914820005],[102.775363903378,15.614104820088],[102.775095258268,15.613767664086],[102.774635901856,15.613566892335],[102.774613606018,15.614382809373],[102.774663977106,15.615130924854],[102.774207687853,15.615574179429],[102.773853303979,15.615512597977],[102.773629263937,15.615418317659],[102.773347451626,15.615220128645],[102.77322735987,15.61536770459],[102.773300100164,15.616161683754],[102.773195182794,15.617010606805],[102.77278693057,15.61740791397],[102.772017202089,15.6173884421],[102.771391717133,15.617173601389],[102.770874057622,15.616903889223],[102.770235326603,15.61679192006],[102.769946360464,15.617156716467],[102.770150394956,15.617906706306],[102.770684461176,15.618786379772],[102.771289236379,15.619713339034],[102.771348263555,15.620680137431],[102.771136283725,15.621562486649],[102.770414894582,15.622403965477],[102.769464587513,15.623521225175],[102.769174206598,15.623999973649],[102.768548391963,15.624785662693],[102.768124529967,15.625539679445],[102.767868121595,15.626157713847],[102.768939919781,15.626652524033],[102.769527301873,15.627073316106],[102.769910503814,15.627722087578],[102.770334587649,15.627933623246],[102.771613199274,15.627993967268],[102.772818791681,15.628261982419],[102.773615405339,15.628983715565],[102.773948316313,15.629872474589],[102.773879572264,15.630630536725],[102.772912707197,15.631194258029],[102.772518577427,15.631442433332],[102.7726683232,15.631800810435],[102.772914649161,15.631998478746],[102.773293649989,15.632004360895],[102.773887441785,15.631884720941],[102.774242605024,15.631923723496],[102.774236743681,15.632429161702],[102.773884552299,15.633091714269],[102.773840356481,15.633791826626],[102.77415790031,15.633969090327],[102.774970165214,15.633448632762],[102.775649984425,15.633100780334],[102.776097732156,15.633300612755],[102.776903227842,15.634060525517],[102.776845416995,15.634081825762],[102.776716637654,15.63416864418],[102.776630498742,15.634263751303],[102.776487001055,15.634436549701],[102.776422555493,15.634540306651],[102.776401870933,15.634650078014],[102.776406162672,15.634788745365],[102.776448276098,15.634895178234],[102.77654736609,15.635029955394],[102.776683799549,15.635138146094],[102.777073948635,15.635370552651],[102.777368827943,15.635517745986],[102.777605440875,15.635661431718],[102.777668815944,15.635721249578],[102.777723420092,15.635810546967],[102.77776223177,15.635895603874],[102.777804489229,15.636041512985],[102.777826475319,15.636351328292],[102.7778042069,15.63656490083],[102.77780576025,15.636649472288],[102.777811905278,15.636730580625],[102.777838707599,15.636795541015],[102.777877915052,15.636870440138],[102.777949455254,15.636962828311],[102.77804711912,15.637019799503],[102.778106506618,15.637052614466],[102.778201262246,15.637078051497],[102.778271685907,15.637077964739],[102.778332032738,15.637067899993],[102.778399153585,15.637046438623],[102.778459770572,15.637019449547],[102.778490713591,15.636992972335],[102.778526686023,15.636955128605],[102.778546723568,15.636873568696],[102.778567091626,15.636810050699],[102.778594357111,15.636773485138],[102.778639721816,15.636739991284],[102.778737618874,15.636714615005],[102.778850808571,15.636697998673],[102.778986751378,15.636715956984],[102.779089129524,15.636807813574],[102.779186833995,15.636867038552],[102.779329594913,15.636844271889],[102.779455648886,15.63679923391],[102.779555895517,15.636743361422],[102.779674825484,15.636627383864],[102.779841483002,15.636606460521],[102.779940104116,15.636620551251],[102.780101791267,15.636677543696],[102.780172689769,15.636734975732],[102.780231262933,15.636850146213],[102.780247793042,15.63705289714],[102.780252417895,15.637241189864],[102.780223209988,15.637488720225],[102.780199302963,15.637676377393],[102.780224250988,15.637862063416],[102.78041139599,15.638322432404],[102.780516010492,15.638599237076],[102.780621147349,15.638841065445],[102.780618282107,15.63925508293],[102.780567976821,15.639621415575],[102.780541148665,15.640093373369],[102.780467149241,15.640563888629],[102.78039338326,15.64092047547],[102.780320223822,15.641183428252],[102.780259324674,15.641448426249],[102.780139495071,15.641642251219],[102.779983337293,15.641917916474],[102.779650197054,15.642064663586],[102.779257685239,15.642211306993],[102.779007208933,15.642358882569],[102.778756960197,15.64251886173],[102.778584746955,15.642586128097],[102.778400856579,15.642619756574],[102.778265097134,15.642611947305],[102.778139437209,15.642583660126],[102.777796937471,15.64244293061],[102.777529973469,15.642358426024],[102.777419150182,15.642345673202],[102.777319963213,15.64236430385],[102.777181476422,15.642429859413],[102.777085422886,15.642524010383],[102.777012558018,15.642644833706],[102.776951534669,15.642839898366],[102.776898654541,15.643066406836],[102.776889670733,15.643179359525],[102.77689670975,15.643277373035],[102.776931346651,15.643356861965],[102.777006608514,15.6434615945],[102.777178580258,15.643634593287],[102.777349390306,15.643776028571],[102.77747874594,15.643878698774],[102.777584432597,15.643960346581],[102.777667552679,15.644017567284],[102.777756410206,15.644038593713],[102.777833092657,15.644030502791],[102.777885316865,15.643990122545],[102.777917136075,15.643916255082],[102.778002122644,15.643663249133],[102.778038914058,15.643479882208],[102.778053213548,15.64343451644],[102.778076283301,15.643391254395],[102.778105794039,15.643350138068],[102.77812697059,15.643330597085],[102.778146567336,15.643320107167],[102.778167951106,15.643311842364],[102.77819758453,15.643309075091],[102.778252923413,15.643311504142],[102.778308969443,15.643320689733],[102.778368609307,15.64333545227],[102.778434753258,15.643355742432],[102.778495306586,15.643388536775],[102.778549542368,15.643425952019],[102.778583309447,15.643458081498],[102.778613688984,15.643495908402],[102.77866345492,15.643575135829],[102.778771938298,15.643840594681],[102.778877184052,15.644024895094],[102.778955502959,15.644105886465],[102.779054583319,15.644176366782],[102.77920760874,15.644268476324],[102.779338108886,15.644338414151],[102.779515908142,15.644384976824],[102.779705385211,15.644433592787],[102.779918430679,15.644434427686],[102.779980894663,15.64450779557],[102.780009548464,15.644578363225],[102.780011767082,15.644699019011],[102.779950158684,15.6450204281],[102.779888863808,15.645295584868],[102.779841084817,15.645387775633],[102.779781065887,15.645479049737],[102.779681604836,15.645546189338],[102.779527948196,15.645609752612],[102.779279853235,15.645855422851],[102.779016353593,15.646244611624],[102.778894026177,15.64646103838],[102.778824235448,15.646622416387],[102.77876400846,15.646702414211],[102.778700927693,15.64691217932],[102.778714783283,15.647032633488],[102.778761516708,15.647105146093],[102.778832044657,15.647173863121],[102.779019586841,15.647338694877],[102.779174213711,15.647486047055],[102.77923985757,15.647574023777],[102.779279275809,15.647660198187],[102.779302505332,15.647752291041],[102.779302084543,15.647856071943],[102.779274317991,15.647928742578],[102.779229885742,15.647981396494],[102.779163675358,15.648020890691],[102.779063487305,15.648048563734],[102.778801080976,15.648085804024],[102.778564713684,15.648114699624],[102.778393309748,15.64813119393],[102.778339130949,15.648160328467],[102.778314938159,15.64823744837],[102.778325614931,15.648343293771],[102.778367837357,15.648455363422],[102.778431445471,15.648527583876],[102.778714725673,15.648770850231],[102.778723055843,15.648844024799],[102.778713555623,15.64889720362],[102.778653181646,15.649000891562],[102.778565377856,15.649068957801],[102.778462986067,15.649103436578],[102.778336095545,15.649103370961],[102.778198793902,15.649075285587],[102.777892980469,15.648967765429],[102.777591638182,15.648818432496],[102.777536671442,15.648804717393],[102.777468654092,15.648809274208],[102.777403273621,15.648862290288],[102.777324587255,15.649014796996],[102.777120559752,15.649346559836],[102.776630984788,15.649850190281],[102.776272044924,15.650272607849],[102.776057172903,15.650489502737],[102.775906664897,15.650629712597],[102.775794940015,15.650694806784],[102.775677833881,15.650720514521],[102.775557280535,15.65071695423],[102.77542783404,15.650672940049],[102.775344274371,15.650623621461],[102.775265245514,15.650567457711],[102.77520317598,15.650483929915],[102.775137055862,15.650370015624],[102.775074346109,15.650219947152],[102.774979674436,15.650072686749],[102.774909792155,15.649975756905],[102.774834213532,15.64991727746],[102.774732677198,15.649871652507],[102.774542693984,15.649859137078],[102.774424134269,15.649869077428],[102.774377664639,15.649905974103],[102.774347092191,15.64995274846],[102.774304484633,15.650041465598],[102.774219599885,15.650236942754],[102.774198105699,15.650334319659],[102.774218527807,15.650432102657],[102.774382725562,15.650720290863],[102.774475912301,15.6510085755],[102.774557134982,15.651215851855],[102.774521945004,15.651328128708],[102.774473019513,15.651421467696],[102.774418692265,15.651474291672],[102.774329933001,15.651490486106],[102.774176674985,15.651385970048],[102.773975995487,15.651234896405],[102.773787812073,15.651003520451],[102.773622502806,15.650876652051],[102.773551741796,15.650858696394],[102.773486736373,15.650868840996],[102.773361171413,15.650909357152],[102.773141563581,15.651027069231],[102.77308738306,15.651056202791],[102.77282584415,15.651077630173],[102.772683694008,15.651134223627],[102.772611617625,15.651203144922],[102.772569862347,15.651274928406],[102.772562976625,15.651375437462],[102.772573963779,15.651466614587],[102.772608996865,15.65153594647],[102.772715268669,15.651617585215],[102.772727488304,15.651617374572],[102.772893133437,15.651699118599],[102.772937644635,15.651745726479],[102.772969644208,15.651808341775],[102.772998065445,15.651929674672],[102.773005791423,15.65200173227],[102.772985255464,15.652056229399],[102.772842354181,15.652135395657],[102.772700164119,15.652158150511],[102.772670901882,15.652181214576],[102.772681684308,15.652229531907],[102.772687017482,15.652329831222],[102.772706832438,15.652489663001],[102.77275324241,15.652734763779],[102.772779313401,15.652886592711],[102.772836160479,15.653066090585],[102.772721669773,15.653107543726],[102.772657703111,15.653110902436],[102.772491908741,15.653052848635],[102.772373743336,15.653052629626],[102.772290323608,15.653074371264],[102.772184455388,15.6531416191],[102.772123288012,15.653234039985],[102.771942691924,15.653542836916],[102.77185028748,15.653645948024],[102.771764286948,15.653717365229],[102.771639174302,15.653782688626],[102.771513916658,15.653840118589],[102.771169703226,15.653860714525],[102.771069263113,15.653874853219],[102.771016830464,15.653872371919],[102.770968283883,15.653859672692],[102.770897752781,15.653822536657],[102.770845697454,15.653777186342],[102.770812823974,15.653730377498],[102.770791047884,15.653685632488],[102.770773906279,15.653639680535],[102.770758448279,15.653590315618],[102.77074831252,15.653513787387],[102.770757504363,15.653443693121],[102.770787082264,15.653374376472],[102.770961196623,15.653061179933],[102.770973982331,15.652996664567],[102.770969564403,15.652882814378],[102.770917971317,15.652513723027],[102.77091012182,15.65243489944],[102.770896080897,15.652335877927],[102.770871731549,15.652246058797],[102.770849148596,15.652157337209],[102.770819019339,15.652101456255],[102.77077700154,15.652063828768],[102.770755202588,15.652049540567],[102.770731179549,15.652040930602],[102.770695143763,15.65204380744],[102.77066623551,15.652054457358],[102.770630551508,15.652076503849],[102.770552781756,15.652120707112],[102.770510653062,15.652172192202],[102.770480847514,15.652229104901],[102.770451145434,15.652291656638],[102.770432622477,15.652360782778],[102.770322691931,15.652809359264],[102.770314654676,15.65300576786],[102.770311409151,15.653050943138],[102.770299393843,15.653094013537],[102.77027291304,15.65314184509],[102.77023947113,15.653190924555],[102.770214095438,15.653203769558],[102.770181093047,15.653213361999],[102.770136848442,15.653212996256],[102.770091877096,15.653204747135],[102.770024420411,15.653176581647],[102.769968685308,15.653152726145],[102.769916193283,15.653115278945],[102.769871661551,15.653067541837],[102.769845897832,15.65299579464],[102.769840065893,15.652900016413],[102.769850630398,15.652809594758],[102.769869197513,15.652711140261],[102.769884812849,15.652610480644],[102.769934799364,15.652289271064],[102.769947854371,15.652239413958],[102.769953512901,15.652167125476],[102.769954099938,15.652103948231],[102.769948578418,15.652025084428],[102.76993305873,15.65197233559],[102.769904571972,15.65191078714],[102.769854971686,15.651840578489],[102.769774740761,15.6517505928],[102.769678320458,15.651666526741],[102.769536515502,15.651551657826],[102.769371017801,15.651446220718],[102.769217614045,15.65136539175],[102.769159073507,15.651347224161],[102.769100781169,15.651342587204],[102.769047786969,15.651341243851],[102.768992111771,15.651352354495],[102.768877497524,15.651387039792],[102.768777822499,15.651442899517],[102.768701110912,15.651513027607],[102.768675129918,15.651556339355],[102.768662656461,15.651606185524],[102.768657371574,15.65166718777],[102.768669898716,15.651715475455],[102.768693502468,15.651764700388],[102.768750853135,15.651844928701],[102.768845150707,15.651971895243],[102.768962989313,15.652144704626],[102.769007517911,15.652224025655],[102.76902191498,15.652279049005],[102.769026129377,15.652318455919],[102.769020931011,15.652352385011],[102.768992412882,15.652416043335],[102.768960382701,15.652478634157],[102.768649917815,15.652752442221],[102.768602675523,15.652810783038],[102.768505137035,15.653141835502],[102.768338266011,15.653278939363],[102.767981091394,15.653449775534],[102.767831023393,15.653455743338],[102.767720256381,15.653446370569],[102.767376487728,15.653364305038],[102.767146555167,15.653363750423],[102.766937065649,15.653430523844],[102.7665322492,15.653669857297],[102.76630592229,15.653770759668],[102.766063704047,15.653798616067],[102.76570617279,15.653759648318],[102.765239027058,15.653615406973],[102.76489626658,15.653429544944],[102.764725796906,15.653370437271],[102.764552684006,15.653357623426],[102.764006937586,15.65343468943],[102.763531583068,15.653477831816],[102.763104488016,15.653486303581],[102.762631211063,15.653356825468],[102.762287908164,15.653204807874],[102.762028027418,15.653031051704],[102.761851438239,15.652891959201],[102.761661935719,15.652810616145],[102.761481380156,15.653154374621],[102.761503144333,15.653452919809],[102.76157275511,15.653694242856],[102.761559620773,15.65386705257],[102.761417537462,15.653832271015],[102.761216337977,15.653716160949],[102.760942852453,15.653816740816],[102.760561735306,15.654079345298],[102.760274927677,15.654342584729],[102.760118263223,15.654719773002],[102.760221893813,15.65513422338],[102.760338607117,15.655468362042],[102.760325619436,15.655617480581],[102.760159618712,15.655548141581],[102.759971368176,15.655408120147],[102.759841350726,15.655269353897],[102.759700108093,15.655153340318],[102.759544342371,15.655325216901],[102.75911548344,15.655587512035],[102.758626401726,15.655962512728],[102.758399545396,15.656225849739],[102.758065799855,15.656373709911],[102.757858142813,15.656509252179],[102.757834449491,15.656518683087],[102.757804231365,15.656521458067],[102.757774471374,15.656517457188],[102.757638584295,15.656439702167],[102.757505537249,15.656421683071],[102.757389215957,15.656427064629],[102.757218876569,15.656470597668],[102.757080058109,15.65655081329],[102.756913154531,15.656686783024],[102.756827414505,15.65677285513],[102.756757236319,15.656882347997],[102.756735110329,15.656977480715],[102.756754967514,15.657203868448],[102.756752759182,15.657242258329],[102.756745333317,15.657281865796],[102.756561504618,15.657765550658],[102.756426835268,15.658327352317],[102.756304746234,15.658844946048],[102.756170451799,15.65939546137],[102.755942987314,15.659657678715],[102.755597688831,15.659874542913],[102.755251675741,15.660147819898],[102.754819036497,15.660427094543],[102.75474175872,15.660466773012],[102.754648481227,15.660490934064],[102.754466209518,15.660518878524],[102.754204919596,15.660554946073],[102.754004087919,15.6605865927],[102.753849831723,15.660618567905],[102.753730567747,15.660686038615],[102.753669146802,15.660733340675],[102.753598806643,15.660802227814],[102.753540248317,15.660878808788],[102.753490208887,15.660975548522],[102.753393003587,15.661262601973],[102.753344091925,15.661452945653],[102.753289438093,15.661552019666],[102.753212217488,15.661626665735],[102.7531249018,15.661658619998],[102.753020633448,15.661654768108],[102.752679302102,15.661579407159],[102.752326527673,15.661451225753],[102.75196870165,15.661333282369],[102.751697212443,15.661193553475],[102.751365764328,15.661053724434],[102.751252164686,15.661048904551],[102.751147746214,15.661068743272],[102.751032998115,15.661096655116],[102.750938694695,15.661160312493],[102.75089628497,15.661228720025],[102.750858382213,15.661320738382],[102.750841155959,15.661429323171],[102.750839743739,15.661670740504],[102.750873248399,15.661911559982],[102.750890268579,15.662046629637],[102.750892306972,15.66215826719],[102.750874055939,15.662178884258],[102.750839243019,15.662185121265],[102.750777558231,15.662186179038],[102.750729427838,15.662164444262],[102.750540067435,15.662059401835],[102.750351800097,15.661886660118],[102.750221612679,15.661770451609],[102.750008919129,15.661630840444],[102.749831482014,15.661572969079],[102.749638697204,15.661567249844],[102.749392369281,15.66159403151],[102.749166902987,15.661647528415],[102.74890329119,15.661747927184],[102.748725943685,15.661886327555],[102.748618243556,15.662013383067],[102.748580003795,15.662118943125],[102.748566643975,15.662216180745],[102.748580969951,15.6622994087],[102.74866249559,15.662460444595],[102.748956301719,15.662866005451],[102.749368881438,15.663304498734],[102.749569390986,15.663478159325],[102.749668201331,15.663565577841],[102.749716574836,15.663632429795],[102.749753873885,15.663794223226],[102.749752560127,15.663945399495],[102.749731316313,15.664089020519],[102.74963955931,15.664196627174],[102.749504327764,15.664282418115],[102.749325908104,15.664362181348],[102.749171291353,15.664406568203],[102.749054789808,15.664466093683],[102.748980686492,15.664520380301],[102.748949853545,15.664585205243],[102.748935253131,15.664646367907],[102.748943868551,15.664703748587],[102.748969087214,15.664777765659],[102.749107695921,15.665004375876],[102.749296058336,15.665245925057],[102.749354798017,15.665338542561],[102.749343607,15.665395134757],[102.749303154126,15.66544320548],[102.749223045825,15.665487443127],[102.748925527397,15.665612112338],[102.74868238709,15.665686215857],[102.748402486567,15.665723725879],[102.748195967118,15.665794946099],[102.747974620294,15.665914924623],[102.747799329171,15.666038625708],[102.74769808992,15.666168953687],[102.747630596982,15.666330288459],[102.747595091338,15.666489946138],[102.747553161325,15.66677605178],[102.747516094149,15.666945889211],[102.747324717262,15.667177026648],[102.747180812779,15.667393815287],[102.747095178244,15.667773166671],[102.747109394575,15.668009805841],[102.747149790959,15.668405046508],[102.747254085373,15.668760838838],[102.747334881093,15.669073041443],[102.747450927302,15.669498569545],[102.74742478813,15.669820500898],[102.747421209054,15.67032591186],[102.747285760032,15.671037753613],[102.747317266371,15.671296656445],[102.746135813218,15.670420131241],[102.746044226747,15.670250242103],[102.74597228857,15.670040536797],[102.745891209565,15.669808426939],[102.745788154861,15.669616173867],[102.74566781554,15.669497537501],[102.745486818021,15.6694363407],[102.745300926144,15.669425988958],[102.744896282605,15.669518648945],[102.744540285822,15.669661235632],[102.744182565041,15.669900860399],[102.744078820612,15.66995790962],[102.743961675503,15.669982475923],[102.743778624994,15.670000273718],[102.743634469754,15.669980181854],[102.743492915772,15.669943125157],[102.743328608815,15.669871488613],[102.742879966468,15.669626492643],[102.742135726891,15.669197047649],[102.741804923949,15.668997409547],[102.741698028829,15.669009390998],[102.741587114384,15.669056409645],[102.74148373935,15.66913375564],[102.741149759364,15.669430499383],[102.740648236717,15.669829373836],[102.74018427038,15.670021178013],[102.740043373162,15.670020204246],[102.739876007448,15.669972305539],[102.740152025145,15.669561497063],[102.740379707629,15.669309438521],[102.740407578985,15.669209695379],[102.740408262701,15.669119442377],[102.740381676591,15.669034167944],[102.740131981033,15.668908716513],[102.739862134984,15.668731720614],[102.739340725573,15.668422534663],[102.739248316321,15.668335001592],[102.738984182021,15.667896205545],[102.738908212645,15.667816286361],[102.738838466911,15.667790406496],[102.738663770575,15.66772345636],[102.738458387166,15.667697638479],[102.738240549889,15.667691210524],[102.738054959665,15.66772935185],[102.737966885562,15.667783874356],[102.737672741022,15.668094595717],[102.737530243106,15.668197425215],[102.737350629,15.668276072617],[102.736839467945,15.668433707619],[102.736656163319,15.668469552832],[102.736471537578,15.668464810832],[102.736329690359,15.668443546297],[102.736199551113,15.668393881082],[102.735975827724,15.668128104868],[102.735517683667,15.667584326797],[102.734799107376,15.666900608534],[102.734701976694,15.6668413533],[102.73456672422,15.666798542284],[102.73441315598,15.666772963402],[102.734290281216,15.66677054965],[102.734190566056,15.666825269539],[102.734122482553,15.666890729483],[102.734039347053,15.667056841433],[102.734012993646,15.667400211488],[102.733998814062,15.667676820281],[102.733874761877,15.667897776089],[102.733770663358,15.668031532426],[102.733645415676,15.668122784959],[102.733520695913,15.668179059685],[102.732900629088,15.668046385282],[102.732833080649,15.668045282387],[102.732750442245,15.66804669312],[102.732290593707,15.668113199116],[102.73222830336,15.668113134311],[102.732112783148,15.66803501624],[102.73169840564,15.667624717024],[102.731445353287,15.667474494894],[102.731391005505,15.667463013108],[102.731309818108,15.667480190859],[102.731045415723,15.667666315623],[102.730521788372,15.667939207931],[102.730260039905,15.667983153436],[102.730201462446,15.66793113543],[102.730153114408,15.667865406566],[102.730095791046,15.667786293555],[102.729931952332,15.667451807073],[102.729651079072,15.666955750596],[102.729122182159,15.666329687661],[102.729015106496,15.666235631088],[102.728857187338,15.666162745017],[102.728744651636,15.66612067072],[102.728656530188,15.66610863598],[102.728570891996,15.666137168831],[102.728470920725,15.666209939182],[102.728405227973,15.666343039588],[102.728374054126,15.666485702832],[102.728347905554,15.666648585841],[102.7283597736,15.666725089522],[102.728383198933,15.666796884033],[102.728512659132,15.666969522224],[102.728569891323,15.667075710087],[102.728581681234,15.667212000629],[102.72855635605,15.667324108274],[102.728449823409,15.667452264059],[102.72818725391,15.667611280985],[102.727626201565,15.668067546983],[102.727472889763,15.668088209001],[102.727317993425,15.668053623515],[102.727235748866,15.667980575404],[102.727200906355,15.667857085002],[102.727190909391,15.667627136177],[102.727243459264,15.666994541306],[102.727196574694,15.666752812856],[102.727128156847,15.666511451379],[102.727017879094,15.666273059327],[102.726909289157,15.666095552097],[102.726807001642,15.665976595912],[102.726757011595,15.665916533214],[102.726718049587,15.665886740323],[102.726650816351,15.665870965572],[102.726582665787,15.665868742812],[102.726468868017,15.665885346375],[102.726386986341,15.665928478811],[102.726329773005,15.665983599242],[102.726253714622,15.666090930247],[102.72617174494,15.666225434737],[102.726121099621,15.666353766227],[102.726096176417,15.666584310378],[102.726058679291,15.666667295649],[102.726022018555,15.66673221815],[102.725942148429,15.666789980651],[102.725868832888,15.66682394277],[102.725789931704,15.666838823483],[102.725680899227,15.66682940081],[102.725453880624,15.666798298565],[102.724990994699,15.666793774664],[102.72437513101,15.666732069432],[102.724115954611,15.66650072328],[102.723867218344,15.666395538811],[102.723852935808,15.666763522253],[102.723365914655,15.666840625305],[102.723258823179,15.666874032787],[102.722784317245,15.666870830993],[102.722156536389,15.666761943824],[102.721789945408,15.666610257227],[102.721506800539,15.666469558254],[102.721269307941,15.666502927818],[102.721102183692,15.666628728696],[102.720839038616,15.666949056914],[102.720528078042,15.667232974154],[102.720314067253,15.667277224646],[102.719982253726,15.667309941632],[102.719757601916,15.66721675095],[102.719499234821,15.66686919654],[102.719169695545,15.666545411988],[102.718921112464,15.666416529911],[102.718790710458,15.666416491403],[102.718564387205,15.666552320742],[102.718076688421,15.666720795087],[102.717779874582,15.666821724047],[102.717631534225,15.666827630073],[102.717507135103,15.666773342793],[102.717378387237,15.666543153918],[102.717155596009,15.666231087434],[102.717075621693,15.666090312574],[102.716943995463,15.666022611181],[102.716730198747,15.666046549642],[102.716646394593,15.666112272358],[102.716442745532,15.666375183198],[102.716334017962,15.666639865874],[102.71620038754,15.667040336926],[102.716066102974,15.667533319557],[102.716065039477,15.667731874145],[102.716062812795,15.667994746964],[102.716123755908,15.6681775823],[102.71617880807,15.668324421238],[102.716284634892,15.668478293491],[102.716759852509,15.668809758812],[102.716838296571,15.668930253948],[102.716865108442,15.669060651984],[102.71685979858,15.669217541028],[102.716749529934,15.669364932952],[102.716584768906,15.669492946368],[102.716471742227,15.66955239777],[102.716358767458,15.669582519132],[102.716220103138,15.669544266459],[102.716122627373,15.669465831234],[102.715734032158,15.669095667149],[102.715570690924,15.668948412185],[102.715474716311,15.668920713927],[102.715419877833,15.668946462733],[102.71534288217,15.669034630443],[102.715178170678,15.669261910861],[102.715030979367,15.669492276768],[102.71477088272,15.669917457465],[102.714668676703,15.670124498983],[102.714591506063,15.670299528991],[102.71457220815,15.670391229385],[102.714584837445,15.670477874257],[102.714608708098,15.670574481438],[102.714771078364,15.670893216252],[102.714980935846,15.671423217132],[102.714823817229,15.671812807982],[102.714595625693,15.672167507263],[102.714284218589,15.672556334561],[102.71426650097,15.672831879459],[102.714327894147,15.673039525527],[102.714668129795,15.673535726693],[102.71486308351,15.674399882378],[102.714942436907,15.674859905574],[102.714750143229,15.675203843967],[102.714582834306,15.675352205113],[102.714438232684,15.675661491561],[102.714398020674,15.676270192774],[102.714335653378,15.676684118824],[102.714096317928,15.676970197397],[102.713880966561,15.677198338869],[102.713355681507,15.677607720786],[102.712759747478,15.678005894502],[102.712366566532,15.678187421127],[102.712253228419,15.678165656525],[102.712153921272,15.678082739894],[102.712073250345,15.677839323071],[102.71197079913,15.677711336924],[102.711873075083,15.677619368829],[102.711733804544,15.677515696869],[102.711601189829,15.677458162608],[102.711174705273,15.67740787388],[102.71103931479,15.677325568403],[102.710727111575,15.677027422656],[102.710585155031,15.677000503581],[102.710394982628,15.677011628591],[102.710268634438,15.677107401659],[102.710227166805,15.67722880689],[102.710142065684,15.677480679421],[102.710102566946,15.677678759479],[102.710139780185,15.677837182658],[102.710314506677,15.678195193763],[102.710326277443,15.67829877442],[102.710306343966,15.67841981499],[102.710204917947,15.67857382361],[102.710038023819,15.678648852192],[102.709848696929,15.678674627321],[102.709587426999,15.678649732357],[102.709257535288,15.678468074818],[102.709138837512,15.678439632129],[102.708846944061,15.6784919643],[102.708521309826,15.678674594543],[102.70831649617,15.678938649973],[102.708255603113,15.6791449895],[102.708286881488,15.679393758917],[102.708382488709,15.679594058489],[102.708484366594,15.67975476978],[102.708664315585,15.679918667279],[102.708778511252,15.679987797201],[102.708984113058,15.680024917312],[102.709188595623,15.679935715507],[102.709329681162,15.679785545169],[102.709525948745,15.679467486672],[102.709653503394,15.679373949308],[102.709899399922,15.679256969886],[102.710176386048,15.679217298682],[102.710309573296,15.679242110523],[102.710433182996,15.679316719042],[102.710517940168,15.679399884436],[102.710565703367,15.679529927046],[102.710539098552,15.679829313489],[102.710379029897,15.680120811968],[102.71034682387,15.680207091438],[102.710330392356,15.6802964863],[102.710379306885,15.680586693199],[102.710648699151,15.681060412936],[102.710835274812,15.681429502087],[102.710801485235,15.681589131649],[102.710679004085,15.681737858052],[102.710490489854,15.681873041195],[102.710238117955,15.681954034228],[102.709739409503,15.682031312452],[102.709288098056,15.682154035897],[102.709187958651,15.682250492142],[102.709155249252,15.682405591185],[102.709234976482,15.682854330461],[102.709266148494,15.68341895689],[102.709143718036,15.683956860107],[102.708938558067,15.684555955499],[102.708727892905,15.685140479728],[102.708476226733,15.68587234661],[102.708191410764,15.686284408972],[102.707878395461,15.686489387559],[102.707474238546,15.686612436981],[102.706975496265,15.686688584727],[102.706296028063,15.686719289921],[102.705820437261,15.686691260508],[102.705599889346,15.686632959166],[102.705484658426,15.686603328465],[102.705009125841,15.686353068618],[102.70467914757,15.686263907805],[102.704535048437,15.686279888322],[102.704464834447,15.686325073228],[102.704379114092,15.686543113491],[102.704248334227,15.686684082999],[102.704103975144,15.686782415736],[102.703996214934,15.686844030015],[102.703854084538,15.686872385397],[102.703570074517,15.686814029058],[102.703383230244,15.686848782556],[102.70323699056,15.686971963941],[102.703110903645,15.687179407825],[102.702987566639,15.687539094485],[102.702861039736,15.687980054401],[102.702760269711,15.688751100068],[102.702732933487,15.689203915111],[102.702682789979,15.689554463688],[102.7026224149,15.689693111092],[102.702514628542,15.689817896643],[102.702276627422,15.689953914118],[102.702140966737,15.690018257002],[102.701955303592,15.690054117928],[102.701754716181,15.689972912784],[102.701683762533,15.689880486654],[102.701531678791,15.68961571375],[102.701357435227,15.68918774689],[102.701248108078,15.689098226065],[102.701097411071,15.689071450341],[102.700752756713,15.689137076856],[102.700550076014,15.689262342389],[102.700488466165,15.689526224043],[102.700461927211,15.689894422766],[102.700494805109,15.690296583638],[102.700491421659,15.690721921003],[102.700445979368,15.690946047601],[102.700345928895,15.691112439561],[102.700059012452,15.691409469372],[102.699760202435,15.691660449122],[102.699709409619,15.691684998931],[102.699645004772,15.691697370688],[102.699548445605,15.691702390757],[102.699471431824,15.691693542941],[102.699381808198,15.691663474673],[102.69928636318,15.691633505883],[102.699215100568,15.691588462612],[102.699120698477,15.691551706805],[102.698848330806,15.691525862769],[102.698764055723,15.691534058588],[102.698703163452,15.691547498633],[102.698653933452,15.691561869196],[102.698586761656,15.691582183936],[102.698534885963,15.691611264078],[102.698496681408,15.691655905523],[102.698459141227,15.691705047956],[102.698438040908,15.691761808379],[102.698419126321,15.691810635356],[102.698357717105,15.692085795183],[102.698304774861,15.692184833163],[102.698254896585,15.692260130863],[102.698189344481,15.692337949231],[102.698141225423,15.692381630504],[102.698071867535,15.692409878601],[102.69802207463,15.692425386664],[102.697949920436,15.692427736667],[102.697868392324,15.692426860302],[102.697773610443,15.692401391891],[102.69770272631,15.692345061084],[102.697650020218,15.692263604165],[102.697630694652,15.692192863507],[102.697598372792,15.692079476555],[102.697579576297,15.692038055637],[102.69748200368,15.691922389337],[102.697458998462,15.691905857935],[102.697433766774,15.69189500454],[102.697398220931,15.691893350278],[102.697267645852,15.691916993409],[102.697170076049,15.691898340251],[102.697077542205,15.691868321157],[102.697007065315,15.691834544406],[102.696933373013,15.69178390022],[102.696876356822,15.691721693959],[102.696830419054,15.691660428192],[102.696801924356,15.691597738153],[102.696784439165,15.691499892681],[102.696791530065,15.691441113367],[102.696844790613,15.691327405439],[102.696909819646,15.691155966173],[102.69691771634,15.691109581914],[102.696893706575,15.691005077624],[102.696860229212,15.690924423822],[102.696801960011,15.690825012621],[102.696740625733,15.690749341699],[102.696613031845,15.690647719731],[102.696479868522,15.690592441629],[102.696328947442,15.690553257784],[102.696130866922,15.690546456873],[102.696029110085,15.690553819383],[102.695937470831,15.690573419321],[102.695859186639,15.690623250937],[102.69578253423,15.690699000391],[102.695697495794,15.690794068837],[102.695625751378,15.690915986738],[102.695593971742,15.691058660637],[102.695578897167,15.691223614031],[102.695594777946,15.691329383322],[102.69562281315,15.691398849763],[102.695904293544,15.691768604128],[102.696221222393,15.692231388973],[102.69631113405,15.692374259152],[102.69635666736,15.692509984957],[102.696359584098,15.692703963382],[102.696226256902,15.693059305069],[102.696069248106,15.693425200198],[102.695980142415,15.693553051635],[102.695865898622,15.693642974391],[102.695544942768,15.693731883589],[102.695343117753,15.693775909741],[102.695229497166,15.693868077823],[102.695139747671,15.693992555756],[102.695018963732,15.69426872045],[102.694967849389,15.694727581565],[102.69498887593,15.695118665079],[102.695062152829,15.695275354879],[102.695152619587,15.695384374983],[102.695287051032,15.695445271295],[102.695460595935,15.695479559981],[102.695721434622,15.695446944046],[102.696030205706,15.695424796102],[102.69626130042,15.695486312337],[102.696491423132,15.695590711151],[102.696869401857,15.695822333252],[102.697199118908,15.696089742673],[102.697273464287,15.696176472463],[102.69731604859,15.696309991564],[102.697297279158,15.696463725885],[102.697218582385,15.696555304547],[102.697100182047,15.696640786307],[102.696886636413,15.696616200164],[102.696543861404,15.696464074786],[102.696331785251,15.696456385015],[102.696096556462,15.696488568334],[102.695878853993,15.696620853269],[102.695187026298,15.697098455975],[102.694663371475,15.697312626967],[102.694340485647,15.697585442913],[102.694028703434,15.698054354959],[102.693751737623,15.69858133801],[102.6936515486,15.699224904671],[102.69361179193,15.699764794747],[102.693490351033,15.700166186036],[102.693121174524,15.700358563881],[102.692585713057,15.700596621083],[102.692002781728,15.700753131266],[102.691812813829,15.700809363813],[102.691645622739,15.700934023112],[102.691465115604,15.701289034355],[102.691201173198,15.701666890013],[102.690938020143,15.701894698145],[102.690459558511,15.702420573999],[102.69011119276,15.702992757393],[102.689856509662,15.703690828463],[102.689898624077,15.704347782811],[102.690049872484,15.704727642596],[102.690155519066,15.704935677835],[102.690126672908,15.705015130517],[102.690061757233,15.705096321243],[102.689973381205,15.705200470984],[102.689828826414,15.705321362776],[102.689617587439,15.705425332978],[102.689386543854,15.705561223844],[102.689249521891,15.705615431849],[102.689129636677,15.705651300919],[102.688858785245,15.705678440613],[102.688773122601,15.705706962511],[102.688747531726,15.705805538208],[102.688747938204,15.705925106848],[102.688749130925,15.706055943805],[102.688769370334,15.706177433288],[102.688956829765,15.706466435192],[102.689093592082,15.706688609799],[102.689120830152,15.706778395788],[102.689165459925,15.707090117559],[102.689215908093,15.707207712817],[102.689283616111,15.707313734591],[102.689423654302,15.707459144641],[102.689579659019,15.707553521404],[102.689665195511,15.707582532751],[102.689766623409,15.707588713911],[102.689987475398,15.707468787593],[102.690028723241,15.70746357769],[102.690136250173,15.707452734493],[102.690370493101,15.707526610139],[102.690466919439,15.707513698402],[102.690566504672,15.707449970094],[102.690646291883,15.707353862662],[102.690874332341,15.706986766096],[102.690965882277,15.706897228034],[102.691075241654,15.706826565823],[102.691322794578,15.706734388449],[102.691635895433,15.706692992905],[102.691855807155,15.706682503536],[102.692056456287,15.706701670555],[102.692145728231,15.70674415452],[102.69219267753,15.70682909403],[102.692238325974,15.70710018659],[102.692286982972,15.707279853873],[102.692314979899,15.707347064986],[102.692366396345,15.707389061373],[102.692508517621,15.707423882296],[102.692875704054,15.707507913752],[102.693023810115,15.707551658435],[102.693123547907,15.707625550575],[102.693165930335,15.707747793232],[102.693141736612,15.707891467153],[102.693061072187,15.708003383084],[102.692951232824,15.708079695639],[102.692799177879,15.708139800824],[102.692491990388,15.70815402385],[102.692443243157,15.708195459297],[102.692428185148,15.708264526222],[102.69247670137,15.708436300183],[102.692499907192,15.708528408878],[102.69251646897,15.708704107851],[102.692485155028,15.708872720689],[102.692377977611,15.708999750129],[102.692222375001,15.70908924486],[102.692032196573,15.709134201985],[102.691872714586,15.709202328892],[102.691781921756,15.709269293291],[102.691737407628,15.709383981403],[102.691696151692,15.709614806224],[102.691608083139,15.709832886443],[102.691443542383,15.710072565062],[102.691359325416,15.710278171343],[102.691116628737,15.710898205041],[102.690944979397,15.711131235431],[102.690781619,15.711275008111],[102.690343861608,15.711508029302],[102.690209740836,15.711626489478],[102.69012164227,15.71181072709],[102.690076445483,15.712016801182],[102.690095518748,15.712557953434],[102.69016148818,15.712858032632],[102.690291972842,15.71324839466],[102.690394303694,15.713498223411],[102.69049240997,15.713707513081],[102.69056317445,15.713821378622],[102.690666232588,15.713917777521],[102.690755630842,15.713967027749],[102.690867621386,15.713977542184],[102.690971413794,15.713953224294],[102.691069622224,15.71390982371],[102.691379755931,15.713671063868],[102.691528091865,15.713565899054],[102.691737272935,15.713476625272],[102.692153586361,15.71337820553],[102.692325778593,15.713401236018],[102.692413970976,15.713448249811],[102.692446113107,15.713551488655],[102.692447276643,15.713712782446],[102.692382607919,15.713904521424],[102.692386083001,15.714000348235],[102.692408504397,15.714081190315],[102.692452301375,15.714152645053],[102.69250169572,15.714211596278],[102.692573887368,15.714243088811],[102.69267822899,15.714249218602],[102.692775536411,15.714220497403],[102.693097233839,15.714074041894],[102.693120713945,15.714052211044],[102.693358629852,15.7140064437],[102.693493200664,15.714009805062],[102.693609287158,15.714021376747],[102.69373663649,15.714044037361],[102.69382055099,15.714079842265],[102.693901819592,15.714130357689],[102.694174341799,15.714324281956],[102.694528211215,15.714637531472],[102.694643590793,15.715029272029],[102.694747183475,15.715477616217],[102.694993350758,15.715824274918],[102.694991130966,15.716088280279],[102.694766145815,15.716076298577],[102.694494399192,15.716022243343],[102.694386543684,15.716015045181],[102.694281451734,15.716064204259],[102.694201717732,15.716130983648],[102.694147799748,15.716208605425],[102.694150918727,15.716316846765],[102.694181662248,15.71643928586],[102.694262726063,15.716704136607],[102.694240749177,15.71687371856],[102.694201689663,15.716968010521],[102.694119928692,15.717116044022],[102.69406539962,15.717159834252],[102.693986279638,15.717196144612],[102.693606744666,15.717170987156],[102.693345450591,15.717179925307],[102.693150852784,15.717238496473],[102.692941290603,15.717339059351],[102.692753661837,15.717493397777],[102.692690173429,15.717589230498],[102.692682963286,15.717738258199],[102.692681782888,15.717834163787],[102.692705796898,15.717938668124],[102.692757468126,15.718026910233],[102.69285781432,15.718101919224],[102.692958336504,15.718154364765],[102.693254104251,15.718248625813],[102.693407896474,15.718284374981],[102.6934835085,15.718344009675],[102.693525149799,15.718457239745],[102.693475966853,15.718603593268],[102.693475425558,15.718767172755],[102.693501739958,15.71883779508],[102.693581183762,15.718883828906],[102.693657931598,15.7189096023],[102.693782731582,15.718919896756],[102.693913898711,15.718863527463],[102.694104239389,15.718794874903],[102.694251835692,15.718777709325],[102.694400687123,15.718797749396],[102.694519336479,15.718854398266],[102.694597196056,15.718909483027],[102.694636582498,15.718994548451],[102.694651690993,15.71912176362],[102.694633829378,15.719293532872],[102.694572948794,15.719533714935],[102.69440427605,15.719867096757],[102.694258702984,15.720028620501],[102.694117318326,15.720164127746],[102.693983085414,15.720244238609],[102.693819656652,15.720287617947],[102.693404080044,15.720330756717],[102.693126120283,15.720416685268],[102.69286831934,15.720522578124],[102.692297967018,15.720701448371],[102.69193962145,15.720915081371],[102.691736491214,15.72114639164],[102.691619089669,15.7213525598],[102.691543650855,15.721592988336],[102.691491497675,15.722155650604],[102.691581342786,15.722777951877],[102.691590161282,15.723201957432],[102.691611496929,15.72351294341],[102.691514282418,15.723772917998],[102.691358673753,15.723959428194],[102.691274380644,15.724031923917],[102.691252584779,15.724050343001],[102.691219890949,15.72407797027],[102.691001120736,15.724152742293],[102.690526648189,15.724159648286],[102.690242408571,15.724123849357],[102.689957769967,15.724098209405],[102.689716910107,15.724142897226],[102.689518013392,15.724221844634],[102.68904128657,15.724458911737],[102.688635893778,15.724744405881],[102.688159543151,15.724970184409],[102.687874018468,15.725024650814],[102.687373690968,15.725309493304],[102.687004845063,15.725490584271],[102.686459403362,15.725405051647],[102.686139095654,15.725403699764],[102.685651906219,15.725480751288],[102.685200655391,15.725580882769],[102.684772844614,15.725656928457],[102.684392784237,15.725700579169],[102.683941658887,15.725743175205],[102.68376247023,15.725914287102],[102.683665988317,15.72608625718],[102.683545489324,15.726315037837],[102.683282929919,15.726577805532],[102.683057803336,15.726720363499],[102.682853410734,15.726850162077],[102.682601395609,15.726954819478],[102.682531529774,15.727020300396],[102.682494562173,15.727166446907],[102.682493587975,15.727306345743],[102.682549287133,15.727553582244],[102.682563272933,15.727812804358],[102.68249973637,15.728100410307],[102.682343168228,15.728363641669],[102.682038005223,15.728621488184],[102.681806363311,15.728725800919],[102.681604540169,15.728772077726],[102.681491965269,15.728697269476],[102.681392685492,15.728552295742],[102.681316530063,15.728397907571],[102.681241424077,15.728172431824],[102.681113835727,15.727813600382],[102.68104935785,15.72772557136],[102.680944656455,15.727667550845],[102.680751113076,15.727656154848],[102.680413896354,15.727750968362],[102.679831300773,15.727931145788],[102.679378947697,15.728100099131],[102.679140222161,15.728328618467],[102.678880435912,15.728131076153],[102.678799280099,15.727957593737],[102.678565112801,15.72756558854],[102.678001250808,15.726812519125],[102.677608753686,15.726294582017],[102.677095369664,15.725886980151],[102.676149742226,15.725373857443],[102.675405438431,15.725045726775],[102.675024166351,15.724957395749],[102.674800126232,15.724674637802],[102.674700149139,15.724166427125],[102.674561306416,15.723763784302],[102.674241461875,15.723658622622],[102.673914920334,15.723472350189],[102.673687875945,15.723216716052],[102.673417479627,15.722881717074],[102.672977382897,15.722598084709],[102.672687721566,15.722163009241],[102.67252550745,15.721690815433],[102.672475833593,15.720448496062],[102.67232882569,15.719493222141],[102.672249549571,15.719067010246],[102.671967828544,15.718652104303],[102.671414237236,15.718176345595],[102.670858909016,15.717895774596],[102.670314200467,15.717752651023],[102.669852977967,15.71758894242],[102.669476180417,15.717229780313],[102.669063139329,15.716927632593],[102.668472798877,15.716577700637],[102.667621871424,15.716146414435],[102.666747146918,15.715784338047],[102.666674561351,15.715795711343],[102.666140967192,15.715882520061],[102.665583638401,15.715912194543],[102.664942638685,15.715919581986],[102.664289281958,15.716017424727],[102.663279107016,15.716285961302],[102.662601388802,15.716486864651],[102.661449170778,15.716628047802],[102.660464021743,15.716700990002],[102.660120706992,15.716617631737],[102.659751975826,15.716741142939],[102.659382728095,15.716933476495],[102.65884716934,15.717171468062],[102.658347256057,15.717351327263],[102.657455678508,15.717609952995],[102.656468924954,15.717854378939],[102.655639149684,15.717791578689],[102.655308331772,15.717592936413],[102.654954925,15.717303294572],[102.654423957002,15.716918481456],[102.653726698296,15.716580450017],[102.653006432085,15.716160448425],[102.652380960717,15.715765931784],[102.651803005339,15.715358207093],[102.651188938339,15.714917241644],[102.651036070822,15.714835192515],[102.650808668882,15.714785977179],[102.650549934319,15.714808357991],[102.649990137666,15.715091858827],[102.649501380676,15.715375297835],[102.649233794236,15.715456487262],[102.648966446645,15.715485778284],[102.648775400875,15.715516049514],[102.648598947851,15.715482902072],[102.648232627439,15.71528483996],[102.648052380122,15.71526754909],[102.647900660025,15.715282496217],[102.647484723691,15.715371804661],[102.647068606718,15.71548367861],[102.646249798187,15.71554587837],[102.645431649768,15.71548171407],[102.644732319735,15.715418946115],[102.644291630067,15.715622603311],[102.643886993109,15.715757969343],[102.643410769996,15.715961090663],[102.642841058044,15.716048448349],[102.642010017105,15.716110836215],[102.641025325979,15.716079896959],[102.640052136227,15.716106294565],[102.639838985202,15.71610533981],[102.639590966341,15.715977487923],[102.639308281719,15.715734016543],[102.639038486482,15.715363979685],[102.638763648547,15.715299749947],[102.638516049394,15.715359158194],[102.637958718738,15.715553468459],[102.637254839133,15.715890109376],[102.636728235249,15.71624071499],[102.636335264213,15.716607140508],[102.636190517349,15.716916405585],[102.635983568777,15.717559506249],[102.635826252007,15.717947949816],[102.635671111504,15.718032889881],[102.635386288956,15.718095173158],[102.635208084812,15.71812747545],[102.634839850694,15.718182122701],[102.634305760857,15.718177486691],[102.633771385366,15.718287924241],[102.63345038548,15.718379011292],[102.633131790014,15.718572717712],[102.632817848939,15.71879906202],[102.632130728578,15.718736051444],[102.631715822263,15.718687683087],[102.631154000084,15.719187778417],[102.630211099604,15.719905178953],[102.62929341898,15.720403297877],[102.628126514594,15.720968736925],[102.626685205986,15.72165944656],[102.626221497566,15.72178223009],[102.625853596824,15.721790604608],[102.625439228517,15.721707243921],[102.624976918002,15.72164611418],[102.624313802033,15.721492429018],[102.623769089682,15.721349184033],[102.623306489724,15.721403125625],[102.623054918923,15.72169949589],[102.622981214696,15.722009832268],[102.622870866861,15.722388466086],[102.622690216689,15.722743449117],[102.622449616669,15.723133272571],[102.622127541702,15.723394712549],[102.621472327707,15.723687634299],[102.620913708889,15.723844700878],[102.620212753311,15.723988335228],[102.619177089988,15.724371051885],[102.618628541686,15.724735524815],[102.618460784144,15.724963939762],[102.618173285114,15.725271055365],[102.617934115749,15.725511936963],[102.617363404543,15.725644376455],[102.616923730971,15.725744181057],[102.616507947897,15.725844716592],[102.616150475617,15.7260153573],[102.615804112821,15.726287346578],[102.615397870164,15.726664119368],[102.61423068021,15.727218220993],[102.613241500076,15.727761469255],[102.61260133536,15.72772131413],[102.612328015077,15.727743894156],[102.611639793142,15.727818476114],[102.610962084368,15.727927854544],[102.610367190123,15.728175751068],[102.610319080074,15.728221674243],[102.609843730834,15.728379593097],[102.60979612881,15.72838827867],[102.609737887648,15.728388115222],[102.609653247789,15.728377107466],[102.609604725022,15.728366629618],[102.609558873442,15.728342569657],[102.609537052794,15.728327136],[102.609517421631,15.728303769895],[102.609383143274,15.728087130892],[102.609136368759,15.727799024686],[102.608853323028,15.727600642974],[102.608522920623,15.727391762426],[102.608226085889,15.727435034331],[102.607847493708,15.727399559276],[102.607574261808,15.727361211379],[102.607288266264,15.727292615032],[102.607219028107,15.727263299868],[102.607144833832,15.727217145245],[102.607018410206,15.727115447122],[102.606962627886,15.72705657706],[102.606912871907,15.726976173149],[102.606680605242,15.72638773126],[102.606455350558,15.72626284769],[102.606255246003,15.726177034158],[102.605998228852,15.726067341609],[102.60581806433,15.725956377301],[102.605393055686,15.725699416916],[102.604944895817,15.725351457431],[102.604485621535,15.724967579377],[102.604013093171,15.724723811114],[102.603672769154,15.724248839243],[102.603333398585,15.723728724289],[102.602565628196,15.723320606828],[102.602235388372,15.723054175068],[102.602154431902,15.722789265415],[102.602133278256,15.722547058978],[102.602146863329,15.722260280172],[102.602103074733,15.721857119468],[102.602046524391,15.721522988425],[102.601966303816,15.721200530024],[102.601900366889,15.720928602919],[102.601792531988,15.720658496079],[102.601617222382,15.720392887339],[102.601504850688,15.720228902574],[102.601381893135,15.720092169408],[102.601159202795,15.719946929013],[102.600970550563,15.719849637249],[102.600720769072,15.719753354799],[102.600390035289,15.719590718855],[102.600231637847,15.719491798564],[102.600106796955,15.719347198358],[102.600002187431,15.719127804185],[102.599805103716,15.718551178072],[102.599714110929,15.718112693715],[102.599139812113,15.717246712624],[102.598618669223,15.715760486258],[102.598137502706,15.715123110671],[102.598080598892,15.714801391637],[102.598095477341,15.714422080859],[102.598054607194,15.714316706404],[102.59803224228,15.714137696642],[102.598016520279,15.713972114398],[102.598049482296,15.713793320097],[102.598113954085,15.713651234642],[102.598199559494,15.713353113382],[102.598206138761,15.713197317679],[102.598178355994,15.713008242883],[102.598073926038,15.712732435315],[102.598017106938,15.712581068966],[102.597956522787,15.71248053316],[102.59782458895,15.712395839463],[102.597685376178,15.712360906034],[102.597465195148,15.712357767526],[102.5972462495,15.712391838898],[102.596913545866,15.7124808099],[102.596497034232,15.71263885248],[102.596231090146,15.712682722285],[102.595950943346,15.712680571848],[102.595729192482,15.712687611053],[102.595500324315,15.712654154107],[102.595266283611,15.712591448811],[102.595086512907,15.712501901752],[102.594874392582,15.712360990862],[102.594591754272,15.712117449076],[102.594321483597,15.711782321965],[102.593945694404,15.711307909443],[102.59356864268,15.71099371818],[102.593155033523,15.710852739604],[102.592503952972,15.710652492276],[102.591817923135,15.710451689997],[102.591235917762,15.71050414145],[102.590382247389,15.710440347776],[102.589730671302,15.710377737098],[102.589151407288,15.710154861654],[102.588595617937,15.709909035613],[102.587860398696,15.709891793714],[102.587385894315,15.709864622355],[102.586781494939,15.709802355608],[102.58630919707,15.709568687573],[102.585979196804,15.709313501269],[102.585780727351,15.708920769904],[102.585465445857,15.708308833355],[102.58524202638,15.708054150203],[102.584888171278,15.707833198038],[102.584533222761,15.707716056825],[102.58395283564,15.70759472078],[102.583137823532,15.707243700218],[102.582369959519,15.706858056433],[102.581706541828,15.706750486854],[102.581172997209,15.706676885628],[102.580769413379,15.706742173724],[102.580341220461,15.706865403365],[102.579888079269,15.707160526103],[102.579565402451,15.707456893321],[102.579076005126,15.707810147238],[102.578442101632,15.708425254858],[102.578154766174,15.708744733065],[102.578083532022,15.708767336906],[102.57770123125,15.709051140963],[102.577248485689,15.70933610051],[102.576914129988,15.709597681821],[102.576652272566,15.709709153026],[102.576319708471,15.709706706641],[102.575798421046,15.709635148769],[102.575324663731,15.709584246313],[102.574897718219,15.709546114041],[102.574387927176,15.709432621071],[102.573962691506,15.709325639028],[102.573785493491,15.709249567233],[102.573679541896,15.709118175848],[102.573554490881,15.708893456192],[102.573445997148,15.708683131754],[102.57325924149,15.708326294561],[102.573163148436,15.708192484014],[102.573047674845,15.70808268377],[102.572875855575,15.708014420238],[102.572704785271,15.707989016606],[102.572552450431,15.7080027929],[102.572395910759,15.708042585532],[102.572193466752,15.708121489179],[102.572060033663,15.708217314892],[102.571989948124,15.708339179265],[102.571940221661,15.708626556041],[102.571904228805,15.708733195721],[102.571855479721,15.708809582945],[102.571770438572,15.708875282341],[102.571641004733,15.708899965184],[102.571427799154,15.708862840261],[102.570871507097,15.708720765481],[102.570139568709,15.708324334207],[102.56925439788,15.707823225922],[102.569242537986,15.707811009743],[102.568829273289,15.707588744309],[102.568331634729,15.707470523043],[102.567833267311,15.70747754359],[102.567357882306,15.707600392845],[102.566977432287,15.707723945608],[102.566477967487,15.70786862263],[102.56609769725,15.707935760094],[102.565718322278,15.707920523518],[102.565232360504,15.707870925423],[102.564854278922,15.707729307373],[102.564534292372,15.707646534307],[102.564014093212,15.70747000552],[102.563674460538,15.706961088721],[102.563167168917,15.706589166188],[102.562717855256,15.706470142738],[102.56199519761,15.706304810207],[102.561367663595,15.706218026211],[102.560905379064,15.706156748937],[102.560598007277,15.706062481347],[102.560290629526,15.705934367112],[102.55991233155,15.705746485162],[102.559347696357,15.70522430627],[102.558958877923,15.704900081331],[102.558546924543,15.704551411168],[102.558146446362,15.704226245283],[102.557613480779,15.704118726535],[102.557198014435,15.704104062825],[102.556735930021,15.704054054371],[102.556297543109,15.7040273512],[102.555834926368,15.704047298647],[102.555276391317,15.704110551632],[102.554432758038,15.70428901184],[102.553898139748,15.704421822196],[102.552876066761,15.704620105858],[102.552353686371,15.704719994335],[102.551616796576,15.704875271718],[102.550475367573,15.705209745418],[102.549846885895,15.705437716065],[102.549511402669,15.705535687138],[102.549059700083,15.705681804054],[102.548524318056,15.705838307572],[102.547693235891,15.705969154621],[102.546909302353,15.706031538984],[102.546267555559,15.706233766969],[102.545886316165,15.706413708697],[102.545409623531,15.706664022462],[102.545051157444,15.70694851786],[102.544394568943,15.707437552377],[102.544250936351,15.707584298293],[102.543856787761,15.707960759096],[102.543391735865,15.708244727272],[102.543022517049,15.708379340866],[102.542761232865,15.708458046503],[102.542369090223,15.708546773145],[102.541952692154,15.708681022901],[102.541738584642,15.708760089821],[102.541382358321,15.708804231848],[102.540835464542,15.708902237089],[102.540360968617,15.708909936178],[102.539993250336,15.708929441456],[102.539661254973,15.70889308241],[102.539105333871,15.708738506318],[102.538572355778,15.708630941351],[102.53795647398,15.708545028359],[102.537541187551,15.708541606949],[102.53701893067,15.70854894472],[102.536627169541,15.708626373873],[102.536341043296,15.708750604307],[102.535818250812,15.708895592515],[102.53548436539,15.709053314748],[102.53505502368,15.709349100518],[102.534613069785,15.709690218499],[102.534288072418,15.710228012455],[102.533798938756,15.710602612524],[102.533166755255,15.711023530759],[102.532604864597,15.711501977697],[102.532589419129,15.711551870244],[102.532587207071,15.711558675488],[102.532446022639,15.712016770442],[102.532443771643,15.712021319842],[102.532432516658,15.71204406684],[102.532202952549,15.712510363241],[102.532084210955,15.712750344056],[102.532035834501,15.712883132072],[102.53196556992,15.713063659578],[102.531853756092,15.713300144387],[102.531685893217,15.713528510781],[102.531325755337,15.714055588483],[102.530989639382,15.71452360863],[102.530820634499,15.714854662925],[102.530580017648,15.715254570754],[102.530316841999,15.715494633669],[102.529839178044,15.715893864067],[102.529277787405,15.71626737182],[102.528967429144,15.716540915231],[102.528514731988,15.716767118765],[102.527776257465,15.717105127511],[102.527038574048,15.717387837517],[102.526477754484,15.71776132959],[102.526024121676,15.718068778507],[102.525747394004,15.718503114595],[102.525329662809,15.718798698736],[102.524662072831,15.719195351093],[102.523947665534,15.719477675641],[102.523210121529,15.719769398915],[102.522650605408,15.719948804058],[102.521995794119,15.720242571984],[102.521365415067,15.720467120559],[102.521041492375,15.720867239569],[102.520717937162,15.72125494075],[102.520239832215,15.721664318214],[102.519619790742,15.722016188216],[102.519308089579,15.722416108405],[102.518843720645,15.72264248455],[102.518473715418,15.722903441922],[102.518137342291,15.723325196048],[102.51781472932,15.723632773534],[102.517610004144,15.723954244949],[102.517416164424,15.724434625093],[102.516735552272,15.724922856968],[102.516401095542,15.725219342642],[102.516184332325,15.725619985324],[102.515908488526,15.725904241648],[102.515561625352,15.726292315221],[102.515370424991,15.726452227165],[102.515048349216,15.726655994122],[102.514796783229,15.726929703755],[102.514343479167,15.727224719102],[102.513771527594,15.727461848106],[102.513413558931,15.727712450369],[102.513244093261,15.72788329228],[102.513210319763,15.727951532062],[102.512923583374,15.728144573628],[102.5125667419,15.728257509396],[102.512115672281,15.728276060356],[102.511689252882,15.728237800322],[102.511392739734,15.728200831281],[102.511026104258,15.728082628594],[102.510553439634,15.727895052745],[102.510115924181,15.727719319581],[102.509737432888,15.72755504669],[102.509265334591,15.727332481483],[102.508673829917,15.727143429466],[102.508224477257,15.72699044765],[102.50747898673,15.726720378103],[102.506768836327,15.726541126359],[102.506296546082,15.726341122885],[102.505775007202,15.726291969421],[102.50524122031,15.726241883353],[102.504613614774,15.7261210945],[102.504116317923,15.726059136171],[102.50364175004,15.725997939577],[102.503049683218,15.725877702908],[102.502421742235,15.725839277077],[102.501840929446,15.725763987687],[102.501248509905,15.725691139628],[102.500704016679,15.725559977555],[102.500052166935,15.725485823916],[102.499601681161,15.725470490409],[102.499115074941,15.725454607499],[102.498783805055,15.725394484238],[102.498404183801,15.725367857208],[102.497953694205,15.725386368431],[102.497597595247,15.725372900873],[102.496839701286,15.725228229225],[102.496615238777,15.725181056631],[102.493450139976,15.723775188079],[102.492716919797,15.723199101061],[102.492243133948,15.722978776955],[102.491107006298,15.722273742211],[102.490243516246,15.721742604133],[102.489427581586,15.721096745194],[102.488528164774,15.720507502771],[102.48793726599,15.719976505598],[102.487239421271,15.719492347894],[102.486529155791,15.71913362547],[102.485771141108,15.718809512972],[102.485262031382,15.718566040893],[102.484681881587,15.718357551166],[102.483840178472,15.71804379437],[102.483307399249,15.717880803459],[102.482750375878,15.717730610332],[102.481742482483,15.717507503963],[102.480508631424,15.717388417504],[102.479251856517,15.717188451546],[102.478350215038,15.717219756507],[102.476985711042,15.7171580195],[102.47577496014,15.717198754884],[102.47480184554,15.71717138457],[102.473900394183,15.71711127692],[102.472726140984,15.716934779724],[102.471421800516,15.716711829528],[102.470377620554,15.716718290687],[102.469416758131,15.716657979928],[102.468502490021,15.716700728586],[102.46750550958,15.716777508435],[102.466306785371,15.716875544151],[102.46543988694,15.716929938684],[102.464419409612,15.716960817528],[102.46373114307,15.716970620346],[102.463220698259,15.716991137045],[102.462638813691,15.717126746928],[102.462092085049,15.717240358524],[102.461355829056,15.717340052322],[102.460726387115,15.717418867519],[102.459847613707,15.717563694689],[102.459158766214,15.717677297385],[102.458340195775,15.717697047653],[102.457473860511,15.717647597536],[102.456524813878,15.717563347822],[102.455552486784,15.717445613195],[102.454782251549,15.717258102045],[102.453810113984,15.716979005764],[102.453004548808,15.71669952501],[102.452737776321,15.71656045103],[102.452448105004,15.716410455936],[102.45144083427,15.716154470226],[102.450481518106,15.715806326689],[102.449818687425,15.715494109633],[102.448800159711,15.71508822125],[102.448124883181,15.714797633041],[102.44767483708,15.71460051844],[102.447143085552,15.714116970185],[102.446505110171,15.713585452143],[102.446009079464,15.713043791079],[102.445491520752,15.712157199476],[102.445019375794,15.711650136787],[102.444593814116,15.711246142401],[102.444334840328,15.710842902861],[102.443957465878,15.710360292154],[102.443273133986,15.709599312438],[102.442835935856,15.709195497667],[102.442422998139,15.708745036503],[102.442080960706,15.70825058014],[102.441737709226,15.708030327392],[102.441348077727,15.707649453126],[102.440970504493,15.707258231856],[102.440391002963,15.706876964138],[102.439633676335,15.706414999799],[102.438852050599,15.706101227729],[102.43803531125,15.705707892891],[102.437312321344,15.705486842452],[102.436661178092,15.705278197999],[102.43572483082,15.704975875091],[102.434871944844,15.704753475368],[102.433935000613,15.704623789981],[102.432961699815,15.704722597794],[102.432261007908,15.704823884505],[102.431466970179,15.704602801813],[102.431159243138,15.704485777987],[102.430578392166,15.70430083201],[102.429903187344,15.704011302796],[102.429193026572,15.703686212418],[102.428780391675,15.70346025516],[102.428708094422,15.70342077047],[102.428602964279,15.703368260461],[102.428210712496,15.703176960394],[102.427559606605,15.702830626792],[102.427039340775,15.702472080628],[102.426508229372,15.701987329185],[102.42601266765,15.70139933752],[102.425563494021,15.700973098355],[102.425233533428,15.700535961583],[102.425021961728,15.700143228976],[102.42472733375,15.699729231962],[102.424409821608,15.699165522834],[102.424128222061,15.698589965277],[102.423857075584,15.698151902696],[102.423623070413,15.697531591915],[102.423293304928,15.697035773048],[102.42290374303,15.696621003649],[102.422501327988,15.696412922985],[102.421933324803,15.696053980593],[102.421519455194,15.695857360742],[102.420903473414,15.695659393812],[102.420482472708,15.695593773255],[102.420369780652,15.695576356418],[102.419978624392,15.695484315217],[102.419528229695,15.695402226822],[102.419029662407,15.695399878313],[102.418460042921,15.695397511696],[102.417640925707,15.695485931969],[102.416785672287,15.695642616129],[102.415990032572,15.695881863083],[102.415146008106,15.696188438261],[102.414456537986,15.696403453505],[102.413708071292,15.696608104665],[102.41225806863,15.697038106429],[102.411129405294,15.697389737007],[102.410463815666,15.697570516189],[102.409893545041,15.697809609133],[102.409441132072,15.698026549895],[102.408669569312,15.698104041979],[102.408193033977,15.698481585],[102.407359776461,15.699052004518],[102.406953668752,15.699567236468],[102.406525909844,15.699761220328],[102.405848265127,15.699988439576],[102.40537313834,15.700065809285],[102.404659745599,15.700350001308],[102.403899377022,15.700576248585],[102.403922227191,15.700794796921],[102.40402779731,15.701014312126],[102.404216255412,15.701244946736],[102.404207819172,15.701333091103],[102.404167846909,15.701416085406],[102.40393018365,15.701554068339],[102.403596972194,15.701690153948],[102.403156750937,15.70190576679],[102.402924830417,15.702109103908],[102.402799411436,15.702272416058],[102.402736876339,15.702434748812],[102.402702817038,15.702593251656],[102.402760205345,15.702892505465],[102.402865943292,15.703157153445],[102.402983346984,15.703387768331],[102.402974158108,15.703500748636],[102.402935142198,15.703606296272],[102.402731788319,15.703846424412],[102.402481250192,15.70408616053],[102.40230236958,15.704327035299],[102.40220577633,15.704612891433],[102.402228397233,15.704922841776],[102.40220266799,15.705302377355],[102.402093614179,15.705749784859],[102.401853508379,15.706231958915],[102.401602736325,15.706598075974],[102.401481204027,15.707170927269],[102.401502218606,15.707734788256],[102.401274358452,15.708147939822],[102.40097479566,15.708697613524],[102.400687041632,15.70936219793],[102.400493883934,15.709936166576],[102.400159777523,15.710405135485],[102.399909061651,15.710634717967],[102.399694845474,15.710782487743],[102.399374073851,15.710826978851],[102.399101465491,15.710825583305],[102.398661885692,15.710870795946],[102.398364546192,15.711098845673],[102.398196719263,15.711339547684],[102.398089096863,15.711522892292],[102.397981287051,15.711694956952],[102.397753772974,15.71212954056],[102.397536897853,15.71274901286],[102.397382130349,15.712864260676],[102.397132996146,15.712908761885],[102.396800765007,15.712894751885],[102.396598855117,15.712906922659],[102.39640852694,15.713055446483],[102.396229031484,15.713295200947],[102.395919037102,15.713638539883],[102.395584542264,15.714049963466],[102.395083230213,15.714658065048],[102.394688481157,15.715229526958],[102.394318455963,15.715711461898],[102.394019513367,15.716124588611],[102.393625970491,15.71655836859],[102.393160381405,15.717073383956],[102.392837514865,15.717589563648],[102.392634136683,15.717829688096],[102.392349264756,15.717897307715],[102.392159166115,15.717884467212],[102.391910442871,15.717848841413],[102.391624988175,15.717916470096],[102.391363611272,15.718031116034],[102.391124687754,15.718305643635],[102.390957220892,15.718568904599],[102.390718265475,15.718982223406],[102.390466059684,15.719474734857],[102.390249768245,15.7199903848],[102.390033049535,15.720656116198],[102.389828800193,15.721125314309],[102.389673393486,15.721343252167],[102.389399343422,15.721537080519],[102.389042772905,15.721707366799],[102.388733217151,15.721902874746],[102.388458934965,15.7221531259],[102.388124434128,15.722530691598],[102.387658603233,15.723138231243],[102.387395533747,15.723573362449],[102.387072435299,15.724112110071],[102.386986233809,15.724675386848],[102.386840566546,15.72534114218],[102.386684081907,15.725775745726],[102.386504982778,15.725970354485],[102.386315056025,15.726038751258],[102.386077365655,15.726036800592],[102.385792899897,15.72602429321],[102.385520308521,15.72599016079],[102.385163966996,15.725999079771],[102.384747801954,15.726124022547],[102.384415112724,15.726295060904],[102.384140654946,15.726500174868],[102.383890274543,15.726752307116],[102.383593132844,15.726853961],[102.383320517701,15.726853678879],[102.38300013496,15.726818028404],[102.382643997215,15.726839352644],[102.38240627375,15.726941211367],[102.382179815945,15.727090287444],[102.381964342587,15.727445689174],[102.381808476875,15.72777759822],[102.381485570872,15.728258789458],[102.381139618503,15.728543998013],[102.380925155378,15.728749306727],[102.38045971235,15.729276715325],[102.379780206778,15.729928181826],[102.379241205787,15.730798633314],[102.378977709495,15.731280029853],[102.37865580318,15.731646107402],[102.378405446081,15.731759442881],[102.37800172466,15.731827762943],[102.377514449577,15.731986519524],[102.377015768469,15.732019072614],[102.37667166247,15.732028917485],[102.376292437481,15.731958061468],[102.375758660525,15.73187605816],[102.375011475167,15.731781561103],[102.374346743283,15.73181216514],[102.373776567596,15.731924804757],[102.373195786024,15.731853678223],[102.372697935251,15.731724846654],[102.372532329763,15.731643907146],[102.372295054779,15.731561819748],[102.371963627696,15.731457492487],[102.371643662195,15.731341703333],[102.371311388739,15.731362641377],[102.37097873163,15.731430977683],[102.370705475978,15.731498394759],[102.370443886077,15.731566758599],[102.37011138866,15.731680227274],[102.369778284829,15.731827556935],[102.369385344562,15.732090909256],[102.369111449522,15.732261019079],[102.368671142747,15.732442728408],[102.368481015301,15.732499830768],[102.368172448718,15.732510241408],[102.367757461369,15.732496343027],[102.367318442846,15.732402698485],[102.366927991024,15.732286862923],[102.366525105286,15.732158806208],[102.366311943996,15.732019919157],[102.365957292305,15.731743295003],[102.365520131622,15.731373157301],[102.365272465665,15.73111970346],[102.365037062254,15.730797227986],[102.364742078016,15.730429406395],[102.364387623656,15.730129078265],[102.364091951148,15.729931656458],[102.363713377594,15.729723100213],[102.363239615039,15.729606285625],[102.362882866958,15.729697549412],[102.362549142238,15.729913710873],[102.362299316308,15.730130835356],[102.362037089086,15.730266904558],[102.361776296703,15.730277696979],[102.361443649857,15.730276057326],[102.36123184335,15.73032558883],[102.361147113661,15.730344950123],[102.360885273644,15.730504708771],[102.360741667076,15.73069875313],[102.360597622223,15.731007903018],[102.36046480502,15.731433106997],[102.360415327999,15.731754339576],[102.360319070799,15.731993918596],[102.360163792653,15.732293085967],[102.359972403164,15.732521720174],[102.359757514075,15.732738303169],[102.359530775325,15.733013747037],[102.359172479553,15.73343678402],[102.358850766885,15.733746415505],[102.358492476252,15.73413447005],[102.358242083822,15.734317747844],[102.358146239792,15.734547164451],[102.358119985571,15.735005706625],[102.358152952768,15.735523141934],[102.358127122208,15.735936540146],[102.358100879196,15.736431191364],[102.358075496274,15.73669450375],[102.357932280557,15.736877258183],[102.357705332534,15.737140291114],[102.357514148122,15.737346352962],[102.357323140809,15.737598676039],[102.357214817674,15.73791968739],[102.35708116217,15.738436305639],[102.357007123684,15.738929436903],[102.356933288955,15.739434977606],[102.356943608958,15.739744004903],[102.356906129091,15.740157582932],[102.3569044296,15.740444227177],[102.356985454122,15.740801815875],[102.35707825995,15.741238211862],[102.357206838827,15.741582653922],[102.357288665511,15.74188267995],[102.357440719463,15.742273025706],[102.357557685524,15.742548813127],[102.357687298114,15.742814249733],[102.35785162912,15.743171681663],[102.35805149545,15.743493583731],[102.358179699676,15.743850443835],[102.358284581912,15.744241515798],[102.358437037237,15.744620568928],[102.3585764466,15.74512733451],[102.35862209016,15.7455294754],[102.358596682411,15.745826640527],[102.358547407635,15.746160282968],[102.358498113327,15.746492797309],[102.358472935506,15.746768519083],[102.358494920206,15.747113475849],[102.358588409266,15.747378339891],[102.358729901758,15.747551061994],[102.358954699641,15.74772362721],[102.359096463555,15.747771090228],[102.359321666866,15.747897383853],[102.359427876476,15.747979247516],[102.359521989556,15.748140287426],[102.359544783511,15.748392700635],[102.35960233847,15.748633293323],[102.359779558859,15.748852856333],[102.359861037027,15.749060355778],[102.360049502911,15.749326009715],[102.360215248976,15.749520924236],[102.36037984908,15.749716984671],[102.360509664034,15.749958719173],[102.360650359809,15.75018900057],[102.360685067246,15.750350955756],[102.360660086469,15.750602977634],[102.360670459169,15.750879278743],[102.360693448942,15.751107991858],[102.360727087996,15.75145276672],[102.360798558464,15.751547578993],[102.361413047131,15.752813198202],[102.361388623935,15.753099063669],[102.361328108152,15.753386614936],[102.361219781904,15.75374260908],[102.361014388124,15.753935353592],[102.360993221268,15.753994357723],[102.360994997807,15.754137639134],[102.361027005567,15.754277067568],[102.361121748689,15.754511442819],[102.361286081376,15.754761670275],[102.361381228296,15.754949773423],[102.361581901771,15.755284069865],[102.361586393234,15.755379915197],[102.361581547041,15.755474777253],[102.361545645488,15.75555883401],[102.361402435689,15.755777701328],[102.361210756179,15.756166578518],[102.36097147589,15.756707397613],[102.360898652712,15.757096696782],[102.360707380127,15.757510392604],[102.360515903492,15.757911679036],[102.360360396295,15.758268401984],[102.360239989904,15.758704700831],[102.360232743643,15.758866175282],[102.360239558156,15.75899696644],[102.360262347049,15.759107198627],[102.360327611535,15.759249499603],[102.360427110972,15.759383372041],[102.360496428775,15.759453392141],[102.360593103476,15.759521860368],[102.360697146742,15.759577803131],[102.360818551323,15.759626706311],[102.361077936917,15.759705074326],[102.361351983335,15.759753875983],[102.361612763428,15.759810781996],[102.362110863496,15.75998588862],[102.362597111525,15.760148765542],[102.362940408486,15.760334161248],[102.363177080008,15.760518947723],[102.363323636772,15.760609212417],[102.363402293791,15.760680214458],[102.36343594685,15.76077786554],[102.363448234968,15.760887131867],[102.363424937323,15.760993562212],[102.363376878839,15.761082320849],[102.363304195382,15.761232395004],[102.363233452079,15.761358741724],[102.363089987796,15.761632906336],[102.363029047377,15.762000581377],[102.362837753305,15.762448132443],[102.362716917797,15.762999536166],[102.362575962344,15.763425996877],[102.362573198771,15.76343506685],[102.362678775107,15.763654603463],[102.362903590136,15.763862140964],[102.363211928516,15.764046947071],[102.36355502365,15.76425491262],[102.363703797238,15.764479422512],[102.363802670642,15.764681007414],[102.363840062933,15.764899339813],[102.363824797364,15.765174907723],[102.363764496435,15.765439888058],[102.363716029967,15.765715969435],[102.363572966748,15.765943863896],[102.363440971511,15.7662776573],[102.363273161374,15.766736129177],[102.362998768141,15.76712628799],[102.36273623489,15.767493695128],[102.362367129786,15.767722826477],[102.362230122922,15.767788135422],[102.362022314792,15.767870336531],[102.361902186972,15.76789927534],[102.361826501841,15.767902702127],[102.361749428594,15.767892609457],[102.361658380933,15.767847752138],[102.361476609725,15.767742233746],[102.361192724113,15.767592028655],[102.36111050162,15.767587657352],[102.361049960988,15.767590849795],[102.360965079283,15.767637297898],[102.360895318178,15.76771736455],[102.360656419191,15.768175805797],[102.360572032896,15.768393765135],[102.360522714047,15.768476901068],[102.360463214122,15.768543268193],[102.360389982461,15.768589536139],[102.360286423567,15.768634015861],[102.359989436906,15.768714208037],[102.359668549534,15.768793640682],[102.359217339604,15.768849132613],[102.358884839772,15.768824928936],[102.358588075811,15.768812585342],[102.358256004358,15.768708256897],[102.357995789632,15.768580251022],[102.357770311752,15.768580346414],[102.357318512652,15.768670824251],[102.356878912018,15.768829946055],[102.356652812034,15.768933864769],[102.356521606114,15.769104023383],[102.356425558272,15.769357142735],[102.356317835047,15.769644294663],[102.356268704312,15.770093033668],[102.356184036842,15.770471232091],[102.356135535447,15.770781166659],[102.35605844899,15.771018194703],[102.355860693623,15.771251443987],[102.355598759075,15.771443931445],[102.355277657013,15.77161702027],[102.354932443204,15.771811921523],[102.354611521075,15.771925199934],[102.354350885823,15.771913423192],[102.354243854212,15.771924101691],[102.35404185005,15.771970097637],[102.353790734628,15.772076656939],[102.353565661011,15.772278729615],[102.353516075355,15.772452142842],[102.353480762336,15.7727494616],[102.353444302861,15.773047926464],[102.353431607322,15.773197073087],[102.353111131485,15.773231354736],[102.352837619173,15.773322460889],[102.352195752505,15.773618976294],[102.351743068135,15.773904674658],[102.35116037854,15.774327787298],[102.350457804561,15.774830606404],[102.349636746588,15.775356690391],[102.3487674177,15.776101300608],[102.348005784403,15.776627592989],[102.347327315509,15.77707361323],[102.346851516623,15.777300981924],[102.346530342614,15.777541767086],[102.34569674626,15.778228268829],[102.345244438398,15.77850266784],[102.344922377586,15.778973664161],[102.344790804776,15.779122384061],[102.344289981898,15.779671735243],[102.343778115573,15.780187402913],[102.343265018422,15.780805776304],[102.342740250108,15.781494290898],[102.342334221712,15.78203315388],[102.341845184866,15.782662438717],[102.341487575912,15.783133979985],[102.341070130134,15.783545505074],[102.340664906906,15.783991822968],[102.340294782861,15.784588810084],[102.339889426377,15.784956139273],[102.339067168027,15.785768834231],[102.338567119861,15.786260616707],[102.338017354884,15.787132314645],[102.337516921788,15.787636513437],[102.337111015011,15.788255488627],[102.33676439871,15.788794561672],[102.336477877835,15.789196171276],[102.336334129806,15.789562863298],[102.335976450719,15.790067124354],[102.335344408544,15.790755019961],[102.334843116045,15.791385612822],[102.334520170075,15.791983000119],[102.334197360388,15.792624394036],[102.333838641907,15.793243770395],[102.333491264098,15.794093172864],[102.333168020166,15.79485080257],[102.332786042072,15.795366718553],[102.332485690334,15.796170261534],[102.332175355671,15.796720059915],[102.332007273466,15.797167243526],[102.33156512694,15.797959421011],[102.331205315916,15.798797730014],[102.330942814553,15.799244105336],[102.330846289195,15.79957734731],[102.330749763624,15.799910589294],[102.329903488914,15.800792469859],[102.329796126319,15.801033346207],[102.329403178406,15.801342922995],[102.329175421784,15.801847444088],[102.32881730816,15.802362990924],[102.328601812845,15.802833470665],[102.328159957382,15.80339543871],[102.327909379808,15.803716372963],[102.327247542757,15.803477133133],[102.327105781271,15.803360819255],[102.326503838512,15.802828391868],[102.325143768456,15.802119125886],[102.324561731481,15.802126912829],[102.324250295041,15.802504068476],[102.324220466768,15.803389227383],[102.324523480433,15.804137259535],[102.324603057,15.804656253901],[102.324446271654,15.804975748564],[102.323602471315,15.805084589091],[102.322948478095,15.805218731421],[102.321901817226,15.805431104057],[102.320501979614,15.805249403699],[102.319506862227,15.804977998799],[102.319055558806,15.804998441632],[102.31872145211,15.805237140429],[102.318552427801,15.805592929985],[102.318427143658,15.806522432193],[102.318573980433,15.80755723333],[102.318453189019,15.807833294178],[102.317240396899,15.808008691394],[102.315665314783,15.807480948204],[102.314788711319,15.807187400296],[102.314135739533,15.807206400474],[102.313636191174,15.807306561398],[102.313301692677,15.807557672522],[102.312861163632,15.807739308651],[102.31266012983,15.807669027408],[102.312483851242,15.807436999267],[102.311972536903,15.805848035648],[102.311932956273,15.804812715505],[102.311947608482,15.804388192367],[102.312280053664,15.802758140461],[102.312303148541,15.801241141799],[102.312033823965,15.800734058848],[102.311492006606,15.800097974507],[102.310971938379,15.799795580107],[102.310305220035,15.800078833798],[102.309322617541,15.801256127976],[102.308739485546,15.801447827162],[102.308207548284,15.801168176082],[102.308054176406,15.801018170681],[102.307621094024,15.800187450319],[102.30754391707,15.799382904151],[102.307592474695,15.797601451428],[102.307839494228,15.79627061665],[102.307928580229,15.795477079029],[102.307870124158,15.793672430507],[102.306583162649,15.792721548605],[102.305893428416,15.792842637002],[102.305558891139,15.793162570555],[102.305210624395,15.793677936505],[102.304828492212,15.793973767571],[102.304176185564,15.793923884041],[102.303702917309,15.79366702225],[102.303408462357,15.793332960795],[102.303342479901,15.792642214803],[102.303490446463,15.791885019764],[102.303577626274,15.791367984388],[102.303439124879,15.790804729158],[102.303262707053,15.790526423956],[102.302660426838,15.790075166549],[102.300635692882,15.789406288321],[102.299604545612,15.789135321526],[102.29779900794,15.789227059767],[102.296292590652,15.789078394103],[102.295523585004,15.788693965986],[102.294605254836,15.787687752573],[102.293701829502,15.786233302111],[102.293206645099,15.785736379169],[102.292212110963,15.785385822988],[102.291308924011,15.785459314898],[102.290951136044,15.785675759438],[102.290532963139,15.786086088355],[102.289707499515,15.786931406325],[102.288944924524,15.787305193329],[102.286970231253,15.787820324509],[102.284739430097,15.787667861945],[102.284255892203,15.787205722174],[102.28413418639,15.78605424966],[102.28441192275,15.785389887554],[102.284877261416,15.785048821346],[102.284988631713,15.784474995694],[102.284814395086,15.783932571358],[102.284224183995,15.78350363901],[102.28397298753,15.783428441672],[102.283169608684,15.78318667002],[102.282469102284,15.783181453065],[102.281897134359,15.783522996082],[102.281335498821,15.784035911608],[102.280822602728,15.784355118312],[102.280477314257,15.784443839512],[102.279884051108,15.784440381251],[102.279528867835,15.784276468459],[102.279033019674,15.783917191571],[102.278138085281,15.782910535943],[102.276523957929,15.781279377965],[102.276084593747,15.781243118095],[102.275490398361,15.781398778305],[102.27533486149,15.781546697826],[102.274702617515,15.781945555259],[102.273866379579,15.782595753797],[102.272588179739,15.783701748675],[102.271943773824,15.784178649353],[102.271203782358,15.784690843421],[102.270271879788,15.785409053359],[102.269347111679,15.78526497901],[102.268971686867,15.784710891392],[102.268247730435,15.783062883074],[102.267762180055,15.782944920974],[102.267535161907,15.783069083993],[102.26718869292,15.783411715476],[102.266522217985,15.783603423533],[102.265822949763,15.783494311304],[102.265290761755,15.78315698599],[102.264772745417,15.782612929538],[102.264124261024,15.781999735411],[102.263401595426,15.781811970411],[102.263234679465,15.78186864497],[102.262611951248,15.782645378831],[102.262038246071,15.783135863439],[102.261575493383,15.783131523548],[102.260999464861,15.782311842434],[102.260517196453,15.781779650536],[102.25981894875,15.781442543717],[102.259118632266,15.781449660689],[102.258262319952,15.781649831987],[102.256813450345,15.781708788581],[102.25606771122,15.781462660998],[102.255562735006,15.780711864685],[102.255676226305,15.779827666168],[102.256109569052,15.779049272188],[102.256523230917,15.777695631147],[102.256351308332,15.776855206428],[102.25636253361,15.775442139673],[102.257356956928,15.774149767629],[102.257920808853,15.773407786984],[102.258224457898,15.772536539948],[102.257283606036,15.771345383242],[102.256147898558,15.770831989981],[102.255484294408,15.770654590985],[102.254121348453,15.770324020717],[102.25349370266,15.770135920324],[102.253461500417,15.770126245481],[102.253275859206,15.770068082125],[102.253079095649,15.770006700333],[102.252807251513,15.769877601151],[102.252123982879,15.769161053332],[102.252128429538,15.768562872489],[102.252226970424,15.768091935255],[102.252407970135,15.767749545006],[102.252613168617,15.76728039927],[102.252751459012,15.766269436242],[102.252701968464,15.764992694973],[102.251938232602,15.763942176817],[102.251537311249,15.763537387383],[102.25142300219,15.763018848489],[102.251642505327,15.762204163646],[102.251882561013,15.761838321529],[102.253051228806,15.761133585138],[102.253134550559,15.759525330202],[102.25262628115,15.759257569029],[102.249905565152,15.759606302806],[102.249050535307,15.759589728995],[102.248070012487,15.758973521818],[102.247787883496,15.758673030853],[102.247670164496,15.75848858209],[102.247383765827,15.757187153624],[102.247166131773,15.756105889812],[102.246876701976,15.755126134642],[102.246677538909,15.754802961389],[102.244237215842,15.753251508996],[102.240227917867,15.75203372416],[102.237846066665,15.75177687011],[102.237295390237,15.751478097897],[102.237283400236,15.75145683413],[102.236532327851,15.750130687596],[102.236044031829,15.748914613858],[102.235370832653,15.748273451866],[102.234357596245,15.748087624465],[102.233521431925,15.747751323748],[102.232620535242,15.746895725043],[102.231543677504,15.746333894636],[102.230768540851,15.747313681895],[102.230565772586,15.748418145334],[102.230173743236,15.748497316368],[102.229517527385,15.748302783397],[102.22776765002,15.74821587392],[102.227581098685,15.748614757394],[102.227709968649,15.749580008587],[102.227769195698,15.750709930088],[102.226502241401,15.751356179368],[102.223987670549,15.750922824924],[102.221802211308,15.750114406795],[102.220308208375,15.749443578189],[102.219300768724,15.749810583102],[102.219186924718,15.75035058513],[102.219598047495,15.751001322636],[102.219951733108,15.751076218614],[102.220186684169,15.751232997926],[102.220455438326,15.751390405423],[102.220606925377,15.751501019901],[102.220626114113,15.751646319307],[102.22056896018,15.75167989265],[102.220465349743,15.752018861462],[102.220169244714,15.752233151221],[102.219773260475,15.752431989784],[102.219184243312,15.752582897815],[102.217815360142,15.752827716773],[102.217080610817,15.752419882221],[102.216822764891,15.751771388467],[102.21658734169,15.751473543478],[102.216417202481,15.751066391944],[102.216282740786,15.750852824543],[102.216065922397,15.750700286746],[102.215781798083,15.750565671092],[102.215434301644,15.750587731828],[102.21520528677,15.750622712567],[102.215090576849,15.750738391121],[102.214918500374,15.751059184505],[102.214830068547,15.751474669516],[102.214826875431,15.751493902037],[102.214776484875,15.751920111719],[102.214726759103,15.752277469077],[102.214555378353,15.753049673581],[102.21443412891,15.753453230123],[102.214169619651,15.753935642692],[102.214166195548,15.753940207459],[102.213810221043,15.754349485973],[102.213463505182,15.754680757349],[102.212843542565,15.754976561644],[102.212318647053,15.755204376785],[102.210711497256,15.755528284818],[102.209785130783,15.755385077109],[102.208609742675,15.755042395222],[102.207803160451,15.75477214181],[102.206769412877,15.754580846175],[102.20636323144,15.75494796962],[102.206254997855,15.755142547559],[102.205856054428,15.756156230026],[102.205088456456,15.757033142405],[102.204518339639,15.757684818934],[102.204490855895,15.757715694756],[102.203353781071,15.756993223452],[102.203238270405,15.756427254376],[102.203326603976,15.755632573644],[102.203380152766,15.754663476024],[102.203559541455,15.751539224504],[102.203572188344,15.750896884061],[102.203757546205,15.750270060109],[102.204082769604,15.749830777159],[102.204569237868,15.749641919344],[102.204301524494,15.748844578305],[102.203744408827,15.748058265218],[102.202529546193,15.745566202165],[102.202236821026,15.744844837638],[102.201712161139,15.742335843611],[102.201813077892,15.741748633657],[102.200858281296,15.741422966246],[102.199769420574,15.742023560799],[102.198176009714,15.742067274305],[102.197349753007,15.741578317246],[102.195823525697,15.74122376844],[102.195048770377,15.742239563925],[102.194485355765,15.743022028992],[102.193573916807,15.743531966136],[102.193109904462,15.743480082603],[102.192760986947,15.743112766858],[102.192506211301,15.742580427454],[102.192150497688,15.741554121314],[102.190406813764,15.740892359423],[102.189001430883,15.740701892294],[102.188129419544,15.74034109436],[102.187577839049,15.741136914929],[102.187674670088,15.742488666814],[102.18762182686,15.743134989123],[102.186523120193,15.742771860717],[102.185745614836,15.742306970727],[102.184604346961,15.742390243828],[102.183786636051,15.742747543313],[102.18324765464,15.743530758167],[102.183137973571,15.744493916207],[102.183108804962,15.745164721729],[102.183224374091,15.746000442621],[102.18355097744,15.746544161474],[102.184136925679,15.746867399168],[102.185698763915,15.747186519492],[102.186934274563,15.748175137042],[102.186854996828,15.748620958755],[102.18617088778,15.749214446131],[102.185351964225,15.749383299691],[102.185030320583,15.749345118963],[102.184239975898,15.748843172111],[102.182569455043,15.74715891456],[102.181825311756,15.746517464588],[102.181195317777,15.746545853534],[102.18080858251,15.747154168071],[102.18067183751,15.747764473808],[102.180583947216,15.748481282311],[102.18024800579,15.749395830448],[102.179774525846,15.749672477293],[102.179237251545,15.74944444706],[102.178872942954,15.748724083245],[102.178676376932,15.746876066422],[102.178539778512,15.746297964543],[102.17776291368,15.745949281174],[102.176996334326,15.746636490223],[102.176835170705,15.747176050692],[102.176602535123,15.747690696299],[102.176145162503,15.748403865717],[102.175513934223,15.748316011767],[102.175105053331,15.747913423339],[102.174717793818,15.747214827364],[102.173741185888,15.745935693282],[102.173073173148,15.745729864767],[102.171668481625,15.745623921676],[102.170537586903,15.745589600057],[102.168927808867,15.745221404648],[102.167704593845,15.745433316398],[102.166699152398,15.746012237667],[102.166357296792,15.746361431335],[102.16501537181,15.746584085188],[102.164455618943,15.746521117124],[102.163905921363,15.746279681863],[102.163378215807,15.745840419649],[102.163084401191,15.745002748803],[102.163305537771,15.744533423381],[102.164193389971,15.744036357194],[102.165464040226,15.743802332376],[102.166078644238,15.743419832487],[102.166062557819,15.742983298148],[102.16549417272,15.742061589788],[102.16470802472,15.740772861358],[102.163599764347,15.739338701308],[102.162990328026,15.739038311794],[102.162588348156,15.739304855192],[102.162534015807,15.739822545035],[102.162633411445,15.740259000215],[102.163050277993,15.741556487026],[102.162853526461,15.742095431003],[102.162402715083,15.742256593787],[102.16089097692,15.742160031058],[102.159737332361,15.742160966373],[102.159075256454,15.742601696987],[102.158344686537,15.74332331322],[102.157739427407,15.743482193343],[102.15687114263,15.743474463906],[102.156357010891,15.743233619687],[102.15605789553,15.743031418022],[102.155728172994,15.742205536737],[102.155740943705,15.74216472186],[102.156016674963,15.741267996153],[102.156249346155,15.740752235765],[102.156967542164,15.739946159714],[102.156988249989,15.739664835759],[102.156815322488,15.738993561705],[102.156608704817,15.738555268398],[102.156777235246,15.73754610587],[102.15695277072,15.73725463841],[102.157175879895,15.736950067797],[102.157272574885,15.7358922876],[102.157066493581,15.735526217327],[102.156387737304,15.735414159618],[102.155673710886,15.735395155365],[102.155233003777,15.73538009346],[102.155016852399,15.735154114685],[102.154954082614,15.734824339363],[102.155070169089,15.734531476778],[102.155623231572,15.733936591781],[102.156424953106,15.733145111892],[102.156267696777,15.73288442295],[102.155872649867,15.732656520092],[102.155867046436,15.732104710167],[102.156172299646,15.73164884603],[102.156868804674,15.731137656618],[102.157889101496,15.730805739373],[102.158415905881,15.731152490418],[102.159613996141,15.732033499735],[102.160221508782,15.732098052029],[102.161074747139,15.731776441434],[102.162501240947,15.730472524902],[102.162695465152,15.728451760648],[102.162244242759,15.727340985785],[102.161489833537,15.726818095288],[102.160727735154,15.726739984661],[102.160051037671,15.726910055009],[102.159446408536,15.727068922494],[102.158598196652,15.726696355838],[102.157575464157,15.72551032755],[102.156788408328,15.725362589772],[102.156539708484,15.725442934816],[102.156116681604,15.725968220225],[102.155495075703,15.726915093156],[102.154953163428,15.727438712117],[102.154219155856,15.72778453026],[102.153660297861,15.72781405809],[102.15348058649,15.727683480783],[102.153367805169,15.727094847005],[102.153756154688,15.726662613976],[102.154522052969,15.725929221611],[102.155396749772,15.725337587178],[102.155810324415,15.725105879874],[102.15638730585,15.724476792819],[102.156419021769,15.724077933291],[102.156366511924,15.723582104054],[102.156223026948,15.722287405567],[102.156036693731,15.721462829599],[102.155779545695,15.720730695175],[102.155225769456,15.720068309987],[102.15467684211,15.719909215348],[102.153974580195,15.719856168737],[102.153525916844,15.720192210736],[102.153330025363,15.720825938473],[102.153289053395,15.721531915514],[102.15309002369,15.723058422847],[102.152464288105,15.723511015044],[102.151822475965,15.723563179105],[102.150984191173,15.723039200167],[102.150811802146,15.722437880259],[102.151008735198,15.72190910016],[102.15137202028,15.721324870579],[102.152051795683,15.720295907091],[102.152519120992,15.719431405766],[102.152784763645,15.718598033727],[102.153131645003,15.717554694246],[102.152912034308,15.716989045611],[102.152852770761,15.71696168688],[102.152230830441,15.716676105461],[102.152061234097,15.716369315354],[102.152008739328,15.715873482483],[102.152049327131,15.715179925165],[102.152057738374,15.714780273843],[102.151852744842,15.714520266857],[102.151217392919,15.714044139064],[102.150378347791,15.713354254392],[102.15053884665,15.71276731291],[102.150917268223,15.712523710022],[102.151185888998,15.71199728172],[102.151218112369,15.711668388873],[102.150711600785,15.710970315561],[102.149937867284,15.710927311363],[102.148409110343,15.711489980798],[102.147590229226,15.711693658416],[102.14712274786,15.711335855981],[102.146927389632,15.71079242063],[102.147125219773,15.710359562516],[102.148108111148,15.70991086802],[102.148833918005,15.709906040506],[102.149179337268,15.709978931547],[102.149500921119,15.710017178919],[102.149912294695,15.709492076768],[102.149463825849,15.707453490721],[102.148755680833,15.706787664166],[102.147885276639,15.706556434977],[102.146495740751,15.706813479335],[102.145561017009,15.707287429678],[102.145205619589,15.707437014641],[102.144102487207,15.707756506438],[102.143351977166,15.707631880304],[102.142976090556,15.70568702883],[102.144070434231,15.703239083765],[102.144567290984,15.700540159365],[102.14436947252,15.699796987082],[102.143607345967,15.698495367216],[102.143379672587,15.697058518426],[102.143444194504,15.69636574172],[102.143547127929,15.694720981104],[102.143454748222,15.693825053298],[102.143527170082,15.692697642501],[102.143805719367,15.691982599286],[102.14447051575,15.690624324796],[102.144549506053,15.68901376821],[102.144597349731,15.687803193727],[102.145085724272,15.68667882621],[102.145840744544,15.686039315563],[102.146468327716,15.685750382428],[102.147128696166,15.685168662305],[102.146825141302,15.684518431397],[102.146454100846,15.684291276121],[102.145905312085,15.684134396852],[102.1454279829,15.683965201405],[102.14457876342,15.683475181426],[102.143955038115,15.68295144202],[102.143493644514,15.68195924348],[102.143745515996,15.680986131313],[102.14435828342,15.680415261974],[102.144710871786,15.679971155102],[102.144790707244,15.679631419119],[102.144609878563,15.679348478058],[102.144251033419,15.679156129734],[102.143609179505,15.679196960938],[102.142543650308,15.679680659444],[102.141903704397,15.679922354616],[102.141474645692,15.679823557844],[102.141378253037,15.679729008996],[102.141305058356,15.679551738007],[102.141372574754,15.679129788816],[102.141640453342,15.678554853327],[102.142384446098,15.678032892975],[102.142774661081,15.677801559178],[102.14300926736,15.677450569596],[102.142979502046,15.67683815293],[102.142052216405,15.676877438143],[102.141839592004,15.677028343479],[102.141639339784,15.677226473137],[102.141103462863,15.677150653383],[102.140766815715,15.676771754992],[102.140365015388,15.675827219405],[102.140086921637,15.675353802377],[102.13930764859,15.674711512857],[102.138355180919,15.673408070068],[102.137920348513,15.672663768107],[102.137425817942,15.671976753489],[102.136370344141,15.671096883862],[102.13529948744,15.671040003085],[102.134909493298,15.6712476184],[102.134864160066,15.671483024493],[102.134931839667,15.672329660424],[102.135269506561,15.67281464772],[102.135558918666,15.673229222339],[102.135351824426,15.673933073335],[102.13491353892,15.674106394347],[102.133275650877,15.674489901649],[102.132635751294,15.674696580452],[102.132440916886,15.674639553033],[102.132316872834,15.67460295636],[102.132301662925,15.674598659695],[102.132077497547,15.673573681213],[102.132344742825,15.672917501212],[102.132131601708,15.671774985641],[102.13131699616,15.671143325476],[102.130958866211,15.671034459397],[102.13005460747,15.670978553494],[102.12923451971,15.67101850321],[102.128603965063,15.671035423346],[102.12805488985,15.670818676022],[102.128110238065,15.670360785104],[102.128427592652,15.670010882133],[102.129550487414,15.669316507179],[102.131336336407,15.668286462982],[102.131773094785,15.667937104607],[102.131983477363,15.667562770871],[102.132059696073,15.666869824758],[102.131602167433,15.666277066623],[102.130817326527,15.66625895323],[102.130474142504,15.666442188645],[102.130096798586,15.666791822844],[102.129848460084,15.66693081227],[102.129467389083,15.66684484329],[102.129275192569,15.666654594668],[102.129093643496,15.666360358875],[102.128824857741,15.665615913527],[102.128475884345,15.665189762309],[102.127261111012,15.665013000278],[102.126836266253,15.665303490387],[102.126399984958,15.665722808256],[102.125984891304,15.665812257997],[102.125781551723,15.665693270047],[102.125615075881,15.665738535877],[102.125552272264,15.665362466156],[102.126566925127,15.664560176266],[102.127169817339,15.664142992804],[102.127614110424,15.663370294726],[102.127202584105,15.662660615449],[102.126939833157,15.662541347644],[102.125987532475,15.662426286887],[102.124739436949,15.662508444444],[102.124382267106,15.662423252143],[102.124091863464,15.661902577782],[102.124217046143,15.661363555043],[102.124609524762,15.660132242643],[102.125595008875,15.658753639667],[102.126199162527,15.658535084033],[102.126928740916,15.658942261712],[102.128205970366,15.659436416154],[102.128418902775,15.659344210151],[102.128602364116,15.658616999068],[102.128664696606,15.657699650899],[102.128463113818,15.655323352543],[102.128387034558,15.653615674871],[102.128279462899,15.652287670417],[102.128098778819,15.650862517486],[102.127771838172,15.650236275357],[102.127320485413,15.650313826128],[102.126895136032,15.650569329934],[102.126315309283,15.65089249985],[102.125867096026,15.651253293063],[102.125489987625,15.651579211402],[102.125218733143,15.651857343205],[102.124281749573,15.652095314858],[102.124070348328,15.65236469104],[102.123862190907,15.652962457838],[102.123808442183,15.653526419545],[102.123269318859,15.654344480074],[102.122900416544,15.654329426121],[102.12250455266,15.653996477435],[102.122440014283,15.653466933146],[102.122136563752,15.652852760558],[102.121790200346,15.652672600652],[102.12063462125,15.652438511795],[102.119635628311,15.652429045308],[102.119261781576,15.651896003955],[102.119269746765,15.651461360235],[102.120329859292,15.650471103162],[102.120460924925,15.650472621425],[102.121152152512,15.650619652874],[102.121294881006,15.65062213393],[102.121471244705,15.650423234685],[102.12161106049,15.65011876367],[102.121583400694,15.64975460452],[102.121231389615,15.649010197522],[102.12075867932,15.648064353088],[102.120711534244,15.646876556378],[102.120904560733,15.645972013784],[102.121005740476,15.64538593141],[102.120989455533,15.644926803405],[102.120715788083,15.644853953596],[102.120324381583,15.644966751021],[102.119947597151,15.645352473143],[102.119774109275,15.645856064632],[102.119670341574,15.646195009166],[102.11961640811,15.646747687874],[102.119282027883,15.646627169476],[102.118923638155,15.646459589164],[102.118539853625,15.646115170984],[102.117685605716,15.645048338519],[102.117254557845,15.644774566241],[102.11661212248,15.644732917562],[102.116339359207,15.644834990876],[102.116280497511,15.644870816458],[102.116162634436,15.645010189535],[102.11577586863,15.645583403891],[102.115695813435,15.645911852448],[102.115568576606,15.646239843496],[102.115390825428,15.646308962273],[102.115259402933,15.646283743898],[102.115044784573,15.64618747404],[102.114863260335,15.645892090532],[102.114137292759,15.644603328386],[102.113872559796,15.644235763113],[102.113607434411,15.643880618117],[102.113425967456,15.643550243603],[102.113504285522,15.643068322274],[102.113680499198,15.642859274211],[102.114452061811,15.642736570011],[102.114782884893,15.642468890618],[102.1149367604,15.642400112318],[102.114857122228,15.64156378092],[102.114517363182,15.640856428503],[102.114250895833,15.640335390739],[102.113706606745,15.639389409509],[102.113321293519,15.63890391827],[102.112972932956,15.638512708048],[102.112649415516,15.638262226902],[102.111864653644,15.638242897174],[102.111689748883,15.638653956047],[102.111720076573,15.639311533356],[102.111797655285,15.639935709443],[102.111944566734,15.640407659961],[102.112118455008,15.641161391725],[102.111963920294,15.642418654839],[102.111848682032,15.642770175743],[102.111816384616,15.643099074967],[102.111706339018,15.644063383703],[102.111695222802,15.644098529918],[102.111588391033,15.644120363225],[102.111244416806,15.644212155405],[102.110968959315,15.644020809179],[102.110772373069,15.643383650225],[102.110339212194,15.642815311869],[102.109801157583,15.642550943091],[102.109634801462,15.642526215779],[102.108993033204,15.642566925759],[102.10869544377,15.642529388397],[102.108384472172,15.642338542045],[102.108108662368,15.642123493582],[102.107963796972,15.64186369899],[102.10756117969,15.640849098653],[102.10743488309,15.640083398852],[102.107092300256,15.639032955777],[102.106552899092,15.63863992748],[102.106136483154,15.638600683269],[102.105710271414,15.638761350988],[102.10544992228,15.638875649626],[102.105260830115,15.639003610805],[102.105010255595,15.638955243204],[102.10475700491,15.638575084794],[102.104502413582,15.638067405183],[102.104095492111,15.637769558566],[102.103916724215,15.637732586644],[102.102330861421,15.637305831358],[102.102136042204,15.636822133048],[102.102110493324,15.636634006819],[102.102285193727,15.636246658401],[102.102849639894,15.635559210172],[102.103657911851,15.635554539332],[102.104100587122,15.635829307997],[102.104843050273,15.636365066937],[102.105393521109,15.636759072869],[102.105740240516,15.636926845598],[102.106201795895,15.636754390882],[102.10625942462,15.636521069043],[102.106268013036,15.636202664081],[102.105867663817,15.635375382602],[102.105406420283,15.634371762706],[102.105434129846,15.63358356155],[102.105863126953,15.632411572423],[102.105507305661,15.631292462047],[102.104782499368,15.631308371017],[102.103905592017,15.631665031118],[102.102983066408,15.632125043273],[102.102616418502,15.63233452125],[102.101928645725,15.632528227196],[102.101242869109,15.632931834751],[102.100782632987,15.633269045756],[102.1000609941,15.633650584358],[102.099277745652,15.633808386476],[102.099060720807,15.633512357248],[102.099000817835,15.63224119121],[102.099195857515,15.631502539845],[102.100090537612,15.630546322202],[102.100564711077,15.629162639799],[102.100227208545,15.628677568352],[102.099293126296,15.62802147067],[102.097801869102,15.627490621929],[102.096480678833,15.627347881932],[102.095520414772,15.627622162595],[102.09547668733,15.628044904774],[102.095874952925,15.628660053487],[102.09628088805,15.628816850737],[102.097558364287,15.629382332079],[102.097836083783,15.629842292943],[102.097767417795,15.630078027237],[102.097215678045,15.630836389548],[102.096437127829,15.63149975972],[102.095640194281,15.631444422413],[102.095087049868,15.630793086003],[102.094544055383,15.629964401912],[102.093978019088,15.629229720677],[102.093353124308,15.628530856539],[102.093034641252,15.627527440568],[102.092849665185,15.626843813463],[102.092115094566,15.625859806467],[102.091544956655,15.625936694186],[102.091203523629,15.626274467578],[102.090744952099,15.62808117454],[102.090678934239,15.628610327121],[102.090569177906,15.629562221864],[102.090499859993,15.630996621572],[102.090161035507,15.63166393239],[102.089535179722,15.63210390908],[102.089035477606,15.632063545914],[102.088450308843,15.631799778008],[102.087886641278,15.631299811726],[102.08692326893,15.630009748933],[102.086404009926,15.629169417738],[102.086145800398,15.628261075611],[102.086438139202,15.627794201165],[102.087160131932,15.627435275271],[102.088949972579,15.626829928264],[102.089409881945,15.626470173205],[102.089679896791,15.626107448786],[102.089758628993,15.625649223617],[102.089588395562,15.625248682649],[102.089071142369,15.624619392665],[102.088201965356,15.624482646574],[102.087370845106,15.624592542668],[102.085855122673,15.625224491643],[102.084882473293,15.625450368157],[102.08410815503,15.625348389305],[102.083462287804,15.624918412295],[102.083220645628,15.624492908492],[102.083217121555,15.624140807219],[102.083534044706,15.623720995458],[102.08460332537,15.623648398179],[102.0851164103,15.623805969637],[102.085948351411,15.623789751361],[102.086302814209,15.623582729806],[102.086666295659,15.623044875921],[102.086651985057,15.622750491016],[102.086355506868,15.621619206576],[102.086160262576,15.62106438389],[102.085520639745,15.620117384903],[102.085050351514,15.619394868506],[102.084118735101,15.618975679913],[102.083423319212,15.619591558937],[102.08334386283,15.620002389461],[102.08380202113,15.620653973806],[102.08428052892,15.620953120859],[102.084881371109,15.62160495304],[102.084851207322,15.622157304282],[102.084377708577,15.622387442254],[102.083688950145,15.622476134566],[102.082868640157,15.622491051214],[102.082051530135,15.622836625125],[102.081580304893,15.623219098236],[102.081195965015,15.623531501127],[102.081178700657,15.623545287886],[102.080608077389,15.623551045419],[102.080008395445,15.623015438594],[102.079979015984,15.622452635147],[102.080212803376,15.622041895675],[102.080659948122,15.621528835328],[102.081463362058,15.621007383781],[102.081805810637,15.620775706352],[102.081923039697,15.62055396591],[102.081228259748,15.620006153271],[102.079006837832,15.620255178261],[102.076968124761,15.62084587061],[102.076470870967,15.62112373149],[102.075831500557,15.621400197375],[102.075154610459,15.621464993012],[102.074866583549,15.621168797339],[102.074721699813,15.620942831845],[102.074598197447,15.620471639691],[102.074757086107,15.619684970738],[102.074955216674,15.619264576255],[102.074899821811,15.618440277093],[102.074527676963,15.618048191674],[102.073836737707,15.61791227033],[102.073430063553,15.61762563557],[102.073456350561,15.617553031029],[102.073545886478,15.617309107041],[102.073417701684,15.61636731243],[102.073335524235,15.615191232872],[102.073324210194,15.614002874571],[102.073149787484,15.611873208621],[102.072876156487,15.609376976556],[102.072717725967,15.607694048793],[102.072670507837,15.607417050196],[102.0726558394,15.607331473893],[102.072465768294,15.606221238485],[102.072161440172,15.604242374419],[102.071799593252,15.602427974068],[102.071407027765,15.601130946579],[102.070671892397,15.598843193053],[102.069977481863,15.597060522817],[102.069235807385,15.595348487777],[102.067958627316,15.592277067708],[102.067363065957,15.59087337429],[102.066177281567,15.58869797708],[102.064474395719,15.587105420388],[102.063858167986,15.586699774955],[102.063741150668,15.586622396925],[102.062679812254,15.585923844165],[102.061670417169,15.584761790586],[102.06126741826,15.583617247837],[102.061076520096,15.582286899074],[102.061325160251,15.580913183596],[102.061779804272,15.57996438098],[102.061938879142,15.579226248081],[102.061786863112,15.578201239223],[102.061105546618,15.57658312299],[102.058688845926,15.573642588776],[102.056801392943,15.571367375985],[102.055226335559,15.569505427134],[102.053760131077,15.5677977156],[102.052651353916,15.566164041981],[102.052143471103,15.565243278552],[102.051560363299,15.56391947594],[102.050133806237,15.561342061364],[102.048512446932,15.558303424402],[102.047347072305,15.555705432728],[102.046507955047,15.553675179818],[102.045270452243,15.550958519145],[102.043163374345,15.548092452003],[102.041573458651,15.545830987779],[102.040308974779,15.544043598078],[102.039533004871,15.542459404673],[102.039078806546,15.540903502365],[102.038965739813,15.538950096572],[102.03933569124,15.537859154454],[102.039533488185,15.537413964332],[102.040547499758,15.535307311133],[102.041537615372,15.533199857309],[102.042824520586,15.529778980575],[102.043665678819,15.526964737265],[102.043675344814,15.524212761241],[102.04247162758,15.520049673996],[102.042049691954,15.516918745429],[102.042150930835,15.513779475253],[102.04087788879,15.511073383044],[102.040012403484,15.510042352081],[102.039755608647,15.509239970819],[102.039039157258,15.506341082557],[102.037253958221,15.502277355908],[102.036841651501,15.501624970866],[102.034246038829,15.498374877304],[102.033492611464,15.496282378792],[102.033522774667,15.492886710318],[102.034193114594,15.490126767586],[102.034815028661,15.487758032961],[102.035868674564,15.483031078612],[102.035592564448,15.479544803868],[102.034602532354,15.477343798671],[102.032310763593,15.474509345138],[102.028619379151,15.472268550432],[102.02537674182,15.470707826075],[102.024026224424,15.469879721677],[102.023774323569,15.469725138336],[102.022833090301,15.469148787323],[102.020054402293,15.466829881508],[102.018138512541,15.465294942344],[102.016495679348,15.463726914271],[102.014676746562,15.461248099157],[102.012940026729,15.459461204087],[102.009471644534,15.458245279014],[102.007930660039,15.458402795077],[102.007136462777,15.458734150697],[102.004004568393,15.460188748593],[102.002463368859,15.460736787792],[102.000468871461,15.462216554751],[101.999185746272,15.46351284077],[101.998864817025,15.464099635983],[101.998828724522,15.464260410356],[101.998614890549,15.464525182823],[101.997913988947,15.465316916781],[101.997403236734,15.465775343368],[101.996463535835,15.466189910682],[101.995685576308,15.466035638644],[101.994136520827,15.465637819718],[101.992351948571,15.465089658443],[101.988272670605,15.464129984559],[101.984879628346,15.463298690711],[101.982150785807,15.462114113694],[101.978618869655,15.460602793394],[101.977176977721,15.460044242147],[101.973892273595,15.458765429128],[101.970714051357,15.457646550835],[101.967877737996,15.45658851063],[101.964614603541,15.455837532842],[101.962781535121,15.455635170189],[101.95903130945,15.455250709691],[101.957316039904,15.455106552895],[101.955174482262,15.454981615312],[101.954133710495,15.454839721589],[101.950631355699,15.454699018415],[101.947921697369,15.454606410315],[101.94508109259,15.454595655829],[101.942275014949,15.454928697438],[101.939359142668,15.455895305888],[101.936940859026,15.456783037085],[101.935685945682,15.456973513791],[101.934467033745,15.456910647449],[101.933107049222,15.456541472338],[101.933085441624,15.456536114358],[101.931925827276,15.456220718992],[101.930886554546,15.455606841005],[101.929140832794,15.454332900328],[101.928236634456,15.452728358912],[101.927774082536,15.450332304863],[101.927613746551,15.449192038743],[101.926973117311,15.446793817291],[101.926506945968,15.445215082746],[101.926039479611,15.443958083129],[101.925286949737,15.442871910865],[101.924520629116,15.442212619982],[101.921100308109,15.439608317634],[101.919753863921,15.438991642162],[101.916504907779,15.437815246345],[101.913696243173,15.436121641735],[101.912119850488,15.434077676829],[101.910478499609,15.430627994604],[101.910011579984,15.429233211195],[101.909662235774,15.428090876113],[101.908939191305,15.425727501864],[101.907571976863,15.421980680687],[101.906258467889,15.41916219056],[101.906071936792,15.418761629714],[101.904249661016,15.416174422578],[101.901850053189,15.413112714261],[101.89948678712,15.409855199582],[101.898441652545,15.40812361269],[101.896939594811,15.40541134662],[101.896211143411,15.404360836668],[101.893536570077,15.401885076693],[101.890799576414,15.400192394616],[101.889689388477,15.399680777483],[101.887989411503,15.398970235112],[101.886785295227,15.398354836644],[101.885156804515,15.397426595682],[101.884260018449,15.396904275046],[101.882276417008,15.396043834335],[101.881156159748,15.395220726629],[101.879789711399,15.39392554127],[101.879295954513,15.393220739238],[101.87858022806,15.391985976219],[101.877909073673,15.391326364866],[101.877375958469,15.391439379295],[101.876048304731,15.392032289777],[101.874517822821,15.392853593118],[101.872963430425,15.39375647654],[101.871515762055,15.394636524487],[101.86991398762,15.395607735966],[101.868038023706,15.396865828747],[101.867112903555,15.397415117772],[101.866317463187,15.397917575523],[101.865154115034,15.398660713046],[101.86390839472,15.399380071688],[101.861879331657,15.400637839327],[101.859860030578,15.402228490857],[101.858897802967,15.402961111449],[101.858374698658,15.40351197244],[101.85791240246,15.403659032052],[101.857603662231,15.403887654168],[101.855431248985,15.405306394017],[101.852748310312,15.407135821186],[101.850184654406,15.408713075564],[101.848181906891,15.409268223438],[101.846442291367,15.409363903102],[101.844926183152,15.40967910223],[101.843668752577,15.410318365126],[101.842823717337,15.411246989628],[101.840747643879,15.412318931045],[101.84071400885,15.412327263719],[101.840650213104,15.412342755694],[101.839065330458,15.41273782307],[101.837762870847,15.412892198809],[101.836342474854,15.41293179451],[101.833742151487,15.412379081191],[101.831981945139,15.411817881361],[101.83015232504,15.410899681909],[101.829350617657,15.410263022879],[101.828478525346,15.409498557624],[101.826590969268,15.408338341274],[101.825491982137,15.408091541052],[101.823386415963,15.407977196694],[101.822521414215,15.408123661757],[101.820694523401,15.409127909905],[101.819863027044,15.40968825809],[101.819103208823,15.410213826059],[101.817148104319,15.410687949142],[101.815180465955,15.411312364228],[101.814018763405,15.411767372392],[101.813402544634,15.411982904283],[101.811636067779,15.412596840072],[101.810001280418,15.412922345825],[101.807574147073,15.413175446698],[101.806374883009,15.413998929258],[101.805099676703,15.415754746462],[101.804455031803,15.416845549312],[101.803941438301,15.417729227573],[101.803344705671,15.418705399585],[101.801974182399,15.420690457039],[101.800555584445,15.422607251705],[101.800305951751,15.422824902177],[101.799628943683,15.423327922836],[101.79930643883,15.422711068414],[101.799242535245,15.422588818484],[101.798785426425,15.421654167965],[101.797498111436,15.418907852207],[101.796984131783,15.417592325756],[101.795660635713,15.41483402929],[101.79497276393,15.412827505803],[101.794577234734,15.411490156511],[101.794158781656,15.41004810159],[101.793802358063,15.408065623168],[101.793215582351,15.404780967263],[101.792832398391,15.403363299209],[101.791923020497,15.4007103877],[101.791479409425,15.399602807849],[101.790071474541,15.397258704894],[101.788474391317,15.394820998373],[101.787137022822,15.392614842608],[101.7858347072,15.390548226777],[101.785204112354,15.389813267632],[101.784246704315,15.388697421765],[101.782656407268,15.387284667774],[101.780429740349,15.385442944551],[101.779285672145,15.384769699632],[101.777515814047,15.383851373435],[101.776358912561,15.383349875708],[101.774811456358,15.382836307795],[101.773168654217,15.382459392981],[101.77026042017,15.381995488826],[101.767907646182,15.381649951274],[101.767044553513,15.381542144978],[101.765673546417,15.381258883062],[101.763875393181,15.381100590839],[101.761508864742,15.381123201512],[101.759117684113,15.381306410004],[101.756868776876,15.381513796917],[101.755779063207,15.381693258206],[101.754464862204,15.381835979579],[101.753577262402,15.381900029308],[101.751007901567,15.382163257465],[101.749267677211,15.382385730332],[101.746640745597,15.382386565006],[101.746160989732,15.382450066618],[101.74492970368,15.382439294535],[101.742976158204,15.382545806092],[101.741437151717,15.382362684463],[101.739412167882,15.382123440904],[101.737043777757,15.381918886458],[101.73612055564,15.381885082351],[101.73376408986,15.382014531033],[101.731503352838,15.382212778898],[101.728650505424,15.382873258598],[101.725869718461,15.383797009347],[101.723905329896,15.384594446262],[101.721597175693,15.38535655833],[101.720052894782,15.385889150434],[101.719900553798,15.385941819086],[101.719384437917,15.38611974025],[101.718247734621,15.386316535206],[101.716448261182,15.386375776648],[101.714719443583,15.386320109506],[101.713049757567,15.38602322634],[101.710444244833,15.38552999442],[101.708490264056,15.385025410172],[101.706737435562,15.384912390916],[101.704843811081,15.385385906936],[101.703648343828,15.385674795179],[101.701635507237,15.385884412371],[101.70009655405,15.386023905654],[101.698830052488,15.386174759196],[101.697066398838,15.386442281103],[101.69568120775,15.38668488019],[101.693277293837,15.386710614129],[101.691643241374,15.386424424497],[101.690577254315,15.386287158941],[101.688813186645,15.386161714623],[101.687652539879,15.386174612997],[101.686611191231,15.386324936278],[101.685557477346,15.386464113784],[101.684847222825,15.386661238818],[101.683048380593,15.38727343632],[101.682148550082,15.387434452061],[101.679118267482,15.388532281466],[101.677236756973,15.389144302575],[101.675235798659,15.389699036718],[101.673578520877,15.389965100712],[101.671957046709,15.390347015046],[101.67122289166,15.390543258351],[101.670725685022,15.390612457755],[101.669045037572,15.391374426076],[101.667222420899,15.392320995339],[101.66663389791,15.392667900508],[101.666506254817,15.392742820053],[101.663507021107,15.394511878956],[101.661933568545,15.395791887216],[101.659792103083,15.39807451912],[101.656278032017,15.400554196617],[101.6551536818,15.40132636503],[101.65427822888,15.401811031644],[101.653058406981,15.401893341727],[101.652264662964,15.401663453103],[101.651376338779,15.401179519762],[101.650581860523,15.400386226488],[101.649727990003,15.398900386661],[101.647914866021,15.397254350726],[101.646575601502,15.396403169775],[101.645141930285,15.395264058065],[101.644193564438,15.394354012167],[101.642878197282,15.392720068148],[101.641953275536,15.391683274268],[101.639985796365,15.389323150787],[101.638255179899,15.387331662111],[101.637591282893,15.386502885209],[101.637022085016,15.385846861086],[101.636346415018,15.38477546536],[101.635279485296,15.383222066028],[101.634734015265,15.382461876924],[101.634307248955,15.381793995083],[101.633880626634,15.381137401115],[101.633121781578,15.380297308232],[101.631439015718,15.378351470983],[101.630585207928,15.377361191816],[101.6294710659,15.376026223755],[101.627942268424,15.374103371326],[101.626709497615,15.372306856354],[101.625287228486,15.370430142372],[101.624244016562,15.368898967112],[101.623117902761,15.367297628405],[101.622632008347,15.366687993766],[101.621055477853,15.36493838713],[101.620167396004,15.364362834812],[101.618663560696,15.364051952932],[101.617953146493,15.36414498628],[101.616473337788,15.364733700801],[101.615302038144,15.365240875056],[101.614473162149,15.365679666241],[101.612722346498,15.367074332472],[101.611870499153,15.368145683541],[101.610652187684,15.369505864385],[101.609906422714,15.370266591769],[101.608273510404,15.371649688106],[101.60643908133,15.372410738415],[101.603918098313,15.373691294061],[101.6023915245,15.37469373111],[101.600734753585,15.376364986276],[101.598877467073,15.378197779959],[101.597007176258,15.378890308115],[101.595894059144,15.378844580779],[101.593655540935,15.378419034539],[101.591749278897,15.378040405177],[101.590256423332,15.377165779268],[101.589711517476,15.376531908737],[101.589296381374,15.375898784878],[101.58894115216,15.375357550694],[101.588597248777,15.374885061056],[101.587768394311,15.37434481572],[101.586642980692,15.374102713405],[101.584962108489,15.374161757933],[101.58292555204,15.374207980799],[101.581042327218,15.373806401267],[101.579041041672,15.373645548201],[101.57664977403,15.373900194629],[101.575335027053,15.373923312243],[101.573428676087,15.373533224512],[101.572031507188,15.373383388961],[101.570302580672,15.373131235992],[101.568218286461,15.372416834114],[101.567673197497,15.372094542157],[101.566263986134,15.37191093316],[101.565423913477,15.37230339302],[101.564630947828,15.372741602932],[101.563525758638,15.373295191006],[101.563068307651,15.37352515722],[101.562233409972,15.373723335289],[101.562198599013,15.373731639964],[101.561706588986,15.373847957566],[101.559906733146,15.374124978177],[101.557917916262,15.374748545641],[101.555905629577,15.375405111599],[101.553928130489,15.376004804629],[101.552471853552,15.375590174372],[101.551832131416,15.375141332109],[101.549890032825,15.374969373852],[101.549239160053,15.375373161453],[101.548955219919,15.375948893538],[101.548659067855,15.376190535471],[101.547191209552,15.376306704145],[101.544372577434,15.376214735234],[101.542051861475,15.375916054278],[101.539683345528,15.375514010334],[101.53738591406,15.374927076812],[101.534780731323,15.374489284077],[101.5317846602,15.374351746864],[101.528800735935,15.374352917813],[101.526385352203,15.37426065062],[101.524455043451,15.374053327679],[101.522584094237,15.373846443887],[101.520890926047,15.373374433026],[101.520334388102,15.373063436294],[101.519280234296,15.372211548465],[101.518948332791,15.371853968468],[101.518522018506,15.371532459329],[101.517929992067,15.370979083866],[101.517491649431,15.370576407863],[101.516496527222,15.369792715416],[101.516200382699,15.369504734687],[101.514293576816,15.367857346301],[101.513772265393,15.367085226321],[101.512777564203,15.365945816482],[101.512173431954,15.365496442928],[101.510716974726,15.364862456278],[101.509568385634,15.364378560224],[101.508905027557,15.363987431632],[101.507851157357,15.363492294931],[101.507507838235,15.363296294385],[101.506690845702,15.362708150812],[101.506311769883,15.362489965932],[101.50535218398,15.361752109496],[101.503978652243,15.360554805013],[101.502900908054,15.359909727499],[101.501148476816,15.359091547752],[101.499680483361,15.357629911245],[101.497839051404,15.356860125231],[101.496068259968,15.356353762999],[101.493897065955,15.356378072085],[101.492433832055,15.356340240958],[101.490229574026,15.35676574892],[101.48824853785,15.357468784969],[101.486230440923,15.358482748784],[101.484794815986,15.359107403045],[101.482953459325,15.360259392572],[101.480943180257,15.362135941119],[101.479690738428,15.363936288137],[101.47831712644,15.366219022107],[101.477602695736,15.367067100162],[101.476795000762,15.367557126516],[101.474992471007,15.368064984377],[101.474352932536,15.368061928063],[101.472755373174,15.367892223382],[101.472282296577,15.367843274314],[101.471063399585,15.367710004993],[101.469819848468,15.367657176007],[101.468849392419,15.367570823718],[101.467820296894,15.367347353338],[101.467311768111,15.367252487712],[101.466744182833,15.367133432407],[101.465017860277,15.366652303901],[101.463954986784,15.366128816804],[101.462421816445,15.364900245098],[101.46131861892,15.36297244026],[101.460719664275,15.362013574192],[101.459612478021,15.36083447354],[101.458302971298,15.359917319053],[101.457395157503,15.359165108619],[101.456427979296,15.358411289618],[101.455309940889,15.357196145046],[101.454934810111,15.356365781994],[101.4550456634,15.35559555906],[101.455641545761,15.354804182937],[101.45600113725,15.35405832116],[101.455874618203,15.353241027491],[101.455641606715,15.352571706396],[101.455562585327,15.351835193601],[101.455887335421,15.350846933134],[101.456197653318,15.350365852147],[101.45684444227,15.348953970946],[101.456661233122,15.347766917244],[101.456050810461,15.346716688251],[101.455344026573,15.346033387155],[101.454884240098,15.345673709728],[101.454257245433,15.34554397439],[101.45296489809,15.345835984278],[101.452060084501,15.346878049307],[101.451850624948,15.348373191298],[101.451823870597,15.348971975593],[101.45167920359,15.349488494208],[101.4511796396,15.349958099605],[101.450787485087,15.35020858309],[101.449352677671,15.350661363377],[101.448723244078,15.350922354561],[101.448295727367,15.351184515009],[101.448033468282,15.351597305292],[101.447983067077,15.352115045993],[101.448072852686,15.353128107977],[101.448035922239,15.353404045546],[101.447737805835,15.353735925479],[101.447312215761,15.353664940297],[101.446981652663,15.353409976277],[101.446416766821,15.352819943284],[101.445044156762,15.352570763521],[101.44429649518,15.352923379768],[101.443954027917,15.352795014722],[101.442752197807,15.351671050611],[101.441432045198,15.350478361852],[101.440100185473,15.349378388256],[101.437383020437,15.348234832614],[101.435418523233,15.347970601671],[101.434851785707,15.347668508877],[101.434333164374,15.347250706984],[101.433407333372,15.345484517339],[101.433081158693,15.344400616967],[101.4323085088,15.342796488379],[101.431755340047,15.342207409692],[101.430752823857,15.341452710162],[101.429289134459,15.340616077095],[101.428319529992,15.340391751771],[101.427122729298,15.340545932747],[101.425834468345,15.340136479145],[101.425140487344,15.339292572751],[101.424812477304,15.338599392759],[101.423799425261,15.337684417841],[101.422593069837,15.337412949402],[101.421304273733,15.337106233823],[101.419545578338,15.336060428446],[101.418449176468,15.335180205599],[101.417625452657,15.334231526116],[101.416942674993,15.333547818805],[101.415681576035,15.332459321235],[101.414429790612,15.331876620449],[101.412396019772,15.331392706546],[101.40855960418,15.331451080665],[101.406496846195,15.331991662435],[101.405451944969,15.332504319633],[101.404455351306,15.332866259749],[101.403154401263,15.332663454512],[101.401948891439,15.332207788049],[101.401157121106,15.331961094207],[101.399630912951,15.331698580498],[101.398353004842,15.331576804773],[101.397300380964,15.331363389691],[101.395640844912,15.331756125882],[101.394476598495,15.332520714043],[101.393275210105,15.333549944857],[101.392811124162,15.333926451713],[101.39231243649,15.334176849972],[101.391732121163,15.334207915077],[101.391165034063,15.334020886386],[101.389495003526,15.334056843455],[101.389020051809,15.334399581714],[101.388745703599,15.334731137415],[101.388009682023,15.335038272704],[101.387632459665,15.334816454767],[101.387408095851,15.334631395757],[101.387067008951,15.334261254627],[101.38667896859,15.333752714667],[101.386455120595,15.333612819761],[101.38595862788,15.333391143789],[101.385449878571,15.333319792605],[101.384952441745,15.333373667654],[101.382452210421,15.333159837521],[101.382448466843,15.332880945819],[101.381970719175,15.330718959565],[101.381968097254,15.327971451509],[101.382039333997,15.324501545179],[101.382073672485,15.321317739497],[101.381991238754,15.317582960895],[101.382003392834,15.31403124524],[101.381485063184,15.309972488921],[101.381022928534,15.3067646069],[101.380905446217,15.303062943039],[101.380882045637,15.299500307152],[101.380942665657,15.295547172792],[101.380951582194,15.293041199491],[101.380959174044,15.290778035732],[101.381121422223,15.288250102773],[101.381152478667,15.288012622749],[101.381570414253,15.28479197644],[101.381791930524,15.282206948833],[101.382132617162,15.279254765767],[101.382737398014,15.275222435754],[101.382887881685,15.272683335413],[101.382811073289,15.270774534325],[101.382737298461,15.268258146293],[101.382757033368,15.265832234663],[101.383037815518,15.26319011254],[101.383316929494,15.26101891879],[101.383686635288,15.260123982281],[101.384019320836,15.259504984393],[101.38447128629,15.25873565239],[101.384793098037,15.257875102066],[101.384855547864,15.256863729317],[101.384670477424,15.255771423188],[101.384414639718,15.25454096609],[101.384292307148,15.252874315734],[101.384842083706,15.250053164799],[101.385102717079,15.248668149285],[101.385349712997,15.247054035099],[101.385575586842,15.245784576724],[101.386056460659,15.243868715077],[101.386149102705,15.243626063],[101.386439111131,15.242886686264],[101.386870933905,15.242190970864],[101.387766843277,15.241700363762],[101.388534637041,15.241452783913],[101.389149362519,15.241298303183],[101.389835228035,15.2412119499],[101.390508869882,15.241021830511],[101.391129027679,15.240164874512],[101.391226759047,15.239138446844],[101.3909119047,15.236905826903],[101.390988424612,15.234774059006],[101.391079316282,15.232987698299],[101.391320329981,15.230693820739],[101.391490728109,15.229356066994],[101.391493393052,15.229334582353],[101.391575643414,15.22868775734],[101.391776265556,15.227245787353],[101.392175403358,15.225410972235],[101.392607797917,15.223380438008],[101.392811340666,15.222248988896],[101.392875831439,15.221523303834],[101.393091851673,15.220415437531],[101.393342896427,15.219319620129],[101.393640896508,15.218210880392],[101.393939301895,15.215697311669],[101.394239458164,15.213390382776],[101.394493968482,15.211315442736],[101.394855259243,15.209273243404],[101.395462916579,15.206906574637],[101.395921719833,15.205210025614],[101.396334526699,15.20366303095],[101.396529634938,15.201530001204],[101.396750751801,15.198302422941],[101.396804467967,15.196263501231],[101.396798095375,15.194155204405],[101.396863697628,15.192138740267],[101.397034717824,15.189983382371],[101.397117487162,15.188611554442],[101.397360464093,15.186546901483],[101.397732305391,15.184309225226],[101.398200988741,15.182358484614],[101.398679343551,15.180132095859],[101.399001549858,15.177722169371],[101.399442063527,15.175183373662],[101.39974237859,15.172946459715],[101.3999956042,15.170710047486],[101.400354220562,15.168333611792],[101.400582690536,15.166016155619],[101.400664082723,15.164471563875],[101.400769052183,15.162904134554],[101.400818956183,15.161763031246],[101.400846337769,15.160841247219],[101.400780667081,15.160070648676],[101.400659858788,15.159771546026],[101.40026506356,15.159302581242],[101.399571241681,15.158556735905],[101.399650912196,15.156703867963],[101.400518545879,15.154358152226],[101.401349282213,15.151783584261],[101.401006485119,15.146337326037],[101.400723831035,15.143747504073],[101.400646845618,15.141662540075],[101.400941703817,15.140128098318],[101.401249227657,15.138686122563],[101.401358677067,15.136277331407],[101.400995728813,15.133987620058],[101.40019727521,15.131943072268],[101.399308717586,15.130464118795],[101.398663284935,15.128326464753],[101.398548504447,15.125977643106],[101.398494373908,15.123800957581],[101.398160268597,15.120658315825],[101.398046540112,15.118400952803],[101.398028591898,15.116339068721],[101.39807278137,15.114530613414],[101.398161582475,15.112502604149],[101.398394060999,15.110588257502],[101.3988273576,15.108649195997],[101.399325693913,15.107377980628],[101.399591780545,15.106696457859],[101.399693791542,15.106154447264],[101.399357932395,15.105592238939],[101.398925409177,15.104858273232],[101.398719345889,15.104260807384],[101.398662434284,15.103178426078],[101.398931628178,15.102773546267],[101.39934189363,15.102354747057],[101.399646992038,15.102042086934],[101.39964368879,15.101903220385],[101.399628307573,15.101258561232],[101.399029971533,15.100456337578],[101.398244533148,15.099967777836],[101.397543683294,15.099662392544],[101.396947882433,15.099136810076],[101.396635034805,15.098551764584],[101.396914684825,15.098042882483],[101.397420846387,15.097728095751],[101.397618674612,15.097334137586],[101.397032120075,15.09654420318],[101.396880375394,15.095347635055],[101.39778432735,15.094487707526],[101.398099810424,15.094013452149],[101.39761946644,15.093209970638],[101.397374820782,15.092279770142],[101.397846529225,15.090708452248],[101.398135595715,15.089900208518],[101.398094518441,15.089243398937],[101.397638937078,15.088522091158],[101.39735619287,15.087303195426],[101.39736276808,15.086645879764],[101.397820799493,15.086239003925],[101.39841086576,15.086049810834],[101.398715034784,15.085655856033],[101.398688622518,15.085321866166],[101.398337903128,15.084415374767],[101.398361459185,15.083044169551],[101.398714548369,15.081416515077],[101.399194964769,15.079431785995],[101.399574456531,15.078138120558],[101.399837552377,15.07708848469],[101.399851355628,15.076195072806],[101.399751126219,15.074978762496],[101.39956397846,15.073680933679],[101.39914341009,15.072451073947],[101.399341121645,15.072203926205],[101.400280646788,15.070793661624],[101.401256315164,15.068773197299],[101.402122626917,15.066899567161],[101.402554851262,15.066009627056],[101.402855649614,15.065162862901],[101.403083658471,15.064406083365],[101.403170641796,15.063613532195],[101.403120178069,15.063155576787],[101.403010602796,15.062711799137],[101.40292665207,15.062169501378],[101.402967905889,15.061858510745],[101.403122474523,15.061703290442],[101.403466871504,15.061635271491],[101.403778619798,15.061609381539],[101.404394099149,15.061619796745],[101.404637952481,15.061188082541],[101.40486285634,15.060673002358],[101.405090413969,15.059928649951],[101.405290205047,15.059402543123],[101.405549082989,15.058911946538],[101.405914434637,15.058433771781],[101.406376093116,15.057994100631],[101.40705548679,15.057591643092],[101.407595340587,15.057233577582],[101.4080160754,15.056875646303],[101.408321150426,15.056463607735],[101.408703601511,15.055698410637],[101.40898674237,15.055196262172],[101.409401131793,15.054636254835],[101.409895481388,15.05410814673],[101.410210403936,15.053745690179],[101.410672538965,15.053143390812],[101.410743712151,15.052807238345],[101.410640156045,15.052382599257],[101.410491167219,15.052102991132],[101.410424261803,15.05183719059],[101.410489217267,15.051619679271],[101.410706112365,15.051427655537],[101.411114659569,15.051124055399],[101.411309685525,15.050847567822],[101.411342993468,15.050502783495],[101.411308413315,15.050321336447],[101.411231237448,15.050020638617],[101.41128359659,15.049768252575],[101.411444716007,15.049576821096],[101.411658236867,15.049394997072],[101.412147756208,15.049006968791],[101.412423895016,15.048658474108],[101.412591341234,15.048306616666],[101.412795171877,15.047573806296],[101.412923802265,15.046457838749],[101.413205554928,15.045369605481],[101.413739116746,15.044146568683],[101.414190118608,15.043486791238],[101.414546523564,15.042837053553],[101.415024948791,15.041981617969],[101.415154960525,15.041556755074],[101.41525522913,15.041122045986],[101.415280700424,15.040443078085],[101.41520970031,15.039813695133],[101.415101970618,15.039276174913],[101.414921961584,15.038201885423],[101.414520013595,15.03697298583],[101.41414386822,15.036229400172],[101.413895702164,15.035603028291],[101.413741802892,15.03498920548],[101.413724680913,15.034655120672],[101.413810856732,15.034207009585],[101.414012834475,15.033878501343],[101.414302786624,15.033571643504],[101.415035741371,15.033031962331],[101.415493162222,15.032738003434],[101.415900733807,15.032402790742],[101.416250850567,15.032021888316],[101.41648496966,15.031607211875],[101.416794520338,15.030564982737],[101.417008255514,15.029681871246],[101.417136531224,15.027968520049],[101.417377552425,15.026567909706],[101.417983139687,15.024677831201],[101.41851552051,15.022891295171],[101.418850335414,15.021514529975],[101.419079145851,15.020114049632],[101.419166390459,15.019297782828],[101.419247736804,15.018783095823],[101.419397610166,15.018369314267],[101.419722939963,15.017853160124],[101.420067721623,15.017413590169],[101.420882707872,15.01632306738],[101.42172971107,15.015393688605],[101.422478719823,15.014635872455],[101.423369321321,15.013916070272],[101.423839231024,15.013497748438],[101.424392881326,15.013035620945],[101.424576211146,15.012807811619],[101.424638381829,15.012602749992],[101.424626414344,15.012262966258],[101.424554404385,15.012059335025],[101.424171030234,15.011651235754],[101.423612972707,15.011155783639],[101.423322096935,15.010861882556],[101.423127880996,15.010536461891],[101.422940181795,15.010067553125],[101.422860757047,15.009669764295],[101.42285631514,15.009275693873],[101.422933139451,15.008566819392],[101.423028266169,15.007780959495],[101.423053470763,15.007079410423],[101.423024210164,15.00675110297],[101.422934057036,15.006535241899],[101.422777081926,15.006317833772],[101.422283840507,15.005901864025],[101.421653893067,15.00541733388],[101.421119758427,15.004877576096],[101.420928576033,15.004614229078],[101.420848251129,15.004239034551],[101.420817288526,15.003398051251],[101.420927576515,15.002616547008],[101.421006030339,15.002309678284],[101.421119826144,15.001994528664],[101.421190761268,15.001793891656],[101.421269095521,15.001579624639],[101.421290124715,15.001486800466],[101.421300067131,15.001389576243],[101.421231687888,15.000991669127],[101.421183951261,14.999899035258],[101.421112591655,14.998978303055],[101.420899066895,14.998380926712],[101.420531837285,14.997597724782],[101.420396266577,14.997268286936],[101.42033011948,14.996965214373],[101.420412660922,14.996608613444],[101.420696766734,14.996148235609],[101.421193863828,14.995618964516],[101.421880193094,14.995077517272],[101.422661084906,14.994628791947],[101.422937161942,14.994436135437],[101.423182310138,14.994179440159],[101.423371156791,14.993926730832],[101.42364311073,14.993213521018],[101.423796034787,14.99235025553],[101.423937756779,14.990853584599],[101.42410354684,14.989688664608],[101.424303618758,14.988885878087],[101.424404301439,14.988593453192],[101.424557404197,14.988262074131],[101.424800297435,14.988012177872],[101.425451170424,14.987677758347],[101.425736885567,14.987516617805],[101.425971675457,14.987321011009],[101.426071643863,14.987120064354],[101.426113705162,14.986883598644],[101.426078184923,14.986411939656],[101.426125341427,14.986112178677],[101.42623176166,14.985916810581],[101.42634354884,14.985733806378],[101.426563024147,14.985571112172],[101.427107343529,14.985318002403],[101.427251409021,14.985215962403],[101.427391302077,14.985052985268],[101.42752114124,14.984719595342],[101.42760406264,14.984397998031],[101.42767091086,14.984196274664],[101.427816700031,14.984041140361],[101.428207275224,14.983856293858],[101.428598176645,14.983648858803],[101.428917630289,14.98333829115],[101.429055824308,14.983127902101],[101.429118451617,14.982912673201],[101.429142049714,14.982532985228],[101.429094465579,14.982176642405],[101.428987560494,14.981762208971],[101.428856885633,14.980991177679],[101.428832918463,14.980565696553],[101.428845035899,14.980404081792],[101.428898595742,14.98015732917],[101.428986617374,14.979979094701],[101.429081403466,14.979782719796],[101.429166571916,14.979609033689],[101.429211296536,14.979403028947],[101.429188261664,14.979214685516],[101.429092849345,14.97894354755],[101.428938173473,14.978413308103],[101.428889198142,14.978139415601],[101.42893826718,14.977803498534],[101.429014142905,14.97762991068],[101.4291984745,14.977493563002],[101.4296480905,14.977343094756],[101.430062290736,14.977194132568],[101.430346432322,14.976997997049],[101.430547581232,14.976756447124],[101.430689351456,14.976503107437],[101.430700761574,14.976227443229],[101.430653165207,14.975869970694],[101.430641748463,14.975836214363],[101.430606174143,14.975617514593],[101.430624994266,14.975329349391],[101.430739590014,14.975035645856],[101.430906459307,14.974793331247],[101.431078830035,14.974523855442],[101.431063887165,14.974332038188],[101.430983810157,14.974133010625],[101.430853558767,14.973914191182],[101.430770489191,14.973707290514],[101.430770735633,14.973523216114],[101.430912376644,14.973258585248],[101.431125206166,14.973074503491],[101.431397529164,14.972809608125],[101.431579304781,14.972550195327],[101.431732801468,14.972306893819],[101.431743585519,14.972078665649],[101.431702119116,14.971904071282],[101.43162211193,14.971762635823],[101.431432494708,14.971635920459],[101.431161796483,14.971478449935],[101.430898885204,14.971290405742],[101.430765503044,14.971051292483],[101.4307452019,14.970796293125],[101.430858797345,14.970362570157],[101.43088720641,14.970254986709],[101.431313175438,14.969760340585],[101.431632665499,14.969403471806],[101.431710693443,14.969215180218],[101.431762608833,14.968977479254],[101.431717024035,14.968643700877],[101.431750434168,14.968310209398],[101.431854161987,14.968083248633],[101.432069270881,14.967895753732],[101.432384460804,14.967621366863],[101.432696312917,14.967308621051],[101.432873253335,14.966981502565],[101.433003837873,14.966561150179],[101.43302721302,14.965904793349],[101.432884247268,14.96466186022],[101.432816352824,14.964306863019],[101.432797122913,14.963786473558],[101.432824667212,14.963396580375],[101.432894634499,14.963163203975],[101.433074850782,14.962920747746],[101.433155486495,14.962706455093],[101.433200214466,14.962449633229],[101.433157424819,14.962157607315],[101.433072242437,14.961866034394],[101.432890385152,14.961602594806],[101.432657780405,14.961371315646],[101.43249354727,14.961228519453],[101.432179791555,14.961114419607],[101.431746166121,14.960980140832],[101.431177820276,14.960796478723],[101.430828841344,14.960648874053],[101.430538676523,14.960463376321],[101.430368535382,14.960311607066],[101.430234297205,14.959995710994],[101.430159700135,14.959715316229],[101.430005295776,14.958898235718],[101.42993396331,14.958391950899],[101.429838824918,14.95778315491],[101.429756001694,14.95739104863],[101.429771384444,14.957158254073],[101.429899043932,14.956890385906],[101.43001577934,14.956735562037],[101.430272810757,14.956455023425],[101.430453275819,14.956183204934],[101.430571671734,14.955814930128],[101.430713159324,14.955331222862],[101.430846184188,14.955230429345],[101.431091942585,14.955135211495],[101.431353023494,14.955008210612],[101.431529901567,14.954882106556],[101.431584053764,14.954688423545],[101.431624085455,14.954272423862],[101.431705423478,14.953862760641],[101.431813371816,14.953443778853],[101.432002299906,14.952995703429],[101.432006735491,14.952770930553],[101.431919280434,14.952534713811],[101.431824147865,14.952132576994],[101.431840644077,14.951947200056],[101.431930727314,14.951798305089],[101.432392360209,14.95153365461],[101.432539466705,14.951394315301],[101.432668125883,14.951215648972],[101.432687554294,14.951084445765],[101.432640380897,14.950969762954],[101.432494260183,14.950835806701],[101.432273322876,14.950762498757],[101.431882466337,14.950659382045],[101.431733747235,14.950552555372],[101.431627644366,14.950413655099],[101.431563160795,14.950257372423],[101.431633863519,14.949934776399],[101.431712104348,14.949765681762],[101.431858604187,14.949624090904],[101.432473806964,14.949278755254],[101.432683723752,14.949095835511],[101.4328402373,14.948863795901],[101.432946817349,14.948426760349],[101.43287114288,14.94779291534],[101.432773688746,14.947236091705],[101.432723754863,14.946876385715],[101.432732483027,14.946517183097],[101.432799869183,14.946106539321],[101.432933444891,14.945746006621],[101.433151656426,14.945474914625],[101.433465647224,14.945251361388],[101.433939319213,14.944974158717],[101.434246775846,14.944686305016],[101.434577914688,14.944284142411],[101.434838145411,14.944134563244],[101.435157673572,14.944041944261],[101.435370680729,14.944030638813],[101.435631106866,14.943949942121],[101.435784792462,14.943776653455],[101.435914525403,14.943179014583],[101.436055880116,14.941912722504],[101.436078933514,14.941073427003],[101.436209224603,14.940267996048],[101.436362250009,14.938955279585],[101.436527264932,14.938139314944],[101.436728395406,14.937333127643],[101.436928976244,14.936838626765],[101.43704668041,14.936667980308],[101.437212923695,14.936527307191],[101.437525914912,14.936319570121],[101.437911000386,14.936170915557],[101.438171475129,14.936043916919],[101.438218428954,14.935779166567],[101.43815911067,14.93551442092],[101.438111447981,14.935047411194],[101.438121507877,14.934806769107],[101.438197602646,14.934602688257],[101.438324353008,14.934410488835],[101.438441092876,14.934205974255],[101.438557537932,14.934078253825],[101.438607795202,14.933900421762],[101.438572135046,14.933776582961],[101.438487056232,14.933647624235],[101.438312027368,14.933524142276],[101.438039725887,14.933374595499],[101.437909185168,14.933179494715],[101.437918989789,14.933019034183],[101.437992140181,14.932914360356],[101.438164059264,14.93276233378],[101.438370751352,14.932707053061],[101.4387140206,14.932764371659],[101.438973766381,14.932830485056],[101.439258543738,14.9329019782],[101.439471539165,14.932890670602],[101.439614059844,14.932860917607],[101.439767114513,14.932787010705],[101.439820950548,14.932668992327],[101.439850207318,14.932534296455],[101.439755132078,14.932188624989],[101.439601017243,14.931808577293],[101.439336580421,14.931429705964],[101.439080018102,14.931130928077],[101.438866492188,14.930889284095],[101.438647066577,14.930587850739],[101.438551612297,14.930208305272],[101.438600722418,14.9299288515],[101.438747551395,14.929714981935],[101.439031825958,14.929484965325],[101.439180293253,14.929262043964],[101.439256201819,14.928990209089],[101.439279466878,14.928530347542],[101.439326999775,14.92826559106],[101.439362340277,14.928000964681],[101.439456522727,14.927701832422],[101.439648097796,14.927388109657],[101.439894129662,14.927114459212],[101.440402793088,14.92670023486],[101.440720508017,14.926449533167],[101.441053778434,14.926239319506],[101.44151170399,14.926011964608],[101.441882005234,14.92579006094],[101.442189112646,14.925525919725],[101.442391012737,14.925252739577],[101.442520116796,14.924961137667],[101.442787108774,14.924487381266],[101.443031309587,14.924155026225],[101.443431268589,14.923937320867],[101.443771205398,14.923803822804],[101.444046252962,14.923683439756],[101.444399434728,14.923386055229],[101.444578677982,14.922958406014],[101.4446253991,14.922314223868],[101.444530495397,14.921624126554],[101.444376286381,14.920875941244],[101.444281072426,14.92031232439],[101.444245106003,14.919955859663],[101.44433990466,14.919506528017],[101.444587683641,14.91897764134],[101.444871669178,14.918621145735],[101.445392171267,14.918229372873],[101.445971948944,14.9176879017],[101.446610631342,14.917066751098],[101.447142779819,14.916421895074],[101.447478199148,14.915838993822],[101.447630381204,14.915483905949],[101.447709630968,14.915097978111],[101.447687654556,14.914797828774],[101.44773331978,14.91452292878],[101.447813254915,14.914351554201],[101.447981426916,14.914178107191],[101.448419015431,14.913798509294],[101.448774217303,14.913476255549],[101.448975296958,14.913337461988],[101.449118137755,14.91318348292],[101.449223259308,14.912980219174],[101.449270002529,14.912749348787],[101.44929269052,14.912445333958],[101.449258326852,14.912025615054],[101.449032673455,14.911070413492],[101.448606440317,14.909989750123],[101.448470873554,14.909708883426],[101.448215543102,14.909414618276],[101.44774207962,14.909034602444],[101.447386571739,14.908713174994],[101.447269529763,14.908478409794],[101.447232849977,14.908264241242],[101.447315193581,14.907792456599],[101.447516172181,14.907285525578],[101.447775940777,14.90689428072],[101.448024395811,14.906272785442],[101.44824863583,14.905409887017],[101.448389826436,14.904340091713],[101.448543392947,14.903235156062],[101.44862043325,14.902089256162],[101.448622927427,14.90205309311],[101.448625408835,14.902015800933],[101.448754846469,14.900933709521],[101.449168140917,14.899691614131],[101.449546488078,14.898850781963],[101.449865645129,14.898321130442],[101.450078418261,14.897677432148],[101.450219758931,14.897032238574],[101.450219148625,14.89605430138],[101.450266086257,14.895122155214],[101.45046690651,14.894294514417],[101.450561334766,14.893454459691],[101.450572478785,14.892694345041],[101.450631450596,14.89200486223],[101.450760824163,14.891071834328],[101.451091351394,14.890059865892],[101.451493097957,14.889184904332],[101.451632636044,14.888791557098],[101.451705848232,14.888437313418],[101.451729322164,14.887689489002],[101.45170525212,14.88699863623],[101.451658460282,14.886454831277],[101.451692707049,14.886043412173],[101.451810804144,14.885756444947],[101.452070941773,14.885502965196],[101.452201102459,14.885307339816],[101.45222460575,14.884972825428],[101.452212371358,14.884455753171],[101.452200662336,14.884190501291],[101.452200123257,14.883834788149],[101.4522946608,14.88356952888],[101.452554866475,14.883373641448],[101.452730228469,14.883170755895],[101.452874210242,14.882914001543],[101.453027814606,14.882430162883],[101.453074449914,14.881728390581],[101.453074010843,14.881278947913],[101.453168785096,14.880726853022],[101.453357598138,14.880070988304],[101.453392963825,14.879553406934],[101.453237045297,14.878959952412],[101.453167547978,14.87856432379],[101.453202460751,14.878058039814],[101.453285060746,14.877815493477],[101.453427009785,14.877481971326],[101.453628252006,14.877206536244],[101.453829028219,14.876941269378],[101.454101201773,14.876469713052],[101.454158775617,14.876221788114],[101.454135845448,14.875939716733],[101.454088447105,14.87575276681],[101.45398177559,14.875560803914],[101.453875308642,14.875386906912],[101.453664353916,14.875214127753],[101.453402343619,14.875146915747],[101.45312815016,14.875131780629],[101.452633110604,14.875147237686],[101.452029653138,14.87512432872],[101.451722084679,14.875032758931],[101.451441869255,14.874895724938],[101.451244090079,14.874706992697],[101.451058659948,14.874480861702],[101.45092548101,14.874203356234],[101.450857354635,14.873928543298],[101.450857388223,14.873571694197],[101.450998944088,14.873203170384],[101.451093549777,14.872995503511],[101.451286333683,14.872690800139],[101.451602236498,14.872235717328],[101.451991878408,14.871730159435],[101.452300480122,14.871245793276],[101.452618567219,14.870624684838],[101.452760201956,14.8703148813],[101.452878719192,14.86991159531],[101.452735677513,14.868761273484],[101.45227351723,14.867472074244],[101.451970325114,14.86684179568],[101.451782467349,14.866400001132],[101.451740745246,14.866149749765],[101.451791800589,14.866044181954],[101.451989068583,14.866034170198],[101.452288382475,14.866115666336],[101.452458592056,14.866177086836],[101.452628660441,14.866226085922],[101.452876224297,14.866197466707],[101.452966228101,14.866045183553],[101.452923490389,14.865653784835],[101.452911473623,14.8654122504],[101.452970386718,14.865282884844],[101.453113192692,14.865179723869],[101.4533211438,14.865139105924],[101.453620928398,14.865159616199],[101.453834110072,14.865170887883],[101.454082501416,14.865112897925],[101.454193744104,14.864990877371],[101.454282725316,14.86474826307],[101.454333102554,14.864582851342],[101.454377586036,14.864306835106],[101.454339414391,14.864011376145],[101.45422369809,14.863686255468],[101.453844742525,14.862926924392],[101.453631300857,14.862224543651],[101.453347173018,14.861534211537],[101.452766797047,14.860775900119],[101.452376267008,14.860327236753],[101.451831698361,14.859706310402],[101.451452642892,14.859142336579],[101.451287030462,14.85871611243],[101.451097493711,14.858176086969],[101.450987876925,14.857927689101],[101.450841934915,14.857701134929],[101.450618346661,14.857538648202],[101.450387219491,14.857428187818],[101.449570500652,14.857176041165],[101.449179931408,14.857083090188],[101.447819329719,14.856680898371],[101.446967522976,14.856405400166],[101.44593820925,14.856038060267],[101.44486082836,14.855577497775],[101.44440806335,14.855425348938],[101.443878811471,14.855337252254],[101.443441513592,14.855321578315],[101.442879798461,14.855289158896],[101.442437714724,14.855209166437],[101.441997571203,14.855095273426],[101.44159583251,14.8548861115],[101.441263943154,14.854590381576],[101.440766947729,14.854117981106],[101.440528875395,14.854008712609],[101.440210894922,14.853969178551],[101.439773262306,14.854026904331],[101.439169866246,14.854107846255],[101.438872049566,14.854054544873],[101.438544703425,14.853956385734],[101.438294577353,14.853755771591],[101.438069429893,14.853453257305],[101.437820380273,14.853038068158],[101.437577540421,14.85265894945],[101.437287726888,14.852335663298],[101.437089515346,14.852157081934],[101.436800353158,14.851995275209],[101.436494966667,14.851887845364],[101.436211537342,14.85182309461],[101.43587976892,14.851796123154],[101.435394666042,14.851761742085],[101.435061307468,14.851696389996],[101.434673108847,14.851554827962],[101.434300149765,14.851322761561],[101.433950836767,14.851024944907],[101.433382738121,14.850576993171],[101.433110551667,14.850427423289],[101.4326848561,14.850358528345],[101.432294568521,14.850393151198],[101.43185648437,14.85046215871],[101.431383447347,14.850416348098],[101.430987189408,14.85033245768],[101.430413383247,14.850152197962],[101.429846618056,14.849874743221],[101.429206366812,14.849462550394],[101.428271539413,14.84871468257],[101.427872700207,14.848399309854],[101.427360200676,14.847886383695],[101.427053375217,14.847493244807],[101.426744657998,14.847034627853],[101.426590064803,14.846914297378],[101.42614507297,14.846780094416],[101.425703096134,14.846656022227],[101.425170990922,14.846518219831],[101.425052200663,14.846172781869],[101.424969272803,14.845711778338],[101.424886153395,14.845389679544],[101.424793344629,14.845031544945],[101.424649499813,14.844573442539],[101.424485764692,14.844361734665],[101.424262068894,14.844186796342],[101.423998425657,14.84402131344],[101.423657815859,14.843825022025],[101.423277548301,14.843664155175],[101.422780880066,14.843580177946],[101.422167105349,14.843561804219],[101.42144290602,14.843688010959],[101.420540526699,14.84392111714],[101.419562233805,14.844218259526],[101.418544995946,14.844563238148],[101.418081552176,14.844648295282],[101.417516170656,14.844701674691],[101.416986284964,14.844710636165],[101.416451429371,14.844690287147],[101.415824129599,14.844552333344],[101.415403451799,14.844359129133],[101.415008724734,14.844045945541],[101.414261800484,14.843171813205],[101.41346890353,14.842286867435],[101.412995413329,14.841780268219],[101.412273947145,14.841158822357],[101.411397948494,14.840054526094],[101.410699347225,14.838824142272],[101.409740639398,14.837535499076],[101.408935798271,14.836511753607],[101.408119538988,14.835084963016],[101.406734617257,14.832887160339],[101.405680821118,14.830815751721],[101.404722371113,14.829228938998],[101.403716598247,14.827928328636],[101.402154192786,14.82625972487],[101.400793737773,14.824637559558],[101.399290455975,14.82269389072],[101.397551299064,14.820358536277],[101.395717153315,14.818460066226],[101.393658542392,14.816837203957],[101.391978639128,14.815871033812],[101.380384715962,14.808220338609],[101.377545423691,14.80700063208],[101.374576262908,14.806057781588],[101.371891191673,14.805298302528],[101.369281334443,14.804301986445],[101.368756221788,14.804101847566],[101.366449465455,14.803008644054],[101.364084106936,14.801754519313],[101.361788869874,14.800488355156],[101.359423475018,14.799118983007],[101.35683275092,14.79751924271],[101.354845281424,14.796368430726],[101.352586096217,14.795045322788],[101.350705417248,14.793836911588],[101.349286191973,14.792685893442],[101.348867678658,14.792248583548],[101.348446441784,14.791719822703],[101.34817447899,14.791201964045],[101.34804429125,14.790861097213],[101.347961591641,14.790510711861],[101.347937941155,14.790200382351],[101.347890501303,14.789728798048],[101.347736737336,14.789084376533],[101.347476426313,14.788623994175],[101.34702713511,14.787967897972],[101.346541862518,14.787473664757],[101.3458794446,14.786966550005],[101.345443151028,14.786763186681],[101.344921291084,14.786644265039],[101.344319533731,14.786597303216],[101.343727003039,14.786598807922],[101.342224845246,14.786689735736],[101.340202158888,14.786840144889],[101.338830053679,14.78682808956],[101.338208613872,14.786785828671],[101.337730072123,14.786701460828],[101.337488461886,14.786576292462],[101.337291135766,14.786413406368],[101.337103446208,14.786228964721],[101.336559648932,14.785469900374],[101.336027293641,14.784640698442],[101.335577791834,14.783744022962],[101.335311614741,14.783112019131],[101.335135915229,14.782528791246],[101.335151358456,14.782181921661],[101.335199284694,14.781833594781],[101.335411959482,14.780935861026],[101.335802429785,14.780003576796],[101.336322800873,14.778519979397],[101.336831656123,14.777208160731],[101.337103956065,14.776460027556],[101.337541088749,14.77555098504],[101.337872281469,14.774883569166],[101.33813289704,14.774399823112],[101.338274760246,14.774207525324],[101.338487271042,14.77405516737],[101.338842575421,14.773905880476],[101.33904320216,14.773836086076],[101.339303583616,14.773710347631],[101.339468088593,14.773573157085],[101.339570638346,14.773394809441],[101.339658293589,14.773180472638],[101.339709211889,14.772949567989],[101.339717661459,14.772708929714],[101.339646470563,14.77245554656],[101.339445834009,14.772144748301],[101.339228768531,14.771925594637],[101.338984443512,14.771707846299],[101.338724066268,14.771454120127],[101.338440575428,14.77115545457],[101.338026650012,14.770706774772],[101.337458973678,14.769935525853],[101.336713847819,14.768795641551],[101.335897919251,14.767437374505],[101.335105223499,14.766079998351],[101.333993726304,14.764538365755],[101.33275187335,14.762960772616],[101.331628415143,14.761763700456],[101.330422336424,14.760762833651],[101.328967664739,14.759957586974],[101.327948536997,14.759563546927],[101.326940239956,14.759205532304],[101.326129949013,14.75902282963],[101.325241839435,14.758943680118],[101.32455078425,14.758950634472],[101.323821076929,14.759033643834],[101.323149171261,14.759149949644],[101.322274000878,14.759415115447],[101.321856158162,14.759576298455],[101.32149343771,14.759736925887],[101.321020280752,14.759990141125],[101.320665531467,14.760081796049],[101.320381640602,14.760069966393],[101.320062293188,14.75994329633],[101.319908679018,14.759794632689],[101.319435585569,14.759287779121],[101.319268422485,14.759120051746],[101.319021749607,14.75889665322],[101.318716647859,14.758744991861],[101.318310885595,14.758622574458],[101.317839144009,14.758516629455],[101.317342285321,14.758504673807],[101.317070401321,14.75858532748],[101.31681234573,14.758766355919],[101.316527414374,14.7589849237],[101.316124629317,14.759034136492],[101.315733934958,14.758964644582],[101.315544605316,14.758895391391],[101.315201933616,14.758757654081],[101.314882397685,14.758722457871],[101.314563142806,14.758768572093],[101.314315165998,14.758860277749],[101.313983724858,14.758906513303],[101.313652926254,14.758848840809],[101.313276351099,14.758687723253],[101.312765911246,14.758434206596],[101.31213917541,14.758158135874],[101.311153243195,14.757772718975],[101.31073498143,14.757675258646],[101.310290435711,14.757616459032],[101.309768661894,14.757608124004],[101.309347949351,14.757663150928],[101.309040563441,14.757789326126],[101.308579144341,14.758111291706],[101.308176919632,14.758433795357],[101.307978819391,14.758578076722],[101.30769200991,14.758674680171],[101.307458388648,14.758697342662],[101.30719688877,14.758662684359],[101.306974035993,14.758550842298],[101.306828951182,14.75832980341],[101.306758238201,14.758007507374],[101.306734195117,14.757708462154],[101.306746390831,14.757489240704],[101.30675842528,14.757144659322],[101.306746486222,14.756672697912],[101.306651826904,14.756280618636],[101.306556228144,14.756019557088],[101.306435894139,14.75577907115],[101.306265133431,14.755654284777],[101.30606090126,14.755602113281],[101.305781584698,14.755583441926],[101.305504889398,14.755648318807],[101.304996259039,14.755785530725],[101.304727793381,14.755860489023],[101.304440509453,14.755911917817],[101.304323502801,14.755876944771],[101.304239462181,14.755831477587],[101.303955324505,14.755520343426],[101.303781716239,14.755235210902],[101.303624862293,14.754887796282],[101.303512850423,14.754500405319],[101.303423674977,14.753967095963],[101.303352737022,14.752850844846],[101.303353368338,14.75169773921],[101.303460912621,14.750833818976],[101.303690073122,14.749836549394],[101.303814381949,14.749242384299],[101.303808367968,14.748670977245],[101.303738971939,14.748141988844],[101.303467405027,14.747700846888],[101.303222302054,14.74718264395],[101.303076835562,14.746482746489],[101.30297390424,14.745799365741],[101.302655056417,14.744393070489],[101.301747062705,14.742913582965],[101.300521607289,14.741316402935],[101.299353031543,14.739995348623],[101.297641107562,14.738761000285],[101.295679778952,14.737756118271],[101.294683768161,14.737339091352],[101.293868989929,14.737051272091],[101.293300019969,14.736908963285],[101.292667926715,14.736833912436],[101.292043350768,14.736867206461],[101.29147558283,14.736950759401],[101.290900897093,14.737149577067],[101.290493871965,14.737345603868],[101.290159546401,14.737557851981],[101.289888673921,14.737789799601],[101.289587779924,14.738147408098],[101.289363185722,14.738532494919],[101.28911851731,14.738995709034],[101.288954648976,14.739472805401],[101.288710371106,14.740528946482],[101.28840579517,14.741700882847],[101.287910485635,14.743111878217],[101.287204789137,14.744325052614],[101.286490148803,14.745182553646],[101.285611128243,14.745969398273],[101.28525098192,14.746211260073],[101.284875893399,14.746411482528],[101.284419792115,14.746522152804],[101.284019668422,14.746547563902],[101.283719131192,14.746496322198],[101.283425893476,14.746365949629],[101.283115335308,14.746188313215],[101.282803988703,14.74593501389],[101.282317436083,14.745406741574],[101.282046136422,14.7449870248],[101.281920216863,14.744652836934],[101.281885593957,14.744281606425],[101.282020274578,14.743730260821],[101.282297197675,14.743019395297],[101.282457954606,14.742576213994],[101.282576242062,14.742066817682],[101.282604764271,14.741741270025],[101.282556251948,14.741373564908],[101.282478871185,14.741019698304],[101.282349551801,14.74074878904],[101.282191798567,14.740533501438],[101.281988261777,14.740267842739],[101.281884786112,14.74008251288],[101.281862110807,14.739911067858],[101.281947202683,14.739668537116],[101.282078020447,14.739303580665],[101.282259977207,14.738946024419],[101.282360655823,14.738640093776],[101.282418877993,14.738269077262],[101.28245291311,14.736968804012],[101.2823904973,14.73599023195],[101.282433601609,14.735059182612],[101.282401396655,14.73469696313],[101.282310217229,14.734299184815],[101.282182094917,14.733919842035],[101.28193263735,14.733478447996],[101.281648263478,14.733027234223],[101.28149249417,14.732834513515],[101.281245742244,14.732652854279],[101.280943873935,14.732471738071],[101.280662731007,14.732386415708],[101.280264399017,14.732358717681],[101.27987215798,14.732414535126],[101.279298128588,14.73250941287],[101.278820865978,14.732647382676],[101.278283246492,14.732840156951],[101.277684462226,14.733121626116],[101.27737594802,14.733250026158],[101.277069771052,14.733324191747],[101.276676793987,14.733365329169],[101.276253382858,14.733325447794],[101.275926217824,14.733222501969],[101.275457030248,14.732965094511],[101.275158406014,14.732816690826],[101.274833726899,14.732729531325],[101.274534640338,14.732704235811],[101.274267492921,14.732737355642],[101.273582320343,14.732858158853],[101.273057540629,14.732946890628],[101.272513427874,14.73301773984],[101.272046379872,14.733022326696],[101.271656736583,14.732993399101],[101.271344164777,14.732954679937],[101.271082192581,14.732871416099],[101.27081928931,14.732754279016],[101.270583462757,14.732562335344],[101.270319224218,14.732428269674],[101.269836615845,14.732274887305],[101.269489165711,14.732117919392],[101.26906365998,14.731819410638],[101.268652145489,14.73147107001],[101.268378485131,14.731155259245],[101.268007082892,14.730757959554],[101.267681274601,14.730392965008],[101.267444775604,14.730135518526],[101.267299202064,14.730029650515],[101.267120526541,14.729977189611],[101.266975839963,14.729957147435],[101.266831703244,14.729990182712],[101.266565498752,14.730058295671],[101.266280984358,14.730151434575],[101.265956675465,14.730324022113],[101.265687797124,14.730526559601],[101.265265594601,14.730827727623],[101.264736192554,14.731255308316],[101.264227720657,14.731687201779],[101.263898596431,14.731955833614],[101.26342091251,14.732278999588],[101.263157642519,14.732406939895],[101.262805638066,14.73253913507],[101.262414804653,14.732619756685],[101.262038045108,14.732658451086],[101.261770554759,14.732658807213],[101.261496042298,14.732597113305],[101.261245942824,14.732483228577],[101.260977041376,14.732290467758],[101.260698473013,14.732060529612],[101.260381993144,14.73175529189],[101.26004548725,14.73147735413],[101.259743296418,14.731263457908],[101.259474746948,14.731104573807],[101.259267943372,14.731025274605],[101.25900680254,14.731022177043],[101.258618162104,14.731090347142],[101.25833520852,14.731166520477],[101.258074823638,14.731236826203],[101.257686973345,14.73138178706],[101.257340908691,14.731583939673],[101.256979317933,14.731799797131],[101.256628879983,14.732084439457],[101.256217763627,14.732336919203],[101.255745829303,14.732543686271],[101.255413336577,14.732655351143],[101.255035389481,14.732691787036],[101.254666331083,14.732689736573],[101.254390357566,14.732655154107],[101.254089144707,14.732592582753],[101.253654187299,14.732445477361],[101.25310118437,14.732273543146],[101.252739899683,14.732237531382],[101.252339789938,14.732262884454],[101.252062806538,14.732299462949],[101.251808068315,14.732411495437],[101.251597725804,14.732552461354],[101.251386733091,14.732743126804],[101.251047818196,14.733133815619],[101.250755271039,14.733519534452],[101.250466924349,14.733918765169],[101.250103626365,14.734308560785],[101.249816693848,14.734506740237],[101.249461160625,14.734579091799],[101.249205526182,14.734547694736],[101.248836962841,14.734424782046],[101.248524158165,14.734250503039],[101.248238484015,14.734062405988],[101.247896834688,14.733791276388],[101.247547714229,14.733470523459],[101.247033930559,14.732879178425],[101.246790952968,14.732554004892],[101.245801888487,14.732070048164],[101.245376613512,14.731904761615],[101.245000187928,14.731806765433],[101.244788744536,14.731783969567],[101.244563431603,14.731823425232],[101.244193449827,14.731958027516],[101.243850607204,14.732136412577],[101.243290984519,14.732507772011],[101.242586431585,14.733062372799],[101.242015350473,14.733448523249],[101.241529141115,14.733793190196],[101.241194565996,14.73398617524],[101.24093100015,14.73408698799],[101.240718032279,14.734085662422],[101.240511414764,14.734024414867],[101.240378844101,14.733940991967],[101.239958973954,14.73356669893],[101.239612707018,14.733240257679],[101.239189832355,14.73291229832],[101.238862372712,14.732665862714],[101.238737252738,14.732573331188],[101.238569637811,14.732524128821],[101.238378937665,14.73254404361],[101.238183953457,14.732599012738],[101.237913609481,14.732717959275],[101.237643587102,14.732868525404],[101.237429229431,14.73301516471],[101.236986331062,14.733340204761],[101.236178123458,14.733860778402],[101.235734018946,14.734124838265],[101.235237315138,14.734352135449],[101.234826184718,14.734492767789],[101.234468056537,14.734539145159],[101.234131216741,14.734510773349],[101.233879935834,14.734451080397],[101.233727770338,14.734323794928],[101.233624893048,14.734136172953],[101.233593177947,14.733871062863],[101.233590767517,14.733691506315],[101.233621429346,14.733511630488],[101.233668289714,14.73332708057],[101.233710210091,14.733113213237],[101.233676768323,14.732963322276],[101.233585288634,14.732755260455],[101.233434731819,14.732557933673],[101.233289554299,14.732432838192],[101.233072454804,14.732310695575],[101.232755619489,14.732195162277],[101.23245127414,14.732166474859],[101.232035163596,14.732216795731],[101.231736017112,14.732299870635],[101.231477336518,14.732481944652],[101.231260223604,14.732757361082],[101.230935279762,14.733213397225],[101.230608025972,14.733784657116],[101.230450522071,14.734044815774],[101.230257551056,14.734355011163],[101.230086672782,14.73455543884],[101.229874438879,14.734740452123],[101.229718111023,14.734945257079],[101.229507714992,14.735310962061],[101.229341539436,14.735688665427],[101.229121749814,14.736214840696],[101.229029829129,14.736362552337],[101.22881105532,14.736475344451],[101.228489492465,14.736580091196],[101.228170364013,14.736696109293],[101.227719102123,14.736885682198],[101.227386588192,14.737054910584],[101.227095520305,14.737248587908],[101.226912516113,14.737398305301],[101.226719015662,14.737600078371],[101.226569042273,14.737802561767],[101.226506744265,14.738067449329],[101.226487599136,14.738353380703],[101.226478905114,14.738582739897],[101.226447910412,14.738787466265],[101.226342737786,14.739116014705],[101.226220015539,14.739373577862],[101.226032188818,14.739562872276],[101.225729760469,14.739723903346],[101.22544863321,14.739811316021],[101.225161830619,14.739911206741],[101.22482721086,14.740159513696],[101.224623175192,14.740409952488],[101.224565506745,14.740559592312],[101.224546503681,14.740802604025],[101.224554276808,14.741110866167],[101.224607231886,14.741468387797],[101.224650548038,14.741790990606],[101.224592117649,14.742094241522],[101.224488441042,14.742399057131],[101.224336485947,14.742635441742],[101.22414357058,14.742838337292],[101.22386304051,14.743042074464],[101.223614940737,14.743182251245],[101.223295035919,14.743280200665],[101.222899639278,14.743315625341],[101.222552081408,14.743318966297],[101.222114564121,14.743320911488],[101.221900687891,14.743345555427],[101.221663289792,14.743454003318],[101.221436759454,14.743604136565],[101.220995886564,14.743961885708],[101.220208817605,14.744514962736],[101.219266782185,14.745180210718],[101.218433507318,14.745641112527],[101.21737503285,14.746212597748],[101.216948227458,14.746470815222],[101.216549229649,14.74678184898],[101.216312967868,14.747003225937],[101.21623825865,14.747132698064],[101.216218244428,14.747333930747],[101.21630591518,14.747510412852],[101.216595305905,14.747893907577],[101.216860555239,14.748300222063],[101.21695123206,14.748486839897],[101.217008096855,14.748715571139],[101.217019958614,14.748855508465],[101.216935640808,14.749067521892],[101.216679602886,14.749513848037],[101.216376460948,14.749950460772],[101.216080281788,14.750387005588],[101.215834468124,14.750811773828],[101.215699920136,14.751106718446],[101.215628768944,14.751415737958],[101.215577925564,14.751724562783],[101.215498619306,14.751858597616],[101.215388644108,14.752116035153],[101.215303802582,14.752391302744],[101.215204299935,14.752766101399],[101.215144458512,14.753103249321],[101.215072856787,14.753310623706],[101.214938121051,14.753529896707],[101.214773394468,14.753767529019],[101.214492375511,14.753982557549],[101.21421601837,14.754142197746],[101.213908906032,14.754302133233],[101.213605922108,14.754411203167],[101.21331599735,14.754491911678],[101.212765783611,14.754542357928],[101.212371273926,14.754610513542],[101.212072656633,14.754692433248],[101.211709436759,14.754813371925],[101.211419751056,14.754917794165],[101.211234535419,14.755023476125],[101.210952040543,14.755150417837],[101.210727477191,14.755152566499],[101.210540446845,14.755078682435],[101.210264541815,14.754881409846],[101.210036047252,14.75460913939],[101.209649466321,14.754198329646],[101.209264683138,14.753677946013],[101.209025210653,14.753352695387],[101.208775087072,14.752949614706],[101.208681491187,14.75276076207],[101.208463433297,14.752487260283],[101.208284676734,14.752312775431],[101.208079604523,14.752233414118],[101.207814242583,14.752160275791],[101.207549552178,14.75209616717],[101.207212876357,14.752086958116],[101.206923735724,14.752130379385],[101.206586537341,14.752242025789],[101.206203031117,14.752423010807],[101.205840072317,14.752627516566],[101.205580673057,14.752800539392],[101.205293830673,14.753072084631],[101.205031733188,14.753380666063],[101.204722280975,14.753712288893],[101.204592301987,14.753828732343],[101.204397616834,14.753916427444],[101.204248340093,14.753960770343],[101.204123628809,14.753966477701],[101.203878961298,14.753931538706],[101.203694561697,14.753888119489],[101.2033304158,14.753859967394],[101.203016981212,14.753853919275],[101.202880300316,14.753881199544],[101.202773075517,14.753894645595],[101.20265613347,14.753980468777],[101.202501543238,14.754073428337],[101.202347520828,14.754165252047],[101.202130590913,14.754233956806],[101.201874396644,14.754264634339],[101.201553508668,14.754267690897],[101.201237386794,14.754283126429],[101.200823687247,14.754405658961],[101.200645963674,14.754506742971],[101.200443765426,14.754655497635],[101.200256871652,14.754767963195],[101.200023304554,14.754856025164],[101.199875927798,14.754858557761],[101.199641101153,14.754821262629],[101.19943972444,14.754820919741],[101.199250384411,14.754863382056],[101.199061076917,14.754966834132],[101.198891450075,14.755180785651],[101.198786553062,14.755368143799],[101.198612860751,14.755697337636],[101.198403235577,14.756031391094],[101.198236304468,14.756224986572],[101.197954751298,14.756446779182],[101.197730840907,14.756572019125],[101.197517000838,14.756659891271],[101.197324814007,14.756708026576],[101.19743143013,14.756575996443],[101.197609143135,14.75618464434],[101.197756362117,14.755819560465],[101.197783660988,14.755359613144],[101.197722592175,14.755115102598],[101.197586826678,14.754887113826],[101.197318708257,14.754539533349],[101.196968651336,14.754065101841],[101.196787698731,14.753729115697],[101.196702525483,14.753395606329],[101.19676320608,14.753023438596],[101.196901843871,14.752728462749],[101.197052186595,14.752501143486],[101.197421912915,14.751987115134],[101.197688864392,14.751756427023],[101.197916403902,14.751530631284],[101.19813535335,14.751258609651],[101.19819519528,14.751034408619],[101.198233016323,14.750639870171],[101.198218089753,14.750251479736],[101.198195429983,14.749786360263],[101.198100895502,14.749387432344],[101.197959887183,14.749214837084],[101.197786009663,14.749062884328],[101.19756393438,14.748965604131],[101.197309387748,14.748870890362],[101.196998758574,14.748854642303],[101.196705625379,14.748904865133],[101.196376444984,14.74900625541],[101.196121421998,14.749153248194],[101.195633398519,14.749502367865],[101.195237555881,14.749842705066],[101.194759516483,14.750261754428],[101.194424371813,14.750578925139],[101.193936711281,14.750848976838],[101.193438828931,14.750967777123],[101.193175219079,14.750953336029],[101.19292077305,14.750868782508],[101.192698177785,14.750719546786],[101.192489797567,14.750483208071],[101.192347877026,14.750219130949],[101.192248504597,14.750031453876],[101.192068157993,14.749465047398],[101.191860868187,14.749105586153],[101.191604110903,14.748905847542],[101.191356992555,14.748857364051],[101.191025469705,14.748898908129],[101.190582291466,14.74903299573],[101.190265823279,14.749187342477],[101.189801128171,14.749491050851],[101.189267034944,14.749702801331],[101.18900732564,14.749730108151],[101.188806774955,14.749695864785],[101.1886180136,14.749621978653],[101.188473289595,14.749483295516],[101.188411214322,14.749311075568],[101.188395748789,14.748924946228],[101.188481512073,14.748506234646],[101.188774571241,14.747983908451],[101.188908185422,14.747591849793],[101.188895996919,14.7471853593],[101.188804383936,14.746612461302],[101.188700202724,14.746291550864],[101.188614425032,14.745895922011],[101.188635624239,14.745578343252],[101.188752846452,14.74528809189],[101.189060694032,14.745026531069],[101.189456554104,14.744803668361],[101.190002595981,14.744569216639],[101.190751206194,14.744223288339],[101.191278349383,14.743956258826],[101.191740465503,14.743570122501],[101.191975486561,14.743222280831],[101.192136708088,14.742806241037],[101.192218958336,14.742385302591],[101.192329075927,14.742081564074],[101.192515924157,14.741906985266],[101.192913436222,14.741676195911],[101.193230780979,14.741494732784],[101.193521346349,14.741246884644],[101.193757113186,14.740915976506],[101.193897482701,14.740562253775],[101.194000990894,14.740178386367],[101.194055629313,14.739897762782],[101.194052857862,14.73962107127],[101.193963428701,14.739324872535],[101.193859513342,14.739088672153],[101.193641741258,14.738782395085],[101.193337458488,14.738471291726],[101.193000996442,14.738075782091],[101.192827296561,14.737824430258],[101.192737666616,14.737507902431],[101.19276069181,14.737025405453],[101.192740417976,14.736507175462],[101.192665559202,14.73615888276],[101.192548953032,14.735871975297],[101.192386397768,14.735574209543],[101.192155051839,14.735360675101],[101.191629626718,14.734985024201],[101.191270795519,14.734730906482],[101.190975835157,14.734480701065],[101.190777350487,14.734245393144],[101.190664112941,14.734004760933],[101.190571104208,14.733756030917],[101.190565150594,14.733508735547],[101.190667564064,14.733363194657],[101.190887497785,14.733248166639],[101.191692233223,14.733121952452],[101.192159846229,14.733055403471],[101.192532944543,14.732937793395],[101.192933655257,14.732796201625],[101.193233682623,14.732625069239],[101.193532900299,14.732315020451],[101.193751757011,14.731918765312],[101.193856044508,14.731612822241],[101.1938551097,14.731287547486],[101.193674009254,14.73070194556],[101.19342319111,14.730165571579],[101.193045452895,14.729354811176],[101.192595870386,14.728612497678],[101.191925662294,14.727624920721],[101.191276459146,14.726822373806],[101.191035832755,14.726433858031],[101.190887475244,14.725987995789],[101.190811615436,14.725596790606],[101.190817343227,14.725124621822],[101.190832095562,14.724742724134],[101.190770999147,14.724261022601],[101.190695864313,14.724058430519],[101.190535374064,14.723849869295],[101.190365055299,14.723761123328],[101.190103321179,14.723756822742],[101.18975907719,14.723857212356],[101.18942918493,14.724000385153],[101.188972912765,14.724271252698],[101.188544178944,14.724568966133],[101.188295602267,14.724836739537],[101.187972209217,14.725166210638],[101.187846379508,14.725232908483],[101.187631261633,14.725248494988],[101.187534622588,14.725216653023],[101.187341670384,14.725069387745],[101.187140867281,14.724716633127],[101.187018773822,14.72440153629],[101.186819790458,14.724056671157],[101.186566900412,14.723775563721],[101.186226058518,14.723519006027],[101.185770543376,14.723167525387],[101.185538389997,14.722929140214],[101.185389222552,14.722633499344],[101.185303199712,14.722385829135],[101.185302695972,14.722102337551],[101.185427000812,14.721824445635],[101.185662125863,14.721604240453],[101.186062800566,14.721460403993],[101.186433958027,14.721382355191],[101.18675859812,14.721294580011],[101.187062938246,14.72114939373],[101.187229536087,14.720981789608],[101.187413428708,14.720686392247],[101.187535290384,14.720338495332],[101.187644107129,14.719962486062],[101.18770031321,14.719547441842],[101.187752001403,14.719261199524],[101.187732292903,14.718972242418],[101.187571709043,14.718520844495],[101.187461505278,14.718117537259],[101.187378473678,14.717878875234],[101.187363604802,14.717551471567],[101.187459036917,14.717346137206],[101.187640694855,14.717176131992],[101.188237195126,14.716713064354],[101.188514563306,14.716482293018],[101.188716694609,14.716212700441],[101.189025656244,14.715833669234],[101.189194068784,14.71544128409],[101.189251398716,14.715139175988],[101.189269309896,14.714724493711],[101.189095991981,14.714334207817],[101.188834162119,14.714028337989],[101.18847046648,14.713689546354],[101.188182119233,14.713517203147],[101.187768006857,14.713300868883],[101.187459669159,14.713160338285],[101.187194818228,14.712958405833],[101.186981336189,14.71278761297],[101.186846459775,14.712527979098],[101.186773853518,14.712170624678],[101.186783737773,14.711765053377],[101.186876090546,14.711309007432],[101.187091981451,14.710964742291],[101.187547580325,14.710512043877],[101.188014074683,14.710163153083],[101.188390749724,14.710000342066],[101.188807048898,14.70991282996],[101.189469699557,14.709917864894],[101.190248802977,14.709905984766],[101.190487922474,14.709855157667],[101.19068717444,14.709762917323],[101.190859192229,14.709557987661],[101.190978415257,14.709237222974],[101.190915800886,14.708660659418],[101.190780646528,14.708198857712],[101.190739493821,14.70779602849],[101.190837493097,14.707441580832],[101.191121038102,14.707075213848],[101.191420229542,14.706765171555],[101.191720090409,14.706580492413],[101.192141843182,14.706342705919],[101.192450315936,14.706265243828],[101.192952884853,14.706218699129],[101.193326914717,14.706256949616],[101.193652539904,14.706328412773],[101.19397415493,14.70634682898],[101.194149857772,14.706220924576],[101.194244750547,14.706078844221],[101.19441551843,14.705923620536],[101.194709621317,14.705859845129],[101.194903314551,14.705792502474],[101.195018930188,14.705692015477],[101.195129969735,14.705482013721],[101.195107519782,14.705267628952],[101.194889259572,14.7048506662],[101.194835112467,14.704715643392],[101.194846453218,14.704573224617],[101.19496059011,14.704034521223],[101.195107897373,14.703622002709],[101.195180515257,14.703341209196],[101.195139517243,14.703070527254],[101.1948754235,14.702595265567],[101.194609928234,14.70215390126],[101.19450502211,14.701932390655],[101.194405263092,14.701645322803],[101.194373020281,14.701437807191],[101.194397230545,14.701247828518],[101.194471930731,14.701117233099],[101.19466795653,14.700993396275],[101.194911204815,14.700950433054],[101.195214020991,14.700946436508],[101.195441449984,14.701004144967],[101.195780069876,14.701215535446],[101.196007239531,14.701247268286],[101.1961704794,14.701151976308],[101.196248256906,14.700923089639],[101.196308396634,14.700613047497],[101.196343316566,14.700333740452],[101.196375402662,14.700061236981],[101.196494957058,14.699716749239],[101.196644470063,14.699409248751],[101.196704865621,14.699182785625],[101.196686521716,14.698972879943],[101.19658399395,14.698583058105],[101.196413632588,14.698255998735],[101.19615991365,14.697831466069],[101.195976885762,14.697455959588],[101.195783701779,14.696934849285],[101.195817202659,14.696629577291],[101.195968277308,14.696420326956],[101.196323509345,14.696320959183],[101.196629773581,14.696372272244],[101.197206299465,14.696471850753],[101.197468003996,14.696418545581],[101.197646613246,14.696236140361],[101.197836414494,14.695896633033],[101.197961307124,14.695448184646],[101.198030143265,14.695021726245],[101.198143448323,14.694516914056],[101.198308517645,14.694199101512],[101.198517407046,14.693970100402],[101.198685228843,14.693811514594],[101.199018773522,14.693574555614],[101.199163736943,14.693334865601],[101.199237673953,14.693128603133],[101.198969039242,14.692952695462],[101.198696080448,14.692808453117],[101.198551231629,14.692711562695],[101.198432344747,14.69254214195],[101.198404443936,14.692362822281],[101.198437020757,14.692197612333],[101.198558877788,14.692025908939],[101.1987596585,14.691914448835],[101.199209928871,14.691805141214],[101.199562273649,14.691708055867],[101.199962895301,14.691565334056],[101.200075793379,14.691484072166],[101.200247258218,14.691226059176],[101.200366879065,14.690947078254],[101.200811203622,14.68960671543],[101.201095698888,14.688701581147],[101.201208472251,14.687449072357],[101.201222702845,14.686494546236],[101.201083053287,14.685525667331],[101.20101466522,14.684547076646],[101.201068762855,14.684329707694],[101.201173437817,14.68418075567],[101.201457990584,14.684093347665],[101.201800548599,14.684062991116],[101.202437979372,14.684049037512],[101.20282765918,14.684031785703],[101.203310510622,14.684107394097],[101.203571380651,14.684030373516],[101.203726998752,14.683870772714],[101.20377633683,14.683699756181],[101.203756273035,14.683492126761],[101.203645101336,14.683281974042],[101.203536154585,14.683177968552],[101.203196523531,14.682979020081],[101.202940766584,14.682755556472],[101.202661821668,14.682475839058],[101.202499526737,14.682258264555],[101.202384511287,14.682069607043],[101.202260135488,14.681699196419],[101.202204096783,14.68149077849],[101.202101505395,14.68126811839],[101.201914721139,14.681095954606],[101.201635425765,14.680838827862],[101.201463210899,14.680673301245],[101.201316685941,14.680408138969],[101.201256023058,14.680143291822],[101.201288748983,14.678717605168],[101.201340065933,14.678396352942],[101.201553177084,14.677547239532],[101.201677457931,14.677038934744],[101.201721166459,14.676537040347],[101.201726895319,14.676239938925],[101.201657973652,14.676019218708],[101.2014918547,14.675766665853],[101.201298739771,14.675599077768],[101.2009705208,14.675379684886],[101.200781370292,14.675144291457],[101.200678354996,14.674878715721],[101.20061799308,14.674585628799],[101.200598683872,14.674220996294],[101.200616539582,14.672989717516],[101.200662554094,14.672254003178],[101.200532429415,14.671481557166],[101.200455202765,14.671184111945],[101.200322499456,14.670849919303],[101.200179633643,14.67060166225],[101.199808130104,14.670171467542],[101.199609372583,14.66996101132],[101.199402740983,14.669659143552],[101.199360113689,14.669514975975],[101.199407292435,14.66935979299],[101.199621624792,14.669213193264],[101.199799856607,14.668937047003],[101.19994948996,14.668585498005],[101.200066636216,14.668291857936],[101.200231403876,14.667829478944],[101.20033046879,14.667351908924],[101.200362380273,14.666946130576],[101.200430784029,14.666302820178],[101.200412249761,14.665957381601],[101.200345315667,14.665702756862],[101.200137883235,14.665378307748],[101.199707670685,14.664935113996],[101.199449265833,14.664734257243],[101.199183703862,14.664455535421],[101.199070115616,14.664234106713],[101.199010178006,14.663982803443],[101.199051166349,14.663730545952],[101.19920816157,14.66359352547],[101.199469482489,14.663447611286],[101.199809947874,14.663443259045],[101.200034319544,14.663547304622],[101.200331113336,14.663816694116],[101.20048889524,14.663932664254],[101.200648617279,14.663952611313],[101.200831545814,14.663914736267],[101.201020768674,14.663810163638],[101.201177469039,14.663643778043],[101.201490898656,14.663371998695],[101.20173242602,14.663103158282],[101.20194524515,14.662863955522],[101.202128931304,14.662553873082],[101.202188808303,14.662276588531],[101.202258488463,14.66152935548],[101.202234537115,14.660758162558],[101.202264045844,14.660344500918],[101.202367370822,14.659713284645],[101.202586364549,14.659279756246],[101.203068408065,14.658583959459],[101.203609519442,14.657878567371],[101.20398189635,14.657411959429],[101.204357183161,14.656772517165],[101.204615642021,14.65605173148],[101.204837886965,14.655364043258],[101.205013319443,14.654867677361],[101.205100308655,14.654343913909],[101.205106135497,14.653940642191],[101.205015888924,14.653674946267],[101.204884210379,14.653442397294],[101.204727361517,14.653245099911],[101.204506622851,14.653039372484],[101.204224879268,14.65288166013],[101.203955941158,14.652728343823],[101.203855734068,14.652626512379],[101.20376734978,14.652430824166],[101.203764696249,14.652165426757],[101.203803441999,14.651863494483],[101.20390454169,14.651416400285],[101.204005516889,14.65095688327],[101.204118215831,14.65050967913],[101.204326654767,14.649949751652],[101.204357331442,14.649885082037],[101.204594252518,14.649389263349],[101.20482249085,14.649127324609],[101.205145188277,14.648856583995],[101.205362172311,14.648513430947],[101.205512131021,14.64796422252],[101.20556437894,14.647562769471],[101.205572007119,14.646933589077],[101.205533944924,14.646433600423],[101.205446730807,14.645948760605],[101.205335851099,14.645475439566],[101.205139337051,14.645197196116],[101.204955588025,14.644861229308],[101.204759648856,14.644524249246],[101.204669741779,14.644350034997],[101.204653154748,14.644141242301],[101.204737188703,14.643902130304],[101.204977159122,14.643479697556],[101.205169211906,14.64313791093],[101.205400672314,14.642734760203],[101.205584205051,14.642411124491],[101.205696118883,14.642059932176],[101.20568353469,14.641845454412],[101.205603967914,14.641487040603],[101.205529522664,14.641234747722],[101.205402956737,14.640874520308],[101.205232770168,14.640328346248],[101.205122623151,14.639869700444],[101.205093074882,14.639466763543],[101.205137002444,14.63933532975],[101.205308427754,14.639251255248],[101.205551598689,14.639149558908],[101.205770542424,14.639119247542],[101.206100974878,14.63910143261],[101.206631764527,14.639108825375],[101.206986670869,14.639044469576],[101.20714509494,14.638994400709],[101.207272890213,14.638839583142],[101.207250870524,14.638725716361],[101.207067169634,14.638394268137],[101.20690634843,14.63808858106],[101.206526782716,14.637426929211],[101.20638145731,14.636872613113],[101.206319790618,14.636215853043],[101.206352320947,14.635640651077],[101.206403286698,14.63534311993],[101.206443222975,14.635044564775],[101.206485604178,14.634584473695],[101.206521450011,14.634224965921],[101.206636711437,14.633918920086],[101.206875955947,14.633773211704],[101.207112059257,14.633661416489],[101.207477592657,14.633558558926],[101.207741238982,14.633417135303],[101.207977040085,14.633217244875],[101.208160710692,14.632908290906],[101.208308163592,14.632573702067],[101.208328272603,14.631974899726],[101.208290821896,14.631535896094],[101.208282058661,14.631123727214],[101.208382046026,14.630624688541],[101.208366588215,14.630180958472],[101.208246292138,14.629983314727],[101.208064862974,14.62982013416],[101.207813298347,14.629777340405],[101.20748699626,14.629800764059],[101.206824894953,14.629883842541],[101.206592649709,14.629858935614],[101.206342621744,14.629795796406],[101.206116741129,14.629653365449],[101.205998913694,14.62947037975],[101.205968116794,14.629232355739],[101.206094790213,14.628965733096],[101.206287848418,14.6287255884],[101.206456322414,14.628463087439],[101.20646109903,14.628302658808],[101.206413187838,14.62820936805],[101.206227931134,14.628011208844],[101.206028284862,14.627882082462],[101.205635639316,14.627708476139],[101.205326666842,14.627492286942],[101.205035266749,14.627235269596],[101.204815451502,14.626944820836],[101.204657366463,14.626447095332],[101.204616924429,14.625997953071],[101.204638597933,14.625728936627],[101.204730668782,14.625481842965],[101.204905583302,14.625167327242],[101.20503239272,14.624914257412],[101.205145700035,14.624703105209],[101.205109540237,14.624566782534],[101.20488937458,14.62429892588],[101.204679529423,14.624077278945],[101.204376418868,14.62386667854],[101.204166102307,14.623713933189],[101.204074822258,14.623517141152],[101.204067873491,14.623285667508],[101.204150378847,14.623184364404],[101.204364892423,14.623060353445],[101.20450830626,14.622902001109],[101.204564618573,14.622733179319],[101.204536522111,14.622591132864],[101.204409867425,14.622394675662],[101.204026729465,14.621952163682],[101.203878381415,14.621615857813],[101.203802089081,14.621177219149],[101.203799824481,14.62095021893],[101.203890420472,14.620787848829],[101.204177341501,14.620538913218],[101.204382595759,14.620300914182],[101.204580468485,14.61996246328],[101.204709567143,14.619648380689],[101.204797659074,14.619235294865],[101.204779831485,14.618843540541],[101.204688440886,14.618635454969],[101.204411692028,14.618217913656],[101.204273549114,14.617974126581],[101.204227831422,14.617809658389],[101.204183656653,14.617683576199],[101.204153129277,14.617530257958],[101.204164445179,14.617385580504],[101.204178502873,14.617225063823],[101.204204671332,14.616941321843],[101.204287449292,14.616576852131],[101.20434826472,14.616161765507],[101.204445107308,14.615811845696],[101.204542799954,14.615489025691],[101.204630318973,14.615367345131],[101.204856749981,14.615275976175],[101.205010490713,14.615164964512],[101.205213330998,14.615034287475],[101.205332677117,14.614905528857],[101.205425571322,14.614683275653],[101.205480739259,14.614457991037],[101.205478654338,14.614249060532],[101.205532984087,14.614114141218],[101.205648370831,14.613995585988],[101.205906305843,14.613923117972],[101.206090178332,14.613925896526],[101.206371952877,14.614033917045],[101.206700586344,14.614130198116],[101.206970994687,14.614203312341],[101.207218779747,14.614217907912],[101.20734580385,14.614161361756],[101.207409281966,14.614071533703],[101.207443329146,14.613880332546],[101.207379728684,14.613667467021],[101.207159696536,14.613412033984],[101.207020069539,14.613251843077],[101.206964143643,14.613052458149],[101.207045015769,14.612846130771],[101.207182273388,14.612652822969],[101.207314232837,14.612451660002],[101.207401455073,14.612184281879],[101.207451737234,14.611876592265],[101.207399430024,14.611516790584],[101.207346668859,14.611402084858],[101.207213608884,14.611318635555],[101.206942681589,14.611251173334],[101.206659099755,14.611310330452],[101.206257366294,14.611385288338],[101.206081664544,14.611329347906],[101.205921822613,14.611177253519],[101.205776195427,14.610996788104],[101.205630315491,14.61073274521],[101.205394231007,14.610146529185],[101.205151576837,14.609541174107],[101.204849647425,14.60921422725],[101.204454239721,14.608818135539],[101.204314798052,14.6085596778],[101.204249660212,14.608308423735],[101.204295009338,14.608029018222],[101.204434643097,14.607725001892],[101.204619260203,14.607395713091],[101.204856019857,14.607177748334],[101.205203097093,14.606914690489],[101.205558820208,14.60670463491],[101.206236082106,14.606345837306],[101.206546094585,14.6061463789],[101.20676598949,14.605924053443],[101.206907003881,14.605642613151],[101.206976542173,14.605404768527],[101.20699625561,14.605171913225],[101.206970389672,14.604788141283],[101.206958609905,14.604537512696],[101.207057945614,14.604205641308],[101.207349668027,14.603917127479],[101.207810272915,14.603582966094],[101.208048748847,14.603421455476],[101.20824068217,14.603186969826],[101.208402376754,14.60288613253],[101.208461491471,14.602591912781],[101.20850679076,14.601901385194],[101.20853524419,14.601556630274],[101.208786169974,14.601364505183],[101.209117870585,14.601130955503],[101.209359330503,14.600862116661],[101.209504747744,14.600615646929],[101.20974531673,14.599967317848],[101.20991516728,14.599147981517],[101.209889833697,14.598469416815],[101.209810895998,14.597881716083],[101.209617203347,14.597184415432],[101.209425582157,14.596752517558],[101.209244362652,14.596607403357],[101.208740149932,14.596405485368],[101.208601660376,14.596241894825],[101.208521408677,14.596044998793],[101.208468150685,14.595821869773],[101.208447694968,14.595457247466],[101.208536486546,14.59499897593],[101.208629761108,14.594757518297],[101.208754943394,14.594575619793],[101.208942282218,14.594404428391],[101.2091845826,14.594220291703],[101.20933867384,14.594204151005],[101.209759488981,14.594243086168],[101.210173955065,14.594343072116],[101.210609159423,14.594429307391],[101.210910972044,14.594455814139],[101.211199226166,14.594402258646],[101.211340412385,14.594255220478],[101.211467347164,14.594016831558],[101.211526509138,14.593785861536],[101.211666815368,14.593086527052],[101.21175650093,14.592892540641],[101.21191298037,14.592709214856],[101.212110657515,14.592586489922],[101.212513939882,14.592438096531],[101.21299838319,14.592345407453],[101.214037465726,14.592279080687],[101.21435022025,14.592182369282],[101.214693268564,14.591983719419],[101.214894244972,14.591785286952],[101.215104968666,14.591517865328],[101.215331523752,14.591152031075],[101.215463385045,14.590769023323],[101.215495620591,14.590339525058],[101.21542782755,14.589939211488],[101.215419672254,14.588892283072],[101.215493179688,14.587893146965],[101.215474220901,14.587447191785],[101.215410176047,14.587131551295],[101.215321478542,14.586728047444],[101.215007520252,14.586413649207],[101.214815407389,14.586222334411],[101.214507395515,14.58592256087],[101.214277411334,14.585597198946],[101.214136956866,14.585468642873],[101.214059901739,14.585417418692],[101.213901509331,14.585408755403],[101.213716053347,14.58547715136],[101.213487253541,14.585618243042],[101.213270945623,14.585790841718],[101.213102152826,14.585901998524],[101.212819715445,14.586014232243],[101.212571601728,14.585963499122],[101.212361451475,14.585881909879],[101.212066381698,14.585716415888],[101.211905976636,14.585564328778],[101.211631217104,14.585342169037],[101.211428019858,14.585201781352],[101.210993176223,14.585091823252],[101.210487814404,14.584946389276],[101.210202496248,14.584711903494],[101.209952457272,14.584468046869],[101.209488425791,14.58393142585],[101.208939490208,14.583544695786],[101.208460364872,14.583238624882],[101.208151706498,14.582930941117],[101.207963189174,14.582575814221],[101.207915656282,14.582344723133],[101.207887155963,14.582103287889],[101.207977568819,14.581574975019],[101.207934472153,14.581323512634],[101.207860347404,14.581100579947],[101.207738819137,14.580950380527],[101.207541695523,14.580837038121],[101.207199023378,14.580781544713],[101.206597270852,14.58079626502],[101.206203654486,14.580749156678],[101.205902982351,14.580660510305],[101.205669771922,14.580475221611],[101.20551945169,14.58028689107],[101.205362947613,14.580001484424],[101.205303552431,14.579743398218],[101.205272264344,14.57945455124],[101.20536922629,14.57917578808],[101.205539811726,14.578895199447],[101.205779013502,14.578459227938],[101.205893904968,14.578059442422],[101.205914816318,14.577713629752],[101.20586812733,14.577392173091],[101.205721848228,14.577085211064],[101.205576113791,14.576891189628],[101.205382338851,14.576764259624],[101.204678563536,14.576489664601],[101.204363978286,14.576342413858],[101.204118220666,14.576177571447],[101.203849211212,14.575948568826],[101.203565516357,14.575525435339],[101.20320494746,14.574835344063],[101.202733707989,14.573978004581],[101.20232735614,14.573523270699],[101.20219848986,14.573217270756],[101.20212493586,14.572875735266],[101.202075916775,14.572435705375],[101.201996203009,14.57199935303],[101.201896465737,14.571765363807],[101.201683927694,14.571558414802],[101.200969865668,14.571179991179],[101.200682427952,14.571021183823],[101.200420733398,14.570827120347],[101.20000502036,14.570245969202],[101.199704459272,14.569816211801],[101.199393948017,14.569260046648],[101.199311684055,14.568975064573],[101.199379071331,14.568695452104],[101.199578645014,14.568355863736],[101.199848450442,14.5680235206],[101.200411053187,14.567455751096],[101.200657739898,14.56707279908],[101.200812006607,14.566666997334],[101.200908542275,14.566286587223],[101.200917210372,14.565932982849],[101.200845732677,14.565741646126],[101.200756497231,14.56563066839],[101.200454536681,14.565409875955],[101.200136169509,14.565288630219],[101.199264691472,14.56523019011],[101.198814028076,14.56515762434],[101.19841759358,14.565057440618],[101.197920028915,14.564815893388],[101.197575648084,14.564585330273],[101.19710965531,14.564194394862],[101.196731957374,14.56381957079],[101.196436921212,14.563419121225],[101.196102883051,14.562885759503],[101.195915632653,14.562596113847],[101.195697624234,14.562362101542],[101.195183074883,14.562043902971],[101.194816011171,14.561805641455],[101.194541566684,14.561551826145],[101.19432232098,14.561251185236],[101.194161966638,14.560925142325],[101.194057515422,14.560623423083],[101.194005632733,14.560302010557],[101.193941573459,14.559863246642],[101.19364139648,14.559410884766],[101.193284057991,14.55886531156],[101.193203055514,14.558530617141],[101.193200154241,14.558236981604],[101.193297460949,14.55793337072],[101.193581368611,14.55756137048],[101.193933631029,14.557183082488],[101.194316897224,14.556774007651],[101.19465471732,14.556284036129],[101.19481473162,14.555813803995],[101.194911389713,14.555562154411],[101.194965980011,14.555160679398],[101.19494948217,14.554664996042],[101.194886263862,14.554428399992],[101.194743833197,14.554214006866],[101.194383327961,14.553875157687],[101.193973156352,14.553673440113],[101.19362858817,14.553656339537],[101.193324156577,14.553711149113],[101.192790859538,14.553899121785],[101.192055755305,14.554142069259],[101.191566003387,14.554277675794],[101.191215703386,14.554326135624],[101.190885392302,14.554343912066],[101.190675636484,14.554298438399],[101.190401060332,14.554147400234],[101.190195295713,14.553977646024],[101.189864742526,14.553676910549],[101.189637462318,14.553383114346],[101.189383918151,14.552954027003],[101.189062300793,14.552383261745],[101.188842369718,14.552128928103],[101.188585770096,14.551918986559],[101.18838096812,14.551787623328],[101.188164123606,14.551728658735],[101.187716352144,14.551711385441],[101.187385575442,14.551740454643],[101.186842691981,14.551779412921],[101.186558539674,14.551832894573],[101.186027361552,14.551883035461],[101.185681066043,14.551867069225],[101.185415379135,14.551793875034],[101.185060438158,14.551606307561],[101.184772502942,14.551393265445],[101.184085373962,14.550796536292],[101.183447812371,14.550051380832],[101.182937913139,14.549434922992],[101.182544292378,14.54896873009],[101.182059477277,14.54824925243],[101.181630216946,14.547577823038],[101.181403450635,14.547157510209],[101.181301713067,14.5468342974],[101.181318729255,14.546559674005],[101.181462826739,14.546296291507],[101.181774524906,14.545978261493],[101.182096296682,14.545741460518],[101.182561431404,14.545402798267],[101.182717934936,14.545163018606],[101.18270976266,14.544921385896],[101.182642200887,14.544713061717],[101.182502728884,14.544561881739],[101.182292025311,14.544478004798],[101.181690249903,14.544481354615],[101.181441617703,14.544431714638],[101.181243790404,14.54436014186],[101.181137518873,14.544224464268],[101.181094602508,14.544105138548],[101.181047281352,14.543832244862]]]}}]}
